restaurant_name,place_id,rating,review_count,price_level,latitude,longitude,matched_sfa_name,hygiene_grade,avg_sentiment,total_reviews,is_michelin,michelin_award
catering solutions,ChIJAYTFLssB2jERhBEinzmxRzo,4.6,150,,1.2447553,103.6141805,catering solutions pte. ltd.,B,0.54536,5,FALSE,
capella singapore,ChIJF75fVaoe2jERZYVUuHEz-lQ,4.7,2703,,1.2497222,103.8241667,ella,B,0.99182,5,FALSE,
tanjong beach club,ChIJc6s2rage2jERzvX_e5IB_6k,4.4,3776,3,1.243299,103.828128,tanjong beach club pte. ltd.,A,0.96928,5,FALSE,
good old days singapore flavours,ChIJAQAAsAAc2jERbbHzLY1ImcM,4.4,3406,2,1.2516525,103.8171855,suntec singapore international convention & exhibition services pte. ltd.,A,0.44904,5,FALSE,
sanctuary tearoom,ChIJ7xZ3TVUZ2jER-neTQEfw62Y,4.1,242,,1.2516213,103.8223528,immortal sanctuary pte. ltd.,A,0.98756,5,FALSE,
foc by the beach,ChIJBRTle6ke2jERAykxAgtBm68,4.2,1688,3,1.2467881,103.8249765,the exchange asia square pte ltd,A,0.90378,5,FALSE,
marrybrown,ChIJOeEeYf8b2jERIFDzM-cT2Ns,3.6,493,,1.2519406,103.8175254,,Unknown,0.38309,10,FALSE,
ola beach club,ChIJuU9qyPgb2jERidqJVhPuyUw,4.3,2593,,1.2531173,103.8152455,republic plaza city club (singapore) pte ltd,A,0.97082,5,FALSE,
oasis spice café,ChIJ-eGhoVUZ2jERqnCQOy9DEeo,4.2,562,,1.2538639,103.8225935,food & spice co pte ltd,A,0.7696,5,FALSE,
starbot café,ChIJ-eGhoVUZ2jEREqsO5URtcn4,4,81,,1.2541651,103.8214241,vanilla bar & caf? pte ltd,A,-0.0314,5,FALSE,
kt’s grill,ChIJUbkv81UZ2jERh8rfLVajmvE,4.6,505,,1.2549587,103.8217898,seafood paradise (s) pte. ltd.,A,0.69688,5,FALSE,
syun,ChIJ-zgVQv4b2jERecxX2O3ERyM,4.1,180,,1.2548033,103.820141,,Unknown,0.9585,5,FALSE,
mel’s drive-in,ChIJ-eGhoVUZ2jERke_c5wvglEU,4.4,1681,,1.2552633,103.822161,seafood paradise (s) pte. ltd.,A,0.89592,5,FALSE,
siloso beach cafe,ChIJ4-_IPfkb2jERcA-runQLk84,3.9,92,,1.2544911,103.8146014,hanis cafe & bakery pte. ltd.,A,0.66948,5,FALSE,
"bikini bar - beachfront bar on siloso beach, sentosa",ChIJ4fVxTf8b2jER-wnDh8Sxov0,4.1,917,2,1.2525685,103.8158124,j c tapas bar pte. ltd.,A,0.94284,5,FALSE,
the cliff,ChIJ5SCE0q4e2jERLiATjgKeV90,4.3,963,3,1.2457724,103.8267834,the exchange asia square pte ltd,A,0.97782,5,FALSE,
skypark sentosa by aj hackett,ChIJ4wQkC_kb2jERWQbscMaxu0Y,4.6,1098,,1.2551584,103.8133212,gardens by the bay,A,0.98518,5,FALSE,
friar's good food,ChIJUbkv81UZ2jERwTaEv7En95w,4.8,492,,1.2546406,103.8237395,seafood paradise (s) pte. ltd.,A,0.69566,5,FALSE,
putien resort world sentosa,ChIJw5eRIlYZ2jER-BYGhws94Gw,4.8,1784,2,1.2572299,103.8199822,pica world pte ltd,A,0.96126,5,FALSE,
"coastes - beach bar & restaurant | siloso beach, sentosa",ChIJ4fVxTf8b2jERtNRUV2Ng-0Q,3.9,2742,2,1.2524212,103.8161708,texas chicken restaurant pte. ltd.,A,0.92184,5,FALSE,
"din tai fung @ weave, resorts world sentosa",ChIJiae5plUZ2jERf3ochjwLxLo,4.2,756,2,1.2574199,103.8204199,tai seng fa pte. ltd.,A,0.73068,5,FALSE,
cassia,ChIJm2lW36oe2jERYvH_3tPnR5Q,4.7,332,3,1.2494479,103.82444,,Unknown,0.91008,5,FALSE,
osia steak and seafood grill,ChIJufG1t1UZ2jERqqP4QaIoTzc,4.4,634,,1.2554492,103.8198997,tian tian fisherman's pier seafood restaurant p l,B,0.98204,5,FALSE,
feng shui inn,ChIJIZfT4P0b2jERv45K2bx1LzI,4,242,,1.2573295,103.8170127,paradise inn (2) pte. ltd.,A,0.67698,5,FALSE,
kwee zeen,ChIJSwxxza4e2jERCRLenKJJs1M,3.9,350,,1.2452322,103.827427,chung kwee ming,B,0.64114,5,FALSE,
panamericana,ChIJD4LlFq8e2jER_28OQbhhaeI,4.8,4078,,1.2433595,103.8291314,panamericana pte. ltd.,A,0.98936,5,FALSE,
#NAME?,ChIJK1TRGpkd2jERIW5mWPUTPNA,4.2,520,,1.2498734,103.8213442,twelve cupcakes pte. ltd.,Unknown,0,,FALSE,
sushi kondo,ChIJFX-zIq8e2jERJkad2rAcaNA,4.6,31,,1.2439329,103.8294264,sushi kondo pte. ltd.,A,0.74018,5,FALSE,
blu kouzina sentosa,ChIJhctEESId2jEREh8_-oSV5AA,3.4,268,,1.2501854,103.8208332,resorts world at sentosa pte. ltd.,A,0.89662,5,FALSE,
fiamma,ChIJEWNnq5of2jER69_bjd4nzlg,4.8,806,,1.2492482,103.8244513,,Unknown,0.98816,5,TRUE,Selected Restaurants
royal china,ChIJHTZInz4f2jER0x4gbS9Cjk0,4.7,80,,1.2457486,103.828739,royal t group pte. ltd.,A,0.98362,5,FALSE,
empire grill,ChIJOTmFyq4f2jERQeq4M12DVYA,4.7,98,,1.2457486,103.828739,empire eats pte. limited,A,0.98142,5,FALSE,
iyasaka by hashida,ChIJhSUXYb8f2jER8z8uDGTYdzw,5,10,,1.2457486,103.828739,the soul kitchen by big d pte. ltd.,A,0.92008,5,FALSE,
raffles room,ChIJG5RtipEf2jERrUz8puAGH1A,5,3,,1.2457486,103.828739,the sandwich shop (raffles link) pte. ltd.,A,0.958866667,3,FALSE,
splash tribe,ChIJTybhszMd2jERZQ9vT8_Bcdg,4.1,586,,1.2505098,103.8196558,coffee tribe pte. ltd.,Unknown,0.8189,5,FALSE,
chef's table,ChIJA7M-JrIf2jERezJ4jToOhOw,4.3,3,,1.2497799,103.8241606,seafood paradise (s) pte. ltd.,A,0.667033333,3,FALSE,
le jardin,ChIJt3T9OQAf2jERivH3R0nb1YY,,,,1.2485342,103.8267348,jia jia le cuisine f & b pte. ltd.,A,0,,FALSE,
ye olde cow – kidzania takeaway kiosk,ChIJL7oVLv0d2jER5d27YBZm-fk,1,1,,1.2515984,103.8202485,the olde cuban 1 pte ltd,A,0.1901,1,FALSE,
burger institute,ChIJD5OVVgAd2jER-oYECN6QaSQ,3.7,15,,1.2517513,103.8202065,burger king singapore pte. ltd.,A,0.28728,5,FALSE,
sol & ora,ChIJW18JkhYb2jERNYFzp06llDE,4.5,592,,1.251754,103.8197205,ora jonathan sanchez,A,0.95636,5,FALSE,
old chang kee,ChIJm_dqhAAc2jERemR8KGKzpXo,3.9,52,1,1.251746,103.81854,chang cheng food & beverage pte. ltd.,A,0.126987059,85,FALSE,
tunglok heen,ChIJ-U7uY1QZ2jERf45kiagXJV0,4.7,1104,3,1.2550122,103.8201681,,Unknown,0.97714,5,TRUE,Selected Restaurants
verve bar + grill,ChIJSVIHtwcf2jERVG-X_1AbMxM,4.8,69,,1.2517312,103.8221016,26@marina bar & bistro pte ltd,B,0.97918,5,FALSE,
beach noodle house,ChIJV2fLKQAd2jERAIvybAtan2A,3,1,,1.2517015,103.817255,yu kee duck and noodle house pte. ltd.,A,0,1,FALSE,
tacos＆warps,ChIJzz4ncAAd2jER6LO9LdFazzo,3.3,3,,1.2516367,103.8169661,papi's tacos pte. ltd.,A,-0.0537,3,FALSE,
western delights,ChIJIS4MMQAd2jERF58zG3AWEpk,5,1,,1.2516847,103.817131,formosa delights pte ltd,A,0.9523,1,FALSE,
masala wala,ChIJ1WdvNHod2jER0V_X9HTncAQ,2,3,,1.2517075,103.8172224,the masala hut private limited,A,-0.124466667,3,FALSE,
siloso chicken rice,ChIJi0aPawAd2jERKbDIy_crPJw,,,,1.2517127,103.8172419,texas chicken restaurant pte. ltd.,A,0,,FALSE,
yue lounge — sentosa’s nature-inspired bar & live entertainment,ChIJO7b_Xq4Z2jER4Dt3bfXcht4,4.7,14,,1.252074,103.822227,seafood paradise (s) pte. ltd.,A,0.90374,5,FALSE,
minsuizen raku sentosa 明水然・楽 (free parking),ChIJi8C25zsZ2jER2gQCn7y0jCY,4.8,33,,1.2519215,103.8230264,sentosa golf club,A,0.96966,5,FALSE,
shake shack sentosa,ChIJK3NXs0ob2jERcwKu0HaZass,4.1,261,,1.2520666,103.8175724,resorts world at sentosa pte. ltd.,A,0.44208,5,FALSE,
sentosa grillfest,ChIJV-21oQAc2jERD-eMsuLIVGs,4.3,32,,1.2518702,103.8166115,resorts world at sentosa pte. ltd.,A,0.89634,5,FALSE,
yue private dining,ChIJ5eSpZeAZ2jEREuppWPqE0nE,4.7,249,,1.2523457,103.8218133,ycp dining singapore pte. ltd.,A,0.97132,5,FALSE,
taco pau sentosa,ChIJWwVty2Qb2jERuJNPBJ7fO74,2.5,8,,1.2520535,103.816374,resorts world at sentosa pte. ltd.,A,0.12092,5,FALSE,
charcoal pit - sentosa,ChIJz0aKuDob2jER1ur-fr1cTA8,4,1,,1.2520535,103.816374,resorts world at sentosa pte. ltd.,A,0,0,FALSE,
le faubourg,ChIJozAd4eEb2jERkA7-7FffCxY,4.5,380,,1.2526575,103.8208749,jia jia le cuisine f & b pte. ltd.,A,0.88376,5,FALSE,
native kitchen - asian cuisine/local favourites @ sentosa,ChIJf7JfE68b2jERfkjctooUmCA,4.6,669,,1.2528069,103.8203696,kitchen language pte. ltd.,A,0.9799,5,FALSE,
quentin’s bar and restaurant,ChIJR8qLTngb2jERncHT3pQir5o,4.4,193,,1.2528382,103.8207408,imperial treasure fine dining restaurant pte. ltd.,A,0.97622,5,FALSE,
royal taj @ village hotel,ChIJt7XjpoMb2jERHu6tRHI8Ap8,4.7,841,,1.2528382,103.8207408,royal pavilion hospitality consultancy pte. ltd.,A,0.79604,5,FALSE,
ficus cafe by chef syed,ChIJmWpBYNMf2jERU3_E7oV_Enc,4.1,16,,1.2504277,103.827573,lucky cafe & restaurant private limited,B,0.43084,5,FALSE,
mess hall at sentosa,ChIJ92lY7YUb2jERMCfx7QZOnr4,4.6,45,,1.2529085,103.8205871,sun at food singapore pte. ltd.,A,0.43594,5,FALSE,
miska cafe,ChIJX9pR0bUe2jERJRzgcJSiH0M,4.1,446,,1.2472309,103.8422985,bru cafe pte. ltd.,A,0.97556,5,FALSE,
wok°15 kitchen,ChIJfRsaqLYe2jERoKBUK2tvw8Q,4.7,867,,1.2458306,103.8398907,kitchen language pte. ltd.,A,0.91044,5,FALSE,
the kitchen table,ChIJFQjWe7Ye2jERp81YJMFE3vE,4.3,488,,1.2461106,103.8424732,the exchange asia square pte ltd,A,0.731,5,FALSE,
skirt restaurant,ChIJFQjWe7Ye2jER-Q54GE9iyqs,4.4,633,4,1.2461984,103.8423677,texas chicken restaurant pte. ltd.,A,0.97746,5,FALSE,
boaters bar,ChIJJbOpwbYe2jER2sJeFxLOV9A,4.6,219,,1.2469733,103.8404733,j c tapas bar pte. ltd.,A,0.93504,5,FALSE,
solepomodoro trattoria pizzeria,ChIJZe4WxL4Z2jERwk67e5M7K2s,4,445,,1.2467086,103.8421109,,Unknown,0.5814,5,FALSE,
two chefs bar,ChIJyZWB1rUe2jERntFa-iAPgm4,4.3,385,,1.246958,103.8421961,two chefs bar pte ltd,Unknown,0.97808,5,FALSE,
greenwood fish market | seafood restaurant & market in sentosa,ChIJw4tLzbUe2jERvRFvI6krOhY,4.2,2782,,1.2477209,103.8419157,seafood paradise (s) pte. ltd.,A,0.83194,5,FALSE,
quayside isle,ChIJ01fgzLUe2jERxlhvImcbZ7g,4.4,963,,1.2476808,103.8420723,the quayside group pte. ltd.,A,0.86388,5,FALSE,
woobar,ChIJFQjWe7Ye2jERu8giPGXlWa4,4.2,329,3,1.2461106,103.8424732,,Unknown,0.9722,5,FALSE,
maa janki rasoi singapore,ChIJBVSgEwAf2jER_znZ3g6KVW4,,,,1.2440362,103.8427331,nutrition depot singapore private limited,A,0,,FALSE,
latitude restaurant & terrace (one°15 marina members only),ChIJQUHLtbYe2jER2Mhu3PXf1cA,4.3,130,,1.2456358,103.8399005,marina bay sands pte. ltd.,A,0.72222,5,FALSE,
blue lotus singapore (chinese eating house),ChIJIchqf7Ye2jERQcR7gSmdVjA,4.3,266,,1.246831,103.8421169,mos foods singapore pte. ltd.,A,0.55822,5,FALSE,
gin khao bistro,ChIJ-RPjNLQe2jERA1utzj7rV3I,4.6,1267,,1.2468982,103.8421771,26@marina bar & bistro pte ltd,B,0.9682,5,FALSE,
"little farms table, sentosa (restaurant)",ChIJ756pFwsf2jERSX3p6a-SwwI,4.7,181,,1.2472748,103.8399516,mouth restaurant pte ltd,A,0.96458,5,FALSE,
mykonos on the bay,ChIJG7G_SbQe2jER-JTj3hW4Q80,4.4,683,,1.247028,103.8422206,the exchange asia square pte ltd,A,0.87968,5,FALSE,
common man coffee roasters - quayside isle,ChIJsd_IuI8f2jER_5PfLUtb384,4.5,202,,1.2471056,103.8422382,loh brothers coffee pte. ltd.,A,0.52794,5,FALSE,
shaan north indian restaurant,ChIJjf0e-rMf2jERh_tGEBLxdjQ,4.5,181,,1.2471122,103.8422318,imperial treasure fine dining restaurant pte. ltd.,A,0.9022,5,FALSE,
rock bar burger & steakhouse,ChIJs9zrSIEZ2jERPFV8lMbgNPk,4.1,322,,1.2474301,103.8422111,barosa bar pte ltd,A,0.87728,5,FALSE,
artizan concepts international pte. ltd.,ChIJz3xiNLQe2jERmXQQn6UpxYM,,,,1.2479283,103.8417309,artizan concepts international pte ltd,A,0,,FALSE,
lallee,ChIJ_8Qei3Qf2jER5Ocq0IiOk6M,4,1,,1.2499756,103.844453,,Unknown,0,0,FALSE,
instachef at sentosa development corporation @ discovery den (restricted access),ChIJBd_OeHsf2jERtd4IGRosR90,,,,1.250826,103.827572,sentosa development corporation,Unknown,0,,FALSE,
sonar bangla restaurant,ChIJt6yCO_sH2jERioN6ymS_vkc,3,2,,1.270825,103.6275328,misaki japanese restaurant pte. ltd.,A,0.24635,1,FALSE,
al-rich indian muslim food,ChIJ0aRX8W8H2jERsL262Lo9BHk,2.5,4,,1.272028,103.6333707,aston food & beverage specialties pte ltd,A,0.201175,3,FALSE,
instachef at arlanxeo (jurong island),ChIJXVPeZB4F2jERT0QtzZq5wBs,4,3,,1.2663394,103.6671702,sf (jurong) pte. ltd.,A,0,1,FALSE,
staff cafeteria @ jurong island highway,ChIJo9Mhko0E2jERWutaWT6kams,,,,1.2680014,103.6933575,sf (jurong) pte. ltd.,A,0,,FALSE,
kjm curry house & restaurant,ChIJDeLY65UE2jERLYIiZj1snS4,3.3,16,,1.2673385,103.704543,kjm curry house & restaurant pte. ltd.,B,-0.09076,5,FALSE,
pasir panjang terminal 5 canteen,ChIJKSnlY5ob2jERYrd3VyCJCuA,3.7,290,,1.2636803,103.7858003,coi 5 pte. ltd.,A,0.32426,5,FALSE,
源成菜头粿 yuan cheng fried carrot cake,ChIJ82mn4sIb2jERivrtL3P0XBM,4.4,131,1,1.2732914,103.8077174,loy kok cheng,B,0.90914,5,FALSE,
himawari japanese restaurant,ChIJFdruaMEb2jERMCmyEfu4Tws,4.4,1258,2,1.2738884,103.8033299,mawar,A,0.97918,5,FALSE,
old chang kee,ChIJVzs5A8Eb2jERftZMTlqIYoY,2.9,62,1,1.2734473,103.8015782,chang cheng food & beverage pte. ltd.,A,0.126987059,85,FALSE,
canton paradise 樂天小香港 at arc,ChIJwz3yHMEb2jER7qb8paiVoK0,4.3,1025,2,1.2737462,103.8017541,at fresh pte. ltd.,A,0.93548,5,FALSE,
burger king alexandra retail centre,ChIJRRR4HcEb2jERWSg4wTWuvaY,3.7,592,1,1.2740465,103.8013246,kopi king pte. ltd.,A,0.775,5,FALSE,
the soup spoon,ChIJRRR4HcEb2jERicaum5b1ux4,4.5,634,2,1.2741066,103.8013291,the soup spoon pte ltd,A,0.48407,10,FALSE,
subway,ChIJq6qqusAb2jERhKUMdEzF9LI,4,122,2,1.2748242,103.8000542,subway harbourfront pte ltd,A,0.178081667,239,FALSE,
umisushi alexandra retail centre,ChIJwz3yHMEb2jERxkKMbl-4i7Y,3,68,2,1.2741227,103.8013945,perennial (singapore) retail management pte. ltd.,Unknown,0.5668,5,FALSE,
cedele - mapletree business city,ChIJvR-TrsAb2jERSP6UUOLrVyQ,3.7,80,2,1.2745422,103.8001694,s-city cafe pte ltd,B,0.08616,5,FALSE,
mcdonald's arc,ChIJuUFoBdcb2jERsu6OBBfVMQQ,4.2,2007,1,1.2745172,103.8015362,seafood paradise (s) pte. ltd.,A,0.70474,5,FALSE,
hopscotch (gillman barracks),ChIJwW2HxhIZ2jERPfuslwkUPNg,4.6,2380,2,1.2746282,103.8039026,,Unknown,0.95872,5,FALSE,
paradise restaurant,ChIJV_3I1r4b2jERXm75U0No9uo,4,400,1,1.2749216,103.795184,paradise restaurant & catering pte. ltd.,B,0.74538,5,FALSE,
harry's mapletree business city,ChIJI3jdvMAb2jERtq4a-GxN5ZU,4.5,356,2,1.2756788,103.7995597,s connexion pte ltd,A,0.93878,5,FALSE,
tangerine,ChIJIZfT4P0b2jER_PA2asrfjD4,4.3,58,,1.2583525,103.8162753,white tangerine pte. ltd.,A,0.61474,5,FALSE,
thai goldmine kitchen,ChIJl8snfcgZ2jERdeJ69mvxYoY,4.3,89,,1.2764589,103.7988665,crystal jade kitchen (s.c.) pte ltd,A,0.72374,5,FALSE,
ocean restaurant,ChIJJyodxP0b2jERvwv6K_-NPY8,4.2,767,4,1.2579753,103.8166317,texas chicken restaurant pte. ltd.,A,0.98418,5,FALSE,
naked finn,ChIJn21oVcEb2jERX59EsA15tws,4.4,697,3,1.2761698,103.8044092,naked finn private limited,A,0.96474,5,FALSE,
trapizza,ChIJ0a0WgFUZ2jERBsdGqBaO_Ds,4.2,3061,2,1.2562223,103.8120976,,Unknown,0.94334,5,FALSE,
the bay restaurant,ChIJT0qQtv0b2jER-bVlf4iazQ4,4.2,110,,1.2579102,103.8174067,the exchange asia square pte ltd,A,0.91278,5,FALSE,
ashmi restaurant,ChIJPan-Wrkb2jERK7WQNN3g9Xw,3.9,305,2,1.2761561,103.7930965,texas chicken restaurant pte. ltd.,A,0.71154,5,FALSE,
silver shell cafe,ChIJ7aFemPAb2jER2H6rCmyLrEY,4.6,1128,,1.2574494,103.8100783,hanis cafe & bakery pte. ltd.,A,0.96544,5,FALSE,
8 noodles,ChIJtQc9mfAb2jERX7PXCU9yfX4,3.9,30,,1.2573914,103.8103358,the noodles pte. ltd.,A,0.38766,5,FALSE,
hillman 99 restaurant (west coast),ChIJp3Xzzb4b2jER-VtJo_5e5fI,4.1,637,2,1.2750237,103.7949379,foc restaurant pte ltd,A,0.60878,5,FALSE,
co+nut+ink,ChIJ9dcmXNMd2jERX0wRDfTR49Q,3.7,151,,1.2572572,103.8112563,co nut ink pte. ltd.,B,0.15686,5,FALSE,
market hall sentosa,ChIJDVzJDXsb2jER23CKZ7dXL2Q,4.3,86,,1.258124,103.811537,yue shin siang medical hall pte ltd,Unknown,0.59844,5,FALSE,
hankang pocha express,ChIJ1Tq9LQAb2jERtmXwPmdejkw,5,2,,1.271683,103.8011002,srisun express restaurant pte. ltd.,Unknown,0.7781,2,FALSE,
lao ban niang mixed rice,ChIJY_r1agAb2jERmtKPZnsSW1k,2,3,,1.2717295,103.8012524,lau di fang scissors-cut curry rice pte. ltd.,A,0.135666667,3,FALSE,
indian muslim food,ChIJEY27wcEb2jERcLr367co70Y,,,,1.2717449,103.802537,ho heng food & enterprise pte. ltd.,A,0,,FALSE,
pearl hill garden restaurant,ChIJBxcAf-IZ2jERpPV_h8SXdXk,4.2,286,,1.2718599,103.8023731,imperial treasure fine dining restaurant pte. ltd.,A,0.81332,5,FALSE,
uncle ho's bistro,ChIJA7Rh1Lgb2jEReaqZmjxEtxM,4.2,772,2,1.2720917,103.8012666,seafood paradise (s) pte. ltd.,A,0.90424,5,FALSE,
the autobus (labrador tower),ChIJ3YROGhUb2jERcn71IRWNSaw,4.8,109,,1.2721034,103.8015667,gardens by the bay,A,0.84422,5,FALSE,
la torre by monti,ChIJT9xtJf0b2jERPiU62TbhKDM,4.2,106,,1.272136,103.8018158,la storia di cheryl pte ltd (gelatissimo),A,0.96694,5,FALSE,
prata alley,ChIJBT4RfwAb2jER_Z0wUIFV3DA,5,2,,1.2721447,103.8018967,prata alley pte ltd,A,0.6986,2,FALSE,
mee first 吃面先,ChIJSfHGVAAb2jER3HS-2eIm5hU,4.7,9,,1.2721447,103.8018967,qiu lian ban mee pte ltd,B,0.49838,5,FALSE,
nasi lemak ayam taliwang,ChIJEZR5VgAb2jER6Dfa2Ke4tbg,4.2,13,,1.2721447,103.8018967,yanti nasi padang restaurant pte ltd,B,0.55794,5,TRUE,Selected Restaurants
king grouper fish soup,ChIJ87idLAAb2jER0CnStvqNluY,3,1,,1.2721447,103.8018967,soup restaurant singapore pte. ltd.,A,-0.3556,1,FALSE,
mr eggs@ labrador tower,ChIJRTHCVgAb2jERC2DWHmWNqBE,3.8,4,,1.2721447,103.8018967,mr bap pte. ltd.,A,0.2861,3,FALSE,
淮南牛肉汤 huai nan beef soup (labrador tower),ChIJC-fLcKkb2jERjfU0NmFYB2I,,,,1.2721447,103.8018967,the soup spoon pte ltd,A,0,,FALSE,
1-alfaro,ChIJi7lBYwAb2jER16bK10MOME8,4.5,488,,1.2722724,103.8010839,1-soleil pte. ltd.,A,0.97544,5,FALSE,
get some @ labrador | singapore's best craft beers,ChIJER7DMgAb2jERFKMM23yw8SA,4.8,57,,1.2723188,103.8013908,seafood paradise (s) pte. ltd.,A,0.83342,5,FALSE,
instachef at sp group @ pasir panjang (restricted access),ChIJD__aUfAb2jERy7XndoNceHo,,,,1.2724319,103.799736,royal t group pte. ltd.,A,0,,FALSE,
sum kee food (telok blangah),ChIJBbroTsIb2jEROr9uxsKYr5U,4.3,1829,2,1.2724179,103.8063851,quik food pte. ltd.,B,0,,FALSE,
bleu keppel bay,ChIJQ_YEj6Ab2jERSKJSEzoXzNg,4.3,114,,1.2640047,103.8124338,marina bay sands pte. ltd.,A,0.95988,5,FALSE,
ristorante palermo,ChIJCxvvjgIb2jER1HlfT5-p_Os,4.3,224,,1.2640047,103.8124338,ristorante pietrasanta pte. ltd.,A,0.71554,5,FALSE,
the surf club by tin box,ChIJKw9H6qAb2jER2TDMHmYHPuU,4.5,24,,1.2639723,103.8124721,the coffee bean & tea leaf (singapore) pte ltd,A,0.96286,5,FALSE,
akshaya kitchen & bistro,ChIJmzBWZwob2jERqDmOQPVrCvw,3.7,208,,1.2734097,103.801619,asia bistro llp,B,0.3276,5,FALSE,
royal currie,ChIJn2uMnn0b2jER22TVq4yQyX4,4.6,17,,1.2734392,103.8016099,royal t group pte. ltd.,A,0.45176,5,FALSE,
the penyet co,ChIJjbv_NgAb2jERAu0fBIv9hvk,4,12,,1.2734559,103.8017108,the exchange asia square pte ltd,A,0.1863,5,FALSE,
eng's wonton noodles,ChIJdyaCy80b2jERR7Km4LLQ1-Y,2.7,71,,1.2735186,103.8016438,artemis fine foods a.s. pte ltd,A,0.48446,5,FALSE,
so fun3 三两粉 @ arc,ChIJ29LnY-Ib2jER_L9oyOrIfWk,4.7,1571,,1.2735234,103.8017566,black arc holdings pte. ltd.,Unknown,0.94932,5,FALSE,
jiak ba food heaven,ChIJ46a73Dsb2jERVMYblr8Bew0,4.3,292,,1.2736761,103.8015216,ho heng food & enterprise pte. ltd.,A,0.9166,5,FALSE,
supergreen (alexandra retail centre - arc),ChIJUUaFkt0b2jERZE2uuk2y5y8,4.3,8,,1.2736761,103.8015216,black arc holdings pte. ltd.,Unknown,0.72038,5,FALSE,
hou kee (arc),ChIJVVVVHMEb2jERmcb2SF4SxPk,5,1,,1.2736761,103.8015216,yu kee duck and noodle house pte. ltd.,A,0,0,FALSE,
"wok hey arc, labrador park",ChIJmW9bkjIb2jEREctOM9fQpNA,3.9,49,2,1.2736761,103.8015216,wok hey pte. ltd.,Unknown,0.40298,5,FALSE,
shinobu dining pte. ltd.,ChIJa_FjG8Eb2jER77NXnHLIJH4,,,,1.2736761,103.8015216,j dining pte. ltd.,B,0,,FALSE,
sushi tei,ChIJQ7ONulgZ2jERlc6eQgG0Qn4,4.2,1007,2,1.2634711,103.8213037,sushi-tei pte ltd,A,0.737818182,55,FALSE,
indrawan cafe,ChIJVf_IIOMb2jERKRfIV0egmyc,,,,1.2642133,103.8198342,hanis cafe & bakery pte. ltd.,A,0,,FALSE,
subway,ChIJAybKOeIb2jERktSah2QULcE,4.4,195,2,1.2650208,103.820034,subway harbourfront pte ltd,A,0.178081667,239,FALSE,
brotzeit german beer bar and restaurant - vivocity,ChIJQ7ONulgZ2jERMHtVg8e4VHg,4.3,3250,2,1.2634018,103.8220077,texas chicken restaurant pte. ltd.,A,0.97088,5,FALSE,
dian xiao er (vivocity),ChIJQ7ONulgZ2jER2q7WpCC3Ey8,4.6,1721,2,1.2634296,103.8219625,yechun xiao jiang nan restaurant group pte. ltd.,A,0.98348,5,FALSE,
pastamania - italian casual dining @ harbourfront centre,ChIJZTd8Z-Ib2jERbWmTLXef5Mk,4.4,1287,2,1.2638161,103.8203069,ycp dining singapore pte. ltd.,A,0.29236,5,FALSE,
marché vivocity,ChIJQ7ONulgZ2jERGh2R3w9tHSo,4.5,8471,2,1.2644513,103.8213732,,Unknown,0.44618,5,FALSE,
yoshinoya - harbourfront,ChIJz7WdaeIb2jERLn273bOanNc,3.8,207,2,1.2646661,103.8200612,the orange lantern(harbourfront) restaurant p l,A,0.25696,5,FALSE,
thaksin beef noodle,ChIJA-tGeecb2jERqTeXuDLkhpo,3.5,161,,1.2664179,103.8193437,thaksin beef noodle pte. ltd.,A,0.81928,5,FALSE,
mount faber peak,ChIJVanJyN8b2jER-s5D_7DTzHE,4.5,1462,,1.2712211,103.819556,mount faber leisure group pte ltd,A,0.71642,5,FALSE,
eat.,ChIJZTd8Z-Ib2jERZohM7c0U-PI,3,80,2,1.2649045,103.8204508,empire eats pte. limited,A,0.126355,20,FALSE,
old chang kee,ChIJ0RT0B-Ib2jERmgFjdw2qONI,3.9,95,1,1.264859,103.8226244,chang cheng food & beverage pte. ltd.,A,0.126987059,85,FALSE,
soup restaurant 三盅两件 - vivocity,ChIJQ7ONulgZ2jER98DVQWrxa0c,4.6,2603,2,1.2634383,103.8218945,soup fair pte. ltd.,A,0.9475,5,FALSE,
quantum group pte. ltd.,ChIJQ7ONulgZ2jER8roZP4yXMFY,,,,1.2648856,103.8218299,g & g group pte. ltd.,A,0,,FALSE,
java kitchen pte ltd,ChIJQ7ONulgZ2jERR7vifixFn2c,5,1,,1.2640843,103.8223833,java kitchen pte. ltd.,Unknown,0,0,FALSE,
aspirasi chicken rice,ChIJf4mpm-Eb2jERaUFlcKOqXek,4,189,,1.2664544,103.8192853,texas chicken restaurant pte. ltd.,A,0.88214,5,FALSE,
royal albatross - luxury tall ship,ChIJi454DP0b2jERDzqAZnYncek,4.9,4364,,1.258897,103.819902,royal t group pte. ltd.,A,0.98926,5,FALSE,
poulet - vivocity,ChIJ19gzfOIb2jERiPK282bwI88,4.7,15702,2,1.2636547,103.8211921,,Unknown,0.91184,5,FALSE,
ramen hitoyoshi,ChIJA_33Z-Ib2jERUPhVR3rK2JY,4.4,678,,1.2642175,103.8203582,ramen champion pte. ltd.,A,0.95738,5,FALSE,
mos burger,ChIJJ8r1XOIb2jER2hkLuBrMJqQ,3.6,253,1,1.2643389,103.8201453,mos foods singapore pte. ltd.,A,0.53058,30,FALSE,
monster curry - vivo city,ChIJFR1DMJEZ2jER97UAiPBF-NI,4.7,1516,2,1.2634568,103.8228146,lau di fang scissors-cut curry rice pte. ltd.,A,0.55908,5,FALSE,
paradise dynasty,ChIJDyS7oFgZ2jERkHVAD9YPb2M,4.2,621,2,1.2634367,103.8228488,paradise dynasty pte. ltd.,Unknown,0.94652,5,FALSE,
mcdonald's vivocity,ChIJgY71BEIZ2jERwrDTyHjdHJs,4.1,1765,1,1.2648447,103.821092,seafood paradise (s) pte. ltd.,A,0.69728,5,FALSE,
seoul garden buffet & seoul garden hotpot - harbourfront centre,ChIJR2jLC9gb2jERSOMeHzTdNNs,4.6,1372,,1.2650798,103.8199438,kai garden private limited,A,0.96364,5,FALSE,
kfc (harbourfront centre),ChIJHSqxPeIb2jERny68VoFv5rY,4.3,931,2,1.2652128,103.8199861,the orange lantern(harbourfront) restaurant p l,A,0.18274,5,FALSE,
toast box (vivocity b2),ChIJFZzpo1gZ2jERnlP6DqU0GjU,3.6,817,1,1.2647139,103.8231658,ya kun kaya toast coffeestall since 1944 pte. ltd.,B,0.60454,5,FALSE,
prima computer systems - pos solutions,ChIJoZiROVkZ2jERxtjAavZ7dnw,5,1,,1.265116,103.825666,jrs food systems pte. ltd.,A,0,0,FALSE,
dusk @ mount faber peak,ChIJTa5Gxd8b2jERJkyx1H654CU,4.7,4101,2,1.2711347,103.8196354,mount faber nasi lemak fast food shop pte ltd,A,0.98516,5,FALSE,
makko teck neo,ChIJiz0y1GEZ2jERPsWznuo58bY,4.1,586,2,1.2730573,103.822421,makko teck neo pte. ltd.,A,0.97296,5,FALSE,
pizza hut harbourfront centre,ChIJZTd8Z-Ib2jERTY2VbzE2c2c,4.6,1223,2,1.2652601,103.8199978,alt. pizza pte. ltd.,A,0.80034,5,FALSE,
putien vivocity,ChIJQ7ONulgZ2jERTqwkadCVJBw,4.7,3458,2,1.2634208,103.8223318,prawn noodles & putien restaurant pte. ltd.,B,0.63564,5,FALSE,
crystal jade pavilion,ChIJQ7ONulgZ2jERzbjgQA1j2vs,4,693,2,1.2633755,103.8223827,crystal jade my bread (tbp) pte. ltd.,Unknown,0.89386,5,FALSE,
old habits cafe,ChIJiU9mL2AZ2jER07ZospknPBk,4.7,2294,2,1.2771481,103.8175278,hanis cafe & bakery pte. ltd.,A,0.94074,5,FALSE,
swensen's unlimited @ vivocity,ChIJA7UOu1gZ2jERcrEFy-AOKDs,4.5,6372,2,1.2634317,103.8229708,s connexion pte ltd,A,0.98008,5,FALSE,
mcdonald's harbourfront centre,ChIJZTd8Z-Ib2jER7gmpwtC56t4,4.1,2270,1,1.2642175,103.8203582,s connexion pte ltd,A,0.52322,5,FALSE,
amara singapore,ChIJrXZUXmsZ2jERdZPWv7o3QHA,4.1,3967,,1.2752457,103.8434106,cold storage singapore (1983) pte ltd,A,0.97436,5,FALSE,
carlton city hotel singapore,ChIJW-HHrWwZ2jERC16smRC_0NQ,4.4,2370,,1.2759801,103.8436052,carlton city hotel (singapore) pte ltd,A,0.92656,5,FALSE,
mcdonald's springleaf tower,ChIJbSX5nxQZ2jER7XXItxRWZLg,4.1,2633,1,1.2748671,103.8459685,tower 3 pte. ltd.,A,0.37406,5,FALSE,
the blue ginger,ChIJy3NcJ20Z2jERsizqEPou3Ek,4.2,1155,3,1.2774196,103.8437872,the exchange asia square pte ltd,A,0.8125,5,TRUE,Bib Gourmand
sofi cafe+keto,ChIJ0ZJOG20Z2jERRso4aE9y2dU,4.2,1110,2,1.2773378,103.8443099,hanis cafe & bakery pte. ltd.,A,0.85832,5,FALSE,
whole earth,ChIJ01wV1WwZ2jERSk88-PrWNFE,4.4,1392,3,1.277244,103.8447081,the whole earth pte ltd,A,0.90714,5,TRUE,Bib Gourmand
guo fu hotpot,ChIJEQWOiAwZ2jERTjMciUorsNw,4.3,917,2,1.2767378,103.8452062,fu lin group pte. ltd.,A,0.77764,5,FALSE,
ramen keisuke tori king,ChIJ9UBYpmwZ2jEROzy0wV08AhE,4.1,837,2,1.2745604,103.8436585,seah king ming,A,0.69194,5,FALSE,
yayoi japanese restaurant |100am tanjong pagar | teishoku | tonkatsu | chicken namban,ChIJ3QG1X2sZ2jERvSXA8S3Xr5w,4.4,673,2,1.2744243,103.8434309,texas chicken restaurant pte. ltd.,A,0.94564,5,FALSE,
itadakimasu by parco,ChIJvUUHX2sZ2jERiuf2ZRpP8h0,3.8,56,2,1.2745064,103.8435,the soul kitchen by big d pte. ltd.,A,0.54914,5,FALSE,
ya kun kaya toast (100 am),ChIJvUUHX2sZ2jERM01Rb070MXU,3.6,232,1,1.2745925,103.8436594,ya kun kaya toast coffeestall since 1944 pte. ltd.,B,0.32152,5,FALSE,
hosted@raeburn park pte ltd,ChIJ1d9MnGgZ2jERWuRwtHvsuBw,4.5,4,,1.273548,103.833406,breadtalk pte ltd,A,0,0,FALSE,
the public izakaya 2,ChIJMz-JTWsZ2jERqFZ1BAwG7OQ,4.2,434,,1.2744873,103.8443179,the exchange asia square pte ltd,A,0.94866,5,FALSE,
element restaurant amara singapore,ChIJK-a8X2sZ2jERMDuQGOcyCQg,4.1,512,,1.2749177,103.8437106,d&n singapore pte. ltd.,A,0.89718,5,FALSE,
curry leaf restaurant pte. ltd.,ChIJKZoOX2sZ2jERuMoj1rZ2tp4,4,1,,1.274961,103.843575,cure restaurant pte ltd,A,0,1,FALSE,
cafe oriental @ amara,ChIJv02dX2sZ2jERt5SU6PJqMoQ,4.2,96,,1.2750193,103.8433765,han's cafe & cake house pte. ltd.,A,0.95682,5,FALSE,
kotobuki restaurant (river valley) pte ltd - main office,ChIJa8CspRQZ2jER19WD7EHNFW8,,,,1.274627,103.845714,kotobuki restaurant (river valley) pte ltd,A,0,,FALSE,
f & b culture pte. ltd.,ChIJS_M3qmwZ2jERuQpqsXNQ3Zw,5,2,,1.2753422,103.8444743,dahetang f&b culture pte. ltd.,B,0,0,FALSE,
bar-roque grill,ChIJKZoOX2sZ2jERhJqFXCG1oAw,4.7,1479,3,1.275521,103.8436042,26@marina bar & bistro pte ltd,B,0.96878,5,TRUE,Selected Restaurants
oso ristorante,ChIJm1RmWm0Z2jERXcuhzAbomPc,4.4,858,3,1.2757603,103.8443705,oso ristorante pte. ltd.,A,0.97378,5,FALSE,
the marmalade pantry - cafe bistro @ tanjong pagar,ChIJ4TWEs2wZ2jERlHnfsC0JPQU,4.6,1557,,1.2758957,103.8442496,the exchange asia square pte ltd,A,0.5444,5,FALSE,
chotto matte,ChIJa4YZJG8Z2jERKAJ60Fq0Z4s,3,6,,1.2759243,103.8357253,,Unknown,0.0992,5,FALSE,
little part 1 cafe,ChIJa4YZJG8Z2jERg4a_sKwmYgI,4.6,635,2,1.2759299,103.8357315,hanis cafe & bakery pte. ltd.,A,0.87374,5,FALSE,
kueh ho jiak (tanjong pagar) hawker,ChIJP2QT6WwZ2jERWUEBkT9qtRA,4.5,182,,1.2765578,103.8431007,hawker qsr pte. ltd.,Unknown,0.95566,5,FALSE,
the coffee bean & tea leaf,ChIJ8SsJRBMZ2jERtctHb8ivYYk,4.1,362,2,1.2758609,103.8464093,the coffee bean & tea leaf (singapore) pte ltd,A,0.80334,10,FALSE,
ramen keisuke gyoza king,ChIJy3kl2mwZ2jERtd6AuRd52hs,4.3,778,2,1.2767686,103.843676,seah king ming,A,0.71446,5,FALSE,
teppei japanese restaurant,ChIJYWuy22wZ2jER0SsGm6Lbbq8,4.5,894,2,1.276722,103.8439479,hyangtogol (korean restaurant) pte. ltd.,A,0.92962,5,FALSE,
pasta e formaggio(p&f) @ international plaza,ChIJSaDTZxIZ2jERaij42zJQ5sI,4.4,404,,1.2761211,103.8459859,s&n international pte. ltd.,A,0.96088,5,FALSE,
mellben signature - tanjong pagar,ChIJz3ZC5GwZ2jERSz7uGSJMWXs,3.8,1139,2,1.2770307,103.8430264,ban heng teochew porridge (tanjong pagar) pte. ltd.,A,0.24594,5,FALSE,
sin huat xuan 星發軒,ChIJKdhRKWwZ2jER0fisaPg5p1Q,4.6,275,,1.276932,103.8362846,soon huat dining house pte. ltd.,B,0.9581,5,FALSE,
essen @ the pinnacle,ChIJfRlYVWwZ2jERD0twz59OtIU,4.3,956,2,1.277308,103.841782,the exchange asia square pte ltd,A,0.89182,5,FALSE,
hakata ikkousha ramen,ChIJ3xWl3WwZ2jERV_p9XsP-ZbU,4.4,954,2,1.2771166,103.8432542,masamune specialty ramen (singapore) llp,A,0.83572,5,FALSE,
ryo sushi,ChIJYWuy22wZ2jERzHWDrurjEMg,4.3,612,,1.277155,103.84373,ryo sushi (pte. ltd.),A,0.46314,5,FALSE,
han’s cafe,ChIJO1bi02wZ2jERV6naWny5scs,2.9,135,2,1.2768533,103.844954,han's cafe & cake house pte. ltd.,A,0.25628,5,FALSE,
the daily cut (tanjong pagar),ChIJWdGqMhMZ2jERfBLAF1ANAoU,4,742,,1.2767903,103.8452297,gardens by the bay,A,0.07852,5,FALSE,
sakari sushi,ChIJYWuy22wZ2jEReYQZ5RWDBN8,4.4,99,,1.27719,103.8437307,tatsu sushi (s) pte ltd,A,0.80838,5,FALSE,
lad & dad,ChIJYbYaGAAX2jER3PmA2FERqco,4.3,993,2,1.2773654,103.8429244,,Unknown,0.98054,5,FALSE,
kajiken (original),ChIJ_0C_3mwZ2jERXaCQInHCutM,4.5,664,2,1.2772362,103.843733,original hock lam street beef kway teow pte. ltd.,A,0.72068,5,FALSE,
the buffet restaurant,ChIJuScwyhQZ2jERirvNvi2XHAg,4.6,713,,1.273767,103.8450399,the exchange asia square pte ltd,A,0.93082,5,FALSE,
guzman y gomez - guoco tower,ChIJ1fwDJRMZ2jERfFTOxH9jnKo,4.6,2342,2,1.2768779,103.8452957,tower 3 pte. ltd.,A,0.68684,5,FALSE,
outram park ya hua rou gu cha,ChIJmwmtjWoZ2jERpptsIibpe3I,4.2,1676,2,1.2721092,103.8423891,shan cha pte ltd,A,0.8908,5,FALSE,
kuro maguro sushi and dining,ChIJr-0AJBMZ2jERKGlcZe2AbZg,4.5,722,3,1.2768041,103.8458822,jq dining pte. ltd.,A,0.8956,5,FALSE,
hokkaido izakaya,ChIJXXY6J20Z2jERRzsabUgPrcE,4,180,2,1.2774552,103.8437592,hokkaido sushi fine dining pte ltd,A,0.94936,5,FALSE,
curry village,ChIJfSHth3IZ2jERi4Vg_Spxn1k,3.9,331,1,1.2736169,103.8425567,curry village banana leaf pte. ltd.,C,0.42448,5,FALSE,
sbcd korean tofu house,ChIJ1WnHJhMZ2jERLDwEX_uj9tM,4.1,1170,2,1.2770512,103.8455475,yu kee duck and noodle house pte. ltd.,A,0.87774,5,FALSE,
halal vending machine @ marina south pier,ChIJgYQC_AwZ2jERAYw7Csyf5HE,5,1,,1.2708997,103.8632543,marina bay sands pte. ltd.,A,0,0,FALSE,
islam din,ChIJ91sm9E0H2jERCEjIfXl_L_0,4,1,,1.2866156,103.6237202,mohd rabiul islam,C,0,0,FALSE,
pnd restaurant and mini mart,ChIJY_QHbJIF2jERGz0LSwtHjb8,3.7,6,,1.2779012,103.6363623,imperial treasure fine dining restaurant pte. ltd.,A,0.08792,3,FALSE,
wonderlust pte ltd,ChIJQ7RtM3AH2jER8EaA_DQkxMs,,,,1.2951955,103.6267547,seafood paradise (s) pte. ltd.,A,0,,FALSE,
tuas canteen,ChIJWRvOxc4H2jER2Nu79dDyPyo,3.8,6,,1.2951955,103.6267547,we canteen pte. ltd.,Unknown,0.17238,2,FALSE,
variety nugget,ChIJi35jtuUV2jERp3LqvIz0FL4,,,,1.279821,103.6401659,,Unknown,0,,FALSE,
ali md kawsar,ChIJt3sTaDQH2jERcK19IkEqm84,,,,1.2949472,103.6304833,aashiq ali restaurant pte. ltd.,B,0,,FALSE,
staff canteen @ pesek road,ChIJjyzxa1cE2jER2kmN4nBIZAw,5,1,,1.28156,103.678582,xixiang kaya kopitiam (robinson road) pte. ltd.,A,0,0,FALSE,
instachef at src thoroughfare,ChIJNx_4mxcF2jER5uWN8OpKu9Q,,,,1.2907829,103.7121796,at fresh pte. ltd.,A,0,,FALSE,
mcdonald's west coast park,ChIJS5IVbvwa2jERDxPwmWkRghI,4.3,5744,1,1.2975443,103.7633584,lam's (singapore) culinary enterprise pte. ltd.,A,0.42344,5,FALSE,
the wharf,ChIJu7MGPOMa2jERiwWry4BnS2E,3.5,108,,1.2927481,103.7627338,the exchange asia square pte ltd,A,-0.01386,5,FALSE,
nana original thai food clementi,ChIJpacnPPwa2jERoFkXHFExOI8,3.9,644,1,1.2929144,103.7686345,taster food pte. ltd.,A,0.65512,5,FALSE,
niqqi's the cheese prata shop,ChIJS44NPfwa2jERH1ygoIgk05w,3.9,1141,1,1.2928572,103.7685899,gardens by the bay,A,0.8277,5,FALSE,
al amaan restaurant,ChIJpbpdPPwa2jER3qzoPX12xE8,4.2,1562,1,1.2927526,103.7684987,al amaan restaurant pte. ltd.,B,0.86214,5,FALSE,
al ameen @ clementi,ChIJ____z2EQ2jERGNtzWu1W7l4,4.3,1463,2,1.2929049,103.7686124,al zouq foods & caterer pte ltd,B,0.70816,5,FALSE,
beacon @ rsyc,ChIJu7MGPOMa2jERd7wzdlwZZtA,3.9,46,,1.2926833,103.7626794,the beacon room pte. ltd.,A,0.61486,5,FALSE,
muslim cooked food,ChIJKas7cAAb2jERi9GMyBJJOw4,,,,1.2846071,103.7740931,ho heng food & enterprise pte. ltd.,A,0,,FALSE,
lerrmak @ 440 pasir panjang,ChIJaXosalYb2jERrgEO-MJtRwA,4.9,21,,1.2923786,103.7683733,ngt confectionary (potong pasir) pte. ltd.,B,0.77932,5,FALSE,
roasted chicken/pork rice,ChIJX5I0egAb2jERF7OiCB2_q0c,,,,1.2846219,103.7742189,guan chee hong kong roasted duck pte. ltd.,A,0,,FALSE,
pham quyen halal vietnamese cuisine @ pasir panjang,ChIJbesWllsb2jEReOXvjJuR8h8,4.4,677,,1.2924096,103.7683459,sea cuisine (marina bay) pte. ltd.,A,0.74166,5,FALSE,
dario pizza & more,ChIJSV6OO_wa2jERdnMz-qR7XXo,4.4,527,2,1.2924497,103.7683135,extra virgin pizza pte. ltd.,A,0.8575,5,FALSE,
restaurant nur fayidha,ChIJixpIMwAb2jERlkXdx9un_x4,4.8,32,,1.292429,103.768382,nur fayidha restaurant pte ltd,A,0.59442,5,FALSE,
supper stretch,ChIJSxUQRgAb2jERL7yhR5fCNNc,,,,1.2924505,103.7684054,89.7 supper club pte. ltd.,Unknown,0,,FALSE,
chinese economy rice,ChIJYWv8JwAb2jERR6MoPL3RqKk,,,,1.2847663,103.774298,lau di fang scissors-cut curry rice pte. ltd.,A,0,,FALSE,
pitalah,ChIJlblM48Yb2jERqVfW1-OXW4s,4.5,2,,1.2922341,103.768912,,Unknown,0.4208,2,FALSE,
formosa delights,ChIJB6_SPfwa2jERhWb0-pMgLRo,4.1,571,2,1.2929497,103.7686889,formosa delights pte ltd,A,0.6772,5,FALSE,
fong seng nasi lemak,ChIJGSYcGPwa2jER4SlFZ31tdxQ,4.1,1298,2,1.2929977,103.7687169,kampong ria nasi padang pte ltd,B,0.7065,5,FALSE,
hong kong kitchen,ChIJD2KRPfwa2jERpjI_2ZxVBRA,3.4,229,,1.2930409,103.7687545,great chef hong kong kitchen pte. ltd.,B,0.47368,5,FALSE,
lazy lizard - pasir panjang,ChIJ_0dnTtwb2jERK4mQ3ngnayQ,4.8,1780,,1.2930834,103.7687374,ngt confectionary (potong pasir) pte. ltd.,B,0.90994,5,FALSE,
edokko food,ChIJb_cpBPsa2jERuOVHqtWhntU,,,,1.296121,103.766207,edokko food pte ltd,A,0,,FALSE,
le west den- prawning,ChIJCUK-Nqkb2jERq5VGW5D0IbY,4.6,51,,1.28299,103.780375,jia jia le cuisine f & b pte. ltd.,A,0.99422,5,FALSE,
eat fit meal prep,ChIJleO_ehAY2jERndRFIdZSPjA,4.2,10,,1.2797197,103.7859924,eat fit meal prep pte. ltd.,A,0.18948,5,FALSE,
sparkle,ChIJISBn6awb2jERRuKkH9QGSUk,3.9,29,,1.2878364,103.7827555,sparkle kingdom pte. ltd.,B,0.05682,5,FALSE,
reedz cafe,ChIJ94PkRqsb2jERj766IVTrIGM,1.9,16,,1.288347,103.7796998,bru cafe pte. ltd.,A,-0.60638,5,FALSE,
the pipe district,ChIJsys26awb2jERfQuHLB58LGQ,4.4,318,2,1.2881673,103.7830648,the exchange asia square pte ltd,A,0.96978,5,FALSE,
chilli padi tok panjang,ChIJ____L1Ua2jERJPYskmd9fe4,4.1,452,2,1.2917994,103.7776756,tok cai wei,A,0.95562,5,FALSE,
diamond kitchen,ChIJT6QdGrMb2jER3h26N-kFIbg,4.3,505,2,1.287656,103.79042,diamond kitchen private limited,A,0.87992,5,FALSE,
xin wang hong kong cafe - nuh medical centre,ChIJBWBGLlIa2jER_cjp3HYHN3o,4.8,2349,2,1.293892,103.7847061,wang hong,B,0.63718,5,FALSE,
viet meet thai,ChIJ--nhMVIa2jERp_-00fZlcWM,2.8,4,,1.2938782,103.784831,mama thai kitchen pte. ltd.,A,0.140525,3,FALSE,
beradik by western boy,ChIJ58pON1Ia2jERzdCmJCNvPUo,3.7,11,,1.295043,103.7824543,the soul kitchen by big d pte. ltd.,A,0.180114286,7,FALSE,
esarn thai corner pasir panjang,ChIJFwkLXLkb2jERSCQmKC7_PXw,4.6,902,2,1.2761949,103.7930246,thai affair pte. ltd.,A,0.77482,5,FALSE,
hooha cafe,ChIJ08b9RKUb2jER4HbtO6l_RIg,4.2,62,,1.279714,103.7860135,hooha cafe pte. ltd.,A,0.939,5,FALSE,
ah bear mookata,ChIJK4Vjhf8b2jER4Et-rHqwq_4,4.8,714,,1.28292,103.78048,ng ah sio investments pte. ltd.,A,0.7169,5,FALSE,
volta bistro,ChIJJVd0jNEb2jER5E621hKhmoA,4.7,66,,1.2829969,103.7801929,26@marina bar & bistro pte ltd,B,0.9197,5,FALSE,
nhus bistro,ChIJT1Itg7Eb2jER--ZJN1cu_90,4.3,23,,1.2830764,103.7806052,26@marina bar & bistro pte ltd,B,0.60732,5,FALSE,
kinn derm,ChIJuVKfHNIb2jERb_4VY2WutpQ,4.3,186,,1.2830764,103.7806052,,Unknown,0.9487,5,FALSE,
ignite spaces,ChIJoTa7_zkb2jERKAY2QjTJ_HQ,4.9,23,,1.2830764,103.7806052,ignite capital pte ltd,A,0.88394,5,FALSE,
le white bar,ChIJZ4JqKmgb2jEROuOzh5z42no,4.8,58,,1.2831852,103.7805348,j c tapas bar pte. ltd.,A,0.92994,5,FALSE,
orto,ChIJncjPBA8U2jER5ol9uaCD7KY,4.2,5715,,1.2831852,103.7805348,porto novo cafe pte ltd,B,0.9567,5,FALSE,
ken venture investment pte. ltd.,ChIJDVtFxasb2jERxW2BA6Z4qtE,,,,1.2853884,103.778933,wise&honest pte. ltd.,A,0,,FALSE,
stt indian cuisine,ChIJyZjkpyUT2jER56SlokPsko4,4.7,131,,1.2796,103.7856923,imperial treasure cantonese cuisine pte. ltd.,A,0.69884,5,FALSE,
chiacai - icon@pasir panjang,ChIJxYUPpX8b2jERWmWnot63OmE,5,66,,1.279546,103.7857002,chef icon pte. ltd.,A,0.9498,5,FALSE,
bacino italian bistro,ChIJMYmj8zQZ2jERDUivPLzVuGI,4.7,522,,1.2792617,103.7859138,spago homemade italian restaurant pte ltd,A,0.9891,5,FALSE,
wakamama japanese omakase (by reservations only),ChIJ_Wma4YQb2jERAthljNsxKqE,4.8,203,,1.2792617,103.7859138,gardens by the bay,A,0.90186,5,FALSE,
the jip and lab,ChIJ5fDFrewb2jERLqMtLwAPNu8,5,21,,1.279714,103.7860135,the exchange asia square pte ltd,A,0.92906,5,FALSE,
99 buona vista kitchen,ChIJR4mBArAb2jERMQtZDkYdvhE,4.2,508,1,1.2804626,103.7867971,99 buona vista kitchen pte. ltd.,B,0.9612,5,FALSE,
woo & noon authentic thai food,ChIJf1O-GwAb2jERzEjUjgkjcfo,5,1,,1.2859839,103.7832762,taster food pte. ltd.,A,0.6083,1,FALSE,
fishball noodles,ChIJHTvDUwAb2jERgCcdcafSjm4,5,1,,1.2860103,103.783346,red place's beef noodles pte. ltd.,B,0.8505,1,FALSE,
raja rasa indonesian cuisine & nasi padang,ChIJsXRg5xAb2jERcOAWEUdFzFs,5,1,,1.2861436,103.7832022,global rasa pte. ltd.,A,0.3818,1,FALSE,
xing xing handmade banmian,ChIJE70RAAAb2jER84cdzS-3Mqk,5,1,,1.2861268,103.7833113,chen xing,A,0.5423,1,FALSE,
"barrels british–indian bistro, buona vista",ChIJ7Z3gWqUb2jER2usAUakliwM,4.3,231,,1.2807082,103.7870009,qi ji bistro pte. ltd.,A,0.86422,5,FALSE,
365 your everyday food,ChIJIRSElW4b2jER3Wa8SGoGDNY,4.4,47,,1.2868545,103.7817143,ho heng food & enterprise pte. ltd.,A,0.5047,5,FALSE,
plank sourdough pizza - south buona vista,ChIJ18eWVn8b2jERJRk4cgDFk-8,3.8,30,,1.2807924,103.7870563,extra virgin pizza pte. ltd.,A,0.62906,5,FALSE,
green box salads,ChIJsVfpzQQb2jER_OKwDQRUYg8,5,11,,1.2862721,103.7833747,out of the cake box pte. ltd.,Unknown,0.6346,5,FALSE,
rainforest culinary pte. ltd.,ChIJwdSVq6ob2jERoI2CXQc1fjs,,,,1.2788118,103.787412,rainforest culinary pte. ltd.,A,0,,FALSE,
jb101 seafood @ science park,ChIJRYLogvIb2jERqRCDqYyxSxw,4.3,935,,1.2875109,103.782581,tian tian fisherman's pier seafood restaurant p l,B,0.85868,5,FALSE,
citrus kitchen,ChIJv9MbPyIb2jERp7XARdxz0hM,4.9,4087,,1.2881638,103.7830724,kitchen language pte. ltd.,A,0.98384,5,FALSE,
ahtti korean restaurant (science park),ChIJ779pZoob2jERW608l7TCtSo,4.7,35,,1.2881638,103.7830724,mouth restaurant pte ltd,A,0.94762,5,FALSE,
a hot hideout @ kent ridge (nus),ChIJQwH2mvsZ2jER3xDN9Afd33M,4.9,2962,,1.2905102,103.7813368,each-a-cup pte. ltd.,A,0.83452,5,FALSE,
dough magic,ChIJl9HTMQAb2jERAZiISpiVc3g,,,,1.2908125,103.7810169,stone & dough pte. ltd.,A,0,,FALSE,
supersnacks @ pgp,ChIJHeipRx0b2jERLo4OrQOlOyk,3.7,81,,1.2913009,103.7802549,,Unknown,0.58472,5,FALSE,
instachef at ascent science park,ChIJCwifO6cb2jERWSMHY6wJ0O4,,,,1.290953,103.784589,seafood park pte. ltd.,B,0,,FALSE,
zhen mei shi mixed veg rice,ChIJKQc17bsb2jERwr4Yq8vxO9Y,4.5,4,,1.2760067,103.7912094,lau di fang scissors-cut curry rice pte. ltd.,A,0.443625,3,FALSE,
明记鱼汤,ChIJ1ZaqEwAb2jERqPI5ODOIZaM,,,,1.2760178,103.7912221,,Unknown,0,,FALSE,
heng huat fried kway tiao,ChIJucjD4T8Q2jERCH4DSeuecVw,3.4,152,1,1.2759454,103.79121,heng xu (old chengdu) restaurant pte ltd,B,0.6366,5,FALSE,
lucy's catering,ChIJ05T8MAAb2jERoVJTkqumZc0,3.3,12,,1.2898361,103.7867431,seafood paradise (s) pte. ltd.,A,0.27444,5,FALSE,
forty one,ChIJqyBOQw0b2jERi7BkD4GJNm8,4.1,12,,1.27598,103.7912552,royal one pte. ltd.,A,0.58674,5,FALSE,
fauziah's,ChIJD3hFWT8b2jERfXNLmHywz6U,4.3,6,,1.27598,103.7912552,seafood paradise (s) pte. ltd.,A,0.84138,5,FALSE,
mr dum biryani,ChIJ5XgwliUZ2jERlyymzk1oxBY,4.1,35,,1.27598,103.7912552,mr bean international pte. ltd.,A,0.82424,5,FALSE,
jubilant hainamese chicken rice,ChIJO_st7bsb2jERpmZiCYIMY0o,4.5,37,,1.27598,103.7912552,liao fan hk soya sauce chicken rice & noodle (chinatown) pte. ltd.,A,0.62976,5,FALSE,
sin chin heng drinks corner,ChIJ-YiG7bsb2jERI5AJfBJmrGs,,,,1.27598,103.7912552,hao heng pte. ltd.,Unknown,0,,FALSE,
pasir panjang food centre,ChIJf3Yu7bsb2jERADDFSroHkq0,4,3486,1,1.27598,103.7912552,best partners food management pte. ltd.,A,0.75248,5,FALSE,
abc brickworks market & food centre,ChIJKY77qdYb2jERgrqa1URSZIM,4.2,8402,1,1.2869047,103.8081551,taster food pte. ltd.,A,0.83392,5,FALSE,
tiong bahru lien fa shui jing pau,ChIJbT7CtXwZ2jER7eydU2G2c1g,3.4,52,,1.286197,103.8045354,mah hock tiong,B,0.54234,5,TRUE,Selected Restaurants
keng eng kee seafood @ alexandra village,ChIJu1Ef88sb2jER3Fc3W0QRoq8,4.2,5182,2,1.2857843,103.8037037,tao seafood asia (pte ltd),A,0.97352,5,FALSE,
the alkaff mansion,ChIJJ8m4Ydob2jERziWBq7UYU08,4.3,1280,,1.2788835,103.8131554,the exchange asia square pte ltd,A,0.93284,5,FALSE,
joe’s thai kitchen,ChIJIadbw8sb2jER3i-OvZSCBGk,4.3,497,2,1.2855796,103.8027435,seafood paradise (s) pte. ltd.,A,0.87696,5,FALSE,
handlebar,ChIJebkYhsYb2jERCaQ8kXH-hi8,4.4,1577,2,1.2787242,103.8043905,,Unknown,0.9578,5,FALSE,
lau phua chay authentic roasted delicacies,ChIJsT_npM0b2jER4NflEEMMLi4,2.2,138,,1.2863531,103.8044561,lau seng hock,A,0.5953,5,FALSE,
sunnychoice vegan cafe and healthy option store,ChIJyxsolcsb2jERqnKpHA6TiFM,4.4,136,,1.2862748,103.8032213,bru cafe pte. ltd.,A,0.75864,5,FALSE,
hei lun shi tang 黑轮食堂,ChIJoeBXbssb2jERsnEOvlPtBrQ,4.1,125,,1.2875231,103.8031063,tang yaqi,B,0.5991,5,FALSE,
queensway lau tan tutu kueh,ChIJwWjNccsb2jERESRPW2J8mbc,2.6,182,,1.2877063,103.803349,tan chow yea,A,-0.01844,5,FALSE,
otoko ramen,ChIJYy-Okcwb2jERyei18XwxyXM,4.3,417,2,1.2874884,103.8049925,kagetsu ramen pte. ltd.,A,0.74178,5,FALSE,
ma maison - anchorpoint,ChIJuzuvVjMa2jERN9QuE0pDZZ8,4.2,489,2,1.2883465,103.8048202,ma wei,B,0.82166,5,FALSE,
bountiful restaurant,ChIJMQiFIdAb2jERK3knfICI9Cc,3.2,35,,1.2812937,103.8100334,texas chicken restaurant pte. ltd.,A,0.15966,5,FALSE,
fish mart sakuraya,ChIJWwHJu8wb2jERbRp-AwtZ-oo,4.1,879,2,1.2889117,103.8051349,fish & co. restaurants pte. ltd.,B,0.76452,10,FALSE,
jin jin dessert 津津甜品,ChIJNd0eCM0b2jERIX5lVNMXatI,4,248,1,1.286817,103.8081639,jin de lai zhong hua la mian pte. ltd.,B,0.88634,5,FALSE,
ah pang steamboat seafood,ChIJCyw1YzQa2jER8-jn8Kxg5m8,4.2,197,2,1.2932672,103.8028827,marina live seafood & steamboat pte ltd,B,0.96334,5,FALSE,
fook seng goldenhill chicken rice,ChIJqWW5sjIa2jERTIwjQbn2ats,4.5,253,1,1.2892531,103.8095599,lim chong seng,B,0.70524,5,FALSE,
delisnacks 德利食,ChIJCyw1YzQa2jER87pEsz1xr5U,1.3,3,,1.2932672,103.8028827,li li,A,-0.132175,8,FALSE,
ristorante takada : japanese italian restaurant : pasta pizza wine (alexandra),ChIJizsi_DIa2jERs55gooVkYoo,4.6,331,3,1.2915246,103.8075963,extra virgin pizza pte. ltd.,A,0.91942,5,FALSE,
bao makers (kitchen),ChIJAwthDckZ2jERK2WKTcJgK3w,4.3,474,2,1.2938457,103.7934252,the butcher's kitchen pte ltd,A,0.84926,5,FALSE,
yummy bites (尚品小吃),ChIJL2DwYjEa2jER-aan8VW2Ags,4.1,88,,1.2941038,103.8063085,yummy catering & food chain pte ltd,B,0.76378,5,FALSE,
janggut laksa @queensway shopping centre,ChIJ39nBb8sb2jER3QF_pQ01SMc,4.1,669,,1.2876196,103.8034222,shopping bag (s) pte. ltd.,A,0.878,5,FALSE,
the peranakan restaurant singapore,ChIJwXjZTPMZ2jERQymyd8VIPhE,4.3,594,,1.2882665,103.8141523,the soup spoon pte ltd,A,0.79356,5,FALSE,
domino's pizza bukit merah,ChIJES9St3wZ2jERhx6v759kLVs,3.1,383,2,1.2837892,103.8159722,lam's (singapore) culinary enterprise pte. ltd.,A,0.1752,5,FALSE,
zi yean restaurant,ChIJc7Z7FtMb2jERueHO91Na1oI,3.9,827,2,1.2879413,103.8143642,texas chicken restaurant pte. ltd.,A,0.7677,5,FALSE,
mei ling market & food centre,ChIJCyw1YzQa2jER6EoEVDP8ywU,4,2461,1,1.2932672,103.8028827,quik food pte. ltd.,B,0.70424,5,FALSE,
pizza hut delivery - bukit merah,ChIJhSk4o9Yb2jERBGW7VBnmiZY,4,186,2,1.2839844,103.8170368,alt. pizza pte. ltd.,A,0.85474,5,FALSE,
vineyard at hortpark,ChIJw3lZ6ccb2jERiNboEqNCFic,4.5,2031,2,1.2788036,103.8011657,sun at food singapore pte. ltd.,A,0.929,5,FALSE,
kfc bukit merah,ChIJcZk3aNEb2jER-qA4VBgev0k,4,676,2,1.2839759,103.8171325,manbok bukit timah pte. ltd.,B,0.38798,5,FALSE,
yummy punjaby,ChIJS-XJP7EZ2jERvagnPHsLySI,4.4,870,2,1.2873275,103.8054155,yummy punjaby international  pte. ltd.,A,0.96958,5,FALSE,
subway,ChIJKV9Ln9kb2jERHRyFVy0NZ0Y,2.9,51,,1.277675,103.8173155,subway harbourfront pte ltd,A,0.178081667,239,FALSE,
safra mount faber,ChIJ1278pRwb2jER5mLbqcDeKCY,4.2,2205,,1.277675,103.8173155,mount faber leisure group pte ltd,A,0.74102,5,FALSE,
rong kee hk roasted delights 榮記烧腊 - redhill,ChIJc3OUBtQb2jERiT4CAw1DFzc,3.1,19,,1.2883422,103.8154799,hock kee f&b pte. ltd.,A,-0.0914,5,FALSE,
cafe melba at mediapolis,ChIJx0dfzAsZ2jERTBmlVt5elE4,4.1,966,2,1.295968,103.7925581,fun cafe pte ltd,A,0.9686,5,FALSE,
old chang kee,ChIJUYlK7dYb2jER8j9hRL4RuwM,3.4,16,1,1.2828846,103.8174706,chang cheng food & beverage pte. ltd.,A,0.126987059,85,FALSE,
colbar,ChIJwSA3Jkoa2jERuxc4pjh3_Ug,4.1,1360,2,1.2938071,103.7964379,,Unknown,0.83698,5,FALSE,
jack's place anchorpoint,ChIJb1LlsMwb2jERcTj_tisJaKs,3.9,776,2,1.2882835,103.8047615,lam's (singapore) culinary enterprise pte. ltd.,A,0.90724,5,FALSE,
queensway famous curry chicken,ChIJ39nBb8sb2jERt1ujliPF1zY,3.9,105,,1.2876225,103.8035446,s.v. curry pte. ltd.,B,0.33496,5,FALSE,
tiong bahru market,ChIJOU6y-HkZ2jERchOICIgjl0E,4.3,10789,1,1.2850771,103.8328072,heng kee wet market pte. ltd.,Unknown,0.5551,5,FALSE,
tiong bahru bakery,ChIJ--NsrnAZ2jER-Ry6WJB26Uo,4.3,3274,2,1.284454,103.8336531,tiong bahru bakery pte. ltd.,Unknown,0.75708,10,FALSE,
ting heng seafood restaurant,ChIJWSeCmHAZ2jERNGszRPCxK58,4,758,2,1.2835858,103.834067,ng heng,A,0.88452,5,FALSE,
de golden spoon seafood 金匙小厨,ChIJOfccCHoZ2jERg01MxEB4Pw8,4.1,993,2,1.2837731,103.8333817,tian tian fisherman's pier seafood restaurant p l,B,0.83852,5,FALSE,
por kee eating house 1996,ChIJAxuUA3oZ2jERTm-CQTLf9lI,4.2,1429,2,1.2841687,103.8328017,hong kong street old chun kee pte. ltd.,B,0.75136,5,FALSE,
ya hua bak kut teh,ChIJz5ovoYIZ2jERz1Fvu9sr2Iw,4.1,1401,2,1.2892641,103.8320871,ya hua bak kut teh pte ltd,B,0.5598,5,FALSE,
boon tong kee @ river valley,ChIJHXQYQ4QZ2jERORHe3xZyKRw,4.1,1487,2,1.2951632,103.8294461,tan boon chai,Unknown,0.73428,5,FALSE,
han's cafe (bukit merah),ChIJnUKdYNYb2jERsEuHNwLsBYY,3.8,300,2,1.2833708,103.8192604,lam's (singapore) culinary enterprise pte. ltd.,A,0.89246,5,FALSE,
long john silver's,ChIJrbAO1H4Z2jERHmVW1amCAX0,3.2,170,1,1.286426,103.8278352,seafood paradise (s) pte. ltd.,A,0.26932,35,FALSE,
the soup spoon,ChIJiSRA0X4Z2jER8ZFuGpyAb90,3.9,154,2,1.2862796,103.8277837,the soup spoon pte ltd,A,0.48407,10,FALSE,
shihlin taiwan street food (tiong bahru plaza),ChIJcV1a0n4Z2jERbbpaIpuKFe0,4.6,232,,1.2866545,103.8271452,mexican food corp pte. ltd.,A,0.5022,5,FALSE,
kfc (tiong bahru plaza),ChIJrbAO1H4Z2jERM3PTK4VJC10,4.1,1107,2,1.2866391,103.8274452,republic plaza city club (singapore) pte ltd,A,0.00276,5,FALSE,
mos burger,ChIJrbAO1H4Z2jERqUa1umHT6p0,3.1,158,1,1.2866667,103.8270408,mos foods singapore pte. ltd.,A,0.53058,30,FALSE,
西得利 xi de li you tiao,ChIJ-7LfbdQb2jER6x9Ipa99GgQ,3.8,6,,1.2874028,103.8182751,li mei,B,0.36584,5,FALSE,
coffee bandits hq,ChIJOzWwCtcb2jERafl3uCK23vY,4.1,99,2,1.281115,103.818785,starbucks coffee singapore pte. ltd.,A,0.12564,5,FALSE,
mcdonald's regal,ChIJib9d23wb2jERrRWnBQFMs6w,3.9,1101,1,1.2836726,103.8182785,seafood paradise (s) pte. ltd.,A,0.21322,5,FALSE,
ding ji membina,ChIJZafMXXwZ2jERDWlKpnMZKDE,2.1,44,1,1.2824319,103.8251606,gao ji food (s) pte ltd,A,-0.00972,5,FALSE,
happy oven - tiong bahru main bakery,ChIJZwPAVn8Z2jERltWOM-GHGl4,4.1,165,1,1.2890129,103.8277118,the bakery depot pte ltd,A,0.53698,5,FALSE,
common grill @ jalan membina,ChIJrbYaWnwZ2jERCAFtMzfG6ok,3.7,281,2,1.2828404,103.8257263,alan,B,0.08876,5,FALSE,
old chang kee,ChIJdQK11n4Z2jERdn_JyWUStgU,3.7,44,1,1.2865002,103.8269527,chang cheng food & beverage pte. ltd.,A,0.126987059,85,FALSE,
sushi tei,ChIJJdvq0n4Z2jERldTLwh_c1bw,4.1,461,2,1.2865029,103.827298,sushi-tei pte ltd,A,0.737818182,55,FALSE,
4fingers crispy chicken,ChIJsyhj0n4Z2jERIBEWr81OZhg,4.3,715,2,1.2862968,103.8277249,liao fan hk soya sauce chicken rice & noodle (chinatown) pte. ltd.,A,0.284795,20,FALSE,
subway,ChIJU6inLnkZ2jERMj-KElsrgQ8,4,383,2,1.2862642,103.82785,subway harbourfront pte ltd,A,0.178081667,239,FALSE,
kintamani restaurant (halal-certified),ChIJzd9lsXcZ2jERt4_hG0Sra1M,4,962,2,1.2875615,103.8359488,mouth restaurant pte ltd,A,0.93994,5,FALSE,
creamier handcrafted ice cream and coffee (tiong bahru),ChIJmeanUnoZ2jERpfqASeWtQcA,4.5,1371,2,1.2828794,103.8303658,starbucks coffee singapore pte. ltd.,A,0.845,5,FALSE,
plain vanilla tiong bahru,ChIJQ8QhrXsZ2jERQlp3QVnlFz4,4.2,1147,2,1.2823481,103.8305203,mah hock tiong,B,0.61126,5,FALSE,
xi de li 西得利,ChIJF3EITX8Z2jER5Vr7MMC3l3Y,4.8,4,,1.2888496,103.827456,li & lees ii pte. ltd.,A,0.324575,3,FALSE,
minor food group singapore pte ltd,ChIJ84GYpYEZ2jERky6SurMRkjk,3.5,46,,1.2911162,103.8253434,minor food group (singapore) pte. ltd.,A,0.455,5,FALSE,
7 original tiong bahru fishball,ChIJIejW93kZ2jERg6mb4ptMgdE,3.5,17,,1.2849131,103.8325965,mah hock tiong,B,0.44892,5,FALSE,
tiann’s,ChIJ21QoA3oZ2jERoVmdNDveSg8,4.4,623,2,1.2844003,103.8325529,seafood paradise (s) pte. ltd.,A,0.90214,5,FALSE,
paradox singapore,ChIJjS4cuwoZ2jERCTeN-k9LUIE,4.4,4529,,1.2884308,103.8458053,cold storage singapore (1983) pte ltd,A,0.9844,5,FALSE,
lau pa sat,ChIJ5Y6l4Q0Z2jERYL0KDIjT6v0,4.4,37277,,1.2805121,103.8503809,lau di fang scissors-cut curry rice pte. ltd.,A,0.7888,5,FALSE,
otto ristorante,ChIJWxVlyBIZ2jER0Wo8fPFxt88,4.6,646,3,1.2770184,103.8463762,senso ristorante pte ltd,A,0.9552,5,FALSE,
chinatown complex,ChIJAenlH3MZ2jERqjoWXlxEH6w,4.2,8553,2,1.2819187,103.8433447,nanyang old coffee chinatown llp,A,0.83786,5,FALSE,
the southbridge hotel restaurant and whiskey bar,ChIJpc_euAwZ2jER-6AtSZ4spRQ,4.1,1471,2,1.2833703,103.8458178,the exchange asia square pte ltd,A,0.57068,5,FALSE,
old nyonya,ChIJ3x7is3IZ2jERFSd4jaEqTC8,4.1,896,1,1.2806167,103.8446788,hong kong street old chun kee pte. ltd.,B,0.2308,5,FALSE,
kko kko na ra 꼬꼬나라 (hdc),ChIJnbZALm0Z2jERqM4NvFkehe8,4.2,1442,3,1.278454,103.8446269,na seol hee,A,0.9445,5,FALSE,
red star restaurant,ChIJIds6rnUZ2jERPx6E0UCf6HM,3.7,4192,2,1.2874996,103.8411942,red star restaurant private limited,B,0.88574,5,FALSE,
red house seafood grand copthorne,ChIJYR6HCJ4Z2jERChIQxjl2MhI,4.3,1232,3,1.2903687,103.8352515,red stove pte ltd,A,0.60896,5,FALSE,
yum cha restaurant | best dim sum in chinatown,ChIJkzcdO3MZ2jERqXAO5yVGd9I,4.3,4847,2,1.2828631,103.8440039,restaurant majestic pte. ltd.,A,0.75428,5,FALSE,
the book cafe,ChIJm-22KpwZ2jERHav69tu9J48,4.3,1291,2,1.2912086,103.8389542,the book cafe pte ltd,A,0.95224,5,FALSE,
level33,ChIJuVSo3A8Z2jERPTOqcYWM9i4,4.4,4169,3,1.2802436,103.8541594,level33 pte. ltd.,A,0.9789,5,FALSE,
song fa bak kut teh (11 new bridge road),ChIJP1jDgAoZ2jER9XCcxNoXvcc,4.4,7915,2,1.2890099,103.8476983,the song of india pte. ltd.,A,0.88368,5,FALSE,
"l'entrecôte singapore duxton hill, the steak & fries bistro",ChIJaVH6Em0Z2jEReVw-iSTIIIk,4.2,1025,3,1.2784569,103.8427972,cold storage singapore (1983) pte ltd,A,0.55308,5,FALSE,
harry's boat quay,ChIJE-cm2wsZ2jERLKCBfIV0RxM,4.4,1400,2,1.2859348,103.8499858,seafood paradise (s) pte. ltd.,A,0.96618,5,FALSE,
spring court chinese restaurant singapore,ChIJ3c_fVXMZ2jEReJ8cjTTd_eE,4.5,4039,3,1.2843513,103.8445293,ippudo singapore pte. ltd.,A,0.96196,5,FALSE,
gattopardo ristorante di mare,ChIJocILh6IZ2jERQe7929zuSww,4.4,396,3,1.2784442,103.8443759,lau di fang scissors-cut curry rice pte. ltd.,A,0.88178,5,FALSE,
kinki restaurant + bar - japanese fusion @ customs house,ChIJo8Nh_Q4Z2jERONS2OMrJ5tA,4.6,2902,3,1.2824913,103.8534753,texas chicken restaurant pte. ltd.,A,0.83318,5,FALSE,
palm beach seafood,ChIJsSmt3wgZ2jERzmVdqGYajrk,4.2,1853,3,1.2862888,103.8542701,palm beach seafood restaurant pte ltd,A,0.91666,5,FALSE,
shin minori japanese restaurant @ ue square,ChIJ26f-6Z4Z2jERGpsI6a3XdiU,4.3,2490,2,1.2919659,103.8426977,foodbar asia square pte ltd,A,0.97622,5,FALSE,
irodori restaurant,ChIJIXEngZ0Z2jERxt7KOocOzbM,3.8,1142,2,1.2893658,103.8366667,texas chicken restaurant pte. ltd.,A,0.66994,5,FALSE,
brasserie gavroche - french restaurant,ChIJOXHMKG0Z2jERwJRat9r2Qfs,4.5,532,3,1.2933273,103.8412486,mouth restaurant pte ltd,A,0.97732,5,FALSE,
grand shanghai restaurant,ChIJF9leE50Z2jER4uEdueSxtsM,4.3,723,3,1.2896087,103.8358913,hyangtogol (korean restaurant) pte. ltd.,A,0.5976,5,FALSE,
ikoi japanese restaurant,ChIJk2JMPHYZ2jERhGbxO8AaUV8,4.1,1179,2,1.2884223,103.8374848,ikoi japanese restaurant pte ltd,A,0.75576,5,FALSE,
one marina property services,ChIJ73Ug9w4Z2jERT_NKIqycCJA,4.3,30,,1.2820112,103.8527614,rina,A,0.69488,5,FALSE,
carnivore brazilian churrascaria,ChIJNfw8b6QZ2jER79zNHsXxBUE,4.1,854,,1.2910755,103.8413154,carnivore brazilian churrascaria pte. ltd.,A,0.91434,5,FALSE,
lucha loco - mexican cocina y mezcaleria,ChIJPYPWbW0Z2jEReQs9n82N3UY,4.6,3081,2,1.278802,103.8427282,mexican food corp pte. ltd.,A,0.95866,5,FALSE,
octapas - international tapas bar,ChIJg1kjEKAZ2jERUbu413xQv7c,3.7,894,2,1.2903999,103.8468426,j c tapas bar pte. ltd.,A,0.21818,5,FALSE,
etna italian restaurant (duxton),ChIJVQ_zFW0Z2jERmvcYiSmIuSk,4.6,1397,3,1.2783225,103.8433345,imperial treasure fine dining restaurant pte. ltd.,A,0.93828,5,FALSE,
dallas restaurant and bar (boat quay),ChIJR2U_2wsZ2jERASO_2lCj4No,4.4,721,2,1.2861237,103.8497763,j c tapas bar pte. ltd.,A,0.97294,5,FALSE,
sabai fine thai on the bay,ChIJs1KdHQ8Z2jERZN0IHVn3gJ0,4.3,366,,1.2824961,103.85339,the coffee bean & tea leaf (singapore) pte ltd,A,0.47554,5,FALSE,
ricciotti @ riverwalk,ChIJuxefeAoZ2jERJLztG9zngps,4.3,724,2,1.2892921,103.8483534,,Unknown,0.98094,5,FALSE,
artichoke,ChIJzTqqFLsZ2jEROOgjd_-TM7k,4.3,1769,2,1.2928106,103.8386992,,Unknown,0.98096,5,FALSE,
overeasy,ChIJsSmt3wgZ2jER9_kEznqvyLs,4.3,3102,2,1.2861864,103.8542316,,Unknown,0.85054,5,FALSE,
subway,ChIJ5UF2fKAZ2jERN97nhT3Szs8,3.8,251,2,1.2890634,103.846274,subway harbourfront pte ltd,A,0.178081667,239,FALSE,
imperial treasure cantonese cuisine,ChIJu3mTX4MZ2jERWcwY_B4TjsU,4.2,612,3,1.2927329,103.8322833,imperial treasure cantonese cuisine pte. ltd.,A,0.9586,5,FALSE,
jade,ChIJbxecDwkZ2jER0yu4AVyCuK0,4.4,685,,1.286448,103.8532374,crystal jade dining in pte. ltd.,A,0.69536,5,FALSE,
mcdonald's great world,ChIJueN5X90W2jERiG-11VuK2Cc,3.9,1598,1,1.2933657,103.8323474,lam's (singapore) culinary enterprise pte. ltd.,A,0.65594,5,FALSE,
saint pierre,ChIJ2eBfe3UZ2jERWLXoC909C84,4.7,409,4,1.2862514,103.8542577,saint pierre pte ltd,A,0.924,5,TRUE,2 Stars
le bistrot du sommelier,ChIJ-5bVl7wZ2jERrsn5hx4WypI,4.5,671,3,1.2946317,103.8493965,le bistrot du sommelier pte. ltd.,A,0.78858,5,FALSE,
coliwa department store,ChIJyVyXInMZ2jERR4lVTFoxyMY,3.7,88,,1.2828487,103.8429351,li li,A,-0.0357,5,FALSE,
"crystal cafe, orchard grand court",ChIJ-RepEJoZ2jERWW6WOFyhCyI,4,534,2,1.2973375,103.8385362,bru cafe pte. ltd.,A,0.7295,5,FALSE,
the ferntree café - international buffet singapore,ChIJk2JMPHYZ2jERS2cY70LXric,4.4,417,2,1.2881477,103.837467,the exchange asia square pte ltd,A,0.95058,5,FALSE,
boomarang bistro & bar,ChIJYR6HCJ4Z2jERxLqTs3bEj_Q,4,1617,2,1.2897222,103.8388889,boomarang bistro & bar pte ltd,A,0.91298,5,FALSE,
group therapy coffee - cross street exchange,ChIJvU2IFW0Z2jERqVQbONHOScg,4.2,901,2,1.2837768,103.8472071,royal t group pte. ltd.,A,0.94254,5,FALSE,
east ocean seafood restaurant people's park complex,ChIJ126ffHMZ2jERqD1oXi1yu94,3,1,,1.284095,103.8425309,seafood paradise (s) pte. ltd.,A,0,1,FALSE,
"mandarin oriental, singapore",ChIJt7a1YKgZ2jER1U6XOjXyMCA,4.6,7463,,1.2913368,103.8574746,the coffee bean & tea leaf (singapore) pte ltd,A,0.96278,5,FALSE,
swissôtel the stamford singapore,ChIJfyNkh6YZ2jERjHsd_P-iL_M,4.5,9069,,1.2936866,103.8533912,gardens by the bay,A,0.97126,5,FALSE,
fairmont singapore,ChIJ-Uph06UZ2jERjKQsyQgfltg,4.5,6012,,1.2942639,103.8537619,cold storage singapore (1983) pte ltd,A,0.92698,5,FALSE,
skai bar,ChIJZ9ocfqYZ2jER_PEzCkShP_s,4.3,1168,4,1.2936866,103.8533912,j c tapas bar pte. ltd.,A,0.97236,5,FALSE,
mcdonald's marina square,ChIJS2S-f58Z2jERXtv5tBq5pp4,4.2,1396,1,1.2912208,103.8573036,rina,A,0.6862,5,FALSE,
sushi tei,ChIJp4zYJ6QZ2jERV-ihx9DPoNs,4.3,1074,2,1.2942831,103.8529487,sushi-tei pte ltd,A,0.737818182,55,FALSE,
din tai fung @ raffles city,ChIJp4zYJ6QZ2jEREFWylAnM_W0,4.3,1209,2,1.2939129,103.8541664,the sandwich shop (raffles link) pte. ltd.,A,0.95592,5,FALSE,
dian xiao er (marina square),ChIJt7a1YKgZ2jERrc4R7ki0_fw,4.6,837,2,1.2915535,103.8581044,rina,A,0.47674,5,FALSE,
satay by the bay,ChIJp6HV3hwZ2jERvuwjdrUPNRg,4,6569,2,1.2821346,103.8688728,satay by the bay pte. ltd.,Unknown,0.9386,5,FALSE,
paulaner bräuhaus singapore,ChIJCUEDxqgZ2jERLoWQ7ycLoQ8,4.7,4089,2,1.2930767,103.8582873,nutrition depot singapore private limited,A,0.98948,5,FALSE,
pizza hut,ChIJt7a1YKgZ2jER-gvao2PNKCE,4.5,1232,2,1.2911058,103.857662,pizza hut singapore pte ltd,A,0.586732,125,FALSE,
penang place restaurant & catering,ChIJgUhDWEUa2jERCi42sgWtU1E,4.2,1646,2,1.2939416,103.8570489,foc restaurant pte ltd,A,0.48898,5,FALSE,
cut by wolfgang puck,ChIJnWdQKQQZ2jERxH3g-HsHchE,4.6,1903,4,1.2850908,103.8598243,lau di fang scissors-cut curry rice pte. ltd.,A,0.97996,5,FALSE,
peppermint,ChIJn909kKgZ2jERe1PrupTwbvw,4.2,1347,3,1.291433,103.8576787,,Unknown,0.9767,5,FALSE,
sofra turkish cafe & restaurant,ChIJy1ZYha8Z2jERCnQ8w4SVC5A,4.5,3610,2,1.291157,103.8576778,bru cafe pte. ltd.,A,0.98006,5,FALSE,
myeongdong bunsik,ChIJnWdQKQQZ2jERV2i98X0w0Uk,3.6,40,,1.2860173,103.8600816,,Unknown,0.50992,5,FALSE,
dolce vita,ChIJga9oQqgZ2jERl7a7lid-Sic,4.4,273,,1.2902868,103.8581532,club dolce pte. ltd.,Unknown,0.8871,5,FALSE,
shahi maharani,ChIJp4zYJ6QZ2jER9SRcNdNCCIo,4.3,1308,3,1.2942553,103.853902,shahi briyani house pte. ltd.,C,0.82046,5,FALSE,
cherry garden by chef fei,ChIJ8wanXKgZ2jERg2Arsgtf_W8,4.4,505,3,1.2906908,103.858311,setoh chong fei,Unknown,0.906,5,FALSE,
lei garden restaurant (chijmes),ChIJNfw8b6QZ2jERDj-WK2kAsPw,4.2,1128,3,1.2953183,103.8523584,imperial treasure fine dining restaurant pte. ltd.,A,0.90926,5,FALSE,
bali thai,ChIJUZ8cpagZ2jERGe6LM0UKpYk,4.6,2105,2,1.2943391,103.8582311,mama thai kitchen pte. ltd.,A,0.9117,5,FALSE,
brotzeit @ raffles city,ChIJp4zYJ6QZ2jERqGdrsL7QL2Q,4.4,2491,3,1.2946453,103.8531695,the sandwich shop (raffles link) pte. ltd.,A,0.93522,5,FALSE,
crystal jade hong kong kitchen,ChIJyUVkBa8Z2jER3ajRoHBZdU4,3.7,544,2,1.2944775,103.8592025,leyau yen hong,A,0.735953333,15,FALSE,
tiong bahru bakery,ChIJOWmPzaUZ2jERtgmyBock1Y4,4.1,1568,2,1.2937391,103.853994,tiong bahru bakery pte. ltd.,Unknown,0.75708,10,FALSE,
thaicoon restaurant (formerly jai thai restaurant),ChIJnQccdKUZ2jERG4PK5MaHCZA,3.9,517,1,1.2962759,103.8553175,restaurant majestic pte. ltd.,A,0.56192,5,FALSE,
asian market cafe,ChIJXQAA0KUZ2jERFCgZPgCSAts,4.2,1354,2,1.2943476,103.8536698,hanis cafe & bakery pte. ltd.,A,0.97028,5,FALSE,
gunther's,ChIJ0Wkqc6UZ2jERmam6mzVinfg,4.5,371,4,1.2965979,103.8548806,seafood paradise (s) pte. ltd.,A,0.8602,5,TRUE,Selected Restaurants
mcdonald's gardens by the bay,ChIJuQ0wDQMZ2jERWb6Fcfn6-Aw,4,4098,1,1.2827813,103.865414,gardens by the bay,A,0.5493,5,FALSE,
the palms,ChIJ491dwFoY2jERyhjYJGBiavk,4.2,371,2,1.2972222,103.8811111,the exchange asia square pte ltd,A,0.8918,5,FALSE,
ooh fu thai,ChIJB-h3MgAZ2jERB5WONmOTroc,4.4,16,,1.2821346,103.8688728,fu lin group pte. ltd.,A,0.8394,5,FALSE,
city satay,ChIJV3Z-BwAZ2jER2e-D5-LYmUI,2.8,16,,1.2821346,103.8688728,satay by the bay pte. ltd.,Unknown,0.43714,5,FALSE,
makan by the bay seafood halal,ChIJ65qiGgMZ2jERhFwGRZk4dEo,3.3,46,,1.2822826,103.8688133,gardens by the bay,A,-0.04146,5,FALSE,
turkish mediterranean,ChIJA0KCW1wZ2jERP1SmS41O0lc,1.6,31,,1.2823328,103.8688073,mediterranean development pte ltd,B,-0.2855,5,FALSE,
dumprince dumpling house @ satay by the bay,ChIJBU0jlyYZ2jER8VcLqVokVGY,3,22,,1.2823845,103.868645,marina bay sands pte. ltd.,A,0.34024,5,FALSE,
boon tat bbq seafood,ChIJo17LCgAZ2jERVeE83ZjSU6w,2.9,14,,1.2824418,103.8686413,marina live seafood & steamboat pte ltd,B,0.6512,5,FALSE,
geylang lorong 29 fried hokkien mee,ChIJuQylHwAZ2jERxz7klyX4Ovo,1.8,13,,1.2824002,103.8685737,ling chui mee,B,-0.04754,5,FALSE,
marina bbq seafood,ChIJKR31YIcZ2jER2K7MxMLk44k,1.6,49,,1.2825271,103.8685857,rina,A,0.08372,5,FALSE,
huat huat bbq chicken wings,ChIJZb8IEgAZ2jER-E68jPjiarg,2.7,10,,1.2824967,103.8684294,lim's bbq pte ltd,B,0.07062,5,FALSE,
tunglok seafood (gardens by the bay),ChIJ82J9xN8Z2jERBkBTJ7SMcwI,4.6,463,3,1.2843671,103.8653576,gardens by the bay,A,0.9461,5,FALSE,
douraku sushi (gardens by the bay),ChIJ-ak3g8cZ2jERq7uH-mCGc_I,4.2,23,,1.2843866,103.8653472,gardens by the bay,A,0.7759,5,FALSE,
shake shack gardens by the bay,ChIJ7QvzlCoZ2jERBzQm1JmxJFw,4.2,2015,,1.2838777,103.8652031,gardens by the bay,A,0.87936,5,FALSE,
nasi lemak ayam taliwang - gardens by the bay,ChIJuXj1BZQZ2jERjN8GIJf46og,4.6,392,,1.2812978,103.8644893,gardens by the bay,A,0.16284,5,FALSE,
tsuta japanese noodles - gardens by the bay,ChIJfx2tR4gZ2jERE1C57JKtPgI,2.5,73,,1.2812598,103.8644254,gardens by the bay,A,0.388,5,FALSE,
bismillah biryani @ gbtb,ChIJy5GjB8IZ2jERQGQgAQRyMRc,4.5,831,,1.281217,103.8643971,,Unknown,-0.17164,5,FALSE,
hawker chan,ChIJZQviFgMZ2jERtCmpRJZhkPI,2.2,161,,1.2809854,103.8641983,liao fan hawker chan (singapore) pte. ltd.,A,0.17702,5,FALSE,
piz-ta,ChIJoQHgQQAZ2jERD71xejw6TVU,3.9,12,,1.2815614,103.8641914,fiz & dane ta'eam pte. ltd.,A,0.60054,5,FALSE,
took lae dee,ChIJ_bJ2ixYZ2jER4tDfVoKWL3E,3.2,28,,1.2815613,103.8641912,took lae dee (singapore) pte. ltd.,Unknown,0.18804,5,FALSE,
geylang serai satay,ChIJ54IZFgAZ2jERNgc4gRBUj5c,2.2,23,,1.2786018,103.8639008,syifa' satay limited liability partnership,Unknown,0.69272,5,FALSE,
warung satay (wayan by the bay),ChIJ3QImMgAZ2jERk43kayvDP9Y,,,,1.2786018,103.8639008,gardens by the bay,A,0,,FALSE,
hortus,ChIJO79SxnsZ2jERyL0-GTCQTHQ,4.1,378,,1.2848286,103.8642146,,Unknown,0.98684,5,FALSE,
marguerite,ChIJa3HUZmgZ2jERrWFEDnAu24o,4.6,224,,1.2848354,103.8641817,,Unknown,0.92946,5,TRUE,1 Star
cabana,ChIJbZlPYtcZ2jERmdGcnM1D6rI,4.3,7,,1.296551,103.8815984,beach cabana pte. ltd.,A,0.73654,5,FALSE,
jade phoenix,ChIJ81kl6loY2jERAyriZrzumNk,4.5,108,,1.296961,103.881362,crystal jade my bread (tbp) pte. ltd.,Unknown,0.81148,5,FALSE,
the delicatessen,ChIJ491dwFoY2jERY519SZZcdgE,5,1,,1.297198,103.881148,the exchange asia square pte ltd,A,0.9481,1,FALSE,
jackson miller,ChIJR5jeO1cZ2jERkIi5YhWbpDc,4.8,19,,1.2973997,103.8811539,,Unknown,0.94184,5,FALSE,
xiang xiang vegetarian food & fruit,ChIJHU6YBgwG2jERGlLqcQbkudM,4.2,9,,1.3131732,103.6311164,taster food pte. ltd.,A,0.0843,1,FALSE,
jai raja's pte ltd,ChIJKzSDq80H2jERq8NzVWnR-uk,4,97,,1.3005644,103.624359,seafood paradise (s) pte. ltd.,A,0.01552,5,FALSE,
triple n restaurant,ChIJefj6KgAH2jER1Gvv1LrIfkE,,,,1.2998952,103.6251394,texas chicken restaurant pte. ltd.,A,0,,FALSE,
madurai rusi mess,ChIJiWOhKLYH2jERBU3O8uxVPoI,,,,1.301012,103.626856,mani iyer mess & catering pte. ltd.,B,0,,FALSE,
品珍杂菜饭,ChIJ5f5z1t4H2jEROzT7DUcKg40,4.6,11,,1.3042587,103.6254713,,Unknown,0.21138,2,FALSE,
满峰 man feng,ChIJPfYC45UH2jERqSHh99Lk4o8,,,,1.3035749,103.625995,wah feng pte. ltd.,A,0,,FALSE,
vvn restaurant & beverages,ChIJSzBkOwAH2jEReJger9sDTSI,5,2,,1.3012758,103.6269669,hyangtogol (korean restaurant) pte. ltd.,A,0,1,FALSE,
gv restaurant pte ltd,ChIJi23YbQ4H2jERUj66I5FSJiU,3.6,7,,1.3008866,103.6273484,tv restaurant pte ltd,A,-0.12012,3,FALSE,
ps palani vilas eating house,ChIJwcqH-HAG2jERGcpr8J7Vixk,5,1,,1.3009974,103.6274172,alan,B,0.4404,1,FALSE,
32 tuas view square.,ChIJ9RgGEQIH2jERBtAEYTbNP3I,3.8,4,,1.2985534,103.6280978,the exchange asia square pte ltd,A,0.1101,1,FALSE,
tmt restaurant,ChIJC9d4ZbgH2jERDAgEv_qu5-4,5,2,,1.2992834,103.6283001,texas chicken restaurant pte. ltd.,A,0.4006,1,FALSE,
n.k.c indian muslim food,ChIJ86r9DhEH2jERzA6xNX9NQKk,,,,1.2977483,103.6289323,chang cheng food & beverage pte. ltd.,A,0,,FALSE,
肉骨茶,ChIJZZsusn4H2jERbWuhcLpeD4A,,,,1.2976794,103.6290315,,Unknown,0,,FALSE,
al-dia restaurant @ tuas south,ChIJWWpwVksH2jERIN9b4s7D0Ok,4,46,,1.3078432,103.6315106,imperial treasure fine dining restaurant pte. ltd.,A,0.31114,5,FALSE,
kedai mak ndak,ChIJpzz-4ewH2jERxFNBJjIw6fg,4.3,3,,1.3079105,103.6315143,mak hong kee (hk) kitchen pte. ltd.,A,0.415866667,2,FALSE,
forum roasted bbq,ChIJITBrvHQG2jERcNDnppjqfR8,3.9,50,2,1.308057,103.6314757,guan chee hong kong roasted duck pte. ltd.,A,0.40814,5,FALSE,
tuas,ChIJN-RjHwAH2jER6elVqcV86ak,,,,1.3105602,103.6303865,tuas kampong pte. ltd,Unknown,0,,FALSE,
hi-five restaurant & catering pte. ltd.,ChIJ77snggwG2jER0wYRCz2-4yM,4.2,132,,1.3108778,103.630262,hi-five restaurant & catering pte. ltd.,Unknown,0.45238,5,FALSE,
madras coffee house's - tuas outlet,ChIJQfZ_mMYH2jERYIEkhTWFs_s,5,11,,1.3103913,103.6310555,tatsu sushi (s) pte ltd,A,0.67902,5,FALSE,
makkal vilas,ChIJoxHW9AAH2jERDulOcSOV3nY,4.2,186,1,1.3111156,103.6315005,makkal vilas pte ltd,Unknown,0.29568,5,FALSE,
thanjai restaurant,ChIJ92d2L3kH2jER915AaAgYM74,5,4,,1.3106483,103.6323234,texas chicken restaurant pte. ltd.,A,0,1,FALSE,
i.host foodworks & catering pte ltd,ChIJ48QhjgsG2jERxyZjcxDGJwA,,,,1.3121449,103.631192,royal t group pte. ltd.,A,0,,FALSE,
fp juice,ChIJ31SVlwYa2jERfpjcdl6w-mE,5,3,,1.3127258,103.6325634,juice clinic pte. ltd.,A,0.526966667,2,FALSE,
staff canteen @ tuas south avenue 6,ChIJ72deZdcF2jERRUV1Z2kJmYQ,4.5,2,,1.299008,103.639971,south 77 pte. ltd.,Unknown,0.4404,2,FALSE,
fillmes ris bar,ChIJdxO0PcQF2jERSDao4-lC758,,,,1.3003729,103.6554466,26@marina bar & bistro pte ltd,B,0,,FALSE,
subway,ChIJ-1-yDoAH2jER9MBc-sqEWdg,3.8,45,,1.3152998,103.6322635,subway harbourfront pte ltd,A,0.178081667,239,FALSE,
greenhouse bistro,ChIJ5UCkFuEH2jERbLSqUpAAb4c,4.2,378,2,1.3154265,103.6316115,26@marina bar & bistro pte ltd,B,0.88156,5,FALSE,
broadway food centre,ChIJN-9cbJMF2jERXCwXaWxgEWE,3.7,55,1,1.3141599,103.6622191,broadway food centre (holdings) pte ltd,Unknown,0.28366,5,FALSE,
chinese delicacy,ChIJFb048hMF2jERqYqKotq4oxE,,,,1.3062376,103.6574207,chinese theatre circle limited,B,0,,FALSE,
qi ren vegetarian,ChIJyXLAg54F2jERe_oV7CwguKE,4.2,215,,1.3062887,103.6574539,nature vegetarian (suntec) pte. ltd.,A,0.67042,5,FALSE,
富盛怡 保烧临 面家 (roasted delight),ChIJR3HO98AF2jERdGeukCPuFyQ,4,1,,1.3064576,103.6574018,guan chee hong kong roasted duck pte. ltd.,A,0.9955,1,FALSE,
allied vending hot food machine (ge repair),ChIJFf21klMF2jERXDeEXedbAaQ,5,2,,1.3067286,103.6648909,mexican food corp pte. ltd.,A,0.2202,1,FALSE,
sedap malam indonesia,ChIJDa1K7BcF2jERDvJmYR0xKA8,,,,1.3143911,103.6535154,,Unknown,0,,FALSE,
delifrance singapore - pioneer cheers express corner,ChIJqUPAHHQF2jERNz9XULd7I1g,3.3,3,2,1.313157,103.6875699,ycp dining singapore pte. ltd.,A,0.1468,1,FALSE,
victoria hainanese chicken rice,ChIJmXtdXgAF2jERHrlE9GTnmGY,3.7,3,,1.3033044,103.6848896,liao fan hk soya sauce chicken rice & noodle (chinatown) pte. ltd.,A,-0.2693,2,FALSE,
178 mixed rice veg and porridge 杂菜饭粥,ChIJd4Pilu8F2jERGcAmPHaisOQ,4,1,,1.3033026,103.6849157,thunder tea rice pte ltd,B,0.4404,1,FALSE,
ramlah kamal nasi padang,ChIJPYZjxGUF2jERCDOd2Rk7VIg,4.3,63,,1.3131673,103.6791819,yanti nasi padang restaurant pte ltd,B,0.30342,5,FALSE,
kimly mixed rice 金味飯莊 (2 benoi place),ChIJwWyxcx8F2jERJG0Z5bpsmJw,,,,1.3131962,103.6791986,thunder tea rice pte ltd,B,0,,FALSE,
al sheika banana leaf restaurant pte ltd.,ChIJjzcVSgoZ2jER6kPcJSDDXS0,3.8,190,,1.3132029,103.679241,al sheika banana leaf restaurant pte. ltd.,B,0.67054,5,FALSE,
shipyard cafe (canteen),ChIJgWdGnOEF2jER_ggcNlsl9Vo,4.4,7,,1.3083461,103.6967441,lucky cafe & restaurant private limited,B,0.21546,2,FALSE,
pearl's court,ChIJGynR720F2jERSrPweA-IZ1A,3.9,135,1,1.312625,103.6949157,seafood paradise (s) pte. ltd.,A,0.30216,5,FALSE,
bk's curry leaf,ChIJAcuIPG4F2jERMM3yo3N0ngY,,,,1.314752,103.69505,seafood paradise (s) pte. ltd.,A,0,,FALSE,
vvip - vinnvel indian palace,ChIJiefuGwAF2jERxO6xHiChytg,5,1,,1.3156475,103.6973133,crystal jade golden palace restaurant pte ltd,A,0.8957,1,FALSE,
933 roast duck,ChIJs1UZGjYF2jER6UBzQXRa8ic,,,,1.308133,103.722354,yu kee duck and noodle house pte. ltd.,A,0,,FALSE,
取鱼3-21,ChIJxzg0cAAF2jER4KHKuFQ3KxU,,,,1.3085799,103.7222534,restaurant 21-bts pte. ltd.,A,0,,FALSE,
l & l food supply,ChIJZ_ao5EkF2jERiMsOO-Q14sc,,,,1.3087948,103.7223626,gt food supply pte. ltd.,A,0,,FALSE,
la toscana pte ltd,ChIJHZwtBBgF2jERwBX0c8CSqc0,3,1,,1.3089324,103.7222195,seafood paradise (s) pte. ltd.,A,0.9022,1,FALSE,
dayu seafood,ChIJ58lj_qIF2jERL88SHzcQJEQ,1,1,,1.3087351,103.7231301,seafood paradise (s) pte. ltd.,A,-0.2755,1,FALSE,
那货,ChIJ5Zwmp0kF2jERJiCUHozY9mM,5,1,,1.3107289,103.7212836,,Unknown,0,0,FALSE,
中河小镇 penjuru,ChIJx5nbr7kP2jERXb9izYnS1Jc,4.1,208,2,1.3056983,103.7315587,,Unknown,0.52394,5,FALSE,
zhonghexiaozhen 中河小镇 – northeastern chinese cuisine & bbq-2nd floor,ChIJFd7cGgAb2jERut5QCbLhVQE,,,,1.3057161,103.731561,imperial treasure cantonese cuisine pte. ltd.,A,0,,FALSE,
pitstop smart energy,ChIJhaa3HQAF2jERTcR9C8ksUno,3.4,12,,1.3147341,103.7148403,smart & innovative solutions pte ltd,A,-0.07694,5,FALSE,
jalan 33 cafe,ChIJH3j8Y2IF2jERxSFLHCQfMZ0,4,8,,1.314745,103.714772,alan,B,0.64788,5,FALSE,
tan ai kok,ChIJl_LLX04F2jERsFgnYoIMTMY,4.4,5,,1.3157141,103.7202737,tan wai kok,A,0.22024,3,FALSE,
sats food pte. ltd.,ChIJVZzVXkwF2jERjAz5Q9HlmKM,,,,1.3146118,103.725836,atas food pte. ltd.,A,0,,FALSE,
pastamania - hq office,ChIJ____1k0F2jERD27mKIx58aE,5,3,2,1.3159533,103.7233055,,Unknown,0,1,FALSE,
delifrance singapore - jalan buroh cheers express corner,ChIJw1UWHpUa2jERNeeuYE-pq28,,,2,1.30971,103.754927,cold storage singapore (1983) pte ltd,A,0,,FALSE,
skyfall dock & dine pte. ltd.,ChIJAQBQVGAU2jER77WY5KEvfFE,,,,1.3105386,103.7510013,breadtalk pte ltd,A,0,,FALSE,
ng tiang chye,ChIJM477Qb4a2jER7-8jdGBbThQ,,,,1.312002,103.7502277,tiang ng chue,A,0,,FALSE,
evangelitsa pte ltd,ChIJY3ES1r8a2jERHECWGH4UMwY,,,,1.310338,103.752013,seafood paradise (s) pte. ltd.,A,0,,FALSE,
great kitchens pte ltd,ChIJY3ES1r8a2jERtirTTAdayG8,,,,1.310338,103.752013,cold storage singapore (1983) pte ltd,A,0,,FALSE,
28 place,ChIJiUI3QAAb2jERpu2mnTEq4Z0,,,,1.3145779,103.733623,old tea hut (raffles place) pte. ltd.,A,0,,FALSE,
ambur briyani,ChIJu41DoBYb2jERIASOAAK8NYQ,3.9,32,,1.3154177,103.7349244,aayisha briyani house pte ltd,B,0.30302,5,FALSE,
pml trading pte ltd,ChIJQZdZNMAb2jERsigGlf8EhLg,,,,1.3112887,103.7518473,w&w trading pte. ltd.,Unknown,0,,FALSE,
kim chac's vietnamese food,ChIJo4A8CgAb2jERssA9l_GDyN0,5,3,,1.3113898,103.7523971,lam's (singapore) culinary enterprise pte. ltd.,A,0.469033333,2,FALSE,
asam garam street 29,ChIJm-p9e4YV2jERtW0ysZPvnHE,4.8,10,,1.3113999,103.7524518,hill street coffee shop pte. ltd.,A,0.84394,5,FALSE,
聚香园,ChIJX-ADNgAb2jER8tJm-ESODG4,4,1,,1.311396,103.752457,,Unknown,0.6486,1,FALSE,
sojibjoy,ChIJM0A_mg4b2jER-eFhyFZL28o,1,1,,1.3163491,103.7349567,,Unknown,0,0,FALSE,
instachef at pandan loop,ChIJsZPJL48b2jERMy20ia2HDPE,,,,1.3130129,103.7519707,sukini bte abdullah  @ sukinl binte sa'at,A,0,,FALSE,
abdhus salam rojak,ChIJjzwdyZMa2jERuteHUGljudU,3.8,121,,1.3118376,103.7597524,fatimah beevi d/o a abdul salam,B,-0.04566,5,FALSE,
sushi tei,ChIJdxS7gPEa2jERbMRKD_fcPG0,4.3,598,2,1.3037119,103.766029,sushi-tei pte ltd,A,0.737818182,55,FALSE,
subway cm,ChIJAQAAUI4a2jER9xOY3ZJyrcw,4,263,2,1.314918,103.7643089,subway harbourfront pte ltd,A,0.16816,5,FALSE,
xin xin famous fried oyster,ChIJyUrFie0a2jERNvrBkLVyPpE,4.2,51,,1.3036868,103.7643164,the famous amos chocolate chip cookie singapore pte ltd,A,0.0692,5,FALSE,
toast box (west coast plaza),ChIJ36SNifEa2jERXLCx9_6uoNA,3.6,325,1,1.3034793,103.7655198,republic plaza city club (singapore) pte ltd,A,-0.11386,5,FALSE,
island penang kitchen,ChIJEYbG7_Ea2jERzPiMfCb8yVY,4.3,1508,2,1.3025584,103.764474,island penang kitchen pte ltd,B,0.6172,5,FALSE,
fish mart sakuraya,ChIJQccOEgQEBBAR3pKMiKsR6I8,4.1,1133,2,1.3036962,103.7655164,fish & co. restaurants pte. ltd.,B,0.76452,10,FALSE,
sunny korean cuisine,ChIJS2KYiPEa2jERKUcOuCuREP4,3.3,161,,1.3033503,103.7658166,imperial treasure cantonese cuisine pte. ltd.,A,0.81892,5,FALSE,
kfc (pasir panjang gardens),ChIJXwEItZIa2jERrUdf7yR4oOY,3.7,307,2,1.3083662,103.7622594,ngt confectionary (potong pasir) pte. ltd.,B,0.14932,5,FALSE,
domino's pizza west coast,ChIJ1aobxZMa2jERP7TXtAjOHuM,2.4,382,2,1.312307,103.7599711,lam's (singapore) culinary enterprise pte. ltd.,A,0.5276,5,FALSE,
fan ji speciality noodle,ChIJRY-Yj5Ma2jERpSXduhiH4z8,4.3,613,1,1.3124648,103.7592518,yu kee duck and noodle house pte. ltd.,A,0.9306,5,FALSE,
saizeriya,ChIJh2k96o0a2jERSkqPTsp1nqM,4,763,1,1.3119864,103.7650332,singapore saizeriya pte. ltd.,A,0.5029675,40,FALSE,
song fish soup,ChIJh-yeD44a2jERUxURg782lqg,3.7,87,,1.3133926,103.7644737,the soup spoon pte ltd,A,0.74858,5,TRUE,Bib Gourmand
tian tian hainanese chicken rice,ChIJI8QBco4a2jERqxmjBZ-X52c,3.9,209,1,1.3131475,103.7656499,chua tian loke,A,0.792,5,TRUE,Bib Gourmand
the royals bistro,ChIJ5yWf5vUa2jERRRTas2G36kA,4.2,191,,1.3038323,103.7739443,the exchange asia square pte ltd,A,0.87852,5,FALSE,
争鲜gogo - grantral mall,ChIJl9vYMY4a2jERNO0M8BIKo00,4.1,311,1,1.3142179,103.765169,,Unknown,0.5573,5,FALSE,
wok express,ChIJO_eXBPga2jER7KcWCgKk_0o,4.4,15,1,1.2984543,103.7750052,marina bay mini wok pte ltd,A,0.6138,5,FALSE,
burger king,ChIJRUfOzY8a2jERi2yG3RBxcr8,4,232,1,1.314918,103.7643089,burger king singapore pte. ltd.,A,0.09942,5,FALSE,
ya kun kaya toast (the clementi mall),ChIJWZPCMo4a2jEROTqCjqozPnY,4.1,690,1,1.314918,103.7643089,the flying bread pte ltd,B,0.60762,5,FALSE,
maki-san (clementi mall),ChIJAwBALo4a2jER2rvsKL-_His,4.1,194,2,1.314918,103.7643089,san teck soon medical hall pte. ltd.,Unknown,-0.1631,5,FALSE,
pezzo @ the clementi mall,ChIJi5NjLo4a2jERk7PuQ2klbwo,3.8,65,,1.3149875,103.7643116,the coffee bean & tea leaf (singapore) pte ltd,A,0.50192,5,FALSE,
so pho (clementi mall),ChIJAwBALo4a2jERwOiBo8V-0Ww,4,565,2,1.3151246,103.7643614,joo siah bkt (clementi) pte. ltd.,A,0.87536,5,FALSE,
tori-q the clementi mall,ChIJ_U6KMo4a2jERK8maPMHSACU,3.9,124,1,1.3151458,103.7644787,the coffee bean & tea leaf (singapore) pte ltd,A,0.4502,5,FALSE,
old chang kee,ChIJNRirM44a2jER9BFTILPvA84,3,74,1,1.3151222,103.7645975,chang cheng food & beverage pte. ltd.,A,0.126987059,85,FALSE,
stuff'd,ChIJi5NjLo4a2jERUqETvC_b-a4,4.4,806,1,1.3151173,103.7646185,stuff'd ventures pte. ltd.,A,0.27284,10,FALSE,
kfc (the clementi mall),ChIJsx75zI8a2jER0TpRfwfJIUU,3.9,778,2,1.315412,103.76462,the coffee bean & tea leaf (singapore) pte ltd,A,0.58614,5,FALSE,
crystal jade hong kong kitchen,ChIJ6fH-zI8a2jERqFn_sqy5xOk,3.5,332,2,1.315262,103.7645438,leyau yen hong,A,0.735953333,15,FALSE,
swensen's @ clementi mall,ChIJ9y7Rbo4a2jER2Toju7Lm-b0,4.4,3484,2,1.3155308,103.764614,lam's (singapore) culinary enterprise pte. ltd.,A,0.59124,5,FALSE,
putri hana (stall 69),ChIJjzwdyZMa2jERqmo9sVjC2kY,4.5,2,,1.3118695,103.7597825,the ramen stall (nbr) ii pte ltd,A,0.18895,2,FALSE,
hakata japanese restaurant - newest,ChIJd0jKulUF2jERzRvrkyRc5ao,4.1,635,2,1.3165221,103.7576526,foc restaurant pte ltd,A,0.52392,5,FALSE,
w39 bistro & bakery,ChIJ6ad6tpIa2jERYXVn6uL9OjM,4.3,907,2,1.3084697,103.7624039,26@marina bar & bistro pte ltd,B,0.97072,5,FALSE,
waffletown,ChIJ3dARAokQ2jEROjDCkPI7fSw,4.4,643,,1.3170223,103.7572428,,Unknown,0.8787,5,FALSE,
prince edward lounge,ChIJK4EImooa2jER9CbaPTxIAGA,4.5,45,,1.3097009,103.7745844,dhamaal hindi music lounge pte. ltd.,Unknown,0.72768,5,FALSE,
mcdonald's clementi ave 3,ChIJ--SL2o0a2jERtOpNIBfE8Uk,3.4,977,1,1.3124073,103.7656754,tower 3 pte. ltd.,A,0.19026,5,FALSE,
nks indian muslim,ChIJ6YKu6vEa2jER-SoMeW_KAtE,2.9,15,1,1.3031277,103.7642174,indian house boat quay pte ltd,B,0.15236,5,FALSE,
ayer rajah food centre,ChIJyRcdyZMa2jERVyFlLiByOAw,4.2,7326,1,1.3118695,103.7597825,ho heng food & enterprise pte. ltd.,A,0.45642,5,FALSE,
west co'z cafe,ChIJdRS7gPEa2jER5dC1SNA90xA,4.2,779,2,1.3035814,103.7658606,west co'z cafe pte. ltd.,B,0.8666,5,FALSE,
rangooli restaurant @ clementi,ChIJV15mQ6Ub2jERvlB6iB9FrN8,4.1,624,2,1.3023263,103.7642234,imperial treasure fine dining restaurant pte. ltd.,A,0.79232,5,FALSE,
a-poh kitchen,ChIJO-FlOIka2jERk3VujaA675g,4.2,831,2,1.3134318,103.7703991,a-poh kitchen pte. ltd.,A,0.69718,5,FALSE,
robert looi cafeteria pte ltd,ChIJuRMSPY4a2jERXqmXw54s0hY,,,,1.3140024,103.7644447,kp cafeteria pte ltd,Unknown,0,,FALSE,
vikki lunez,ChIJJwu7UUYX2jER8usZ62zdgbg,5,4,,1.3010995,103.763292,,Unknown,0.795675,4,FALSE,
$1 economy bee hoon,ChIJCwv7PwAb2jERhv1BFXZxS0g,1,1,,1.3041558,103.7603213,bee cheng hiang star pte. ltd.,Unknown,0.5911,1,FALSE,
佳利 pancake,ChIJzchxZxAb2jER6tJg1jbLFVc,4.9,11,,1.3027453,103.7635239,the udder pancake (kilat) pte. ltd.,A,0.50764,5,FALSE,
fishball shop,ChIJuWhLY2Yb2jERXsIB80KQwbw,4.4,12,,1.3027453,103.7635239,the sandwich shop pte. ltd.,A,0.79024,5,FALSE,
hong kong street restaurant - clementi west st 2,ChIJTxf0-dYb2jER22pj7IhCVYk,2.3,3,,1.3027453,103.7635239,hill street coffee shop pte. ltd.,A,0.126866667,3,FALSE,
cafe nora (malay food nasi padang),ChIJM9OZ7osb2jERdl-pQKLO8Eo,4,2,,1.3027835,103.7635239,bru cafe pte. ltd.,A,0.04185,2,FALSE,
nakin thai,ChIJwcLtvTob2jERwi529qUtqrc,4.1,83,,1.3027956,103.7636101,mama thai kitchen pte. ltd.,A,0.89372,5,FALSE,
le le yu 乐乐鱼,ChIJ30o8UwAb2jERWdapxR0fcy4,,,,1.3028615,103.763601,yu tang clan pte ltd,B,0,,FALSE,
jia jia specialty made chilli,ChIJsVF7OaIb2jERjdhpBTHeXJs,4.5,2,,1.3040621,103.762272,lim jia ching,A,-0.0558,2,FALSE,
嗨饭天 hi fan tian (clementi west),ChIJNatAoqob2jERkkRq8YmhnNM,5,5,,1.3040621,103.762272,chua tian loke,A,0.80418,5,FALSE,
yicheng noodles,ChIJeaMUXwAb2jERumwt98hJIs8,4,1,,1.3040621,103.762272,red place's beef noodles pte. ltd.,B,0.8695,1,FALSE,
island cafe 爱人茶餐厅,ChIJmZwg-y4b2jER5qIdPwvds8A,4.6,35,,1.3022842,103.7641265,hanis cafe & bakery pte. ltd.,A,0.89232,5,FALSE,
white curry 白咖喱,ChIJEb2BHZwb2jERBPrHbSeb-t4,4,56,,1.3022842,103.7641265,lau di fang scissors-cut curry rice pte. ltd.,A,0.54898,5,FALSE,
teck hin delicacies • chee cheong fun,ChIJ-eXK8mga2jERzyLkR4dcLvQ,4.6,89,,1.3111099,103.788162,chicky fun pte. ltd.,A,0.9014,5,FALSE,
jimmy monkey cafe & bar,ChIJtazRWUQa2jER_pD2DqGY0WI,4.3,772,2,1.3018774,103.7902504,porters restaurant bar private limited,A,0.54248,5,FALSE,
roots@onenorth restaurant,ChIJ5yUNSEUa2jERwFbLzYcct0g,4.4,382,,1.2996794,103.78726,hyangtogol (korean restaurant) pte. ltd.,A,0.866,5,FALSE,
subway,ChIJOT_ySEUa2jERgUlA_Wjluws,3.8,60,2,1.2998113,103.7875947,subway harbourfront pte ltd,A,0.178081667,239,FALSE,
iskina cebu restaurant,ChIJkZqJeBgY2jERx_AR7wwXndk,3.8,165,,1.2975045,103.7872378,texas chicken restaurant pte. ltd.,A,0.7473,5,FALSE,
ya kun kaya toast (fusionopolis),ChIJXaXHWkUa2jERRklhDYPq0_4,3.6,301,1,1.2993042,103.7876758,ya kun cafe pte. ltd.,A,0.27776,5,FALSE,
wong kee wanton noodles,ChIJqdRD3U8a2jERZCORhtfRpCQ,3.8,58,,1.2975395,103.7874978,yu kee duck and noodle house pte. ltd.,A,0.93994,5,FALSE,
timbre+ one north,ChIJk7fc3E8a2jERzWIYtvj8LCE,4.2,6384,2,1.2973236,103.7874586,district one private limited,A,0.86188,5,FALSE,
hoodadak korean restaurant 후다닥 한국 음식점,ChIJUXAAUEUa2jERTkJUfdD1DXM,4.1,708,2,1.2995285,103.7882033,mouth restaurant pte ltd,A,0.87792,5,FALSE,
fat saigon boy,ChIJWRBXNw0Z2jERuUZ6QJDPVhg,4.5,424,2,1.3042734,103.7879306,fat saigon boy express pte ltd,A,0.89116,5,FALSE,
picotin brewhaus - rochester,ChIJn_-VG6Ub2jEReJQnN3fCGow,4,1039,2,1.3058134,103.787772,picotin pte. ltd.,A,0.63226,5,FALSE,
subway,ChIJbz_YQ2Aa2jERmo3lgLVboqs,3.8,52,2,1.309402,103.777034,subway harbourfront pte ltd,A,0.178081667,239,FALSE,
cali rochester park – pet-friendly restaurant & bar,ChIJnXZ5BUMa2jERNg_FrwFyWAU,4.6,2743,,1.3049669,103.7888696,texas chicken restaurant pte. ltd.,A,0.65088,5,FALSE,
chi-bing,ChIJ6Yhu1U4a2jERk3aTyvSTMWo,4.2,660,2,1.3066925,103.7877906,chi kinjo pte. ltd.,Unknown,0.85374,5,FALSE,
lao huo tang 老火汤,ChIJLXf8wEIa2jERn8Tv4gUowGc,3.8,345,2,1.3068148,103.7880721,tang yaqi,B,0.77086,5,FALSE,
yayoi japanese restaurant | the star vista | teishoku | tonkatsu | chicken namban,ChIJvXLm6kIa2jER7fCO5fPmUAo,4.3,887,2,1.3069682,103.7879546,the exchange asia square pte ltd,A,0.8154,5,FALSE,
"pizza express | the star vista (buona vista, holland)",ChIJ5x6CCWsa2jERnmDss3H8ahw,4.5,1060,2,1.3068072,103.7883997,extra virgin pizza pte. ltd.,A,0.95766,5,FALSE,
nando’s star vista | flame-grilled peri-peri chicken,ChIJp0JVlEIa2jERoGAY_U-BEbQ,4,1026,2,1.3070679,103.7882145,seafood paradise (s) pte. ltd.,A,0.3871,5,FALSE,
cedele - the star vista,ChIJd7L66kIa2jERXBvH7oHTlgQ,3.5,529,2,1.306842,103.78844,the coffee bean & tea leaf (singapore) pte ltd,A,0.75892,5,FALSE,
coco ichibanya,ChIJp0JVlEIa2jERk_whl5aLvzk,4.6,1969,2,1.306842,103.78844,coco & frank pte. ltd.,A,0.93192,5,FALSE,
ippudo the star vista,ChIJ9zD_6kIa2jERxVJliCNzFJA,4.2,619,2,1.3068059,103.7884824,the exchange asia square pte ltd,A,0.6043,5,FALSE,
canton paradise 樂天小香港 at the star vista,ChIJp0JVlEIa2jERVI0789NtGFw,4.2,1504,2,1.3067344,103.7885449,canton paradise pte. ltd.,A,0.35868,5,FALSE,
imakatsu,ChIJd7L66kIa2jERzr554AFswh8,4.1,549,2,1.3067452,103.7886289,,Unknown,0.50472,5,FALSE,
gyu-kaku japanese bbq,ChIJVVUp60Ia2jERi24_dFNev4o,3.9,372,,1.3069375,103.7885449,misaki japanese restaurant pte. ltd.,A,0.87632,5,FALSE,
la barra colombian bistro,ChIJp0JVlEIa2jERA26NuMY0dk8,1,1,,1.307101,103.788488,la storia di cheryl pte ltd (gelatissimo),A,0,1,FALSE,
watami japanese dining (the star vista),ChIJ-3_v6kIa2jERLCwvcDRIhRs,3.8,857,2,1.3070069,103.7885848,the flying bread pte ltd,B,0.61084,5,FALSE,
bodacious bar & bistro,ChIJ225l_0Ma2jERCNNkY0Fmqr0,4.2,375,2,1.3032732,103.7918353,porters restaurant bar private limited,A,0.88694,5,FALSE,
peach garden @ the metropolis,ChIJiykHSUIa2jERQ3nZ8_NBW_8,4.1,1854,2,1.3060038,103.7912667,gardens by the bay,A,0.81764,5,FALSE,
ikki izakaya,ChIJk4rSNkIa2jERMcqQayMFvB8,4.1,304,2,1.3063089,103.7911825,kuro izakaya pte. ltd.,A,0.51856,5,FALSE,
deli snack,ChIJ-eXK8mga2jERhu_hy5Ecdtw,4.3,13,,1.3109708,103.7883085,manna the deli pte. ltd.,B,0.79814,5,FALSE,
bao gong xo fish head bee hoon,ChIJs1HQwu0a2jERMZKGizN-qTk,3.8,425,2,1.3113942,103.7877707,lim bee kian annie,A,0.4384,5,FALSE,
pizza hut,ChIJUfjIWGga2jER4-rDtzfnWWg,4.3,333,2,1.3106639,103.7890087,pizza hut singapore pte ltd,A,0.586732,125,FALSE,
the boiler @ buona vista | best seafood boil | crabs & lobsters |,ChIJB88N2Y0X2jERLZx28Uk1rEU,4.8,6591,2,1.3064702,103.7928833,seafood paradise (s) pte. ltd.,A,0.91318,5,FALSE,
chang cheng - 46 holland drive,ChIJFdXD92ka2jERMuauyIdYbtI,1.8,16,1,1.3087209,103.792419,loy kok cheng,B,-0.12584,5,FALSE,
ming kitchen live seafood 名厨活海鲜 - holland drive,ChIJed9z7UEa2jERl0GJ5AAxWTA,3.4,120,2,1.3070695,103.7934578,chen li,B,0.80118,5,FALSE,
rong kee roasted delights 榮記烧腊 - holland,ChIJAQAA8EEa2jERrpVDIRMrQN0,2.3,29,,1.3071989,103.7934398,hock kee f&b pte. ltd.,A,0.27614,5,FALSE,
valle,ChIJNw6iPGMa2jER3qq0guHTu7E,4.1,100,2,1.3164749,103.7791273,river valley apartments pte ltd,A,0.76598,5,FALSE,
ysq international pte ltd,ChIJ61WJnQ4Z2jERgYB4BkwtlrY,4.5,6,,1.3034685,103.7965408,ysq international pte. ltd.,A,0,1,FALSE,
blu kouzina dempsey,ChIJrYMeu5sQ2jERfpA5zK1UM9U,4.3,3199,3,1.3034696,103.81043,the dempsey cookhouse & bar pte. ltd.,A,0.90738,5,FALSE,
jumbo seafood - dempsey hill,ChIJsfizTCMa2jER0PvLzgOm59g,4.5,4257,3,1.3043337,103.8099395,tian tian fisherman's pier seafood restaurant p l,B,0.96292,5,FALSE,
long beach @ dempsey hill,ChIJVUFS5CIa2jERGicUsfSt_2w,4.3,2622,3,1.3059056,103.8119806,wong yit long,A,0.49202,5,FALSE,
dempsey hill,ChIJr84_RCMa2jERW466IPXbCec,4.5,2352,3,1.3039916,103.8098603,hill street coffee shop pte. ltd.,A,0.62322,5,FALSE,
margarita's dempsey hill,ChIJsfizTCMa2jERVoFTdcVe2uE,4.3,1849,3,1.3039682,103.8102191,lam's (singapore) culinary enterprise pte. ltd.,A,0.96828,5,FALSE,
original sin,ChIJmzY7Gmsa2jERKvr0lq11r7Q,4.3,1177,3,1.3112437,103.7965326,sin hong yun pte. ltd.,A,0.97612,5,FALSE,
la nonna,ChIJdc_8l2sa2jERke0T9OeTYq0,4.2,1460,2,1.3116821,103.7948548,ma la guo wang pte. ltd.,B,0.94098,5,FALSE,
samy's curry restaurant,ChIJZzTg5yIa2jERNtVXMcuCOFU,4.3,2840,2,1.3061228,103.8117619,samy's curry restaurant pte ltd,C,0.98646,5,FALSE,
holland village market & food centre,ChIJGc8TpWsa2jERSFrowt5WsTA,4,2609,1,1.311087,103.7949113,taster food pte. ltd.,A,0.67746,5,FALSE,
foong kee traditional charcoal roaster,ChIJNyBYgW0Z2jERlu9fHhadrz8,4.3,493,1,1.3069482,103.800383,hock kee f&b pte. ltd.,A,0.73156,5,FALSE,
chang korean charcoal bbq restaurant,ChIJ1TIAJCMa2jERxEA9Zo_-TMs,4.3,744,3,1.3019405,103.8116485,mouth restaurant pte ltd,A,0.5663,5,FALSE,
wala wala cafe bar,ChIJTXWMlWsa2jERCLUkF98yzD0,4.3,1061,2,1.3115853,103.794408,wala wala cafe bar pte ltd,A,0.4056,5,FALSE,
reddot brewhouse,ChIJZzTg5yIa2jERJDs-qLs7KtU,4.6,2506,2,1.3061805,103.8115459,reddot brewhouse pte. ltd.,A,0.96298,5,FALSE,
subway,ChIJUXIXTWoa2jERqfoCbP_bCuc,3.8,104,2,1.3103958,103.7947521,subway harbourfront pte ltd,A,0.178081667,239,FALSE,
mcdonald's,ChIJGdIiwD4a2jERJm39sI0nkik,4.4,3735,1,1.3042141,103.802136,seafood paradise (s) pte. ltd.,A,0.29621625,80,FALSE,
cui xiang yuan,ChIJncVGtTAY2jER1aBajnv5nXA,3.8,60,,1.3007366,103.7981373,jia xiang kuching food supplies pte. ltd.,A,0.4568,5,FALSE,
edmond chicken rice,ChIJ0RPkCTga2jER0-cBa9Gn4PM,4.5,195,1,1.3005586,103.7979406,texas chicken restaurant pte. ltd.,A,0.8559,5,FALSE,
guangzhou mian shi wanton noodle (广州面食),ChIJP_M0m0ca2jERuE0oCJCdsGY,4.2,200,1,1.3003728,103.7975584,liao fan hk soya sauce chicken rice & noodle (chinatown) pte. ltd.,A,0.79806,5,FALSE,
delifrance singapore - queensway cheers 1 express corner,ChIJ1-OsOD4a2jERSGV-emDB6hE,2,1,2,1.3068955,103.8024221,cold storage singapore (1983) pte ltd,A,-0.7967,1,FALSE,
min jiang dempsey,ChIJl67Rr1wa2jERh76IxLI5V3A,4.3,1069,3,1.3046255,103.808144,yechun xiao jiang nan restaurant group pte. ltd.,A,0.59316,5,FALSE,
chopsuey cafe dempsey hill,ChIJ430GqiQa2jER10sgjEUjz0o,4.5,1946,3,1.3030238,103.8104332,bru cafe pte. ltd.,A,0.96936,5,FALSE,
ippoh tempura bar by ginza ippoh,ChIJ_f-P1CIa2jERlsTTEm1rTq8,4,106,,1.3057459,103.8102205,gardens by the bay,A,0.85572,5,FALSE,
the dempsey cookhouse and bar,ChIJG0d01SIa2jERVX4WCH7Vjo4,4.5,1472,3,1.3056356,103.8103462,the dempsey cookhouse & bar pte. ltd.,A,0.94978,5,FALSE,
umisushi holland village mrt,ChIJd1GdCWsa2jERGdi6yMyZZZM,3.1,87,,1.3111381,103.7961448,sri bistari changi village famous ayam penyet pte. ltd.,Unknown,0.56986,5,FALSE,
pepper castle,ChIJt3DyTWoa2jERuXe-J6143eQ,4.1,200,,1.3107279,103.7950573,pepper castle pte. ltd.,Unknown,0.85588,5,FALSE,
sumo salad,ChIJWRkNZWsa2jERYAa7USlngOc,4.2,176,,1.3111867,103.7961647,pimp my salad pte. ltd.,A,0.47334,5,FALSE,
madrinaa italiano,ChIJQ2e-zA8a2jERXOicj9vqwjk,4.1,401,2,1.3113911,103.7965864,rina,A,0.55906,5,FALSE,
huber's bistro,ChIJb1DJSj0a2jERW4ZnkdplszE,4.4,1020,2,1.3069042,103.8101245,seafood paradise (s) pte. ltd.,A,0.96862,5,FALSE,
jen singapore tanglin by shangri-la,ChIJdY7JN4oZ2jERVg6-qPEGJ3U,4.3,6091,,1.304326,103.8239282,gardens by the bay,A,0.98098,5,FALSE,
royal plaza on scotts singapore,ChIJS2f6Z40Z2jERLavQ4p6-R5s,4.4,3556,,1.3069695,103.8319667,royal one pte. ltd.,A,0.95598,5,FALSE,
つくね一期 tsukune ichigo,ChIJ1emPWIQZ2jERjoyMEdKta2k,3.8,176,,1.2954608,103.8302052,,Unknown,0.7098,5,FALSE,
hard rock cafe singapore,ChIJpfgvhowZ2jERbVbSD5w0-FY,4.2,2911,3,1.3057768,103.8281191,cold storage singapore (1983) pte ltd,A,0.84252,5,FALSE,
sushi tei,ChIJl_sOMpIZ2jERa4tZiOdKqvc,4.3,1125,2,1.3035787,103.8350589,sushi-tei pte ltd,A,0.737818182,55,FALSE,
wild honey mandarin gallery,ChIJSZujEpEZ2jERc0ez6ins24Y,4.3,2194,3,1.3019461,103.8368734,singapore mandarin international hotels pte ltd,A,0.84004,5,FALSE,
ps.cafe palais renaissance,ChIJBcxR3IwZ2jERXEfgu9SV-vs,4.4,1471,3,1.3068808,103.8297596,bru cafe pte. ltd.,A,0.97442,5,FALSE,
oasis bar & restaurant,ChIJKVlOYI0Z2jERbutcJw5KbxQ,4.3,123,,1.3062616,103.8334004,texas chicken restaurant pte. ltd.,A,0.95502,5,FALSE,
muddy murphy's irish pub,ChIJ-ZtvtowZ2jERyywaJQ_r4DU,4.4,1212,2,1.3074953,103.828947,lam's (singapore) culinary enterprise pte. ltd.,A,0.85236,5,FALSE,
the halia at singapore botanic gardens,ChIJ8fTbnR8a2jERMeuOlYUiwL0,4.3,2562,3,1.3113472,103.8149796,the flying bread pte ltd,B,0.93684,5,FALSE,
fusion bistro,ChIJ4QSELooZ2jERfrSAcBo4Sms,4.3,24,,1.3036097,103.8239655,fusion bistro pte. ltd.,Unknown,0.7594,5,FALSE,
yantra,ChIJr5S3T4oZ2jEREWMZ4HL13-w,4.3,966,4,1.3048369,103.8242659,,Unknown,0.93138,5,FALSE,
carousel,ChIJY56VRY0Z2jERIgstQ462b5k,4.2,1422,3,1.3070085,103.8320447,,Unknown,0.64276,5,FALSE,
beng hiang restaurant,ChIJm91ZmwUQ2jERtVI5JAUHHiQ,3.9,1147,2,1.3112751,103.8265168,beng hiang restaurant pte ltd,B,0.90332,5,FALSE,
straitskitchen,ChIJKWGbYo0Z2jERgIAV9m0gT00,4.3,1260,3,1.3062611,103.8333999,,Unknown,0.80608,5,FALSE,
jiang-nan chun,ChIJqbrxYIwZ2jER0nv6PClRe_I,4.4,431,,1.3052726,103.8284972,hong kong street old chun kee pte. ltd.,B,0.9576,5,TRUE,Selected Restaurants
bistro du vin,ChIJR5yDbY0Z2jER-OfAY_3D6kE,4.4,832,3,1.306525,103.8315897,26@marina bar & bistro pte ltd,B,0.98674,5,FALSE,
taste paradise 味之楼 at ion orchard,ChIJoyTzv40Z2jER7SwK5iAfrZA,4.3,758,2,1.3043263,103.8317124,good old taste pte ltd,B,0.94966,5,FALSE,
iggy's,ChIJFQYC8YwZ2jERaWLMF9m1AqM,4.3,222,4,1.3060925,103.8292236,iggy's pte ltd,A,0.9792,5,TRUE,1 Star
the line restaurant,ChIJwyHucfQZ2jERC3mkl-kQWk0,4,1760,3,1.3111934,103.8267875,he lin,B,0.59904,5,FALSE,
les amis,ChIJR5yDbY0Z2jER6GcsxL56OLk,4.6,926,4,1.3066019,103.8314361,les amis holding pte ltd,A,0.97824,5,TRUE,3 Stars
akashi,ChIJp-GkZosZ2jER95PUqtZbMro,4.3,363,3,1.3066703,103.8273242,akashi japanese restaurant oph pte. ltd.,A,0.76258,5,FALSE,
yan ting,ChIJb9RocosZ2jERzYkzsNVyukk,4.2,602,3,1.3054244,103.8261546,ting yee wah,A,0.94906,5,TRUE,Selected Restaurants
j65,ChIJMXEfN4oZ2jER-BqARJv_VR4,4.6,2199,,1.3043525,103.8239831,,Unknown,0.95342,5,FALSE,
basilico,ChIJPTigtosZ2jERpvAxTkMlsac,4.5,1602,3,1.3046567,103.8249439,li li,A,0.9834,5,FALSE,
il cielo,ChIJFQYC8YwZ2jERAoscWba7IaQ,4.5,622,,1.3059057,103.8293282,il lido pted ltd,A,0.57458,5,FALSE,
din tai fung,ChIJl_sOMpIZ2jEROuDbvYr9GLo,4.4,1989,2,1.3039532,103.8351014,tai seng fa pte. ltd.,A,0.96398,5,FALSE,
din tai fung @ wisma atria,ChIJq6WVB5IZ2jERF7lVtgi1jnQ,4.4,719,2,1.3037148,103.8332642,hii din szu,B,0.884,5,FALSE,
lawry's the prime rib singapore,ChIJnwvSIJIZ2jERpSK-8lcGiPk,4.4,1615,4,1.3018632,103.8369979,lawry's the prime rib singapore pte ltd,A,0.9389,5,FALSE,
shang palace,ChIJXU9FcvQZ2jER7JzFxTOvf9A,4.4,569,3,1.3111368,103.8265902,palace marina pte. ltd.,Unknown,0.88178,5,TRUE,Selected Restaurants
潮州发记 teochew restaurant huat kee,ChIJ99TNbQ0Z2jERRn54Uqk3ojc,3.6,381,2,1.3130143,103.8260798,teochew restaurant huat kee (1998) pte ltd,A,0.05662,5,FALSE,
chatterbox,ChIJDfcsE5EZ2jERrC6v6Okmdhc,4.1,1758,3,1.3018202,103.8367251,,Unknown,0.46152,5,FALSE,
the providore - (mandarin gallery),ChIJcxYAoJEZ2jER888hi_coFco,4.4,1675,2,1.3022297,103.8363746,the soup spoon pte ltd,A,0.96704,5,FALSE,
white rose cafe,ChIJ_VOdwpIZ2jERryIH76sQiiA,4.2,284,,1.3071235,103.8354047,hanis cafe & bakery pte. ltd.,A,0.90772,5,FALSE,
da paolo gastronomia - orchard paragon,ChIJl_sOMpIZ2jERt8xvlw_Gh0M,3.6,563,2,1.3043349,103.8361743,da paolo group pte. ltd.,A,0.92064,5,FALSE,
tea lounge,ChIJWSKZsIsZ2jER2D36xTngNME,4.4,283,,1.3046549,103.8249313,the coffee bean & tea leaf (singapore) pte ltd,A,0.89928,5,FALSE,
austasia food pte ltd,ChIJyzRFeswZ2jERhF0X_7CyMhE,,,,1.3069674,103.8292165,atas food pte. ltd.,A,0,,FALSE,
unos,ChIJV-4CoowZ2jERrDfuAkfmT0Y,4.5,4,,1.3066594,103.8276943,kee tin @ immunos pte. ltd.,A,0,0,FALSE,
shinji by kanesaka,ChIJo8XdDIsZ2jERghtpkkSHTXc,4.6,362,4,1.3056718,103.8259335,kanesaka sushi private limited,A,0.59172,5,FALSE,
cibo italiano,ChIJ90qxBYQZ2jERVKkB6bC9Az4,4.4,675,2,1.2945837,103.8278439,gruppo italiano pte. ltd.,A,0.97628,5,FALSE,
2it & drink,ChIJTyWXW4EZ2jER5VJMx7p1QMI,4.4,406,2,1.2933333,103.8272222,drink culture pte. ltd.,A,0.45074,5,FALSE,
morsels restaurant & gastro wine bar | morsels private dining,ChIJZfN4HSMa2jEROlvzGFzspWk,4.1,393,,1.3058011,103.811817,ycp dining singapore pte. ltd.,A,0.97668,5,FALSE,
nooch noodle bar,ChIJ20yos40Z2jERWccPzF43P30,,,,1.3047411,103.8305926,yu kee duck and noodle house pte. ltd.,A,0,,FALSE,
brewerkz orchard rendezvous hotel,ChIJJzMZoowZ2jERppRLILP_X8s,4.4,953,2,1.3065278,103.8279751,tpc hotel pte. ltd.,A,0.95074,5,FALSE,
hana japanese restaurant,ChIJ82KCjowZ2jER37FvW5wmONU,4.3,1549,,1.3061111,103.8286111,hyangtogol (korean restaurant) pte. ltd.,A,0.97624,5,FALSE,
concorde hotel singapore,ChIJRe0Wq5cZ2jER5qoN9Q0znq8,4.2,4147,,1.3007654,103.841536,cold storage singapore (1983) pte ltd,A,0.57952,5,FALSE,
ajmer sherif,ChIJ66_bzLgZ2jERLjNXpPRYXng,4.2,17,,1.3059202,103.8506983,,Unknown,0.74204,5,FALSE,
gayatri restaurant,ChIJQ0U9IscZ2jERxoggGQSjBpA,4.5,4662,2,1.3096712,103.8519936,texas chicken restaurant pte. ltd.,A,0.93014,5,FALSE,
subway,ChIJc6zIfr0Z2jERnBvtp3NY7yc,4,344,2,1.30127,103.8381444,subway harbourfront pte ltd,A,0.178081667,239,FALSE,
the banana leaf apolo,ChIJO_NQTscZ2jERh4vyBNFILBU,4.1,4254,2,1.3083862,103.8510564,the banana leaf apolo pte. ltd.,A,0.56716,5,FALSE,
the song of india temporarily closed for renovations,ChIJF4Vpuu0Z2jERzISnHecqyhw,3.9,654,,1.3109166,103.8352583,the exchange asia square pte ltd,A,0.95218,5,FALSE,
killiney kopitiam,ChIJ61p5UZcZ2jERq2f3Wv25g-s,4.2,1833,1,1.2988675,103.8394317,kopitiam investment pte ltd,B,0.30236,5,FALSE,
mcdonald's parklane,ChIJMXOcdnQW2jERmKZxlhiNUyU,4,1112,1,1.300661,103.8493367,seafood paradise (s) pte. ltd.,A,0.35932,5,FALSE,
burger king (burlington square),ChIJOcxCxLsZ2jERwcQKG3TFWhI,4.2,1049,1,1.3021885,103.8527583,kopi king pte. ltd.,A,0.66816,5,FALSE,
domino's pizza killiney,ChIJ____T5cZ2jER_81BZTfaR_g,3.1,459,2,1.2987451,103.8393767,lam's (singapore) culinary enterprise pte. ltd.,A,0.36672,5,FALSE,
standing sushi bar,ChIJtaSmlqQZ2jER3dz70cIT3z8,4.2,1076,2,1.2964965,103.8531693,26@marina bar & bistro pte ltd,B,0.93968,5,FALSE,
mackenzie rex restaurant,ChIJkQGWmbwZ2jERRuDwN6RisFk,4.2,984,2,1.2998773,103.8499979,mackenzie rex restaurant @ changi llp,B,0.81032,5,FALSE,
wah lok cantonese restaurant,ChIJnzfVXaQZ2jER6Z8ZLoosM4o,4.3,1158,3,1.2959685,103.852255,imperial treasure cantonese cuisine pte. ltd.,A,0.7805,5,FALSE,
sakunthala's restaurant - race course outlet,ChIJO7EYSccZ2jERD86YcpLhjC8,4.1,1736,2,1.3086354,103.8512802,seafood paradise (s) pte. ltd.,A,0.88018,5,FALSE,
khansama @ little india,ChIJTWeme8cZ2jERwHzQoIresGc,4.1,4456,2,1.3081219,103.8530594,east india scottish ventures pte ltd,Unknown,0.93432,5,FALSE,
newton food centre,ChIJe4wL_OsZ2jERySoDk6jlhNQ,4.2,14815,,1.3119888,103.8395742,ho heng food & enterprise pte. ltd.,A,0.9815,5,FALSE,
swee choon jalan besar,ChIJv1DkBMgZ2jERft-n2ibNvh0,4.3,11466,2,1.3081642,103.8569394,alan,B,0.87034,5,FALSE,
putien kitchener road,ChIJ3zy8ZcgZ2jERagAaSeDB9bI,4.7,2724,2,1.309551,103.8573328,xixiang kaya kopitiam (robinson road) pte. ltd.,A,0.90124,5,FALSE,
subway,ChIJVVVV5bMZ2jERhChXlOgritE,4.1,66,2,1.302207,103.8626235,subway harbourfront pte ltd,A,0.178081667,239,FALSE,
hillman restaurant,ChIJKdeRZMgZ2jERnPLznyEl61w,4,824,2,1.3097278,103.8572327,hillman restaurant pte ltd,A,0.88576,5,FALSE,
golden mile food centre,ChIJ04DTdbQZ2jERFt4kBQi-E60,4.3,7377,1,1.3030908,103.8639299,chang cheng food & beverage pte. ltd.,A,0.78654,5,FALSE,
islamic restaurant international pte ltd,ChIJc0MiK7cZ2jER_P76Fittxqc,3.7,1141,2,1.3030833,103.85893,islamic restaurant international pte. ltd.,A,-0.07072,5,FALSE,
copper chimney syed alwi road singapore,ChIJUQfZyMcZ2jERdyMo8KjNPxA,4.2,1799,2,1.3097393,103.8553275,ippudo singapore pte. ltd.,A,0.87552,5,FALSE,
nando's bugis junction | flame-grilled peri-peri chicken,ChIJxZ2RNaUZ2jERMo68GmZP218,4.1,1992,2,1.2989104,103.8547656,seafood paradise (s) pte. ltd.,A,0.78106,5,FALSE,
mcdonald's city square mall,ChIJ4VNxIMYZ2jER2gBSZpDf1aw,4.1,2108,1,1.3114304,103.8570401,lam's (singapore) culinary enterprise pte. ltd.,A,0.50278,5,FALSE,
rumah makan minang - kandahar street,ChIJXQv0JrEZ2jERIvaikq75sfU,4.3,1507,2,1.3022991,103.8595966,makan by the bay pte ltd,B,0.80134,5,FALSE,
ya kun kaya toast (bugis junction),ChIJHbKxhboZ2jERD1aHQZRYLQY,3.9,952,1,1.3000738,103.8558763,ya kun cafe pte. ltd.,A,0.58354,5,FALSE,
flutes,ChIJ4ctYDaEZ2jERmhYhjWkjIf4,4.6,617,3,1.2973463,103.857383,,Unknown,0.75526,5,FALSE,
bumbu restaurant,ChIJ_W2jIrEZ2jERpx5zNEeliOg,4.4,583,2,1.3018761,103.8599942,texas chicken restaurant pte. ltd.,A,0.96048,10,FALSE,
alaturka mediterranean & turkish restaurant,ChIJ1-cdD7EZ2jERRwu1YXcr6jk,4.6,3135,2,1.301179,103.859969,restaurant majestic pte. ltd.,A,0.95624,5,FALSE,
mcdonald's bugis junction,ChIJj8r3uboZ2jERoINtvQMR2d4,4.1,3476,1,1.2992456,103.8557546,lam's (singapore) culinary enterprise pte. ltd.,A,0.51062,5,FALSE,
beirut grill,ChIJkYgoBrEZ2jERa_X45M1TzJU,4.4,1669,2,1.3009011,103.8599624,market grill pte. ltd,A,0.88436,5,FALSE,
piedra negra,ChIJNXNVrbEZ2jERFPPHBFHMMfE,4.2,2047,2,1.300113,103.8595413,piedra negra pte. ltd.,A,0.60604,5,FALSE,
garibaldi italian restaurant & bar,ChIJjeS1cqUZ2jERG8Hwz6rwZ3w,4.5,1179,4,1.2964499,103.8549138,j c tapas bar pte. ltd.,A,0.98378,5,FALSE,
hjh maimunah restaurant and catering,ChIJt1JYLbcZ2jERKWJKL4mMLaM,4.5,3267,2,1.303149,103.8585258,mouth restaurant pte ltd,A,0.84486,5,FALSE,
ming chung restaurant,ChIJ8cWTI8gZ2jER8XkfOaIVoA8,4.2,1046,2,1.3081046,103.8581482,texas chicken restaurant pte. ltd.,A,0.51026,5,FALSE,
mustard singapore - flavours of bengal & punjab,ChIJV9TVVMcZ2jERA8I-uRsV6ds,4.7,2896,2,1.3079408,103.850663,ycp dining singapore pte. ltd.,A,0.9288,5,FALSE,
subway,ChIJgQUi_k4Y2jER5CMCa6Cj0VA,4.3,164,2,1.3024812,103.8768945,subway harbourfront pte ltd,A,0.178081667,239,FALSE,
old airport road food centre,ChIJWzTvXEcY2jERvSzB8XNKKCk,4.3,12542,1,1.3082405,103.8858445,quik food pte. ltd.,B,0.84222,5,FALSE,
mcdonald's kallang (stadium),ChIJIWK8s0cY2jER1Cm87uKoHl8,4.2,6770,1,1.305296,103.8819044,lam's (singapore) culinary enterprise pte. ltd.,A,0.73078,5,FALSE,
joyden seafood,ChIJeXSOYI0a2jERDdI-Q938U8c,3.9,485,2,1.3022164,103.8764421,seafood paradise (s) pte. ltd.,A,0.8593,5,FALSE,
joyden canton,ChIJPxjKmlIQ2jERxaMc0bPJ3vU,4.1,450,2,1.3026208,103.876502,canton paradise pte. ltd.,A,0.29628,5,FALSE,
wang lao wu chicken king,ChIJ60ebIkQY2jERqniv0ZvA2sY,3.5,65,,1.3026072,103.8838196,wang cher chiang,A,0.3642,5,FALSE,
fortville serviced apartments,ChIJKU0tnkQY2jERpt6wjkcGf1k,4.7,205,,1.2996598,103.8849607,,Unknown,0.89746,5,FALSE,
café melba at goodman arts centre,ChIJ_-7AzEYY2jERpExbrmGOYQE,3.9,1632,3,1.3033523,103.8848969,froyo arts pte. ltd.,A,0.53506,5,FALSE,
poulet - kallang wave mall,ChIJ4xGaZkkY2jERAXvzALRFyCs,4.7,8007,2,1.3029203,103.8728675,,Unknown,0.97212,5,FALSE,
suki-ya - all you can eat shabu shabu (kallang wave mall),ChIJw-lr8UsY2jERHhdpnNoWmRo,4.7,2344,,1.3033569,103.8727124,simply can pte ltd,A,0.95438,5,FALSE,
typhoon cafe (kallang wave mall),ChIJZZ7n9ksY2jER94zTfjSs-I0,4.7,3450,,1.3034378,103.872618,bru cafe pte. ltd.,A,0.94674,5,FALSE,
encik tan,ChIJ4xGaZkkY2jERgdtXt_h0xB4,2.9,148,1,1.3035901,103.87256,tan coon tio tony,A,0.231462162,36,FALSE,
old street bak kut teh,ChIJERAvwEsY2jERBIvYoeeyuh0,2.5,203,2,1.3034977,103.8724007,old street bak kut teh pte. ltd.,A,0.69696,5,FALSE,
ayam penyet president - kallangwave,ChIJe3MH90sY2jER4tqbBHhUgZg,4.2,597,2,1.3035805,103.8723562,penyet king pte. ltd.,A,0.11168,5,FALSE,
a1 porridge,ChIJR9D0wEsY2jERwuW2I3T-MF0,2.2,12,,1.3042979,103.8724464,ban heng teochew porridge (tanjong pagar) pte. ltd.,A,0.32674,5,FALSE,
western barbeque,ChIJHRVGTj8Y2jERPqAMFWMEXa0,3.6,310,,1.3082764,103.8856341,the table barbeque people pte ltd,A,0.53268,5,FALSE,
my genie gourmet pte ltd,ChIJVTplTj8Y2jERD63mSeGTgqo,2.8,17,,1.308232,103.8858505,my genie gourmet pte ltd,Unknown,0.65616,5,FALSE,
hougang otah,ChIJHRVGTj8Y2jERonVbhUBfrTQ,3.1,8,,1.308232,103.8858505,wu fu (hougang) pte. ltd.,A,0.20472,5,FALSE,
j & j special beef noodle,ChIJHRVGTj8Y2jERDL_uQ1AU93M,4.6,162,,1.3082327,103.8858876,j.i.@.k pte. ltd.,Unknown,0.90308,5,FALSE,
tiong bahru lor mee @ old airport road,ChIJFztlTj8Y2jERwaHs9VR9Ec4,4.4,104,,1.3083738,103.8860512,hks old chun kee pte. ltd.,Unknown,0.71236,5,FALSE,
salt,ChIJV900Tz8Y2jERAloeoNU_Er0,4.6,404,,1.3084395,103.8859952,salt flaked pte. ltd.,Unknown,0.4007,5,FALSE,
imam banana leaf restaurant pte ltd,ChIJ9coFPjQY2jERbycvhMP_z-w,4,893,2,1.3110978,103.8725542,narus banana leaf restaurant pte. ltd.,B,0.13818,5,FALSE,
little red chick western delights,ChIJAQAw2jgY2jERGf2nxrKejs4,3.9,15,,1.3094164,103.8846052,red stove pte ltd,A,0.13204,5,FALSE,
gong he guan,ChIJ6dXu0jAY2jERb9n83qkMlOY,3.9,346,,1.3119942,103.8760982,ng hee guan,B,0.88342,5,FALSE,
golden jade restaurant 金翠餐厅,ChIJmYd8yzAY2jERbDNfE2D1SkI,4,178,2,1.3124936,103.8778779,imperial treasure fine dining restaurant pte. ltd.,A,0.606,5,FALSE,
huan trading,ChIJEy4TojYY2jERTF5V1KQauRk,3.7,3,,1.311331,103.8742148,satoyu trading pte ltd,B,0.1388,2,FALSE,
cháo ếch singapore,ChIJl6L5pjAY2jERZjKZ-adSVhw,3.6,131,2,1.3126801,103.8789352,cold storage singapore (1983) pte ltd,A,0.02724,5,FALSE,
geylang lor 9 fresh frog porridge,ChIJPYIoKzEY2jERvlt1euL28Yg,4.2,2724,2,1.312255,103.8764986,ban heng teochew porridge (tanjong pagar) pte. ltd.,A,0.76338,5,FALSE,
eminent frog porridge & seafood,ChIJh9mEGc4Z2jERGye7UfBopck,3.8,3013,2,1.3127383,103.879233,tian tian fisherman's pier seafood restaurant p l,B,0.79566,5,FALSE,
满当当原碳烧烤 man dang dang,ChIJld3eJDQY2jER-C78W4eAFdk,3.9,454,,1.3108192,103.8731887,common man coffee roasters pte. ltd.,A,0.73276,5,FALSE,
tan ser seng herbal soup 陳生成山瑞补品,ChIJU_2KeToY2jER47l6QQxmtoM,4.5,2069,3,1.3140743,103.8799016,soup fair pte. ltd.,A,0.92402,5,FALSE,
no signboard seafood at geylang,ChIJvTyrzTsY2jERoMU50NeYx7k,4.2,3006,3,1.3128969,103.8827264,tian tian fisherman's pier seafood restaurant p l,B,0.96048,5,FALSE,
liu da ma bbq,ChIJzbhQ0TAY2jERmVT4TumA0fM,4.1,758,2,1.3132773,103.8769591,da paolo group pte. ltd.,A,0.95956,5,FALSE,
the skewer bar,ChIJSV8QoDsY2jERVo7t067LKwM,4.3,788,2,1.3136604,103.8828393,the exchange asia square pte ltd,A,0.876,5,FALSE,
kontiki,ChIJ8e1FwKwZ2jEReVCH8WB0PCQ,4.2,686,2,1.2949615,103.8667581,kontiki inc pte ltd,A,0.89244,5,FALSE,
thin crust pizza by kevinbakery,ChIJq6qqymcY2jERsubfn5y0gfU,4.5,56,,1.2976289,103.8943738,gardens by the bay,A,0.80576,5,FALSE,
old chang kee,ChIJoXEfZDQY2jERBn-zolPnxbo,4.1,22,1,1.3114202,103.8713119,chang cheng food & beverage pte. ltd.,A,0.126987059,85,FALSE,
penang seafood restaurant,ChIJ_____zoY2jERaXrZkh3ZXuA,4.1,2424,2,1.3147789,103.8821586,penang seafood restaurant pte. ltd.,B,0.7858,5,FALSE,
jalan sultan prawn mee,ChIJYX-3IjQY2jERadH0LMeyM74,4,1199,,1.311109,103.872773,jalan sultan prawn mee pte ltd,Unknown,0.7263,5,TRUE,Bib Gourmand
126 dim sum @ geylang,ChIJ4fupjTAY2jERGfZb7SErQFY,3.9,3650,2,1.314148,103.8783903,low hui sum,Unknown,0.38338,5,FALSE,
siam square mookata - best mookata in singapore,ChIJT5ezlrMZ2jERbz9tM62fo7o,3.9,373,2,1.3018192,103.8639555,ycp dining singapore pte. ltd.,A,0.9544,5,FALSE,
sik bao sin/desmond creation 吃飽先,ChIJDzkJUTwY2jERJKc_PQIMbsQ,4,735,2,1.3140535,103.8879353,bao today pte. ltd.,B,0.5958,5,FALSE,
mongkok dimsum,ChIJ752HKTcY2jERkPh4y2dw4Ww,4,2183,2,1.3119696,103.8768473,mongkok dim sum pte. ltd.,B,0.87839,10,FALSE,
yes natural restaurant,ChIJue3QPzsY2jERNukowLKc7HU,4.4,489,2,1.3158269,103.8837301,texas chicken restaurant pte. ltd.,A,0.55608,5,FALSE,
haji kadir food chains,ChIJGe1DirMZ2jERs1gcYkrfbIs,4.3,438,,1.3030913,103.8639278,haji kadir food chains pte. ltd.,B,0.52446,5,FALSE,
chuan yang ji kallang outlet,ChIJuzQXPDQY2jERqZoI9S6NhSs,4.9,3247,2,1.3108834,103.8725991,chuan yang ji mutton soup steamboat pte. ltd.,B,0.89912,5,FALSE,
old chang kee,ChIJ_5ShyTsY2jER1hDQzhqMGKw,3.5,39,1,1.3163568,103.8823357,chang cheng food & beverage pte. ltd.,A,0.126987059,85,FALSE,
bugis (longhouse) lim kee beef noodles,ChIJQSRJirMZ2jERI3TKt_gqiVE,4.5,118,,1.3033459,103.863775,gan hock lim,A,0.90074,5,FALSE,
kfc,ChIJsTvNiCwY2jERW3xKp_S2fLQ,4.4,5100,2,1.3050019,103.8813764,,Unknown,0.207115238,105,FALSE,
katsuya (katsu specialist)since 2011,ChIJbdEljHIY2jER-dBVaj90CCM,4.5,410,,1.3060895,103.8957283,bbq specialist pte. ltd.,A,0.96398,5,FALSE,
hong qin fish and duck porridge,ChIJ65F9ozwY2jERNvkOn8KncIU,4.2,447,,1.3158726,103.8856312,leyau yen hong,A,0.45142,5,FALSE,
ponggol nasi lemak centre,ChIJxXDLPmsY2jER6hltIeWYPy8,4.2,1586,,1.3067511,103.8954676,mount faber nasi lemak fast food shop pte ltd,A,0.91716,5,FALSE,
malaysian local delights,ChIJTzyeN2sY2jERM41FKudsoME,3.8,220,,1.3070622,103.8953401,old school delights holdings pte ltd,A,0.9579,5,FALSE,
vatan se,ChIJo-HqPK0Z2jERFyOlCBXyv10,4.6,1183,2,1.302926,103.8967167,vatan se pte. ltd.,A,0.93414,5,FALSE,
delifrance singapore - geylang 38 ntuc cheers express corner,ChIJax7nqD0Y2jERJPx8-DzrsH0,4.2,14,2,1.3142865,103.8892276,cold storage singapore (1983) pte ltd,A,0.03802,3,FALSE,
hoe hokkien mee,ChIJv6LPtLUZ2jERaizuiJCGBk4,4.4,277,,1.3056577,103.863816,qiu lian ban mee pte ltd,B,0.6238,5,FALSE,
pizza hut,ChIJX4fxwhQY2jERgFW8VjUgNtw,4.7,403,2,1.308182,103.895263,pizza hut singapore pte ltd,A,0.586732,125,FALSE,
marrybrown @ forest city,ChIJry6tUocI2jERiJTo74M0QbY,4.1,102,2,1.3341793,103.5930791,republic plaza city club (singapore) pte ltd,A,0.85336,5,FALSE,
huang cheng fu hotpot @ forest city 皇城府火锅,ChIJrfA3pYEJ2jERTHJPXKYqNrk,4.4,12,,1.3343189,103.5928586,fu lin group pte. ltd.,A,0.58802,5,FALSE,
kampung carabao thai restaurant @forest city,ChIJv1hGFcIJ2jERyqVoM_CA47I,4.8,368,,1.3345086,103.5929609,restaurant majestic pte. ltd.,A,0.52364,5,FALSE,
ot 8 pub,ChIJt3-YMAAJ2jERsrVjLyWj9JI,4.7,3,,1.3337924,103.5912671,palace 8 marina pte ltd,Unknown,0.067433333,1,FALSE,
潮品海鲜坊,ChIJkaqGPgAJ2jERyjPvi_Nq4XQ,4.4,12,,1.3350878,103.5931627,,Unknown,0.81726,5,FALSE,
meisan forest city,ChIJYapWVpUJ2jER9743O-gqXXo,3.7,26,,1.3357847,103.5941444,hotel marina city private limited?,A,0.45318,5,FALSE,
穆尚食府 halal restaurant,ChIJWai11H0J2jERWPOXTYedHb8,5,6,,1.3358761,103.5939612,texas chicken restaurant pte. ltd.,A,0.62456,4,FALSE,
ayam penyet banjir forest city,ChIJRSdAXyUJ2jER2AXqDYRcPq8,3.1,16,,1.3344175,103.591009,penyet king pte. ltd.,A,-0.33012,5,FALSE,
添財小面 tian cai noodles,ChIJ2acFSwAJ2jERcJyT11TT3No,4.3,15,,1.3347777,103.591368,chua tian loke,A,0.7155,5,FALSE,
biang biang 海鲜饭店,ChIJ_YMz164J2jERLCEb23LQAvY,4.7,53,,1.3349185,103.591322,biang biang noodles pte. ltd.,A,0.84798,5,FALSE,
家宴饺子王,ChIJwTBLsHkJ2jEREyJinBWw4B4,4.4,12,,1.3350093,103.5913556,,Unknown,0.45516,5,FALSE,
芙蓉树下 - 四川冒菜(maocai) - pokok bunga raya - 森林城市店,ChIJNbxoh2IJ2jEROt7EqNt7FcA,2.7,7,,1.3350918,103.5911867,raya bte abdullah,A,-0.08104,5,FALSE,
aliz bistro,ChIJt2v6A_gJ2jERawvI2q5_j9k,4,76,,1.3351669,103.5910986,26@marina bar & bistro pte ltd,B,0.19448,5,FALSE,
ieat canteen,ChIJ930CjQUG2jERtd_vGrS5cAI,4,227,1,1.3187438,103.629009,we canteen pte. ltd.,Unknown,0.6246,5,FALSE,
tuas cove industrial centre canteen,ChIJk9V4YAAH2jERvSND-TjG8Rc,,,,1.3188258,103.6288893,we canteen pte. ltd.,Unknown,0,,FALSE,
聚友私房菜,ChIJ2_DybQAH2jERzR9JTgMaEz4,5,3,,1.3187438,103.629009,,Unknown,0.6164,3,FALSE,
le top,ChIJzQXk-bEH2jERfzQavK1Oxx4,5,1,,1.3187438,103.629009,jia jia le cuisine f & b pte. ltd.,A,0,0,FALSE,
my mums kitchen pte ltd,ChIJdXkCS7gH2jERuZ121QJ8qGQ,1,1,,1.3187464,103.6290285,cold storage singapore (1983) pte ltd,A,0,0,FALSE,
heng heng boneless duck rice,ChIJi5uMBo0H2jERGsnIllgMnys,4.9,253,,1.3187464,103.6290285,ng heng,A,0.89722,5,FALSE,
san san food house,ChIJUZe-UecH2jERvn3r2S7865I,3.8,50,,1.321894,103.6338823,san san food house pte. ltd.,Unknown,-0.03812,5,FALSE,
kaw teck guan,ChIJE1oCGf4F2jERqY6LDHHguio,4.2,5,,1.324047,103.636782,guan chee hong kong roasted duck pte. ltd.,A,0,0,FALSE,
jojo cafeteria & catering,ChIJ3S9_2v8F2jERVebykpN3P7s,4.5,2,,1.325965,103.636794,wan nian food catering services pte. ltd.,A,0,0,FALSE,
ang hoo kim,ChIJ9_1cQfwF2jERJ1lmewxsmBI,,,,1.3215604,103.6402901,kim's place seafood restaurant pte. ltd.,A,0,,FALSE,
好清香haoqingxiang ban mian ＆fish soup,ChIJ64b24WoF2jERVWcAUz063Uo,5,2,,1.3257432,103.643279,the soup spoon pte ltd,A,0.4855,1,FALSE,
santoshimaa caterers pte. ltd.,ChIJN4w4Qe4F2jER_6AHA-dcZao,3.5,21,,1.3170704,103.6520632,santoshimaa caterers pte. ltd.,B,0.36492,5,FALSE,
qi le boneless chicken rice store,ChIJRZvxaAAF2jER_v89PWQHMFs,,,,1.3245797,103.6520483,qi ji bistro pte. ltd.,A,0,,FALSE,
dream's kitchen,ChIJYW8QfDQP2jERrNF08bMVeGQ,,,,1.3311195,103.6477529,seafood paradise (s) pte. ltd.,A,0,,FALSE,
haoyu traditional kueh,ChIJlyb71loP2jERUgSiM6o7Skk,,,,1.333128,103.6446368,woong kee traditional beancurd pte ltd,A,0,,FALSE,
indian muslim / halal food - vellimani restaurant pte ltd,ChIJwc5NEScP2jERCxDB6TFLfTk,3.2,5,,1.3331069,103.6448,canton paradise pte. ltd.,A,0.2548,4,FALSE,
香港小厨 蒸鱼 hong kong gourmet(steam fish),ChIJ6by8QQAP2jERSSh8RQVjm-A,,,,1.3332085,103.6446849,leyau yen hong,A,0,,FALSE,
uncle swe,ChIJOfChQAAP2jERk6nnEY90ZuY,,,,1.3295854,103.652288,uncle ho pte. ltd,A,0,,FALSE,
kimly mixed rice 金味飯莊 (10 tuas ave 3),ChIJt1Jpv6cF2jERzzgrWXeNAGU,,,,1.3215894,103.6567176,tower 3 pte. ltd.,A,0,,FALSE,
wong chian choy,ChIJqRSFdPMF2jERq99ApkH77gQ,,,,1.3222604,103.6567998,wong choy chan,A,0,,FALSE,
instachef at wilmar foods (lvl 1 pantry),ChIJQ4WVrQ4P2jERqUplcHtQhjg,5,2,,1.3351948,103.6489041,gloria foods pte. ltd.,A,0,1,FALSE,
balwansingh,ChIJoREYFgAP2jERaM7YpPk1ejE,,,,1.334647,103.650257,,Unknown,0,,FALSE,
ding ji,ChIJI4dRWIgF2jERlM4eBMisKrs,3.4,9,1,1.3254926,103.6693172,ding jianlin,B,0.050081667,58,FALSE,
aa restaurant,ChIJqb2jphoF2jERDiStSMJ99FU,3.6,59,,1.3215273,103.6611946,mynaa restaurant pte. ltd.,Unknown,0.33046,5,FALSE,
fortune ( eating house ),ChIJ_8lFAgAF2jERnnlDCuvxnHo,5,1,,1.3214005,103.6613817,yu kee duck and noodle house pte. ltd.,A,0.902,1,FALSE,
wan soon lai bakuteh & fried porridge,ChIJHdofY1sR2jERQH32G-uu56Y,4.4,122,,1.3254926,103.6693172,sutopo lai hwa kensy,B,0.87682,5,FALSE,
rocky hill mess,ChIJu37H0eYP2jERZkFfFEz7crM,5,11,,1.333362,103.6715308,hill street coffee shop pte. ltd.,A,0.51228,5,FALSE,
han's,ChIJOzIVm4AF2jERKcrCdeHuGAM,3.6,237,2,1.3272086,103.6787828,han's cafe & cake house pte. ltd.,A,0.0785,5,FALSE,
uncle leong signatures,ChIJ1bio5vwV2jERYTVD256o8FQ,3.9,642,,1.3272183,103.6785455,ng nyin leong,A,0.63646,5,FALSE,
kfc fairprice hub,ChIJW2NKp4AF2jERYdukVAKLQNk,4.3,381,2,1.3273439,103.6780256,ntuc fairprice co-operative ltd,A,0.08376,5,FALSE,
tunglok seafood (d'arena),ChIJzX8R020Q2jER0zdPF20KjmM,4.4,2155,2,1.3295008,103.683201,marina live seafood & steamboat pte ltd,B,0.92356,5,FALSE,
nasi bebek aduhay khas madura,ChIJV_budgAF2jERVyIStIo3eGA,,,,1.3229868,103.6821269,mount faber nasi lemak fast food shop pte ltd,A,0,,FALSE,
kokoro izakaya,ChIJJ12oOwAF2jER1c9sOEh17uE,4.6,327,,1.3250128,103.6786652,kuro izakaya pte. ltd.,A,0.96258,5,FALSE,
encik tan,ChIJ2Vm6Ix0F2jERD-Rg8-f_goY,2.5,35,1,1.326016,103.6786052,tan coon tio tony,A,0.231462162,36,FALSE,
burger king fairprice hub,ChIJjyGAnYAF2jERvGf3fscX-Uc,3.2,155,1,1.326016,103.6786052,seah king ming,A,0.66444,5,FALSE,
"subway @ fairprice hub, joo koon circle",ChIJIzVmnoAF2jERkq8gKVZ4vEI,4.8,354,2,1.326016,103.6786052,lee joo huat,Unknown,0.3084,5,FALSE,
desal pooja guan heng restaurant,ChIJG5i7aoAF2jERz2Y0u1T7g6E,4.5,2,,1.326343,103.681076,imperial treasure fine dining restaurant pte. ltd.,A,0.5855,2,FALSE,
xiang chi mian 想吃面,ChIJKb-0EAAF2jER0Ml7HRzWzhQ,2.7,6,,1.3270451,103.6787,jia xiang kuching food supplies pte. ltd.,A,-0.0808,6,FALSE,
wan nian xiang,ChIJP0Z7ThUF2jER5dHgjU8pKSQ,5,3,,1.327014,103.6782537,jia xiang kuching food supplies pte. ltd.,A,0.053366667,2,FALSE,
hao jia ji,ChIJ684taQAF2jERqBjW1F5UiVE,3.7,3,,1.3271683,103.6787287,jia jia le cuisine f & b pte. ltd.,A,0.3339,3,FALSE,
fortune herbal soup,ChIJ7yJVVzkF2jERluJXIx3H-Fs,3,2,,1.3271959,103.6787769,soup restaurant singapore pte. ltd.,A,0.7254,2,FALSE,
ah bowl den,ChIJ1ZI5_MoF2jERZXds2FtrFkU,4.6,120,,1.3271561,103.678543,ng ah sio investments pte. ltd.,A,0.79196,5,FALSE,
nandhana's restaurant,ChIJO4L-b8EF2jERfcF00jX9Ae8,3.8,431,,1.3271539,103.678449,texas chicken restaurant pte. ltd.,A,0.96132,5,FALSE,
sz kitchen @ joo koon,ChIJ3bz7o1gF2jERqm8AJ08dOnI,3.7,130,,1.327209,103.678718,crystal jade kitchen (s.c.) pte ltd,A,0.77672,5,FALSE,
sichuan chef 四川厨子,ChIJ74c-FAAF2jERw7rrxu2zoaY,5,1,,1.3271273,103.6782849,great chef hong kong kitchen pte. ltd.,B,0,1,FALSE,
saap saap thai,ChIJE0M5ac8F2jER4VyguvgqOAg,2.5,61,,1.3271996,103.6786162,mama thai kitchen pte. ltd.,A,0.36422,5,FALSE,
popeyes fairprice hub,ChIJEb7xnYAF2jERZdRtlh8DKbw,4.3,576,1,1.3272153,103.6786833,jia wei food hub private limited,Unknown,0.53632,5,FALSE,
kallang airport wanton noodle (fairprice hub),ChIJY-E1JwAF2jERrp5y5ytGBOA,3,9,,1.3272115,103.6785834,yan kee noodle house pte. ltd.,A,0.13758,5,FALSE,
ju bao xuan mala hotpot,ChIJqfPUSgAF2jERFwGBYTZl6Nw,2.4,7,,1.3272115,103.6785834,chang xuan bin,Unknown,0.1572,5,FALSE,
banheng teochew porridge,ChIJ0_s_SgAF2jERtQ0NEnuwnRY,1,5,,1.3272056,103.6785183,ban heng teochew porridge (tanjong pagar) pte. ltd.,A,-0.53652,4,FALSE,
nam kee pau,ChIJdTPcFQAF2jERkUSs3Pq6kTk,4.2,11,1,1.3270992,103.6780653,yu kee duck and noodle house pte. ltd.,A,0.197473333,15,FALSE,
navratna indian food & pizza,ChIJXeNqJ34P2jERIs_-8GD6GJ4,3.1,28,,1.3270973,103.6780429,navratna indian food & pizza pte. ltd.,B,0.01498,5,FALSE,
crave nasi lemak,ChIJCcZl8HoF2jERh2QnKFxF7gE,3.6,117,,1.3272663,103.6787523,kampong ria nasi padang pte ltd,B,0.51452,5,FALSE,
old chang kee,ChIJ-6_MdKYF2jERRUQi_KrC_as,2.1,17,1,1.3271254,103.6780637,chang cheng food & beverage pte. ltd.,A,0.126987059,85,FALSE,
shin jeong korean restaurant 1993,ChIJ6-IEPgAF2jERcsHih1UuuGg,4.6,13,,1.3271359,103.6780255,shin jong ran,A,0.55992,5,FALSE,
老凡記,ChIJN7bzIAAF2jERu3u5aCEe66g,1,1,,1.3273246,103.6787731,,Unknown,-0.9469,1,FALSE,
lim's yong tau foo @ joo koon circle,ChIJY18bnYAF2jERp96elLomTro,2.2,16,,1.3273513,103.6788361,tatsu sushi (s) pte ltd,A,-0.00084,5,FALSE,
abang 991 nasi padang,ChIJQWiPMQAF2jERPI2pNQXFSIM,,,,1.3273246,103.6786339,yanti nasi padang restaurant pte ltd,B,0,,FALSE,
fu wei chicken rice,ChIJAcvIMgAF2jERzJPm5pKDvXU,5,2,,1.3273285,103.6785661,texas chicken restaurant pte. ltd.,A,0.71525,2,FALSE,
mcdonald's,ChIJL1D8fHAF2jERPtPqkdqPRGs,3.4,199,1,1.3273406,103.6782616,seafood paradise (s) pte. ltd.,A,0.29621625,80,FALSE,
al sheika banana leaf,ChIJm6p6MpIF2jERZ-Sn7sVgHaU,4.4,34,,1.327136,103.6770313,al sheika banana leaf restaurant pte. ltd.,B,0.01314,5,FALSE,
17 food shop,ChIJS1BYfVkF2jERoi_DYP2j5Tw,4,2,,1.3273767,103.6775648,the sandwich shop pte. ltd.,A,0.31525,2,FALSE,
108 mini wok,ChIJCa8ucjsF2jERHZiIudg_1EA,4,5,,1.3273913,103.6775943,marina bay mini wok pte ltd,A,0.03184,3,FALSE,
joo koon eating house,ChIJ0VP4IH4P2jERo7DWjpjpSDg,3.8,177,,1.3274588,103.6775709,yu kee duck and noodle house pte. ltd.,A,0.12064,5,FALSE,
88 claypot and stewed soup,ChIJDd4SbwAP2jERp8J0Wk0j5ko,5,1,,1.3276859,103.6776465,whiskit bakery and cafe private limited,Unknown,0.9118,1,FALSE,
nasi kandar jambuu இந்திய முஸ்லிம் உணவு,ChIJCSZAVAAF2jERPd4PQ0AOeAc,,,,1.3191936,103.6883949,abc nasi kandar pte. ltd.,B,0,,FALSE,
bites & carry,ChIJk3UIdH4P2jERRkdJo2m2OuU,5,1,,1.3288893,103.6771269,fresh bites (pte.) ltd.,A,0.4927,1,FALSE,
dragon seafood 龍海鲜,ChIJiVtvfnYP2jERCdM456NzwO0,3,11,,1.3296291,103.6808521,seafood paradise (s) pte. ltd.,A,0.04954,5,FALSE,
mediterranean food centre,ChIJVVVV1YEP2jERLYfUavhvD1E,5,1,,1.3295928,103.6812726,best partners food management pte. ltd.,A,0,0,FALSE,
curry paradise,ChIJlatfMQAP2jERww5ZE3tuwho,3,2,,1.329622,103.6811231,canton paradise pte. ltd.,A,-0.0052,2,FALSE,
pig organ soup,ChIJDzMPn38P2jERRwiYiJfWOtg,4.7,34,,1.3296292,103.6811164,cheng mun chee kee pig organ soup llp,A,0.83348,5,FALSE,
803 thai food (803泰国小吃 @ upper jurong road,ChIJ7xtlvwUR2jERK6QUXirn5cg,3.6,85,,1.3294921,103.6821887,mexican food corp pte. ltd.,A,0.169,5,FALSE,
domino's pizza upper jurong,ChIJMb0JXiMP2jERbQhQAyncdwU,1.5,28,,1.3294741,103.6822694,lam's (singapore) culinary enterprise pte. ltd.,A,-0.64682,5,FALSE,
dllm loklok,ChIJ7_Jnu_UP2jERsZ5L8U5HuzE,4.8,516,,1.3297031,103.6809306,,Unknown,0.89138,5,FALSE,
come daily prawn noodles 蝦麵天天來,ChIJS_7AsLQP2jERuy_RpRrhrGI,4.5,2,,1.3297108,103.6809655,the noodles pte. ltd.,A,0.2294,1,FALSE,
hahahotpot d'arena,ChIJR7kZRvUP2jER5WSA9lbb-oM,4.7,413,,1.3296779,103.6812636,happy arena entertainment pte. ltd.,Unknown,0.87078,5,FALSE,
jing ran restaurant 第二家园餐馆,ChIJuwj3ZAAP2jERv5RH9QjS_YQ,4.7,65,,1.329666,103.6813728,hyangtogol (korean restaurant) pte. ltd.,A,0.85706,5,FALSE,
food factor pte. ltd.,ChIJzd8MgX8P2jERJFdH3gwoc5A,5,1,,1.3294342,103.6828574,food face pte. ltd.,A,0.4927,1,FALSE,
sz kitchen @ d’arena,ChIJ2cHrHK8P2jERrEVc8kgYqmg,4.5,102,,1.3294537,103.682807,crystal jade kitchen (s.c.) pte ltd,A,0.90278,5,FALSE,
chan an kiau,ChIJZ9JBKYAP2jERlYseNiPnxrE,,,,1.329444,103.68286,chan ah kiau,Unknown,0,,FALSE,
douraku sushi,ChIJKWREE2kP2jERk0CEOztT8no,4.5,56,,1.3293792,103.6830768,tatsu sushi (s) pte ltd,A,0.95858,5,FALSE,
mother earth vegetarian restaurant 大地之素,ChIJqYXtH3AP2jERkVSR2wkqdew,4.6,303,,1.329549,103.6826171,mouth restaurant pte ltd,A,0.9364,5,FALSE,
rajah inn restaurant (pte) ltd,ChIJcTdYLPUP2jERf9ZVmQhNKBM,,,,1.3289709,103.706982,cb restaurant pte ltd,A,0,,FALSE,
empire bistro pte ltd,ChIJkyflPPUP2jER2u2B2lVuw2A,,,,1.3289709,103.706982,empire bistro pte. ltd,B,0,,FALSE,
safra jurong,ChIJy6YytPIP2jER_3zeIbByHxE,4.2,1627,,1.3354052,103.7059808,rasa istimewa restaurant @ safra jurong pte. ltd.,A,0.93112,5,FALSE,
ding ji,ChIJE2pX05EP2jERrujfXNEtboY,2.1,35,1,1.3372477,103.6970425,ding jianlin,B,0.050081667,58,FALSE,
jstt singapore pte ltd,ChIJOZyLY-QW2jERMqQKsoW41Ak,,,,1.330135,103.7143461,jstt singapore pte. ltd.,A,0,,FALSE,
pioneer hub muslim food,ChIJ6X1x3LoF2jERYtcYSw0ObU0,5,1,,1.3214645,103.6955902,chang cheng food & beverage pte. ltd.,A,0,0,FALSE,
sifu eating house chinese mixed rice,ChIJWcE4FwAF2jERRj9b_G9xSGk,,,,1.3218189,103.6952553,thunder tea rice pte ltd,B,0,,FALSE,
vm indian food pte. ltd.,ChIJzYh6P_4F2jERxVgUG_SJyms,4.7,75,,1.3218189,103.6952553,priyan indian food pte. ltd.,B,0.54682,5,FALSE,
wong fook ming,ChIJ-d0cRmMF2jER6aaSr0yp1Aw,,,,1.323622,103.6949039,wong chang yew jonathan,A,0,,FALSE,
min thet myo,ChIJq_Ims9EF2jERON1P3T6oQk4,,,,1.325408,103.695453,min investments pte. ltd.,A,0,,FALSE,
kedai makan siti corner,ChIJk4X3kmIF2jERgCaEgmpmPfk,,,,1.3264046,103.6961976,makan 7 pte ltd,A,0,,FALSE,
dapor kak long ( muslim),ChIJVVl2u-wF2jERHTqPBEH7XtU,5,2,,1.3209376,103.7089235,shuang long food enterprise pte. ltd.,A,0.26335,1,FALSE,
xi yan seafood restaurant 禧宴海鲜酒家,ChIJk_OaEA4F2jERK4K76TfkSGc,4.1,252,,1.321007,103.7089233,imperial treasure fine dining restaurant pte. ltd.,A,0.95342,5,FALSE,
jurong soon lee eating house,ChIJi0HoLYoP2jERvSvI8K_PMMI,3.8,203,1,1.3294606,103.7005767,lee poh keong,A,-0.04386,5,FALSE,
ks mixed vegetable rice,ChIJteOrSQA92jERKf14wedHTzw,5,2,,1.3294929,103.7005587,lau di fang scissors-cut curry rice pte. ltd.,A,0.33525,1,FALSE,
xin lai heng cafeteria,ChIJm6OrX_UP2jERKTEeEfGURTQ,,,,1.32697,103.707759,ho heng food & enterprise pte. ltd.,A,0,,FALSE,
jenny heng heng,ChIJ8YMctYAP2jERxBgVJbVTsjA,4.3,81,,1.3287562,103.6939115,ng heng,A,-0.26454,5,FALSE,
ji xiang vegetarian,ChIJx46HetMF2jEROF_4KBTbA1A,4.3,9,,1.3249184,103.6900266,nature vegetarian (suntec) pte. ltd.,A,0.60204,5,FALSE,
hoe kee noodle house,ChIJ_fRXp4wF2jERZjsOHEVqJQ8,4.7,24,,1.3250234,103.6900163,yu kee duck and noodle house pte. ltd.,A,0.71162,5,FALSE,
mummy noodle house,ChIJjYnPSgAF2jERJis7Ab87eDc,,,,1.3249202,103.6899642,yu kee duck and noodle house pte. ltd.,A,0,,FALSE,
hajjah faridah nasi padang,ChIJE6bqS3wF2jER5DyDWiFDK4w,4.6,129,,1.3249202,103.6899642,mount faber nasi lemak fast food shop pte ltd,A,0.82876,5,FALSE,
shang deng handmade noodles fishball noodle,ChIJ49bCdwAF2jERIlo8ZV8vxDQ,4,1,,1.3250449,103.6899909,the noodles pte. ltd.,A,0,1,FALSE,
san hup economical bee hoon and nasi lemak,ChIJf6kBRQAF2jER-DMEn0UN0mU,,,,1.3250449,103.6899909,lim bee kian annie,A,0,,FALSE,
pig’s organ soup,ChIJ_Rc_SAAF2jER2UDp37TF9-c,4.9,8,,1.3250449,103.6899909,authentic mun chee kee king of pig's organ soup pte ltd,B,0.58826,5,FALSE,
mediterranean food centre,ChIJW8vlSXwF2jERD0iPdXPxxJw,,,,1.3250449,103.6899909,best partners food management pte. ltd.,A,0,0,FALSE,
food factory catering,ChIJkyflPPUP2jERER1JmNcUu1Q,5,1,,1.3289709,103.706982,ho heng food & enterprise pte. ltd.,A,0,0,FALSE,
from bowl to soul (碗上有面),ChIJuzsqYAAF2jERZkoGi_R6tfk,4,1,,1.3253658,103.7101291,soul food enterprise private limited,A,0.1522,1,FALSE,
kong kee roasted food,ChIJhR8u_XsF2jERARhKkjhgL90,4,1,,1.325245,103.710235,ho heng food & enterprise pte. ltd.,A,0.3291,1,FALSE,
mehman restaurants( মেহমান রেস্টুরেন্ট এন্ড ক্যাটারিং),ChIJ08vuAgAP2jERU3vZ5RDl7oc,4.5,2,,1.3324305,103.6991287,sos restaurants pte. ltd.,A,0,0,FALSE,
pandiya's kitchen,ChIJr7QpIAAP2jERNdtD-bsdqUA,5,2,,1.3324892,103.6991502,seafood paradise (s) pte. ltd.,A,0.35445,1,FALSE,
aishwarya restaurant,ChIJV_-gNAAF2jER6wDybYRjRxM,,,,1.327354,103.6897919,aishwarya restaurant & catering pte. ltd.,B,0,,FALSE,
kaung myanmar home cuisine (ကောင်း အိမ်ချက်မြန်မာထမင်းဆိုင်),ChIJhSMMAKAP2jERWgjkqOnEZN0,5,1,,1.3325278,103.6987526,sea cuisine (marina bay) pte. ltd.,A,0.3384,1,FALSE,
poon kee traditional roasted duck wanton noodle,ChIJT8b8lyoF2jERvz2Kn-7INgU,4.6,61,,1.3325934,103.6991673,hock kee f&b pte. ltd.,A,0.93878,5,FALSE,
chop huat hwee food services pte ltd,ChIJT-tysI4P2jERgqXxRIGCuwo,,,,1.332606,103.6991369,chop huat hwee food services pte. ltd.,A,0,,FALSE,
angeles city bistro & restaurant,ChIJw7fLdRMP2jERI4GxFAIm_4c,,,,1.3326004,103.6987357,imperial treasure fine dining restaurant pte. ltd.,A,0,,FALSE,
lamiah briyani house pte ltd,ChIJTZWJsY4P2jERnJl0qkXn6Ps,3.8,19,,1.3326004,103.6987357,lamiah briyani house pte. ltd.,Unknown,0.09526,4,FALSE,
国泰民海鲜煮炒,ChIJL9_WuY4P2jERjGmWdT5z4vs,4.6,16,,1.3326551,103.6987247,,Unknown,0.64602,5,FALSE,
jack's place safra jurong,ChIJdzGUJvMP2jERvyYteznGcVc,3.8,714,2,1.3349032,103.7058618,lam's (singapore) culinary enterprise pte. ltd.,A,0.51648,5,FALSE,
radhuni restaurant,ChIJydD7XwAP2jERh8M-F1PA3O4,4,1,,1.3323869,103.6969236,texas chicken restaurant pte. ltd.,A,0,1,FALSE,
jsn restaurant pte. ltd,ChIJp6uq_Y4P2jERX_18Em1CjWc,4.2,46,,1.3324615,103.6968092,srn restaurant pte. ltd.,Unknown,-0.29222,5,FALSE,
hotpot master delivery,ChIJm46QTUUP2jERsjX_EL41IFA,4.9,66,,1.3291387,103.7090975,master crab seafood restaurant pte ltd,Unknown,0.92888,5,FALSE,
wai lin myanmar cuisine,ChIJN3r3uosP2jERHP6a1IO84Q0,1,1,,1.3330826,103.6976879,imperial treasure cantonese cuisine pte. ltd.,A,0,0,FALSE,
sincerity vegetarian food,ChIJCwTvqvQP2jERD0C7Apq6bEQ,,,,1.331912,103.705872,best partners food management pte. ltd.,A,0,,FALSE,
家乡小厨,ChIJ5YgQ0oMP2jER7YE4BsGArp0,3.8,58,,1.3335252,103.6997597,,Unknown,0.51904,5,FALSE,
sbm food corner (bangladeshi food),ChIJhxv_i7QP2jERiFx_sVhZkPA,4.9,13,,1.3334914,103.6984368,taster food pte. ltd.,A,0.72738,5,FALSE,
tian en vegetarian,ChIJPymFPdgP2jERY8lbvI1Lb0c,5,6,,1.3335188,103.6984796,nature vegetarian (suntec) pte. ltd.,A,0.50826,5,FALSE,
yang jie jie fish soup - 杨姐姐鱼汤,ChIJaxNO_SMP2jER7_x7GikLNeI,3,2,,1.3335403,103.6985138,soup fair pte. ltd.,A,0.20865,2,FALSE,
kaki corner,ChIJA8gSHgAP2jERe01Vt0eLM7g,5,5,,1.3336194,103.6998328,kampong corner pte. ltd.,Unknown,0.66402,4,FALSE,
nur sarah nasi padang,ChIJZSILZJkP2jERmUZeN_KLzjo,3.8,50,,1.333549,103.6985085,sarah naeem,Unknown,-0.03472,5,FALSE,
kay-tu myanmar cuisine - pioneer,ChIJmT-VI8IP2jERHWInpRFjtr4,4.2,60,,1.3335704,103.6984796,zap cuisine pte. ltd.,A,0.73198,5,FALSE,
7sl kitchen,ChIJCwE7BgAP2jER6oRAwvw_4lY,,,,1.3336673,103.699807,kitchen language pte. ltd.,A,0,,FALSE,
chinese garden,ChIJWa0LkY4P2jERXxKMi-I95HA,,,,1.3336549,103.6989769,kai garden private limited,A,0,,FALSE,
coffee specialty roaster pte ltd,ChIJQw48KvQP2jERsS48GZ7my1k,,,,1.3296279,103.7111095,the coffee roaster pte. ltd.,A,0,,FALSE,
mama's masala,ChIJ__dTeq8P2jER2IQ5hJpNy0Q,3.7,3,,1.3334878,103.7032806,seafood paradise (s) pte. ltd.,A,-0.0194,2,FALSE,
pizza hut,ChIJLVIrvFUF2jER0WsZuzODU-4,4.9,833,2,1.3256378,103.7251907,pizza hut singapore pte ltd,A,0.586732,125,FALSE,
ah er soup,ChIJLVIrvFUF2jERL9GD5qawkts,4.2,97,,1.3255659,103.7249765,the soup spoon pte ltd,A,0.5182,5,FALSE,
huan le you tiao 歡樂油條,ChIJd5xTc_sP2jER015X9CqWOrs,5,18,,1.3345777,103.7216851,jia jia le cuisine f & b pte. ltd.,A,0.76106,5,FALSE,
tien lai rice stall (天來飯店),ChIJE_rGC_sP2jERf3eeFcq2GTo,4.4,102,1,1.3346225,103.7214661,lau di fang scissors-cut curry rice pte. ltd.,A,0.45976,5,FALSE,
taman jurong market & food centre,ChIJHabbDPsP2jEROQtuba0GHhc,4.2,5373,1,1.3346605,103.7215524,taster food pte. ltd.,A,0.85772,5,FALSE,
kotobuki,ChIJaevVlVUF2jERgaorrauImrs,4,321,2,1.3255659,103.7249765,kotobuki restaurant (river valley) pte ltd,A,0.92192,5,FALSE,
kfc,ChIJvQCp6FUF2jERIYOD-jddkQw,3.9,1360,2,1.3262726,103.723827,,Unknown,0.207115238,105,FALSE,
mcdonald's,ChIJd0jKulUF2jERksNdpYAI2-s,4,1909,1,1.3262852,103.7245408,seafood paradise (s) pte. ltd.,A,0.29621625,80,FALSE,
hai zhong bao,ChIJsYEsvb8F2jERmQv0TEJGMe0,4.2,15,,1.3246712,103.7224575,lee quan (hai zhong bao) pte. ltd.,Unknown,0.85926,5,FALSE,
geylang grill street food,ChIJ43S1MgAF2jERfnqUfnsIHDM,5,1,,1.3247337,103.722978,best partners food management pte. ltd.,A,0,0,FALSE,
tai feng wei (taman jurong),ChIJQyvi4wgF2jER1fw6iMuy7O0,5,3,,1.3253367,103.7227738,wah feng pte. ltd.,A,0.697433333,3,FALSE,
tj curry house pte ltd,ChIJQTak0NAF2jERnRR057LDHVg,,,,1.3253218,103.7228409,curry house 25 pte. ltd.,Unknown,0,,FALSE,
jj wines,ChIJ0fduNdDkfAYRDjBLLgiObJk,,,,1.3205103,103.7271486,jj-17 pte. ltd.,A,0,,FALSE,
a kitchen,ChIJR-MxNrUF2jERQ9wVwBhg--Y,3.7,81,,1.3256022,103.7248026,java kitchen pte. ltd.,Unknown,0.64284,10,FALSE,
德记潮州鱼汤 teck kee teochew fish soup,ChIJZ-YzxzkF2jER-nLVZhNZXu8,3.9,18,,1.3256457,103.7247831,the soup spoon pte ltd,A,0.5934,5,FALSE,
devil's kitchen,ChIJB198_AoF2jER7pG_JPr3f4U,4.4,209,,1.3256944,103.7247404,seafood paradise (s) pte. ltd.,A,0.9247,5,FALSE,
corporation drive economic rice,ChIJx0BJe8cF2jERK5Re3SGK5yg,3,2,,1.3267854,103.7231445,liao fan hk soya sauce chicken rice & noodle (chinatown) pte. ltd.,A,0.32335,2,FALSE,
jtk food & beer house,ChIJXeoiYWMF2jERbGzEkOmpme0,3.5,6,,1.3265651,103.7163268,ho heng food & enterprise pte. ltd.,A,-0.1095,4,FALSE,
kiindo grill,ChIJgymcMzkF2jER4VK3gaIHcG0,5,17,,1.3268617,103.723396,market grill pte. ltd,A,0.95648,5,FALSE,
teng sheng roasted delights,ChIJ1a56MfcF2jERfFE6JEZQbZY,2.1,9,,1.3255893,103.7253577,guan chee hong kong roasted duck pte. ltd.,A,-0.02414,5,FALSE,
dc gourmet teochew porridge & rice,ChIJz470TgAF2jERAg451xiqrIw,,,,1.3253859,103.7255711,qi ji gourmet pte. ltd.,A,0,,FALSE,
thai chef,ChIJh2pHGgAF2jERiiX-nJvms5E,4,2,,1.3255629,103.7253959,mama thai kitchen pte. ltd.,A,0.53605,2,FALSE,
kampong house mini wok,ChIJGbzFAwAF2jERrv97R3Bc6fg,4.4,5,,1.3254147,103.7255663,yu kee duck and noodle house pte. ltd.,A,0.4583,5,FALSE,
jindian pig organ soup and kway chap,ChIJuQNLHccF2jERHkh1SZW4sRU,,,,1.3254948,103.7255026,the soup spoon pte ltd,A,0,,FALSE,
zhen neng zhu ban mian & fish soup 真能煮,ChIJ4-abbwAF2jERgcQqf6uonzY,4,1,,1.3255769,103.7254607,the soup spoon pte ltd,A,-0.0772,1,FALSE,
"teng sheng western, japanese and korean cuisine",ChIJoUcdBwAF2jERuS6H_OJTgi0,3.4,5,,1.3255016,103.725544,shivshil cuisine pte. ltd.,A,-0.04714,5,FALSE,
欢喜小馆 heyjoy kitchen,ChIJP-f1qDIF2jER8bqC9CaIdII,4.6,9,,1.3263056,103.7246177,the butcher's kitchen pte ltd,A,0.4787,5,FALSE,
wonderful la mian • xiao long bao,ChIJ52UyEwAF2jERD9gYzuOfA0c,4.3,3,,1.3255255,103.7255389,bao today pte. ltd.,B,0.4276,2,FALSE,
jia yan seafood 家宴海鲜馆,ChIJU2Q_SgAF2jERx3JVePyNM6c,3.8,11,,1.3255518,103.7255315,marina live seafood & steamboat pte ltd,B,0.41976,5,FALSE,
coffee inn's,ChIJ3QO2DAAF2jERPxsgMAnb59U,1,5,,1.3255743,103.7255253,seafood paradise (s) pte. ltd.,A,0.1674,5,FALSE,
ah er soup 阿2煲靓汤,ChIJIfPMulUF2jERZOv8toXbsJU,4.2,91,,1.3256138,103.7255114,arcade fish soup pte. ltd.,A,0.64758,5,FALSE,
kingdian pig organ soup,ChIJX4EPVwAF2jER4532x_XGcAc,,,,1.3257063,103.7254926,chuan yang ji mutton soup steamboat pte. ltd.,B,0,,FALSE,
nenek recipe,ChIJh5TZBQsF2jERKB010RcLmP8,3.9,39,,1.3257063,103.7254926,secret recipe international pte. ltd.,A,0.36061,10,FALSE,
shun heng bbq,ChIJo72SHR8F2jERGdbMnKwnqsE,4.8,163,,1.3257489,103.7254765,ho heng food & enterprise pte. ltd.,A,0.55222,10,FALSE,
song yang fishball noodle • pig's organ soup,ChIJiV30UAAF2jERDUVeN_zra9E,,,,1.3257747,103.7254719,seafood paradise (s) pte. ltd.,A,0,,FALSE,
soalis curry indian restaurant,ChIJs9OuXfgP2jERkBfv0_eJGvE,5,1,,1.3285901,103.7197016,imperial treasure fine dining restaurant pte. ltd.,A,0,0,FALSE,
solais enterprises,ChIJmw5hFwAP2jERwm5DlX5yGtg,,,,1.3286288,103.7195631,r e & s enterprises pte ltd,A,0,,FALSE,
158 seafood 煮炒,ChIJLeIkhSgP2jERFJnqCOUJXD8,3.8,50,,1.3284288,103.722504,seafood paradise (s) pte. ltd.,A,-0.43924,5,FALSE,
catpura coffee (home based),ChIJiyd6gTsP2jERA-g3fmoa2wc,5,1,,1.3296855,103.7220095,the coffee bean & tea leaf (singapore) pte ltd,A,0.8652,1,FALSE,
786 spices pte ltd,ChIJdZ8sgU8b2jERSYDNCfpumO8,5,2,,1.3204172,103.7301385,seafood paradise (s) pte. ltd.,A,0.28595,1,FALSE,
the food space,ChIJodmwAvcP2jER8cnd1_Hoang,,,,1.3301753,103.7145019,the exchange asia square pte ltd,A,0,,FALSE,
campovilla,ChIJodmwAvcP2jER4TjRYfIQWUU,,,,1.3301753,103.7145019,,Unknown,0,,FALSE,
teban market place,ChIJj_R4uqUa2jER5f3xsgsfE7k,4,2469,1,1.3208233,103.742794,old tea hut (raffles place) pte. ltd.,A,0.48612,5,FALSE,
bali thai (imm),ChIJa2nb2g0Q2jERlidtvbxf1Rk,4.4,2247,2,1.3355188,103.7465842,mama thai kitchen pte. ltd.,A,0.9555,5,FALSE,
paofan paradise 泡饭天-t.k kitchen,ChIJ__-PpKUa2jERpF99Ti667F8,4,160,,1.3204625,103.7428776,x & k food pte. ltd.,A,0.37426,5,FALSE,
vivavox,ChIJDd8JhqAa2jEREKIGssU4qN0,4,86,2,1.3272966,103.7493495,,Unknown,0.9572,5,FALSE,
rendezvous bistro & bar,ChIJJyGW2gsQ2jERcmfbaL3nxLk,4.4,58,,1.3299709,103.7469668,porters restaurant bar private limited,A,0.83296,5,FALSE,
swagat indian vegetarian,ChIJBe6cy6YZ2jERxnqBQNMsMfY,4.3,213,,1.3318411,103.7452412,taj authentic indian cuisine pte ltd,B,0.93094,5,FALSE,
rumah sayang,ChIJ7-Js4A4Q2jERtbZzV3K-AxU,3.8,588,2,1.3333004,103.74346,rumah bebe pte. ltd.,Unknown,0.6521,5,FALSE,
ichiban boshi (jem),ChIJn8GaAw8Q2jER9hdThzT0Mf4,4.1,653,2,1.3334715,103.7430161,,Unknown,0.51492,5,FALSE,
sushi tei,ChIJ-YhF5w4Q2jERMImqhYDH3PU,4.1,825,2,1.3333429,103.7438035,sushi-tei pte ltd,A,0.737818182,55,FALSE,
lee wee & brothers,ChIJQ1yL3w4Q2jER5rhj00bjvxk,3,41,,1.333462,103.7434183,lee wee & brothers' foodstuff pte. ltd.,A,0.31204,10,FALSE,
brotzeit german beer bar and restaurant @ westgate,ChIJHQALBw8Q2jERTRbxK3smjw0,4.2,1784,2,1.3336757,103.7425569,texas chicken restaurant pte. ltd.,A,0.8597,5,FALSE,
din tai fung @ jem,ChIJhbwS4A4Q2jERJO_vI09C0bg,4.3,1227,2,1.3336008,103.7432007,hao fung international pte ltd,A,0.67138,5,FALSE,
ya kun kaya toast (jem),ChIJjWzc3w4Q2jERcCHkdGMg-qk,3.4,287,1,1.333541,103.7435568,ya kun kaya toast coffeestall since 1944 pte. ltd.,B,0.1639,5,FALSE,
poulet - westgate,ChIJ2Wn_qg8Q2jERczXkF6FV3nU,4.7,10433,,1.3338231,103.7424817,cafe concepts westgate pte. ltd.,A,0.6569,5,FALSE,
tori-q jem,ChIJiWSXAg8Q2jER3GNTBbwDquM,4.3,109,1,1.3336377,103.7433555,don and tori pte ltd,A,0.64498,5,FALSE,
seorae jib (jem),ChIJVVVR4w4Q2jERUjK6tn5v7qM,4.5,3729,,1.3335763,103.7437673,en sakaba @jem pte. ltd.,A,0.52166,5,FALSE,
song fa bak kut teh jem,ChIJr3uF4Q4Q2jERgWKW2STF_q4,4.5,974,2,1.3336198,103.7436998,old street bak kut teh (fn) pte. ltd.,A,0.6336,5,FALSE,
jack's place jem,ChIJReunHQ8Q2jERpOkqPd4g7GM,3.9,1079,2,1.3337765,103.7436699,seafood paradise (s) pte. ltd.,A,0.9375,5,FALSE,
anjappar,ChIJO5v3sQ8Q2jERd51Ho9mhss0,4.1,1630,2,1.3340274,103.7427502,chennai's anjappar chettinaadu restaurant pte. ltd.,A,0.75134,5,FALSE,
miam miam french japanese cafe kitchen (westgate)- all day dining,ChIJtSWVqA8Q2jER4pDxDNMNoLI,4.6,5150,2,1.3341307,103.7425238,ycp dining singapore pte. ltd.,A,0.9753,5,FALSE,
kushiya japanese grill house,ChIJYZeQpw8Q2jERogJHqQbzii4,4.3,430,,1.3341863,103.7428516,zensho japanese restaurant company pte. ltd.,A,0.67938,5,FALSE,
paradise dynasty 樂天皇朝 at westgate,ChIJx4Watw8Q2jERuRfOeXNU-js,4.2,1411,2,1.3341278,103.74345,subs at vcity pte. ltd.,A,0.5923,5,FALSE,
tim ho wan,ChIJhTNgqg8Q2jERhKyZxs5QY_I,4.2,1906,2,1.3343784,103.7426548,ho heng food & enterprise pte. ltd.,A,0.83092,5,FALSE,
al ameen cuisine - trade hub 21,ChIJ____N3UQ2jERqI3R_9LkDtk,,,,1.3274992,103.7534828,al brothers pte ltd,Unknown,0,,FALSE,
southwest tavern,ChIJG-xjZ3UQ2jER__adp7zsEsM,4.2,394,2,1.3275574,103.7531283,southwest tavern pte. ltd,B,0.87004,5,FALSE,
popeyes @ imm,ChIJH1FD3A0Q2jERJqpUhkuoiNo,4.3,849,2,1.3340491,103.7466256,xian ding wei @ imm pte. ltd.,A,0.5791,5,FALSE,
wan chai hongkong tea room,ChIJa2nb2g0Q2jERDGqm-evvNFQ,3.2,559,,1.3347357,103.7467605,the coffee bean & tea leaf (singapore) pte ltd,A,0.92734,5,FALSE,
subway,ChIJ-f__fw4Q2jERKIQM1DENB2A,4.2,301,2,1.3349575,103.7468492,subway harbourfront pte ltd,A,0.178081667,239,FALSE,
seoul garden hotpot & cafe imm,ChIJqzjMdA4Q2jERhp5llpougBk,4.8,2004,2,1.3349575,103.7468492,bru cafe pte. ltd.,A,0.881,5,FALSE,
sushi express - imm,ChIJa2nb2g0Q2jERGECW-q_mtUk,4.1,1240,1,1.3351036,103.7469496,osahime sushi restaurant pte ltd,A,0.44866,5,FALSE,
ya kun kaya toast (imm),ChIJzW-f0Q0Q2jER9ggtqF9acL4,3.5,246,1,1.3350903,103.7471918,ya kun kaya toast coffeestall since 1944 pte. ltd.,B,0.71724,5,FALSE,
domino's pizza jurong east,ChIJ_3Q7KRAQ2jERgBXnWzGcea8,3.3,281,2,1.3367195,103.7429007,lam's (singapore) culinary enterprise pte. ltd.,A,0.09872,5,FALSE,
mcdonald's tradehub 21,ChIJgfDeyQoQ2jEROJahH-Ul9Ow,4.1,2344,1,1.3281842,103.7516576,lam's (singapore) culinary enterprise pte. ltd.,A,0.00102,5,FALSE,
faber valley pub & restaurant,ChIJXY4jC5ka2jER7-pcR1iUa70,4.6,127,1,1.3204035,103.7564168,imperial treasure fine dining restaurant pte. ltd.,A,0.79218,5,FALSE,
风之味煮炒,ChIJrS040mQb2jERbMjo1cKfxHs,5,2,,1.320568,103.7423574,,Unknown,0.8425,2,FALSE,
37 teban gardens fishball noodle 德曼花园纯正鱼丸面,ChIJ26cU9MEb2jERiLdLMTOJ6PE,3,1,,1.320568,103.7423574,gardens by the bay,A,0.4404,1,FALSE,
aj fishball minced meat noodle,ChIJfZC3VwAb2jER7g3-EaCBrag,4,3,,1.3219153,103.7416108,meat hero pte ltd,A,0.434266667,3,FALSE,
ri sheng seafood 日升海鲜小厨,ChIJH2ARMa8a2jERxRzQbD0QwDw,4.4,28,,1.3220796,103.7384984,marina live seafood & steamboat pte ltd,B,0.7695,5,FALSE,
yik seng eating house,ChIJH2ARMa8a2jERxI4dz-V83O0,3.3,3,,1.3220796,103.7384984,yu kee duck and noodle house pte. ltd.,A,0.452566667,2,FALSE,
ahmad delights,ChIJpQEUaQAb2jER8JBEQaKJlI0,4.8,23,,1.3220967,103.7384605,formosa delights pte ltd,A,0.6899,5,FALSE,
ban mian. fish soup,ChIJwc1kxiwb2jER5m9g3BN4psg,3.7,3,,1.3220967,103.7384605,soup restaurant singapore pte. ltd.,A,0.180114286,5,FALSE,
"猪杂粥,汤. 猪脚醋",ChIJz9gLNQAb2jERkSgHr60zWA4,,,,1.3221017,103.7384657,,Unknown,0,,FALSE,
blk 61 ch hk style charcoal roasted duck,ChIJMa2aMa8a2jERUDoD74-CwpA,2.9,7,,1.3221205,103.7384629,new style (lps) pte. ltd.,Unknown,0.28744,5,FALSE,
hwee teng chicken rice,ChIJIRgaGwAb2jERzVwlBsow4EY,5,1,,1.3221121,103.7384347,texas chicken restaurant pte. ltd.,A,0.7269,1,FALSE,
tm restaurant,ChIJbXBsewAb2jERH5gn6eneL0I,5,1,,1.322148,103.7383344,texas chicken restaurant pte. ltd.,A,0.8854,1,FALSE,
gu zao 古早,ChIJDzSicXgb2jERhQ4nFO72uaY,3.8,9,,1.3206765,103.742732,gu thai skyview pte. ltd.,A,0.51278,5,FALSE,
poh poh roasted chicken rice,ChIJVVWFpKUa2jERUL-eNR2_4hc,3.6,14,,1.3208937,103.7426929,lau di fang scissors-cut curry rice pte. ltd.,A,0.76536,5,FALSE,
zhong zhong ngoh hiang xia bing • bee hoon • wu xiang - 中中五香 虾饼 · 米粉,ChIJAUGbKwAb2jERsIpJxbCuhig,4.7,22,,1.3204962,103.7428011,lim bee kian annie,A,0.8555,5,FALSE,
long yuan healthy fish meat soup,ChIJ5WWwr6Ua2jER6Ljh9BgevXQ,4.7,3,,1.3205725,103.7428141,soup fair pte. ltd.,A,0.5411,3,FALSE,
le ping healthy fish meat soup,ChIJm1PTlzIb2jEROYxOzsnSODQ,4.8,8,,1.3208803,103.7427586,soup fair pte. ltd.,A,0.5216,5,FALSE,
fishball minced pork noodle,ChIJ78QpTwAb2jER2kv7VspZxN8,5,1,,1.3208952,103.7427647,liao fan hk soya sauce chicken rice & noodle (chinatown) pte. ltd.,A,0.9792,1,FALSE,
haji e-moiden food stall,ChIJyT6CuaUa2jERkQYyhx57XWA,4.6,58,,1.3208287,103.7427862,chang cheng food & beverage pte. ltd.,A,0.79076,5,FALSE,
p. baharnisha muslim food stall,ChIJWc3ssKUa2jERsQGFbfaLzwE,4.6,17,,1.32086,103.7427811,taster food pte. ltd.,A,0.78776,5,FALSE,
捷兴 jh,ChIJX83ssKUa2jERADuCJbxK_tw,4.1,11,,1.32086,103.7427812,jh floworks pte ltd,A,0.62588,5,FALSE,
old place coffee 老地方咖啡,ChIJl7Mt2S4b2jER4cqFkLjWtIE,4.7,6,,1.32086,103.7427812,starbucks coffee singapore pte. ltd.,A,0.42632,5,FALSE,
happiness healthy fish meat soup,ChIJsR15T-0b2jERpgjITh6CZM4,4.2,9,,1.32086,103.7427812,soup fair pte. ltd.,A,0.5964,5,FALSE,
masala curry chicken noodle 咖喱鸡面,ChIJh0USdNIb2jERlV50n9wZwic,3.9,11,,1.32086,103.7427812,s.v. curry pte. ltd.,B,0.38046,5,FALSE,
chin huat live seafood,ChIJxescUYEa2jERQAF3aQjd56U,4.3,1474,2,1.3222771,103.7695981,chin huat live seafood pte ltd,A,0.96348,5,FALSE,
common grill @ 308 clementi,ChIJeZSQYIQa2jER1tQr5IPcij8,3.9,290,2,1.3209378,103.767042,d'grill pte ltd,A,0.05326,5,FALSE,
ding ji teochew noodle,ChIJRdLw_o4a2jERrNlF1DWlC7U,3,55,,1.3176728,103.7690165,yu kee duck and noodle house pte. ltd.,A,0.42943,20,FALSE,
mariners' corner restaurant,ChIJbfDuOGwZ2jER0mtQ4rwdx7Q,4.3,1163,2,1.322078,103.7695238,imperial treasure fine dining restaurant pte. ltd.,A,0.94158,5,FALSE,
where to eat catering singapore,ChIJMYKIO24Q2jERkFAdIppe3Ew,,,,1.3367222,103.7595265,suntec singapore international convention & exhibition services pte. ltd.,A,0,,FALSE,
famous jb 101 @ bukit batok (main),ChIJaXq0JG4Q2jERggfc-CzhJh0,4.4,1895,2,1.3370671,103.7595727,the famous amos chocolate chip cookie singapore pte ltd,A,0.924,5,FALSE,
evertop hainanese boneless chicken rice pte ltd,ChIJO-FlOIka2jERe4Jxr4p1bco,4.2,1023,2,1.3145992,103.7702197,evertop hainanese boneless chicken rice pte. ltd.,B,0.85196,5,FALSE,
food loft® (clementi avenue 4),ChIJOe4QRYQa2jERv4ipHTmwrz8,3.8,174,1,1.3210521,103.7668438,quik food pte. ltd.,B,-0.03238,5,FALSE,
banh banh banhmi deli,ChIJ92V6Qywb2jER4HFANggYmpI,4.6,7,,1.3219195,103.7622052,co hai banh mi vietnamese baguette no 2 pte. ltd.,B,0.18724,5,FALSE,
rollin bowl,ChIJX8tkHmQb2jEREI4sR0Mm5Fw,4.9,115,,1.3219195,103.7622052,ninja bowl pte ltd,A,0.90862,5,FALSE,
tiang seng seafood,ChIJIe5dPgAb2jERMNggwcyVLFo,3.8,5,,1.3219938,103.7621727,seafood paradise (s) pte. ltd.,A,0.24606,5,FALSE,
jovis cafe - the dining place,ChIJz86GbZka2jERAFWm-I-74wU,4.5,407,2,1.3205816,103.7565771,bru cafe pte. ltd.,A,0.94728,5,FALSE,
lee's taiwanese,ChIJ6wPSCpka2jERY4aGT9ER4LI,4.2,558,2,1.3203926,103.7564325,seafood paradise (s) pte. ltd.,A,0.73826,5,FALSE,
tiger thai food,ChIJIfWowxUb2jERRkh3GaUYNl4,4.2,5,,1.3219181,103.763383,ho heng food & enterprise pte. ltd.,A,0.3689,5,FALSE,
jang san korean restaurant 장산왕족발,ChIJH2qMV_Ab2jERmx2LbOg0S1Y,4.6,242,,1.3171058,103.7571912,imperial treasure fine dining restaurant pte. ltd.,A,0.84644,5,FALSE,
springleaf prata place - newest mall,ChIJeXl_t04b2jERZkfayJAhy7I,4.4,1325,1,1.3171517,103.7571228,prime prata pte. ltd.,C,0.88312,5,FALSE,
bombay grill - authentic north indian restaurant,ChIJJajGausb2jERWTnnTRxm1w8,4.4,87,,1.3168845,103.7573947,restaurant majestic pte. ltd.,A,0.25714,5,FALSE,
lino @ binjai park,ChIJUw9ZUoUQ2jER2vah4NE87Io,4.6,1574,2,1.3357543,103.7866954,park bench delicatessen pte ltd,A,0.88996,5,FALSE,
the french ladle,ChIJF-vjHn0a2jERpZtS-wurcSo,4.6,391,2,1.320433,103.7789611,the french ladle llp,A,0.97194,5,FALSE,
tropic foods catering,ChIJK5kRJXwa2jERNtajE-BBZR0,1,1,,1.321744,103.779003,nagayama foods singapore pte. ltd.,A,0.4184,1,FALSE,
sushi tei,ChIJezKgA2sa2jERFS6QSgAb8gM,4.6,1255,2,1.3114782,103.7937223,sushi-tei pte ltd,A,0.737818182,55,FALSE,
appetite75,ChIJq8-3Wnwa2jERt1MkRRZXccA,,,,1.320433,103.7789611,,Unknown,0,,FALSE,
金山嶺 kim san leng (blk 887 bukit timah),ChIJkXT2vpsQ2jERsfwDawDxxuo,3.9,106,1,1.332742,103.790932,nan siong leng,A,0.57522,5,FALSE,
"le rida (mediterranean. french. north indian).bukit timah, six avenue",ChIJaUeopZsQ2jER5lgsno5fs3s,4.2,762,2,1.3331651,103.790322,jia jia le cuisine f & b pte. ltd.,A,0.8998,5,FALSE,
canadian 2 for 1 pizza,ChIJwykq0J4Q2jERViZ7ENWjZ88,3.3,52,,1.3370096,103.7796827,domino's pizza singapore pte. ltd.,A,0.393602857,35,FALSE,
eaglewings loft,ChIJl6N0kIgQ2jERi2bx8pudhfU,4.7,2130,2,1.3370926,103.7794196,eaglewings loft pte. ltd.,Unknown,0.92396,5,FALSE,
e-sarn thai ridgewood,ChIJlyVkO2Ma2jERmk9T7D6j05k,3.9,81,,1.3166908,103.778965,m. e. sicat investment & consulting pte. ltd.,A,-0.1804,5,FALSE,
choupinette,ChIJMXZ0hwga2jERlNKmKczkREY,4.4,651,2,1.324359,103.809545,,Unknown,0.88158,5,FALSE,
my little spanish place,ChIJfwswfQga2jER-L8SjTGA370,4.4,596,3,1.3245063,103.8093541,crystal jade my bread (tbp) pte. ltd.,Unknown,0.91772,5,FALSE,
peperoni pizzeria,ChIJN22jf6YQ2jERzaABnncXCHc,4.5,1000,2,1.3312636,103.8072582,bruno's pizzeria&grill llp,A,0.85275,10,FALSE,
brazil churrasco,ChIJVYlkhXYa2jERcla6QG73Pu0,4.9,4996,2,1.33083,103.7949929,,Unknown,0.9468,5,FALSE,
selera rasa nasi lemak,ChIJv4Mk4QYa2jERczmNSOPbWeY,4,546,1,1.3241634,103.8143035,yanti nasi padang restaurant pte ltd,B,0.8793,5,FALSE,
relish by wild rocket,ChIJ-zEJvQYa2jERd8vrJa_-zzw,4,830,2,1.3225945,103.8144895,the soul kitchen by big d pte. ltd.,A,0.97742,5,FALSE,
da paolo gastronomia - bukit timah,ChIJUwKqvQYa2jER3tBFVlqmXZI,3.9,742,2,1.3227145,103.8145187,shun da food pte. ltd.,Unknown,0.47924,5,FALSE,
bunga raya prata hut,ChIJVVUAAKQX2jEROpBQ1JYkgHk,4.2,57,,1.3163893,103.8057652,old tea hut (marina bay) pte. ltd.,A,-0.07768,5,FALSE,
bumbu restaurant,ChIJTcC3mA8a2jER8_61xS6bFN0,4.4,301,2,1.319337,103.8087819,texas chicken restaurant pte. ltd.,A,0.96048,10,FALSE,
delifrance singapore - bukit timah express corner,ChIJ6zSZ26EQ2jERacU9VqcoLzI,,,2,1.32996,103.798963,ycp dining singapore pte. ltd.,A,0,,FALSE,
shell,ChIJPxkQ5aEQ2jERdkapcj4Gj_Q,3.7,34,2,1.330957,103.798984,,Unknown,0.194250769,65,FALSE,
penang kitchen,ChIJEateaxUEBBARCgDGTnv2658,3.9,232,2,1.3233231,103.8105338,island penang kitchen pte ltd,B,0.48298,5,FALSE,
6th avenue wanton mee,ChIJP9F23Z4Q2jERqZXXwXcXlqs,4.1,327,1,1.3305623,103.7949324,chilli pan mee (batu rd) pte. ltd.,B,0.85372,5,FALSE,
caruso,ChIJdbOELZ8Q2jER1jyouKcCxzc,4.4,577,2,1.3311661,103.7961268,caruso ristorante pte. ltd.,A,0.94708,5,FALSE,
go2eat,ChIJLejpz54Q2jERV6sAPPVQuTk,3.8,97,,1.3309952,103.794764,,Unknown,0.14688,5,FALSE,
atlas coffeehouse,ChIJV7Z0bwYa2jER98QDzqfnkgE,4.2,1781,2,1.3230717,103.8120524,lowe sandwich bar & coffeehouse llp,A,0.92434,5,FALSE,
meat n' chill,ChIJSWafK5kQ2jERaQ1kiqBGY3c,4.4,1654,2,1.3315047,103.7950177,s&n international pte. ltd.,A,0.94582,5,FALSE,
fat belly steakhouse,ChIJYWYikAYa2jER6ugFpTiBKWA,4.4,1249,,1.3225386,103.8136409,ng sing fat,A,0.88342,5,FALSE,
da paolo pizza bar,ChIJC4laE2sa2jER0hf-BnwnWt4,4.1,516,2,1.3104885,103.7963492,da paolo pizza bar pte ltd,A,0.87362,5,FALSE,
adam food centre,ChIJv4Mk4QYa2jERlGncaOIvpW4,4.1,8110,1,1.3240414,103.8141545,ho heng food & enterprise pte. ltd.,A,0.43118,5,FALSE,
no. 1 adam's nasi lemak,ChIJv4Mk4QYa2jERIgWstawGrA8,3.1,154,,1.3240414,103.8141545,lam's (singapore) culinary enterprise pte. ltd.,A,0.39946,5,FALSE,
the living cafe,ChIJCVEAMZ8Q2jERADAqDsnXjss,3.8,498,2,1.3310546,103.79644,the living cafe pte. ltd.,A,0.91916,5,FALSE,
cha cha cha mexican restaurant,ChIJpf6Wl2sa2jER6PON2f0Agl8,4.5,2354,2,1.3117599,103.7946859,imperial treasure fine dining restaurant pte. ltd.,A,0.83304,5,FALSE,
2am: dessertbar,ChIJEx4WUmoa2jEROwYYImtCQNg,4.7,2081,,1.310187,103.794911,,Unknown,0.9488,5,FALSE,
greenwood fish market | seafood restaurant & market in bukit timah,ChIJAwFUL6QQ2jERRnZAgGX_g1k,4.4,2598,3,1.3317747,103.806434,seafood paradise (s) pte. ltd.,A,0.81332,5,FALSE,
sabroso,ChIJdc_8l2sa2jERiQsz3QlXNHQ,,,,1.311674,103.7948571,,Unknown,0,,FALSE,
two chefs eating place,ChIJG9GVwT8a2jERvxDHau3hggQ,4.1,1730,2,1.3071212,103.8001186,two chefs eating place pte. ltd.,B,0.74883,10,FALSE,
shin yuu @ greenwood,ChIJBR2TgaYQ2jERS4RMTMzPUUQ,4.3,568,2,1.3312392,103.8071819,shin jong ran,A,0.92918,5,FALSE,
spizza bukit timah,ChIJgV6cme8Z2jERnLX-FJgUBf8,4.2,672,2,1.3167087,103.8352528,manbok bukit timah pte. ltd.,B,0.7386,5,FALSE,
miyabi japanese restaurant,ChIJ04oiK_kZ2jERX0ctMP0WwiY,4,111,,1.3219317,103.8245858,hyangtogol (korean restaurant) pte. ltd.,A,0.79782,5,FALSE,
the dining room,ChIJ04oiK_kZ2jERpzqTReyffuM,3.9,15,,1.3219047,103.8247303,the exchange asia square pte ltd,A,0.51288,5,FALSE,
the café & terrace restaurant,ChIJFUNR1fgZ2jER8_PFL26c8Ao,3.9,75,,1.3217087,103.8253106,gardens by the bay,A,0.88326,5,FALSE,
grub stevens road,ChIJNX0hZdgW2jERAtCfhtkha58,4.2,1946,2,1.3136339,103.8286023,xixiang kaya kopitiam (robinson road) pte. ltd.,A,0.55828,5,FALSE,
akane japanese restaurant (members only),ChIJFzRwWakQ2jER4xnnIvUAwG4,4.5,91,,1.330341,103.8157055,mouth restaurant pte ltd,A,0.76158,5,FALSE,
donguri family restaurant (member’s only),ChIJFzRwWakQ2jERhCPJUvP8VQM,4.2,95,,1.3308434,103.8160288,s&n international pte. ltd.,A,0.7523,5,FALSE,
the orchard cafe,ChIJsdmes4wZ2jEROYrF2YG1bO0,4.4,1051,,1.3075322,103.8286,the exchange asia square pte ltd,A,0.99154,5,FALSE,
mexico mamma,ChIJ6U1iz4wZ2jERChczH4yXVKM,4.3,105,,1.307336,103.8293782,mamma''s kitchen pte. ltd.,A,0.91328,5,FALSE,
the lobby lounge at shangri-la singapore,ChIJH09FcvQZ2jER_Wm_1VE35QY,4.4,257,,1.3111394,103.8266805,the flying bread pte ltd,B,0.96734,5,FALSE,
smiths authentic british fish and chips - balmoral plaza,ChIJRdH4mu8Z2jER2VUDYVxkEeQ,4,1550,2,1.3163059,103.835711,arcade fish soup pte. ltd.,A,0.61148,5,FALSE,
mcdonald's,ChIJ0yImFPAZ2jERUTiyvQyXlLI,4,1181,1,1.3062146,103.82876,seafood paradise (s) pte. ltd.,A,0.29621625,80,FALSE,
ishinomaki grill & sake,ChIJNTMA6IwZ2jERDdtQN0z6imM,4.4,429,,1.3066034,103.8294809,ishinomaki sake grill pte. ltd.,A,0.95274,5,FALSE,
subway,ChIJnzw-g-cZ2jERCJ-kZviTxN8,4,159,2,1.3205278,103.8438937,subway harbourfront pte ltd,A,0.178081667,239,FALSE,
subway,ChIJq6qqwmYX2jERYr_MX9AI_6c,3.4,176,2,1.3319565,103.848158,subway harbourfront pte ltd,A,0.178081667,239,FALSE,
founder bak kut teh,ChIJCy7E1tgZ2jERQ55jWkTNmJQ,4.1,1116,2,1.3242731,103.8510223,old street bak kut teh (fn) pte. ltd.,A,0.95596,5,FALSE,
canadian 2 for 1 pizza,ChIJAzojA9kZ2jER1M3ejWO2EB0,4.6,436,,1.3239629,103.8527545,domino's pizza singapore pte. ltd.,A,0.393602857,35,FALSE,
safra toa payoh,ChIJZ8Pfa2MX2jER7O1oImJ0ViY,4.3,3419,,1.3302722,103.8546716,mouth restaurant (toa payoh) pte ltd,A,0.3067,5,FALSE,
saladstop! novena square,ChIJnzw-g-cZ2jERCkE6CK2nf4k,4.1,177,,1.3205712,103.8436924,epicurean concepts marina square pte. ltd.,A,0.91074,5,FALSE,
ng ah sio bak kut teh (rangoon road),ChIJaVvEL9sZ2jER1hIYqxs_yxI,4.4,3440,2,1.3176018,103.8528465,ng nyin leong,A,0.89394,5,FALSE,
kfc (novena square),ChIJnzw-g-cZ2jERpLm2T2CaNdA,3.7,539,2,1.3199572,103.8439076,the exchange asia square pte ltd,A,0.3759,5,FALSE,
oopen,ChIJZ06F8N8Z2jERPTV-hNH4jd4,4,72,,1.3262742,103.8455752,,Unknown,0.9018,5,FALSE,
soup restaurant,ChIJswRqCegZ2jERkzvdDnu8ero,4.4,572,2,1.3171483,103.8438852,soup restaurant singapore pte. ltd.,A,0.71154,5,FALSE,
wee nam kee hainanese chicken rice restaurant,ChIJo_3G2eYZ2jERGaZZV5DH0Lc,4.1,1901,2,1.3170307,103.8438731,tung yang wee arthur,A,0.54738,5,FALSE,
chicken hotpot (novena square2),ChIJdUi9XecZ2jERo4fAiX1lssI,4.2,370,,1.3207811,103.8439217,nsb hotpot pte. ltd.,Unknown,0.8019,5,FALSE,
jalan kayu the prata cafe,ChIJx3dfCOgZ2jERO-vkvXWijb4,3.9,299,1,1.3171849,103.8436045,alan,B,0.5561,5,FALSE,
wahiro pte ltd,ChIJx7kfx-cZ2jERKWNwGNtmFyU,5,1,,1.3181765,103.8428416,wahiro pte ltd,A,0,0,FALSE,
nickeldime drafthouse,ChIJq6qqqucZ2jERnkb8SUBjY10,4.2,340,2,1.3208647,103.8417567,,Unknown,0.5507,5,FALSE,
7 tavern,ChIJs6dzyOcZ2jERwI9Uyo1E984,4.5,141,,1.3183617,103.8425832,jewel 7 pte. ltd.,A,0.89744,5,FALSE,
a-roy thai restaurant,ChIJ3ZltdOcZ2jERI_nSocpcfhk,4.1,768,2,1.3199572,103.8439076,texas chicken restaurant pte. ltd.,A,0.93648,5,FALSE,
so pho (novena square @ velocity),ChIJRRzdb-cZ2jERKKYJtnsQZg4,4,555,2,1.3200433,103.8440448,pho stop pte. ltd.,A,0.28118,5,FALSE,
nanta bbq,ChIJV34W7ecZ2jER_khbLcR0NSQ,4.7,3563,2,1.3183031,103.8437226,nanta bbq pte. ltd.,A,0.96924,5,FALSE,
85 redhill,ChIJO9ku4ecZ2jER_EeRIKh_HnU,3.6,141,,1.3174458,103.8432169,9 plus redhill pte. ltd.,B,0.85014,5,FALSE,
coffee hive (square 2) | wide range of local delights | traditional local coffee | no pork no lard,ChIJv-s_XecZ2jERh1YGRouQrv0,4.5,719,2,1.3206317,103.8442334,the exchange asia square pte ltd,A,0.84356,5,FALSE,
ji de chi dessert @ square 2 novena,ChIJF171x5YZ2jERHJNrLHo8ZrM,4.2,289,,1.32088,103.8441846,gao ji food (s) pte ltd,A,0.86172,5,FALSE,
tonkotsu kazan volcano ramen @ novena square 2 豚骨火山ラーメン @ ノベナスクエア2店,ChIJv-s_XecZ2jER6qLK8tF4rxc,4.6,1966,,1.3207441,103.844245,the exchange asia square pte ltd,A,0.52612,5,FALSE,
saizeriya,ChIJ3f94CugZ2jERAKitHlOLiGg,3.8,243,1,1.3175235,103.8436253,singapore saizeriya pte. ltd.,A,0.5029675,40,FALSE,
ichiban boshi (united square),ChIJ2xbC4ecZ2jERC5o0wMnu_2g,4.4,624,2,1.3173062,103.8437276,jp square pte. ltd.,A,0.45218,5,FALSE,
ya kun kaya toast (united square),ChIJE7L5CugZ2jERP3-fSqxPEHY,3.7,264,1,1.3170354,103.8435355,ya kun cafe pte. ltd.,A,0.61416,5,FALSE,
the marmalade pantry - cafe bistro @ novena,ChIJwfd1o5UQ2jERIEbs42C8nEg,4.5,931,2,1.3203765,103.8448666,the flying bread pte ltd,B,0.90482,5,FALSE,
ontap at newton food center,ChIJ4997_OsZ2jERsjWBM7R3oqA,4.1,35,,1.3122654,103.8395562,quik food pte. ltd.,B,0.63582,5,FALSE,
eastern rice dumpling,ChIJ6eSTE9kZ2jERX0SihemdL9k,3.4,74,,1.3232531,103.8525627,eastern rice dumpling pte. ltd.,A,0.23346,15,FALSE,
whampoa keng fish head steamboat @ balestier,ChIJo8NPAZoZ2jERoCnTMPi5nbg,4,1043,2,1.32674,103.844955,arcade fish soup pte. ltd.,A,0.95904,5,FALSE,
"supply & demand, novena",ChIJ2d-9INwZ2jERCcJLFbY0S6o,4,850,2,1.321616,103.8491128,boon tat catering & supply pte. ltd.,A,0.77382,5,FALSE,
delifrance singapore - windstedt cheers express corner,ChIJFyAbROoZ2jER2IfwI3n3NAo,,,2,1.310956,103.8428679,ycp dining singapore pte. ltd.,A,0,,FALSE,
boon tong kee,ChIJcaXtvtMZ2jERv18nVeVn1sY,4.3,1589,2,1.3197269,103.8622168,boon tong kee pte ltd,A,0.76594,10,FALSE,
lam's kitchen @ race course,ChIJ5U-mxs8Z2jERYNcyc4aAt7c,4.1,699,2,1.3162577,103.8582974,lam's (singapore) culinary enterprise pte. ltd.,A,0.2248,5,FALSE,
ballaji bhawan,ChIJuUYLNcYZ2jERXw5efR0uha4,4.4,2253,2,1.3098362,103.855263,,Unknown,0.5533,5,FALSE,
daebak korean restaurant @ ct hub,ChIJ4_t2FLwZ2jERx98KamiBRo0,4.4,351,,1.3122224,103.8632236,foc restaurant pte ltd,A,0.87536,5,FALSE,
a-one restaurant,ChIJ7_7BW8YZ2jER_gCm5n46SyU,4.3,460,1,1.3108562,103.8538867,artemis fine foods a.s. pte ltd,A,0.80344,5,FALSE,
the food chain pte ltd,ChIJRdH4mu8Z2jERqfJR54HAgV0,4,1,,1.3288914,103.8586706,g-food pte. ltd.,A,0,0,FALSE,
fakruddin restaurant,ChIJy1mquscZ2jERguDaI1iw_nY,4,313,1,1.3095166,103.8542902,texas chicken restaurant pte. ltd.,A,0.87344,5,FALSE,
khalsa restaurant pte ltd,ChIJMbnU8c8Z2jERLbDGj9KdwpQ,4.5,39,,1.3166314,103.8571395,khalsa restaurant pte ltd,A,0.74276,5,FALSE,
streats (city square mall),ChIJ4VNxIMYZ2jERxv4YPC6Nb9A,4.3,550,2,1.3113982,103.8565897,epicurean concepts marina square pte. ltd.,A,0.21788,5,FALSE,
ariff's restaurant,ChIJZ5EV6CwY2jERVDWnLvbwFQA,3.6,602,2,1.3207925,103.8703127,seafood paradise (s) pte. ltd.,A,0.51586,10,FALSE,
sangeetha bhavan restaurant pte ltd,ChIJOZn4TccZ2jER5E5IYkf9_9Q,3.8,361,2,1.313887,103.8541112,sangeetha bhavan restaurant pte. ltd.,B,0.9636,5,FALSE,
chung ping chicken rice 众品鸡饭,ChIJ5193MtIZ2jERqb0R6eLIdSE,3.7,46,,1.3191967,103.8630281,lau di fang scissors-cut curry rice pte. ltd.,A,0.51004,5,FALSE,
common grill@ 3 st george's road,ChIJH_zLvdYZ2jERiS6Hj6vaesU,3.8,387,1,1.3230915,103.8614413,tower 3 pte. ltd.,A,0.22598,5,FALSE,
cheng hoo thian teochew restaurant osl 清壺天潮州餐馆,ChIJL7uhv9MZ2jERPfBpkCsG6gk,4,409,2,1.3204271,103.8638382,restaurant majestic pte. ltd.,A,0.88902,5,FALSE,
char,ChIJ8YGEhz4Y2jERU4tPooIz2fE,4.2,972,2,1.3161167,103.8582543,labsan chariya,B,0.9148,5,FALSE,
yaowarat seafood,ChIJK8twCqUX2jERyrZuWPofbzU,4.3,527,2,1.3155873,103.859427,seafood paradise (s) pte. ltd.,A,0.94146,5,FALSE,
435 at home,ChIJ85YC688Z2jERs3PqCClm0-I,4.7,113,,1.316012,103.8577556,home kitchen pte. ltd.,A,0.50156,5,FALSE,
shang de vegetarian,ChIJQw9sc88Z2jERIS4Usvhg5Ns,4.5,67,,1.3145459,103.8578025,nature vegetarian (suntec) pte. ltd.,A,0.64332,5,FALSE,
robert mee siam,ChIJc0OYpNkZ2jERtfGEbyIVDrA,3.6,88,,1.3234136,103.8540837,qiu lian ban mee pte ltd,B,0.62898,5,FALSE,
ponggol nasi lemak,ChIJrQz-084Z2jERmePkSYU4Om4,4,1083,1,1.312841,103.8596127,kampong ria nasi padang pte ltd,B,0.64362,10,FALSE,
fo you yuan 佛有缘素食馆,ChIJa9BZ2TAY2jER2-tYXAy7t20,4.3,260,2,1.3085041,103.856286,jin men da yuan steamboat pte. ltd.,Unknown,0.74882,5,FALSE,
golden sands street kitchen,ChIJh1F9KPQX2jER9xiRrhqbLB8,4,56,,1.3260294,103.855644,authentic hock lam street popular beef kuay teow pte ltd,A,0.78684,5,FALSE,
old chang kee,ChIJM9fSHcYZ2jERXsy_HiFzAHE,3.2,67,1,1.3113982,103.8565897,chang cheng food & beverage pte. ltd.,A,0.126987059,85,FALSE,
legendary bak kut teh (rangoon),ChIJ4xfK2MQZ2jERAd_k46BCEvE,4.2,1163,2,1.3162606,103.8534135,wang dae bak pte ltd,B,0.47338,5,FALSE,
petite menu (aqueen prestige hotel lavender),ChIJgaXCs84Z2jERPFKw0BxY1Eg,4.3,36,,1.3123863,103.8612969,aquamarina hotel pte ltd,A,0.89828,5,FALSE,
brunches cafe,ChIJp9nArsUZ2jERhPjbbk1t4Mg,4.7,3052,2,1.3146644,103.8540603,hanis cafe & bakery pte. ltd.,A,0.95736,5,FALSE,
spice grill restaurant,ChIJlwX3rmwZ2jERrzbw6bf2q_I,4.1,481,2,1.3146039,103.8540313,texas chicken restaurant pte. ltd.,A,0.82484,5,FALSE,
enchanted cafe rangoon road,ChIJyY1br8UZ2jERW0OpG40NfcI,4.2,1057,2,1.3142982,103.8542027,bru cafe pte. ltd.,A,0.8633,5,FALSE,
fayidha restaurant,ChIJV2Zx_NgZ2jERWx7Ro1iJ7c0,3.9,664,1,1.3242947,103.8530675,nur fayidha restaurant pte ltd,A,0.73644,5,FALSE,
oriental ice bistro,ChIJC49PrsUZ2jERyK3MoE4r_do,4.2,183,2,1.3142305,103.8539502,26@marina bar & bistro pte ltd,B,0.9458,5,FALSE,
druggists | craft beer taproom restaurant singapore,ChIJ4ddQGckZ2jERbIMDgPz8eGU,4.4,991,2,1.3111042,103.8596912,ycp dining singapore pte. ltd.,A,0.93478,5,FALSE,
scaled by ah hua kelong,ChIJWRmi-rAZ2jERxA-pvrxs71Y,4.6,1216,2,1.3111044,103.8607642,lee eng hua,Unknown,0.97944,5,FALSE,
escape restaurant @ one farrer hotel,ChIJETH01MUZ2jERfBRS39HPGTE,3.9,459,2,1.3127619,103.8545562,royal one pte. ltd.,A,0.93952,5,FALSE,
rm biolab pte ltd,ChIJQwQgPMgZ2jERnQtVTA23i2A,,,,1.3086829,103.8581298,seafood paradise (s) pte. ltd.,A,0,,FALSE,
pastamania - italian casual dining @ city square mall,ChIJ-R91pMgZ2jERCINpPTXxLe4,4.5,1275,2,1.3113982,103.8565897,the exchange asia square pte ltd,A,0.96024,5,FALSE,
saizeriya,ChIJGxMHocgZ2jERcqP2f7X0w_o,4.1,1356,1,1.3113982,103.8565897,singapore saizeriya pte. ltd.,A,0.5029675,40,FALSE,
din tai fung @ city square,ChIJDY2tocgZ2jERltPCuW6qr8M,4.1,849,2,1.3113982,103.8565897,epicurean concepts marina square pte. ltd.,A,0.40172,5,FALSE,
subway,ChIJS2blUBgY2jERaKXBHaSGyBY,3.7,183,2,1.3190195,103.8943777,subway harbourfront pte ltd,A,0.178081667,239,FALSE,
liang kee teochew restaurant,ChIJ1ceJAYIZ2jERBDq8G-PB1Ck,4,267,2,1.3324028,103.8850935,imperial treasure fine dining restaurant pte. ltd.,A,0.82316,5,FALSE,
rochor beancurd house,ChIJKaXSez0Y2jERQv6Aql_hXXI,3.9,951,1,1.3149103,103.8903957,yu kee duck and noodle house pte. ltd.,A,0.6427,5,FALSE,
astons specialities @ singpost centre,ChIJh8sEqRkY2jERQn0k3HNPdOI,4.5,2855,2,1.3188304,103.8940692,bagus singpost pte. ltd.,Unknown,0.62436,5,FALSE,
panipurizz (online store),ChIJJ8Bq-W4Z2jERzOmhvWs96bg,4.9,87,,1.3153016,103.8910706,li li,A,0.90988,5,FALSE,
shell,ChIJLerW2IUX2jERaAM0i5Gk4yA,4.1,105,2,1.33109,103.87778,,Unknown,0.194250769,65,FALSE,
soon lee lor mee stall 順利滷麵攡,ChIJn1vJTooX2jER8AAm3jsRPx8,4.2,176,,1.3270209,103.885093,lee poh keong,A,0.61486,5,FALSE,
cck 190 wanton mee,ChIJoWPmacQR2jERYGSR5ntFyvM,4,181,1,1.323541,103.8853874,chilli pan mee (batu rd) pte. ltd.,B,0.46666,5,FALSE,
cheng mun kee pig's organ soup,ChIJn1vJTooX2jERHhxmKzkeAXk,3.7,300,,1.3251754,103.884935,cheng mun chee kee pig organ soup llp,A,0.14416,5,FALSE,
mufiz spice restaurant pte ltd,ChIJ2-aiTDIY2jERL5pRG2hiLHI,4,54,,1.3154734,103.8721939,mufiz spice restaurant pte. ltd.,B,0.81786,5,FALSE,
stevia international (s) pte. ltd.,ChIJl2JSN4YX2jERQLO0hn4mWes,,,,1.3292541,103.8786818,s&n international pte. ltd.,A,0,,FALSE,
lucky specialties,ChIJq54KDsMb2jERRLtdoLy52cA,,,,1.321522,103.8898322,aston food & beverage specialties pte ltd,A,0,,FALSE,
gu ma jia private kitchen,ChIJl77HTYAX2jEReW4dEL_EREA,4.3,421,2,1.3284522,103.8699682,nutrition depot singapore private limited,A,0.774,5,FALSE,
gourmet culture club pte ltd,ChIJy8R-cBIZ2jERWqy0MgfQkNQ,,,,1.319169,103.892559,breadtalk pte ltd,A,0,,FALSE,
keng wah sung cafe,ChIJ47NO1xcY2jERyFbfhYX2QFU,4.3,696,1,1.3151236,103.8915396,hanis cafe & bakery pte. ltd.,A,0.9514,5,FALSE,
siam village (jalan wangi),ChIJWbKNu4YX2jERiyvs-up-B3I,4.2,393,2,1.330273,103.8749282,alan,B,0.59024,5,FALSE,
shell,ChIJaXVoVB8Y2jERcAnghCcKtYU,3.8,175,,1.321708,103.89166,,Unknown,0.194250769,65,FALSE,
p.osh,ChIJAaefwrQX2jERpTc3eup0P7s,4.8,492,,1.3317916,103.8793457,p.osh shop llp,Unknown,0.61476,5,FALSE,
delifrance,ChIJjf1x4oAX2jER3ewfwqBWXXA,4.3,3,2,1.3286679,103.8718834,delifrance singapore pte ltd,A,0.2873,2,FALSE,
ji de chi dessert @ paya lebar square,ChIJ5YxzSyI92jERY70TSYwEZf0,4.4,679,,1.3191725,103.8925563,gao ji food (s) pte ltd,A,0.73784,5,FALSE,
saute sushi | paya lebar square | paya lebar | vegetarian vegan halal | japanese cuisines,ChIJe5TGTaUZ2jERLAswMbq_VNc,4.8,1945,2,1.3191725,103.8925563,the exchange asia square pte ltd,A,0.95826,5,FALSE,
pezzo @ paya lebar square,ChIJ19HdXBgY2jER6flVQOe8VPg,4.1,59,,1.3191725,103.8925563,epicurean concepts marina square pte. ltd.,A,0.63508,5,FALSE,
5 little bears五隻小熊,ChIJzeLPp5IZ2jERcR4Skep6jWU,4,555,,1.3187167,103.8925806,5 drunken rabbits holding pte. ltd.,Unknown,0.8844,5,FALSE,
merdandy bar & cafe,ChIJVVVV5bAZ2jERPOPGM-FutfY,3.7,121,,1.3140614,103.8916542,sarika connoisseur cafe pte ltd,A,0.87628,5,FALSE,
chicken run,ChIJZdFGZxgY2jERUcLn_QF2BV4,4.1,286,,1.318956,103.8928958,texas chicken restaurant pte. ltd.,A,0.94044,5,FALSE,
ramen keisuke tonkotsu king niku king (paya lebar),ChIJUT98ZxgY2jER9AkGIB3_Tzo,4.2,1155,2,1.3189503,103.8928998,kopi king pte. ltd.,A,0.60352,5,FALSE,
wok master paya lebar square,ChIJQeY4ocgZ2jERzNxUJZRM6Xk,4.4,1227,,1.3187036,103.8930873,wok hey pte. ltd.,Unknown,0.68254,5,FALSE,
smol café & salad bar,ChIJJQzuehAY2jERuK0qoh4MkQI,4.5,339,,1.3157747,103.8927815,26@marina bar & bistro pte ltd,B,0.8386,5,FALSE,
kl traditional chilli ban mee,ChIJR5pg544X2jERATUsnm4DMAw,3.9,407,1,1.33252,103.88494,ban heng teochew porridge (tanjong pagar) pte. ltd.,A,0.83284,5,FALSE,
chicken hotpot (singpost centre),ChIJU_4PmLQi2jERLjLbrbX7EXQ,4.1,142,,1.3189548,103.8944549,nsb hotpot pte. ltd.,Unknown,0.71428,5,FALSE,
restoran faaz,ChIJhcnceykJ2jERg59mZyeytrk,3.9,65,,1.3415548,103.5947499,xiang tian restoran pte. ltd.,Unknown,0.5849,5,FALSE,
forest city crazy roast bar,ChIJ1amqUYAJ2jERRkioPdzdhMc,4.3,111,,1.3375452,103.5907526,barosa bar pte ltd,A,0.7352,5,FALSE,
korean bbq,ChIJLyvJCgAJ2jER9C8-kWLaRU4,,,,1.3382916,103.5905341,hyangtogol (korean restaurant) pte. ltd.,A,0,,FALSE,
restoran cgp,ChIJn0YrLQAJ2jERhenxdcL7NgI,3.2,33,,1.3395218,103.5901363,xiang tian restoran pte. ltd.,Unknown,0.29804,5,FALSE,
restoran raihanah,ChIJMQhvK5UJ2jER2ui4ZvQLEN4,3.2,24,,1.3409359,103.5900206,xiang tian restoran pte. ltd.,Unknown,0.05606,5,FALSE,
raffles marina,ChIJPV-ku7QI2jER0-78Eng_3gQ,4.3,4089,,1.3427401,103.6355251,raffles marina ltd,A,0.53904,5,FALSE,
marina bistro,ChIJO_0iuLQI2jERkcDiNJD7aIA,4.4,808,,1.3422185,103.6352544,rina,A,0.8868,5,FALSE,
captain's table,ChIJ6ZICzEwP2jERlb1OvfWlxrk,4.3,193,,1.3425467,103.6354306,seafood paradise (s) pte. ltd.,A,0.8984,5,FALSE,
subway,ChIJAQAA0AoP2jER8DtlIT9tOCc,3,45,2,1.3469363,103.6800539,subway harbourfront pte ltd,A,0.178081667,239,FALSE,
co-op,ChIJlfk9iHUP2jER8XOVBgF0FkE,3.6,8,,1.3430262,103.6827026,ntuc foodfare co-operative ltd,Unknown,0.1825,5,FALSE,
subway,ChIJI5FnlZkP2jERrx1Cuzft9os,3.9,133,2,1.3425578,103.692594,subway harbourfront pte ltd,A,0.178081667,239,FALSE,
kfc,ChIJP_UblpkP2jERe9vO7hgrLXs,4,600,2,1.3424642,103.6926777,,Unknown,0.207115238,105,FALSE,
mcdonald's,ChIJk2hjGKAP2jERtZYCT0TDDOc,3.6,471,1,1.3470369,103.68034,seafood paradise (s) pte. ltd.,A,0.29621625,80,FALSE,
good fortune seafood 福满海鲜,ChIJhYB_Y5kP2jERTIlrIBZX_tg,4.1,1050,2,1.3422408,103.6927976,marina live seafood & steamboat pte ltd,B,0.5263,5,FALSE,
quad cafe @ eee,ChIJd_SfCgAP2jERe8zXEIlzoic,4.5,11,,1.3424279,103.6803188,hanis cafe & bakery pte. ltd.,A,0.73626,5,FALSE,
jurong camp 2 cookhouse,ChIJxe9RAgAP2jERQTJbYkDpXL4,,,,1.3389153,103.6833466,co hai banh mi vietnamese baguette no 2 pte. ltd.,B,0,,FALSE,
bismillah biryani @ ntu,ChIJW_mWEqAP2jERquJlNqjcAJ4,,,,1.34415,103.6800792,,Unknown,0,,FALSE,
my kampung chicken rice @ ntu south spine fine food,ChIJ2UblCxgP2jER_CYYaOwURrA,,,,1.3445849,103.6812544,artemis fine foods a.s. pte ltd,A,0,,FALSE,
yew kee specialities @ ntu north spine plaza,ChIJA4czoGYP2jER3MGyuh0GcIs,3.3,6,,1.345229,103.6811665,hock kee f&b pte. ltd.,A,0.21562,5,FALSE,
907 什菜饭,ChIJ-Yta2ggP2jERCHrdJqy2mfE,,,,1.3412348,103.6857985,,Unknown,0,,FALSE,
fu xiang seafood 富香海鲜,ChIJ9cPIqd4P2jER6aIQlNJMOWE,3.2,17,,1.341245,103.6857991,marina live seafood & steamboat pte ltd,B,0.2753,5,FALSE,
a & i hainanese boneless chicken rice,ChIJUx08KpwP2jER_cJWhf24UOA,4.5,307,1,1.3412583,103.6858174,evertop hainanese boneless chicken rice pte. ltd.,B,0.8726,5,FALSE,
海南起骨鸡饭,ChIJu2rrLpwP2jER2bYu3XZ42ZQ,5,7,,1.3411229,103.6859395,,Unknown,0.7315,5,FALSE,
thai dynasty express,ChIJs_cAYe8P2jERIkEck2-wGVA,3.1,27,,1.3469416,103.6809058,simply wrapps express pte. ltd.,A,0.0097,5,FALSE,
blue ocean kopi & toast,ChIJC9GkSwAP2jEROdVM59abOh4,4.5,234,,1.3470348,103.6798148,ya kun kaya toast coffeestall since 1944 pte. ltd.,B,-0.02038,5,FALSE,
route 35 western food,ChIJ-c0P3AoP2jEREyR7CRoYMHk,,,,1.3470585,103.6800627,ho heng food & enterprise pte. ltd.,A,0,,FALSE,
the soup spoon union,ChIJXwluwgoP2jERulXZRFj8fYY,3.8,63,2,1.3471227,103.6811829,the exchange asia square pte ltd,A,0.84674,5,FALSE,
paik's bibim,ChIJlbaBdqAP2jERlLl3ZDlREHY,4.1,97,,1.3471893,103.6807181,seafood paradise (s) pte. ltd.,A,0.8056,5,FALSE,
xiao guan zi,ChIJWQuHxu0P2jERG0weFzk3Spc,2.9,10,,1.34729,103.6807359,guan chee hong kong roasted duck pte. ltd.,A,0.24378,5,FALSE,
the crowded bowl,ChIJOeo7rRYP2jERfaGpD0hs2vE,4,69,,1.34729,103.6807359,the crowded bowl llp,A,0.37142,5,FALSE,
bottle tree cafe restaurant by sembawang eating house seafood restaurant,ChIJ978lPHYP2jERf2c1HxrwMsQ,3.7,66,,1.332714,103.678929,sembawang eating house (seafood restaurant),B,0.38706,5,FALSE,
pen & inc ntu cafe & bar,ChIJMfzHEP8Z2jER47wjTEBYUl8,4.6,739,,1.34748,103.6797845,porters restaurant bar private limited,A,0.87676,5,FALSE,
encik tan,ChIJYQ95QwAP2jERmvEqJcTsibc,2.4,28,1,1.3475051,103.6801152,tan coon tio tony,A,0.231462162,36,FALSE,
popeyes ntu,ChIJv8e3PQAP2jERGkGOUw8FKfs,4.1,99,,1.347548,103.6800954,visione ntu pte. ltd.,A,0.14926,5,FALSE,
domino's pizza nanyang technological university,ChIJkRifAOAP2jERTwWSiMxIpYg,1.4,113,,1.3476021,103.6816796,nanyang technological university,Unknown,-0.36554,5,FALSE,
itsbubblin @ ntu canteen 2,ChIJHymjsIEP2jER2Op0wt6SpGs,3.9,11,,1.3481206,103.685364,timbre 2 pte. ltd.,A,0.42324,5,FALSE,
yihuatminiwok2,ChIJFSsc5CEP2jERqI0RVlOVZ1M,1,1,,1.348404,103.6854299,,Unknown,0,1,FALSE,
3div cookhouse,ChIJ60ekYwAP2jERu-2bW8viSiw,,,,1.3331847,103.687553,the dempsey cookhouse & bar pte. ltd.,A,0,,FALSE,
heyya braised duck @ ntu canteen 16,ChIJ9Qw_DPkP2jERBPYaYqbyPUY,,,,1.3502569,103.6810514,duck master pte. ltd.,A,0,,FALSE,
lin ji koka noodles,ChIJm3ExVFIP2jER3-M1OVngvy0,5,1,,1.3502569,103.6810514,lin yunqin,A,0.8122,1,FALSE,
hong yun ge seafood 鸿运阁海鲜煮炒,ChIJ1RJxPHEP2jERbXO-IRgJ07M,3.4,10,,1.3414067,103.6904491,guan chee hong kong roasted duck pte. ltd.,A,0.13132,5,FALSE,
guicin bee hoon nasi lemak,ChIJhYB_Y5kP2jERXWjbkX1Ka_Q,1,4,,1.341483,103.6904746,tan siew hoon,B,0.219125,4,FALSE,
jia jia vegetarian,ChIJsWkrBM8P2jER241ct6s5TbA,4.4,9,,1.3415846,103.690471,jia jia vegetarian pte. ltd.,B,0.42356,10,FALSE,
ah kiat fishball noodles,ChIJqz0vFTgP2jERR92XKQVXkM4,4.6,5,,1.3415846,103.690471,ah nian pte. ltd.,B,0.25656,4,FALSE,
sheng hong hk roasted delight,ChIJk6jOLsIP2jERVjebyCiJOf8,2.5,13,,1.3415846,103.690471,leyau yen hong,A,0.19122,5,FALSE,
tenderbest,ChIJAQCQfZkP2jERkNlciGagxgM,1.8,30,,1.3415846,103.690471,,Unknown,-0.005613333,15,FALSE,
lu heng kee 盧興記 hokkien mee,ChIJuxkIwZEP2jERcMetO2EdOCY,4.5,62,,1.3414639,103.6906727,wa kee pte. ltd.,Unknown,0.53492,5,FALSE,
al rizha indian cuisine,ChIJp0-7YpkP2jERylXCtwyzW0Y,3.3,6,,1.3414661,103.6906772,imperial treasure cantonese cuisine pte. ltd.,A,0.46412,5,FALSE,
putris asia ghani,ChIJhYB_Y5kP2jER0gZKetP0tF8,2.6,24,,1.3415009,103.6907307,the exchange asia square pte ltd,A,0.64656,5,FALSE,
din tai fung @ jurong point,ChIJy64vxOwP2jERYqiaVhZGhbE,4,603,2,1.3390568,103.7057767,tai fu lou pte ltd,A,0.67004,5,FALSE,
subway,ChIJ1x8A6OwP2jERQwi4L8V8AnQ,3.8,390,2,1.3400053,103.7063871,subway harbourfront pte ltd,A,0.178081667,239,FALSE,
dian xiao er (jurong point),ChIJy64vxOwP2jERSZ73pxf3MN0,4.4,864,2,1.3393042,103.7054326,yechun xiao jiang nan restaurant group pte. ltd.,A,0.94374,5,FALSE,
pizza hut,ChIJy64vxOwP2jER4HDB72kKhhI,4.4,1590,2,1.3400503,103.7062697,pizza hut singapore pte ltd,A,0.586732,125,FALSE,
mos burger,ChIJy64vxOwP2jERfM5WYse1Bf8,3.8,375,1,1.3397627,103.7065055,mos foods singapore pte. ltd.,A,0.53058,30,FALSE,
kfc,ChIJuwCgNrwP2jERrBWhtqv2j04,3.9,422,2,1.3487223,103.6989508,,Unknown,0.207115238,105,FALSE,
burger king jurong point,ChIJy64vxOwP2jERg28Nrxxh9hw,3.9,832,1,1.3388475,103.705229,seah king ming,A,0.3843,5,FALSE,
swensen's @ jurong point,ChIJy64vxOwP2jERHW_bbUn5Tqc,4.4,2942,2,1.338973,103.705631,lam's (singapore) culinary enterprise pte. ltd.,A,0.9695,5,FALSE,
shihlin taiwan street food (jurong point),ChIJy64vxOwP2jER6NO1VABiHQg,4.7,313,,1.3388403,103.704901,mexican food corp pte. ltd.,A,-0.09574,5,FALSE,
pezzo,ChIJT5uO15IP2jERcOoENFJMWjQ,3.8,120,,1.3389495,103.7050141,pezzo singapore pte. ltd.,A,0.64046,5,FALSE,
sushi express,ChIJHcaYLpMP2jER93OZuGiIry8,3.8,750,1,1.3394886,103.7052064,sushi express group pte. ltd.,A,0.46984,5,FALSE,
pepper lunch,ChIJuQ0K1ZIP2jERfgiBcSRWHoM,4.2,747,2,1.3388699,103.7054893,pepper and salt restaurant and catering pte. ltd.,B,0.41372,5,FALSE,
legendary hong kong restaurant @ jurong point 香港傳奇餐廳,ChIJHcaYLpMP2jERjhDMRZ9A7-k,4.5,4155,2,1.3399211,103.7058776,texas chicken restaurant pte. ltd.,A,0.95766,5,FALSE,
monster curry,ChIJxblKLZMP2jERqInptdtj-pk,4.6,1435,2,1.3390834,103.7059075,monster curry pte. ltd.,A,0.8214,5,FALSE,
ichiban boshi (jurong point),ChIJT9hazuwP2jERfdKhCxJN3xw,4.1,730,2,1.339099,103.7060887,zhong zhong ngoh hiang (taman jurong) pte. ltd.,Unknown,0.90642,5,FALSE,
4fingers crispy chicken,ChIJe7uhLpMP2jERKrXGrPmLsAI,4.6,1849,2,1.3399257,103.7062886,liao fan hk soya sauce chicken rice & noodle (chinatown) pte. ltd.,A,0.284795,20,FALSE,
brio,ChIJxblKLZMP2jERj9R0TfxXNyA,4.1,872,2,1.3399257,103.7062886,"teng dao wei, gabrion",B,0.80186,5,FALSE,
idaten udon,ChIJuVFyxewP2jERdx6rfc4fUT0,4.5,191,,1.339874,103.706464,udon culture pte. ltd.,A,0.7493,5,FALSE,
subway,ChIJ9dlvRrwP2jERL7QksVvpU4c,3.9,125,2,1.3487594,103.6974711,subway harbourfront pte ltd,A,0.178081667,239,FALSE,
rong kee roasted delights,ChIJ9dlvRrwP2jER6jjMwRUdQPI,,,,1.3493275,103.6975801,guan chee hong kong roasted duck pte. ltd.,A,0,,FALSE,
ding ji teochew noodle,ChIJ1W2wC8IP2jERmuf4tpKj1FI,2.6,19,1,1.346944,103.7121901,yu kee duck and noodle house pte. ltd.,A,0.42943,20,FALSE,
xiang feng nasi lemak,ChIJ-T2z2OkP2jERpC8IhRG36YY,4.3,40,,1.3456647,103.7129739,jia xiang kuching food supplies pte. ltd.,A,0.75132,5,FALSE,
delisnacks 德利食,ChIJY-XB3ekP2jERX79cg-TiasY,4,7,,1.3455161,103.7130749,li li,A,-0.132175,8,FALSE,
pizza hut,ChIJ-fjFgcEP2jERw2FoIDFzPpc,4.8,777,2,1.3484381,103.7114432,pizza hut singapore pte ltd,A,0.586732,125,FALSE,
ho huat fried hokkien prawn mee 和发福建炒虾面,ChIJx1v13ukP2jERMcET_e5u7vo,3.3,120,,1.3457259,103.7130635,boon lay ho huat pte. ltd.,B,0.184,5,FALSE,
bok's kitchen by hidden chefs - singapore,ChIJVVWhX8EP2jERXqNFsqQa-CI,4.5,762,2,1.349413,103.711315,s&n international pte. ltd.,A,0.9358,5,FALSE,
putien jurong point,ChIJy64vxOwP2jERIp3kxn84fJM,4.7,2949,2,1.3401235,103.7062697,railway old coffee food point (pte.) ltd.,Unknown,0.7619,5,FALSE,
yaki yaki bo,ChIJy64vxOwP2jEREQh_ql7CKE8,4.3,423,,1.3394354,103.7065072,feng bo zhuang f & b pte ltd,B,0.79552,5,FALSE,
mcdonald's,ChIJmRnrx-wP2jERC51mSYA6zOU,4,2670,1,1.3398558,103.7064063,seafood paradise (s) pte. ltd.,A,0.29621625,80,FALSE,
kfc,ChIJmRnrx-wP2jERtLem-l0M7Rw,4.2,2373,2,1.3396367,103.7064527,,Unknown,0.207115238,105,FALSE,
mcdonald's,ChIJMRQG1JYP2jERE05odQCiRBg,4,1645,1,1.3415661,103.6969298,seafood paradise (s) pte. ltd.,A,0.29621625,80,FALSE,
long john silver's,ChIJy64vxOwP2jERBfsyVIfbLAQ,3.4,620,,1.3393953,103.7069125,seafood paradise (s) pte. ltd.,A,0.26932,35,FALSE,
shell,ChIJUTJ74-oP2jERqd4EUu4Lojo,3.8,328,2,1.34396,103.707788,,Unknown,0.194250769,65,FALSE,
crystal jade la mian xiao long bao,ChIJy64vxOwP2jERf0QO605g3KQ,3.6,392,2,1.3402517,103.705846,crystal jade la mian xiao long bao  (hv) pte ltd,A,0.38516,5,FALSE,
day night herbal soup,ChIJ8e-aLpEP2jEReagxmVNMoD8,3,4,,1.341114,103.697552,day night herbal soup pte. ltd.,A,0.305366667,7,FALSE,
tanjong rhu wanton noodle,ChIJq2uQfgAP2jERYsGQJCr-RJw,2.5,4,,1.3413826,103.6975256,liao fan hk soya sauce chicken rice & noodle (chinatown) pte. ltd.,A,-0.430325,3,FALSE,
jap & korean cuisine,ChIJx-3UNbEP2jERizd_MWvFATw,4,9,,1.3411147,103.6973935,imperial treasure cantonese cuisine pte. ltd.,A,0.9218,5,FALSE,
star indian food,ChIJq409CAAP2jERfBqOxWWn7b8,,,,1.3414124,103.6975077,ho heng food & enterprise pte. ltd.,A,0,,FALSE,
联邦肉骨茶 lian bang bak kut teh,ChIJGRYDZQAP2jERMp2NVxhciV4,4.6,22,,1.3412561,103.6974152,tan chiew lian,Unknown,0.82968,5,FALSE,
soon mixed rice,ChIJ228-UQAP2jERbflPrpfCqWg,1,1,,1.3412561,103.6974152,lau di fang scissors-cut curry rice pte. ltd.,A,-0.6705,1,FALSE,
eggdicted,ChIJ-6bMNoQP2jERdXF3_BympF0,4.9,15,,1.3412561,103.6974152,,Unknown,0.9091,5,FALSE,
mala you (麻辣友),ChIJFWtqm_MP2jERRsh5t41P_BY,3,1,,1.3412561,103.6974152,ma la you huo pte. ltd.,B,0.9858,1,FALSE,
yunnan50 fishball noodle 云南鱼圆面,ChIJuQyXVAYP2jERKrmdwlpQxqk,3.2,6,,1.3412561,103.6974152,liao fan hk soya sauce chicken rice & noodle (chinatown) pte. ltd.,A,0.0933,5,FALSE,
teh tarik,ChIJHXZhXQAP2jER36Y-QfJwBrQ,,,,1.3412561,103.6974152,mr teh tarik cartel pte. ltd.,B,0,,FALSE,
steam fish yb,ChIJ0fg8EQAP2jERLIVNZ8bSDgI,4.3,8,,1.3412846,103.6974025,arcade fish soup pte. ltd.,A,0.35586,5,FALSE,
fo you yuan vegetarian,ChIJVbbPsYEP2jER_1_yA7ufhSw,4,6,,1.3413746,103.6974446,fo you yuan vegetarian restaurant pte ltd,B,0.58692,5,FALSE,
soon lee carrot cake & fried oyster,ChIJM11sDgAP2jER1HrWFHRC68k,4.3,4,,1.3414229,103.69747,lnc lee mart pte ltd,A,0.20185,2,FALSE,
syed muhamed west coast,ChIJG674GQAP2jERcCjl-uIgoMI,5,1,,1.3414403,103.6974636,west 57th street holding co pte. ltd,A,0.3818,1,FALSE,
no. 8 kitchen 八号厨房,ChIJZQgQCQAP2jER69LKMcJUbko,2,4,,1.3418938,103.6977813,the butcher's kitchen pte ltd,A,0.246075,3,FALSE,
us pizza - jurong west,ChIJfQtX-sEP2jERbOazSzxAu_k,2.3,3,,1.3412184,103.6973341,domino's pizza singapore pte. ltd.,A,0.301433333,3,FALSE,
canadian 2 for 1 pizza,ChIJQyL36doP2jERuInpA2GaVmc,3.8,134,,1.3539175,103.7184603,domino's pizza singapore pte. ltd.,A,0.393602857,35,FALSE,
canopy jurong lake gardens,ChIJNzPuIxsX2jERCubjluZTnUk,4.1,2995,2,1.338189,103.7279994,canopy t pte. ltd.,A,0.9643,5,FALSE,
ding ji,ChIJEQ9HteUP2jER93724We9eXU,1.8,6,1,1.3401904,103.7205234,ding jianlin,B,0.050081667,58,FALSE,
delisnacks,ChIJu2nZw9wP2jERaH0HgTDoH8U,3.8,4,,1.3497127,103.7185942,li li,A,0.4108,11,FALSE,
bangkok street mookata - jurong west,ChIJheDFid4P2jERJ0JQmCbE4i8,4.2,509,2,1.3490375,103.7241078,sf (jurong) pte. ltd.,A,0.62468,5,FALSE,
ding ji,ChIJlTc5l9wP2jERG8mY4m6A1CI,1.6,40,1,1.350421,103.7186668,ding jianlin,B,0.050081667,58,FALSE,
ding ji,ChIJ63Tcr94P2jER4tgGo-nE8TA,3.3,13,1,1.3500116,103.7237612,ding jianlin,B,0.050081667,58,FALSE,
domino's pizza jurong,ChIJW-PA0d4P2jER1JLoxFNW7sw,3,355,2,1.3504906,103.7255904,lam's (singapore) culinary enterprise pte. ltd.,A,-0.12548,5,FALSE,
joo siah bak koot teh,ChIJlS_61hgQ2jERtagY8-o8qb8,4.1,629,2,1.3445713,103.7315622,old street bak kut teh (fn) pte. ltd.,A,0.7547,5,TRUE,Bib Gourmand
tang tea house (jurong west),ChIJq-NLANkP2jER4zGZCfpgZrI,4.1,860,2,1.3528326,103.7262105,the coffee bean & tea leaf (singapore) pte ltd,A,0.13768,5,FALSE,
ding ji,ChIJmVCnyRgQ2jERKJg0KlCdW00,3.7,44,1,1.3446067,103.7353417,ding jianlin,B,0.050081667,58,FALSE,
505 jurong west market & food centre,ChIJo6zVvtwP2jERyf2Nuhm97cM,4.1,4621,1,1.3498107,103.7185004,taster food pte. ltd.,A,0.63548,5,FALSE,
neo garden restaurant,ChIJ-eIsGtoP2jER5yDlEzrLACE,3,1,,1.3542421,103.7225882,texas chicken restaurant pte. ltd.,A,-0.883,1,FALSE,
vegetarian villas,ChIJP2G_Md4P2jERi9mnjcHzNs8,4.3,601,1,1.3471132,103.724546,nature vegetarian (suntec) pte. ltd.,A,0.75652,5,FALSE,
mcdonald's,ChIJWx082NwP2jERcl0GQx1_9fw,3.8,490,1,1.3483513,103.7183757,seafood paradise (s) pte. ltd.,A,0.29621625,80,FALSE,
wellsmoocht,ChIJsRChIDsX2jERCTDfDGh_UIs,4.5,442,2,1.347974,103.7304273,,Unknown,0.91748,5,FALSE,
mcdonald's,ChIJpQm_0t4P2jER6iehdBcDAbc,3.8,1194,1,1.3505689,103.7253759,seafood paradise (s) pte. ltd.,A,0.29621625,80,FALSE,
dim sum express 筷餐点心,ChIJpyLqNeQP2jER5gmL3D-pFUs,4,312,1,1.3400859,103.720165,simply wrapps express pte. ltd.,A,0.73292,5,FALSE,
kimly mixed rice 金味飯莊 (kang ching rd),ChIJV_XfZGAP2jER6YgQpNZYaBA,,,,1.3401004,103.7201717,thunder tea rice pte ltd,B,0,,FALSE,
canadian 2 for 1 pizza,ChIJ4YXYWTwQ2jER722CYans_Ds,3.8,49,,1.3477508,103.7427709,domino's pizza singapore pte. ltd.,A,0.393602857,35,FALSE,
pizza hut,ChIJL_RgEj0Q2jERVxF_UpI87gM,4.7,444,2,1.3472262,103.7428062,pizza hut singapore pte ltd,A,0.586732,125,FALSE,
halal caterers singapore,ChIJD9HsjzsQ2jERSt3bNrSLT44,5,1,,1.3510804,103.7441591,cold storage singapore (1983) pte ltd,A,0.6249,1,FALSE,
subway,ChIJxzbY1z4Q2jERLSvHNG0JUfE,3.7,349,2,1.3497733,103.7494879,subway harbourfront pte ltd,A,0.178081667,239,FALSE,
padi emas coffee house,ChIJRXr6ZhoQ2jERSDl0jCyxe90,4.1,928,2,1.3392237,103.7392893,starbucks coffee singapore pte. ltd.,A,0.63028,5,FALSE,
thg f&b,ChIJvRyJuj0Q2jERrk99G-qoJ6U,5,4,,1.3474333,103.7440501,jia jia le cuisine f & b pte. ltd.,A,0.431375,3,FALSE,
siam square mookata - best mookata restaurant in singapore,ChIJufaZrz0Q2jERjiCKiNsRsh4,3.9,241,2,1.348023,103.743534,cold storage singapore (1983) pte ltd,A,-0.12604,10,FALSE,
vie bistro,ChIJ12pNqj0Q2jERrGeJi-ooPOc,3.9,90,,1.3480297,103.7435371,26@marina bar & bistro pte ltd,B,0.6167,5,FALSE,
delisnacks,ChIJid_qqj0Q2jERcRt8Qduc1lc,5,1,,1.3481252,103.7436316,li li,A,0.4108,11,FALSE,
shell,ChIJK50NbyMQ2jERHgJyzjDRgM4,3.8,107,2,1.350368,103.738422,,Unknown,0.194250769,65,FALSE,
srisun express bukit batok,ChIJlXPEBzwQ2jERHjHyeMZI3D0,3.7,902,2,1.3504691,103.7456429,kim san leng food centre (bukit timah) llp,Unknown,0.46192,5,FALSE,
burger king west mall,ChIJxzbY1z4Q2jERX1sBCJm1lh8,4.4,367,1,1.3500111,103.7492852,seah king ming,A,0.92594,5,FALSE,
lee quan (hai zhong bao) pte. ltd.,ChIJucjD4T8Q2jERxCJvC8jI_vk,,,,1.3458865,103.7508988,lee quan (hai zhong bao) pte. ltd.,Unknown,0,,FALSE,
soo san na catering services,ChIJucjD4T8Q2jERlx2A_7o5YR8,,,,1.3459189,103.7508977,soo san na,B,0,,FALSE,
tsukiji men don tei麵亭,ChIJe0vGKT8Q2jERHiYQQ980q2Q,2.7,52,,1.3504011,103.7491885,don your personal pie club pte ltd,Unknown,0.74474,5,FALSE,
encik tan,ChIJi1FVJz8Q2jER3qiay7YLe6E,3.8,475,1,1.3505301,103.7491332,tan coon tio tony,A,0.231462162,36,FALSE,
8 degree lounge - bukit batok,ChIJ5ceO_jgQ2jERHPj7pKwRhAo,4.4,216,,1.3529991,103.7491335,8 bar pte. ltd.,A,0.96764,5,FALSE,
fei fei roasted noodle,ChIJZZZoqxkQ2jERUlm9TCW5lj4,4.3,310,1,1.3435478,103.7375341,fei siong food management pte. ltd.,A,0.93908,5,FALSE,
kwong satay supply store / factory,ChIJzX8R020Q2jER5gDQig7kV9o,3.8,16,,1.3385198,103.7570868,yuen yew kwong richard,B,0.42842,5,FALSE,
annabella patisserie trading pte ltd,ChIJYzpZ2R0X2jERDVy7XbzwqQk,4.6,764,,1.3386072,103.7569763,canton paradise pte. ltd.,A,0.86492,5,FALSE,
ajisen tanjiro (imm outlet mall),ChIJa2nb2g0Q2jERxPht6KO1s2g,4,325,2,1.3349575,103.7468492,ng lay imm,B,0.8804,5,FALSE,
teochew cuisine restaurant,ChIJEVP4-TsQ2jERgoJNF34c_Hs,3.2,754,2,1.3503551,103.7459189,imperial treasure cantonese cuisine pte. ltd.,A,0.48752,5,FALSE,
hilltop garden restaurant,ChIJMduSTzgQ2jEROj60t5-zEL8,3.5,143,,1.3525875,103.7494101,hilltop garden restaurant pte. ltd.,B,0.71622,5,FALSE,
mcdonald's jurong east 24,ChIJl7u_WhgQ2jERwjBOblennB4,4.1,1475,1,1.3441045,103.7382863,lam's (singapore) culinary enterprise pte. ltd.,A,0.14908,5,FALSE,
phoenix indian restaurant,ChIJ-d2VabkR2jERYQ1K_MKnO1M,4.5,834,2,1.334501,103.735502,hyangtogol (korean restaurant) pte. ltd.,A,0.89692,5,FALSE,
mcdonald's bukit batok,ChIJC1pbOj8Q2jERw-XGSk6sGUc,4,2314,1,1.3495284,103.7504166,lam's (singapore) culinary enterprise pte. ltd.,A,0.0498,5,FALSE,
al-azhar restaurant,ChIJFykj1mEQ2jER50T02kGd1OY,4,4825,2,1.3425021,103.7753333,texas chicken restaurant pte. ltd.,A,0.84738,5,FALSE,
sin chew satay beehoon,ChIJHTZW3IkQ2jERCyFduIXDhFk,4.4,288,1,1.340852,103.7752968,syifa' satay limited liability partnership,Unknown,0.85446,5,FALSE,
delisnacks,ChIJL4MHjEEQ2jERcSVbwobwTow,4,1,,1.3472163,103.757573,li li,A,0.4108,11,FALSE,
jew kit hainanese chicken rice,ChIJOXeUfkEQ2jERp7WUGzoIboc,2.5,76,,1.3483656,103.7576156,liao fan hk soya sauce chicken rice & noodle (chinatown) pte. ltd.,A,0.40258,10,FALSE,
pizza hut,ChIJMUYHrWQQ2jERnmfujGxk2fA,4.7,271,2,1.3363889,103.7688889,pizza hut singapore pte ltd,A,0.586732,125,FALSE,
ajiya okonomiyaki restaurant,ChIJG5k102MQ2jER0OMTkkFt5XI,4.4,728,2,1.3409149,103.7724501,imperial treasure fine dining restaurant pte. ltd.,A,0.74028,5,FALSE,
micasa kitchen & bar,ChIJc7g002MQ2jERDRvbJ5CBkaw,4.4,818,2,1.3407548,103.7725311,26@marina bar & bistro pte ltd,B,0.95702,5,FALSE,
koon bak kut teh 坤肉骨茶,ChIJxTkseIoQ2jERoyBLZf90dgI,3.9,868,,1.3425874,103.7753157,old street bak kut teh (fn) pte. ltd.,A,0.5589,5,FALSE,
living wholesome vegetarian (thunder tea rice),ChIJ8Seg-YkQ2jERAS5t2xouE04,4.3,128,,1.3407156,103.775054,twg tea company pte. ltd.,A,0.73894,5,FALSE,
five star kampung chicken rice & kitchen,ChIJjWzkd4oQ2jER0Uz4EyQYw1M,3.8,455,2,1.342659,103.7753152,kitchen language pte. ltd.,A,0.25846,5,FALSE,
three meals a day,ChIJeW4H4WEQ2jERRJ-vsW_07J0,4.2,991,2,1.3420142,103.7751052,artemis fine foods a.s. pte ltd,A,0.52702,5,FALSE,
no.5 bukit timah live bull frog claypot porridge,ChIJp4Lad4oQ2jER6G_wVxphhyQ,3.9,816,2,1.342532,103.7753461,studio live pte. ltd.,Unknown,0.13624,5,FALSE,
o.bba jjajang & bbq,ChIJ47ET1WEQ2jERXN5T1RcyCQo,4.8,5051,2,1.3434531,103.7750924,penyet & bbq culinary pte ltd,A,0.90244,5,FALSE,
boon tong kee,ChIJOz8z1WEQ2jERUvGfJfnDOFQ,4.1,685,2,1.3433628,103.7751229,boon tong kee pte ltd,A,0.76594,10,FALSE,
jew kit - bukit timah shopping centre,ChIJyd5nY4oQ2jERb_ZqKZD1XvU,4,415,,1.3433673,103.7758483,wong kit leong,B,0.74468,5,FALSE,
delisnacks,ChIJHTZW3IkQ2jERIYvqSlvP7Bs,5,3,,1.3394498,103.7760782,li li,A,0.4108,11,FALSE,
lingerie online shop singapore,ChIJAfgJfYoQ2jERpCNnOGAlaBE,,,,1.3432412,103.7758094,the coffee bean & tea leaf (singapore) pte ltd,A,0,,FALSE,
pink candy korean restaurant,ChIJHwZEaooQ2jERl-shndvFq7I,3.4,256,,1.342311,103.7763425,imperial treasure fine dining restaurant pte. ltd.,A,0.85186,5,FALSE,
buta kin @ beauty world centre,ChIJT_3va4oQ2jERlZvoKOY4tik,4,209,,1.3423741,103.7762593,pica world pte ltd,A,0.87868,5,FALSE,
kim's family korean restaurant,ChIJcYA953UZ2jERdl6owL8Apow,4,849,2,1.3408902,103.7741259,s connexion pte ltd,A,0.90146,5,FALSE,
yi pin vegetarian,ChIJB1KZNEIQ2jEREeF6IjmP9Bo,4.5,19,,1.3470957,103.7576684,nature vegetarian (suntec) pte. ltd.,A,0.30858,5,FALSE,
subway,ChIJAQAAEIkQ2jERJ54UnJogSPA,3.5,36,2,1.3385566,103.7786133,subway harbourfront pte ltd,A,0.178081667,239,FALSE,
myungga i (명가 i),ChIJkRf0AokQ2jERk5ls4IPRLsQ,3.9,174,,1.3387468,103.7786758,i & r asian food pte. ltd.,A,0.89318,5,FALSE,
sumac @ temasek club,ChIJg0rYpvQQ2jERrie8mI28NLY,4.2,2447,2,1.3463879,103.7806334,temasek club,Unknown,0.92528,5,FALSE,
arbenz,ChIJDSomDJMQ2jERB1tCpJqAhbs,4.6,32,,1.3439813,103.7905181,,Unknown,0.91428,5,FALSE,
pergola terrace cafe,ChIJDSomDJMQ2jERW7_F0m45Dy0,4.1,17,,1.343947,103.790586,sarika connoisseur cafe pte ltd,A,0.74586,5,FALSE,
the windsor arms,ChIJlV0IquwQ2jER9U34-_ER2u8,4.4,18,,1.345831,103.792638,the exchange asia square pte ltd,A,0.73084,5,FALSE,
mountbatten bar & grill,ChIJlV0IquwQ2jERwlLsIW5F1gc,4.7,9,,1.345831,103.792638,porters restaurant bar private limited,A,0.82664,5,FALSE,
ivins peranakan restaurant @ binjai park,ChIJgxdqAJAQ2jER-F11NQ5gnFg,4.1,1184,1,1.3363179,103.7869465,mouth restaurant pte ltd,A,0.56998,5,FALSE,
buddy hoagies steak & grill restaurant (bukit timah shopping centre),ChIJyd5nY4oQ2jERRdOues0DbgE,4.3,1099,2,1.3431192,103.7759016,texas chicken restaurant pte. ltd.,A,0.94196,5,FALSE,
mcdonald's,ChIJHVIuaooQ2jERWE7QqCmJjQE,3.5,1438,1,1.3422905,103.7761285,seafood paradise (s) pte. ltd.,A,0.29621625,80,FALSE,
forture seafood steam boat,ChIJkXT2vpsQ2jERs-G-1AwGngs,4,326,2,1.3327874,103.7909269,marina live seafood & steamboat pte ltd,B,0.84356,5,FALSE,
bukit timah wet market & food centre (interim),ChIJwQ8GHooQ2jER5Ucy4Sx80Wk,4.2,7093,1,1.3407156,103.775054,mexican food corp pte. ltd.,A,0.919,5,FALSE,
daisy's dream kitchen,ChIJdw9r2-wa2jERGnTgPE-UVEg,4.3,402,2,1.3467717,103.7804493,daisy's dream kitchen pte. ltd.,A,0.89898,5,FALSE,
bar bar black sheep @ cherry ave,ChIJPevdorwZ2jERVTcwKGDdm6I,4.1,679,2,1.332671,103.79114,barosa bar pte ltd,A,0.8901,5,FALSE,
leng kee fish soup,ChIJHTZW3IkQ2jERmG9TmvrDex8,4.5,113,1,1.3407156,103.775054,yu kee duck and noodle house pte. ltd.,A,0.93834,5,FALSE,
joomak,ChIJHwZEaooQ2jERMQ1AGzikrK8,4.3,403,2,1.3425018,103.7764176,joomak pte ltd,A,0.95116,5,FALSE,
le tian tian 乐甜甜,ChIJN-0bWvQR2jEROfyAUTB13ME,3.4,71,,1.3390694,103.7790277,jia jia le cuisine f & b pte. ltd.,A,0.79484,5,FALSE,
myeongdong korean food,ChIJf8DhfgAR2jERGAoQ_FG2iew,4,1,,1.3390447,103.7789794,ho heng food & enterprise pte. ltd.,A,0.979,1,FALSE,
go k bbq,ChIJ16W4N1QR2jERBsUSgpKq5X0,4.5,617,,1.339239,103.7787788,penyet & bbq culinary pte ltd,A,0.92528,5,FALSE,
zheng wang chicken and duck rice,ChIJ--bQIwAR2jERGy-u45q483g,4.8,18,,1.3392089,103.778724,wang cher chiang,A,0.85474,5,FALSE,
hunbun,ChIJmyquKWQR2jERlaBSsbG3Cto,4.9,170,,1.3391634,103.7787121,,Unknown,0.96874,5,FALSE,
mita sushi (bukit timah plaza),ChIJQ4iSRQAR2jERLcOLSa2bPI8,4.3,53,,1.3387788,103.7787857,sushi jiro pte. ltd.,A,0.96972,5,FALSE,
snack attack (bukit timah plaza - b1 outside sparkle),ChIJB9LZHgAR2jERsDdorFz9LTk,,,,1.3386705,103.7788641,subs republic plaza pte. ltd.,A,0,,FALSE,
ahtti korean restaurant (bukit timah),ChIJe94xPjER2jERSsCJM8LBomw,4.6,24,,1.3386705,103.7788641,mouth restaurant pte ltd,A,0.87962,5,FALSE,
hokkaido ramen - 北海道面,ChIJrWbzWcAR2jER23rv9RZ3eck,4.6,51,,1.3386705,103.7788641,hokkaido sushi fine dining pte ltd,A,0.42592,5,FALSE,
chirashizushi shou,ChIJk2FgfZkR2jER1Gq5ivXgOfA,4.5,594,2,1.3388114,103.7786928,lian bang fu zhou shou gong bao pte. ltd.,B,0.91748,10,FALSE,
sherwood snack bar,ChIJ3dARAokQ2jERfMbYeSAERHM,3.6,54,,1.3388106,103.7786926,26@marina bar & bistro pte ltd,B,0.43848,5,FALSE,
zzang korean food,ChIJ01r3_YgQ2jERsQF_tt6SRu4,4,138,,1.3388295,103.7786184,ho heng food & enterprise pte. ltd.,A,0.53782,5,FALSE,
baan chadar thai cuisine pte ltd | best thai food in singapore,ChIJgTRlHRkR2jERF4_T_Oj_DpQ,4.3,144,,1.338723,103.7786642,canton paradise pte. ltd.,A,0.81246,5,FALSE,
edo sushi pte. ltd.,ChIJpbTz_YgQ2jERMLNWv8kZW4o,,,,1.3386026,103.7785976,edo sushi pte ltd,A,0,,FALSE,
otter pizza @ bukit timah plaza,ChIJV-nZfmoR2jEREsgc6uTWSjU,4.2,11,,1.3385566,103.7786133,alt. pizza pte. ltd.,A,0.45492,5,FALSE,
myung ga (명가) ii,ChIJ7c4PBYkQ2jER00kMuYUmXlo,4.3,610,,1.3385566,103.7786133,the ramen stall (nbr) ii pte ltd,A,0.9568,5,FALSE,
nasi lemak house .com,ChIJSe39_DYR2jERt6CwARTMatg,4.5,37,,1.338592,103.7785632,yu kee duck and noodle house pte. ltd.,A,0.75006,5,FALSE,
keppel club,ChIJ2QdCQegb2jERpeuye8JoFDw,4.4,1933,,1.3416815,103.8110618,keppel club,Unknown,0.84364,5,FALSE,
la braceria pizza & grill,ChIJQVoZp3Aa2jERwuK3oa6kWEc,4.4,585,2,1.33172,103.8071743,la storia di cheryl pte ltd (gelatissimo),A,0.82386,5,FALSE,
pasta fresca da salvatore,ChIJna5ASpkQ2jERxc387naa1TE,4.2,516,2,1.3305976,103.7958249,pasta fresca da salvatore pte ltd,B,0.50348,5,FALSE,
lazy lizard sixth avenue,ChIJwQyZ1p4Q2jER9f_JXtK3Pz4,4.4,463,2,1.3312023,103.7951531,li li,A,0.79158,5,FALSE,
baker & cook,ChIJpTAW1KUQ2jEREMulvSWMB0o,4.3,428,2,1.3315651,103.8075586,baker & cook pte. ltd.,A,0.87378,5,FALSE,
r italian kitchen & smokehouse,ChIJEywT3D0X2jER8BDUFJoXb_M,4.3,1289,3,1.3315001,103.8067379,kitchen project llp,B,0.64486,5,FALSE,
simply bread,ChIJu8G2J58Q2jERlhz51hefA0Q,3.6,253,2,1.3306131,103.795727,simply bread pte ltd,A,0.60336,5,FALSE,
sanjo niku 三条肉 izakaya,ChIJRyeSfBIR2jERg-xe5tweafU,,,,1.3377382,103.7936436,showa hakata ramen & izakaya pte. ltd.,B,0,,FALSE,
yi residence,ChIJse63_04R2jERMKLKxOkoTgQ,4.8,35,,1.3356534,103.8058789,heng yi food pte. ltd.,A,0.96568,5,FALSE,
axa international,ChIJ3WeXKKIQ2jERug3KMo-j8FQ,,,,1.331681,103.800664,s&n international pte. ltd.,A,0,,FALSE,
little lazy lizard,ChIJ1VfC29gR2jERW6utEC6wo5E,4.8,1520,2,1.3311585,103.7961955,5 little bear taiwan food pte ltd,A,0.9472,5,FALSE,
indian curry house bukit timah,ChIJQ6vp0p4Q2jERP7DoFs_sID8,4.1,445,2,1.3313948,103.7951244,s.v. curry pte. ltd.,B,0.88278,5,FALSE,
ying chinese restaurant @ sicc bukit,ChIJu2Xyl0AR2jERqiJV3y1HsKU,4.8,53,,1.341446,103.8099989,mouth restaurant pte ltd,A,0.89358,5,FALSE,
munchkings @ queens llp,ChIJ3Wd2xqEQ2jERHwA6nS3PA7w,,,,1.3298987,103.7993298,passionaire llp,A,0,,FALSE,
the bukit bistro & bar,ChIJdY5hHDQR2jERP1cegGTjyiw,4.5,14,,1.3411376,103.8101457,the coffee bean & tea leaf (singapore) pte ltd,A,0.83126,5,FALSE,
soi thai soi nice @ sixth ave,ChIJx59xjhsR2jERS9N8aXMaf5E,4.7,38,,1.331192,103.7948051,choo soi thoe,A,0.78054,5,FALSE,
the sixth noodle house @ soi thai soi nice,ChIJXTuYiXAY2jERliMQamLwYbw,4.2,689,2,1.3311085,103.7949266,the flying bread pte ltd,B,0.8534,5,FALSE,
thenral briyani palace,ChIJ93RppyAR2jERMhHDYExWCK4,2.3,26,,1.3309208,103.7950629,yan palace restaurant holdings pte ltd,B,-0.11216,5,FALSE,
sixth avenue briyani,ChIJCxUb2p4Q2jERj7RWTmTkYD4,3.8,61,,1.3309208,103.7950629,excellent briyani family restaurant pte ltd,C,0.49254,5,FALSE,
kenwa zenshin,ChIJS0YnkVMR2jERYwXSpyZTOGI,3.7,3,,1.3309463,103.7949868,,Unknown,0.300266667,3,FALSE,
sixth avenue nasi lemak,ChIJlctw2p4Q2jERBYCrb0bjGmU,4.2,182,,1.3309191,103.7950337,yanti nasi padang restaurant pte ltd,B,0.61096,5,FALSE,
sunny fishball noodles,ChIJ8em_zp4Q2jERqZ7L4Ia41Ow,4.3,33,,1.3309316,103.7950103,red place's beef noodles pte. ltd.,B,0.6058,5,FALSE,
top seafood,ChIJCxUb2p4Q2jERmaRCgpDmQRg,3.5,102,,1.3309684,103.7948628,the top seafood pte. ltd.,Unknown,0.30894,5,FALSE,
sixth avenue porky prawn noodle | 第六道豚蝦麵 (flagship),ChIJIwPALkIR2jER9NAXHGE7bB8,4.3,273,1,1.3309952,103.794764,wah kee big prawn noodle pte. ltd.,A,0.73384,5,FALSE,
thuan ji roast,ChIJNcCTCwAR2jERvB3UZu8LcJs,4.1,8,,1.3309677,103.7947421,gao ji food (s) pte ltd,A,0.672,5,FALSE,
友间厨房,ChIJp7CNdQAR2jERQSBNDgE0QhU,2,1,,1.3306713,103.7950002,,Unknown,0,0,FALSE,
a kitchen,ChIJG8iJawAR2jERprwvKAaPoRY,4.3,9,,1.3306312,103.7949767,java kitchen pte. ltd.,Unknown,0.64284,10,FALSE,
old tiong bahru bak kut teh,ChIJ_d5uWgAR2jERETWtZFoJp8Q,3.9,11,,1.3306312,103.7949767,old tiong bahru bak kut teh pte ltd,B,0.806,5,FALSE,
6th avenue fishball noodles by auntie sally,ChIJRTR5pIcR2jERBi8_dy8a5Bc,4.8,17,,1.3306148,103.7949342,gardens by the bay,A,0.7444,5,FALSE,
sixth avenue no named chef 第六道无名小厨,ChIJzyrfEMkR2jER6iGbg_GisJc,,,,1.3305793,103.7949338,hrvst avenue pte ltd,A,0,,FALSE,
feng wei mixed veg rice xiao chao 峰味什菜糜小炒,ChIJy7ffK9MR2jERUoBLD2ZmyNc,4.5,2,,1.3305793,103.7949338,wah feng pte. ltd.,A,0.5561,2,FALSE,
tian wei hk roasted delights,ChIJV5QqXegR2jERiyfooa-uyYk,4.3,3,,1.3305793,103.7949338,chua tian loke,A,0.572166667,3,FALSE,
shatin roast,ChIJ1cV13Z4Q2jER4avMAsmDo_s,2.5,6,,1.3305902,103.7948933,orchid roast fish pte. ltd.,B,0.0784,5,FALSE,
小馥苑 fu yuan teochew dining greenwood,ChIJs59fDecR2jERLBBW6g4mdYE,4.9,154,,1.3316067,103.8067428,jq dining pte. ltd.,A,0.97894,5,FALSE,
nami korean grill house by hanjip,ChIJUSP_2ioR2jER-oi38hcEwnk,4.8,1957,,1.3314568,103.8068784,gardens by the bay,A,0.93096,5,FALSE,
omar shariff authentic indian cuisine,ChIJnSxdILMR2jERn6Mzeid87bE,4.9,448,,1.331318,103.8068962,omar shariff authentic indian cuisine pte.ltd.,A,0.94782,5,FALSE,
heyya braised duck @ greenwood,ChIJpeFN7aob2jERoaTWj84uyQM,4.7,70,,1.3313379,103.8069312,duck master pte. ltd.,A,0.92414,5,FALSE,
arcadia pizza,ChIJ57raU58R2jERbzDR8Nokl0E,4.8,13,,1.3341497,103.8094283,extra virgin pizza pte. ltd.,A,0.9035,5,FALSE,
superfamous prata local cuisine,ChIJAY3WmUoR2jEROLuJRv7CXy8,2,4,,1.3313127,103.8069165,zap cuisine pte. ltd.,A,-0.04525,4,FALSE,
subway,ChIJW1VDv0YX2jER_qFqEwvJgh0,3.7,53,2,1.3417295,103.8378466,subway harbourfront pte ltd,A,0.178081667,239,FALSE,
tee top restaurant,ChIJ48Vict4b2jERkC8mMbyY8_o,4.2,62,,1.3418745,103.8113082,texas chicken restaurant pte. ltd.,A,0.851,5,FALSE,
house of t's,ChIJ1QgrjT8R2jERI43ULPrV4h8,,,,1.3301585,103.8190231,royal t group pte. ltd.,A,0,,FALSE,
niku niku,ChIJFcjjMr0R2jERqJoD2vT3ZDc,4.4,29,,1.3345743,103.8099539,shiu yakiniku pte. ltd.,Unknown,0.8632,5,FALSE,
garang grill - @ arcadia,ChIJG17pIY8Z2jERNOAaV4Gxiw8,3.7,11,,1.3346438,103.8099133,jerry's barbeque & grill (s) pte ltd,A,0.5202,5,FALSE,
hideaway by semura bistro,ChIJyf7yia8Q2jERZLi2dQ_dy6c,4.6,89,,1.3345554,103.8099324,asia bistro llp,B,0.84456,5,FALSE,
royal thai cuisine @ arcadia road,ChIJTad-m4MR2jERtYyhEAGfCiI,4.6,64,,1.3346097,103.8098975,royal t group pte. ltd.,A,0.89906,5,FALSE,
fried rice paradise,ChIJfT5G34IR2jERXl_6vdg3_L0,4,2,,1.352083,103.819836,seafood paradise (s) pte. ltd.,A,-0.0209,2,FALSE,
18 chefs,ChIJGQAlHQAR2jERhCY89XPmM1I,,,,1.352083,103.819836,18 hour pte. ltd.,Unknown,0,,FALSE,
jay man kali ka dhaba,ChIJ_VzKVgAR2jERPuiRf7izOpY,,,,1.352083,103.819836,common man coffee roasters pte. ltd.,A,0,,FALSE,
muhamadhomesg,ChIJMakes-0R2jERiCtvDVOLWhg,1,1,,1.352083,103.819836,,Unknown,0,1,FALSE,
meetup,ChIJWWZ7YgAR2jER7DfW7M9L_a4,,,,1.352083,103.819836,meetup@352 pte. ltd.,Unknown,0,,FALSE,
fun toast,ChIJAQo3aDcR2jERRBG3b1Ak1Hs,,,,1.352083,103.819836,fun toast @ telok ayer pte. ltd.,A,0.51208,10,FALSE,
mos test,ChIJgSewkZQR2jERmKbPOQmUcAE,,,,1.352083,103.819836,mos foods singapore pte. ltd.,A,0,,FALSE,
utpal wary,ChIJBYSoMRIR2jERE2qfy1xjvdM,,,,1.352083,103.819836,,Unknown,0,,FALSE,
in-clover cafe,ChIJU3gQ1qkQ2jERIuftyDTnwII,,,,1.3267547,103.8133485,hanis cafe & bakery pte. ltd.,A,0,,FALSE,
barrio spanish restaurant,ChIJgUPIH4MR2jERde8yxvdgSks,4.6,433,,1.3315214,103.8075058,hyangtogol (korean restaurant) pte. ltd.,A,0.93382,5,FALSE,
gink-go,ChIJ47tv3ncX2jERPhGWkNJoAQY,4.6,34,,1.3425132,103.8349472,go do ri pte. ltd.,A,0.85076,5,FALSE,
black bear smokehouse,ChIJhQSMMSMR2jERZgtYu0CUjeM,4.2,64,,1.3313765,103.8073419,5 little bear taiwan food pte ltd,A,0.97834,5,FALSE,
bacaro,ChIJeXS7If8R2jER0npUrSkPvSQ,4.6,241,,1.3313765,103.8073419,,Unknown,0.94446,5,FALSE,
忌葱勿用scallionforfree,ChIJL6XkWwAR2jERm7zaggZVBas,4.4,40,,1.3312795,103.8073629,li li,A,0.89996,5,FALSE,
adam's desserts,ChIJv4Mk4QYa2jERiO0WWifdyM4,4.3,116,,1.3242516,103.814195,seafood paradise (s) pte. ltd.,A,0.95266,5,FALSE,
stewart fruit juice,ChIJv4Mk4QYa2jER0qMh-YQv31k,3.6,35,,1.324259,103.814166,365 fruit juices & smoothies llp,A,0.4243,5,FALSE,
adam rd noo cheng big prawn noodle,ChIJv4Mk4QYa2jER04PXfccoZvo,3.4,316,,1.3242218,103.814164,loy kok cheng,B,0.81238,5,TRUE,Bib Gourmand
adam's fried hokkien mee,ChIJZ5hv4QYa2jERas1IefKglGI,2.7,10,,1.3242264,103.8141876,lam's (singapore) culinary enterprise pte. ltd.,A,0.11608,5,FALSE,
house of braised duck,ChIJbyRDlAMb2jEREdxo1co6yss,2.9,20,,1.3242436,103.8141144,yu kee duck and noodle house pte. ltd.,A,0.0248,5,FALSE,
siti nur liyana nasi lemak,ChIJv4Mk4QYa2jERN70U6hzdTGk,4.2,59,,1.3242087,103.8141348,mount faber nasi lemak fast food shop pte ltd,A,0.8915,5,FALSE,
selamat datang warong pak sapari,ChIJr39M4QYa2jERe0a_7urSZ4I,4.3,194,,1.3241822,103.8141863,aidah bte selamat,B,0.68724,5,TRUE,Bib Gourmand
nasi singapura since 1974,ChIJv4Mk4QYa2jERu7w-OxI-f7A,4.4,25,,1.3241353,103.8142837,ya kun kaya toast coffeestall since 1944 pte. ltd.,B,0.6973,5,FALSE,
fried kway teow prawn mee oyster carrot cake (adam road),ChIJZ4wf4QYa2jER7KobPnd9ewY,4,44,,1.3241963,103.8140761,han's cafe & cake house pte. ltd.,A,0.82374,5,FALSE,
taj mahal drinks stall,ChIJv4Mk4QYa2jERH5-Vf8TzfqI,2.8,29,,1.3241604,103.8141321,taj authentic indian cuisine pte ltd,B,-0.0616,5,FALSE,
adam chicken rice,ChIJGZ-bbsgb2jERYdcJWSvegr0,4,26,,1.3240877,103.8142991,texas chicken restaurant pte. ltd.,A,0.84036,5,FALSE,
sarpino’s pizza dunearn,ChIJnY-xpNAb2jERa2B79bIGXYc,3.8,35,,1.3232913,103.8174041,lam's (singapore) culinary enterprise pte. ltd.,A,0.4955,5,FALSE,
the sugarcane plant,ChIJv4Mk4QYa2jER5neDYGVbw30,5,27,,1.3241658,103.8140668,the exchange asia square pte ltd,A,0.94396,5,FALSE,
fruitopia,ChIJsRBE4QYa2jERYjbH7X0ySBE,4.7,62,,1.3241299,103.8140835,,Unknown,0.64122,5,FALSE,
adam seafood bbq,ChIJv4Mk4QYa2jERQyyZw0PRyLI,3.9,26,,1.3240767,103.8142207,seafood paradise (s) pte. ltd.,A,0.52264,5,FALSE,
bahrakath mutton soup,ChIJv4Mk4QYa2jER3mvQRS4vAMA,4.1,204,,1.3241038,103.8141321,soup restaurant singapore pte. ltd.,A,0.80246,5,TRUE,Bib Gourmand
you ji,ChIJv4Mk4QYa2jERvooRgG5ALAM,1,1,,1.324088,103.814086,gao ji food (s) pte ltd,A,0,1,FALSE,
adam drinks stall,ChIJv4Mk4QYa2jERH7qgGyWF7ko,4.7,12,,1.324088,103.814086,he jia food stall pte. ltd.,Unknown,0.8565,5,FALSE,
kelly jie seafood 凯莉姐龙海鲜 • formerly tpy mellben seafood,ChIJobbt1W0X2jERXp9vqJo1kJs,4.3,2014,2,1.340401,103.853753,seafood paradise (s) pte. ltd.,A,0.88474,5,FALSE,
peach garden @ thomson plaza,ChIJN0cGKDAX2jERKPM7k6kC5ug,4,3276,2,1.3548791,103.8308643,republic plaza city club (singapore) pte ltd,A,0.7111,5,FALSE,
subway,ChIJb-ErmBYX2jERFNCIPAh3_kQ,3.9,364,2,1.3501581,103.8482432,subway harbourfront pte ltd,A,0.178081667,239,FALSE,
swensen's @ thomson plaza,ChIJ-dXgUTkX2jER496ewjlh-eg,4.5,1874,2,1.3544513,103.831345,lam's (singapore) culinary enterprise pte. ltd.,A,0.96494,5,FALSE,
toa payoh lucky pisang raja,ChIJ0x_lT2YX2jERl3tc4FaQY2Y,4.1,174,,1.333957,103.849876,raja rasa llp,B,0.5617,5,FALSE,
bishan vegetarian supply,ChIJaW2_iD4X2jER_oygbKk39eI,,,,1.3493642,103.8415004,ci yan vegetarian health food pte ltd,C,0,,FALSE,
hup chong hakka yong dou foo,ChIJrfF8eUIX2jERYrbRZDmRI1s,3.9,548,,1.3386294,103.8443501,lim chong seng,B,0.79894,5,FALSE,
lai kee dim sum (toa payoh),ChIJjZxlLGgX2jERrOzYAnKMkcY,3.4,89,,1.3382356,103.8450094,dim sum pte. ltd.,A,0.20356,5,FALSE,
seasalt the seafood place,ChIJ6Q_N8D4X2jERcVXPZtgtuSk,4.1,19,,1.348385,103.841584,marina live seafood & steamboat pte ltd,B,0.61892,5,FALSE,
pizza hut,ChIJw-othWgX2jERUSY2a1u3BRU,4.7,383,2,1.3363057,103.8478179,pizza hut singapore pte ltd,A,0.586732,125,FALSE,
hup chong yong tau foo blk 203,ChIJlT54vmsX2jER3zBPOzr6pdg,4.3,412,1,1.3420987,103.8488524,lim chong seng,B,0.8505,5,FALSE,
ding ji,ChIJtc_zvWsX2jERhKZr3_B0bGs,1.5,6,1,1.3420893,103.8491297,ding jianlin,B,0.050081667,58,FALSE,
watami japanese dining (junction 8),ChIJb-ErmBYX2jERKddzxRgayYI,3.6,1193,2,1.3503885,103.8482596,jq dining pte. ltd.,A,0.59678,5,FALSE,
kim keat hokkien mee,ChIJD2b63mgX2jER0T1F34oPiQk,3.9,797,2,1.3380931,103.8496439,yeo kim hock,A,0.90262,5,FALSE,
lam's noodle & salt baked chicken @ toa payoh 500,ChIJNYsVZKgZ2jERI1JN0KsKRbE,3.9,162,,1.3326811,103.8473985,seafood paradise (s) pte. ltd.,A,-0.18474,5,FALSE,
trattoria da mimmo restaurant and pizzeria,ChIJ4UIS3D0X2jERNNeOcuEPgQY,4.5,816,2,1.3501278,103.842873,da paolo group pte. ltd.,A,0.981,5,FALSE,
cuisine xpress pte ltd,ChIJJ4REf2wX2jERZpBUW5dooQg,,,,1.343237,103.8504095,fusion xpress pte ltd,A,0,,FALSE,
jian bo shui kueh,ChIJB3EY-2YX2jERBGo04mSHoiU,2.5,61,,1.3329648,103.8486276,feng bo zhuang f & b pte ltd,B,0.021293333,15,TRUE,Selected Restaurants
thunder tea,ChIJw75m3mYX2jERpcyPkmiYwxU,3.4,29,,1.3324157,103.8483296,thunder tea rice pte ltd,B,0.62094,5,FALSE,
toast box (junction 8),ChIJb-ErmBYX2jERPoKnvrxXv3Q,3.4,287,1,1.3507816,103.8485617,food junction management pte ltd,Unknown,0.30696,5,FALSE,
long john silver's,ChIJb-ErmBYX2jERoSTj8YtpRuw,3.6,565,,1.3500872,103.8483881,seafood paradise (s) pte. ltd.,A,0.26932,35,FALSE,
saizeriya,ChIJNadbjWYX2jERZQF2uivtRVs,3.8,1448,1,1.3328892,103.8494922,singapore saizeriya pte. ltd.,A,0.5029675,40,FALSE,
delisnacks,ChIJy5g1pTsX2jER3DX3KBXFmHE,4.7,3,,1.3517629,103.8370588,li li,A,0.4108,11,FALSE,
shun fu yuan vegetarian,ChIJy5g1pTsX2jER845msz2fEGc,3.5,8,,1.3518582,103.8369829,nature vegetarian (suntec) pte. ltd.,A,0.16492,5,FALSE,
secret recipe,ChIJJZO6vmYX2jERmMbuP_qPWYI,4.4,383,2,1.3320862,103.8495333,secret recipe international pte. ltd.,A,0.500106667,15,FALSE,
mata thai,ChIJj9trUm0X2jERX0VD2SHNLQU,3.9,586,2,1.3487765,103.8492686,mata thai llp,B,0.64704,5,FALSE,
jack's place toa payoh,ChIJN7A8tmYX2jERgQ48HDgdMPA,4,1060,2,1.3313077,103.8493871,lam's (singapore) culinary enterprise pte. ltd.,A,0.91902,5,FALSE,
old chang kee,ChIJb-ErmBYX2jERLbozXWqhOf8,3.1,22,1,1.3505967,103.848617,chang cheng food & beverage pte. ltd.,A,0.126987059,85,FALSE,
chaoyang prawn noodle (#01-15),ChIJ4X60UycY2jER9dhoONLDKlg,4.3,112,1,1.3359699,103.8530114,01 bb pte. ltd.,B,0.29668,5,FALSE,
saybons @ bishan junction 8,ChIJb-ErmBYX2jERWgHlhGNJQxU,3.7,517,,1.350321,103.848622,8 bar pte. ltd.,A,0.47276,5,FALSE,
pocoloco,ChIJuworGh0X2jERVX6X-X29pyo,4,822,2,1.3523794,103.8349379,,Unknown,0.75976,5,FALSE,
tori-q junction 8,ChIJb-ErmBYX2jERcyPe60ZkfT8,4.2,162,1,1.3509096,103.8487878,food junction management pte ltd,Unknown,0.7285,5,FALSE,
yoshinoya - junction 8,ChIJb-ErmBYX2jERtFtJPbcEdzg,3.8,431,2,1.3510265,103.848631,8 bar pte. ltd.,A,0.4344,5,FALSE,
饗好吃 xiang taiwanese desserts and food,ChIJF6W48ToX2jERXehx1oyGIrU,4.4,596,1,1.3529391,103.8352495,taster food pte. ltd.,A,0.94292,5,FALSE,
siam square mookata - best mookata restaurant in singapore,ChIJM6YwNRwX2jERkp1VdJB4NSY,4,183,2,1.3530486,103.8350584,cold storage singapore (1983) pte ltd,A,-0.12604,10,FALSE,
din tai fung @ junction 8,ChIJ-Ufv8hYX2jER3Ar_QtrsOcs,4.2,1077,2,1.3510861,103.8486743,8 bar pte. ltd.,A,0.73712,5,FALSE,
soi 47 thai food,ChIJ___vmG8X2jERaOQfkBfAMqg,4.1,849,2,1.3369257,103.8537879,ho heng food & enterprise pte. ltd.,A,0.73168,5,FALSE,
domino's pizza toa payoh,ChIJeef3mG8X2jERS5SlGpLd5wg,3.2,317,2,1.3369407,103.8540285,lam's (singapore) culinary enterprise pte. ltd.,A,-0.21406,5,FALSE,
east seafood white meehoon,ChIJKXHQcG4X2jEROTr1QFcoy5c,4.3,102,,1.3400203,103.8544104,marina live seafood & steamboat pte ltd,B,0.84806,5,FALSE,
chicken house,ChIJd9JNnzoX2jERZw4gtqH91Eg,4,975,,1.3533869,103.833555,chicken house pte. ltd.,B,0.57144,5,FALSE,
21 on rajah,ChIJKT3KLGAX2jERq1yyRBddK7Q,4.2,1059,2,1.3270478,103.847462,bar on chulia pte ltd,A,0.92632,5,FALSE,
peperoni pizzeria,ChIJP8NvoDoX2jERs9aVRfLWaEc,4.6,1202,2,1.3536172,103.8332567,bruno's pizzeria&grill llp,A,0.85275,10,FALSE,
nyonya curry puff cafe,ChIJ60CIAdUb2jERSvwkMfwaEWM,3.6,17,,1.3553434,103.8364533,lau di fang scissors-cut curry rice pte. ltd.,A,0.86548,5,FALSE,
jai thai,ChIJZWQq3D0X2jERWzykNKgSCHo,4.2,804,1,1.3501667,103.8431015,jai thai @ purvis pte. ltd.,B,0.69222,5,FALSE,
daawat tandoori,ChIJp6qqWjoX2jERFbf7eR9Lbak,4.4,652,2,1.352068,103.8351824,daawat tandoori restaurant pte ltd,A,0.85426,5,FALSE,
ya kun kaya toast (hdb hub),ChIJ3bNYuWYX2jERYa8Zf2aOaXo,3.3,226,1,1.332654,103.8485616,fun toast pte ltd,A,0.60316,5,FALSE,
long house soon kee (boneless) duck rice(长屋順記(起骨)滷鴨飯・粥・鴨面),ChIJCwTEpckZ2jERaI8MYiA0FoQ,4.6,137,,1.3256648,103.8490059,yu kee duck and noodle house pte. ltd.,A,0.87744,5,FALSE,
old chang kee (hdb hub),ChIJYW2f32YX2jER4CigyTUyg0s,3.6,57,1,1.3329565,103.8471831,chang cheng food & beverage pte. ltd.,A,0.37632,5,FALSE,
omoté,ChIJNxkcycUX2jERQy0E0S6-P8c,4.3,1930,2,1.3545895,103.8312373,omotenashi pte. ltd.,A,0.92058,5,FALSE,
the roti prata house,ChIJP8IIvzoX2jERvnJIgFgZoCs,3.8,3663,1,1.3538519,103.8342736,the roti prata house pte. ltd.,B,0.9459,5,FALSE,
ya kun kaya toast (thomson plaza),ChIJ56To1y8X2jER4Jm2ZsXTzao,3.4,253,1,1.3547806,103.8309607,ya kun cafe pte. ltd.,A,0.73504,5,FALSE,
old chang kee,ChIJN0cGKDAX2jER3IbC8oTLJwY,1.7,13,1,1.3548586,103.8308906,chang cheng food & beverage pte. ltd.,A,0.126987059,85,FALSE,
boon tong kee restaurant,ChIJ7wTBRt8Z2jERQO-YNjVAXyI,4.2,2626,2,1.3255172,103.8495448,yu kee duck and noodle house pte. ltd.,A,0.72454,5,FALSE,
heavenly wang,ChIJC_JDKDAX2jERo9qgi6wI9TA,4,266,1,1.3548586,103.8308906,ma la guo wang pte. ltd.,B,0.91906,5,FALSE,
tandoori corner,ChIJU0CzkpEX2jERXkML1VNm1_A,4.4,614,2,1.3258138,103.8500717,kampong corner pte. ltd.,Unknown,0.95556,5,FALSE,
the baba curry puff cafe,ChIJI5blWyUY2jERkcLB1VNfR6Y,4.6,50,,1.3338709,103.8659257,the coffee bean & tea leaf (singapore) pte ltd,A,0.42372,5,FALSE,
n & b snack,ChIJ26aPd4IX2jER-UjNLCWB0to,4,187,,1.3323264,103.8677912,s&n international pte. ltd.,A,0.813,5,FALSE,
kok kee turtle soup,ChIJX2UWr3oX2jERE3nGhfZjJHE,4.4,45,,1.3354642,103.8570169,yu kee duck and noodle house pte. ltd.,A,0.82654,5,FALSE,
yi jia village seafood restaurant,ChIJgzrjuXoX2jER0mck0ryN1_M,4.1,496,2,1.3350423,103.8567994,heng yi food pte. ltd.,A,0.56574,5,FALSE,
la pizzaiola @ jalan riang,ChIJ64N3fQoX2jERnAykmps0LYg,4.4,1049,2,1.3473616,103.867581,alan,B,0.96134,5,FALSE,
pranakorn,ChIJ768PGxc82jER_MhC-hsOHdc,4.2,466,2,1.3503871,103.8689723,pranakorn pte. ltd.,A,0.94036,5,FALSE,
pillars restaurant & catering pte ltd,ChIJN4CIvn8X2jERJi4JDIriKPc,,,,1.3276446,103.866404,mr restaurant & catering pte. ltd.,B,0,,FALSE,
tian wai tian fish head steamboat (serangoon road),ChIJh8jeyN4W2jER6tu3OYLnYDg,3.9,1026,2,1.3273179,103.8675537,arcade fish soup pte. ltd.,A,0.91014,5,FALSE,
dian xiao er (nex),ChIJxyAVvKYX2jERRVRZK6cjWpY,4.4,1246,2,1.3509672,103.8720767,yechun xiao jiang nan restaurant group pte. ltd.,A,0.94176,5,FALSE,
ichiban boshi (nex),ChIJxyAVvKYX2jERuOQsmgH8aLU,4.3,944,2,1.3508281,103.8717834,,Unknown,0.85874,5,FALSE,
putien nex,ChIJxyAVvKYX2jERWDi7SrBCNhk,4.7,3359,2,1.3506853,103.8719911,prawn noodles & putien restaurant pte. ltd.,B,0.23508,5,FALSE,
idaten udon (serangoon nex),ChIJ9_oLuKYX2jERldYvu5kb0gs,4.3,601,2,1.3508854,103.8716809,,Unknown,0.97904,5,FALSE,
dough culture (nex),ChIJy-3_6aYX2jERskA4RYVKjkc,3.2,149,1,1.3506853,103.8719911,high society culture pte. ltd.,A,-0.24506,5,FALSE,
mos burger,ChIJQfUv6KYX2jEREb_OZQsz4VU,3.8,730,1,1.3506853,103.8719911,mos foods singapore pte. ltd.,A,0.53058,30,FALSE,
&joy japanese food street (nex),ChIJZ2DAwqYX2jERymVeqc8T30c,4.1,112,2,1.3506853,103.8719911,quik food pte. ltd.,B,0.35576,5,FALSE,
monster curry - nex,ChIJXfiwI6kZ2jERDJYqTLj7BpE,4.8,3175,2,1.3509937,103.87209,lau di fang scissors-cut curry rice pte. ltd.,A,0.85112,5,FALSE,
old chang kee,ChIJP_5t6qYX2jERrK7Z9GLA-xI,3.1,77,1,1.3510121,103.8721045,chang cheng food & beverage pte. ltd.,A,0.126987059,85,FALSE,
lee wee & brothers,ChIJeS1mv6YX2jERnCQXj-N-9L4,3.2,30,,1.3507688,103.8723969,lee wee & brothers' foodstuff pte. ltd.,A,0.31204,10,FALSE,
ho kee pau,ChIJUR6ysaYX2jERicLzZs2SkFQ,2.4,68,,1.3502237,103.8729481,ho kee pau (singapore) pte. ltd.,A,-0.15168,20,FALSE,
burger king nex,ChIJizCs2J0X2jERD_iye62dSO0,3.8,656,1,1.3502623,103.8729537,burger king singapore pte. ltd.,A,0.66174,5,FALSE,
sushi tei,ChIJ_9-dwaYX2jERWLioHEvUFAs,4.2,748,2,1.3505087,103.8729114,sushi-tei pte ltd,A,0.737818182,55,FALSE,
qi ji,ChIJk9T8u6YX2jEROOKC4oBuB1g,3.8,328,,1.350643,103.8727277,qi ji bistro pte. ltd.,A,0.64656,5,FALSE,
yoshinoya nex,ChIJzeo5vKYX2jERbni9fs9OIrY,3.5,330,2,1.3500008,103.8732368,yoshinoya (s) pte ltd,A,0.21102,5,FALSE,
sushi express - nex,ChIJuVpbrKYX2jERTMGjgf172RM,4.2,1952,1,1.3498928,103.8733382,osahime sushi restaurant pte ltd,A,0.86652,5,FALSE,
nouvelle events & catering,ChIJAQAA0I8X2jERbE5hrexJxbc,4.8,10,,1.3347365,103.889587,wan nian food catering services pte. ltd.,A,0.7422,5,FALSE,
muslim delights malay food and noodles,ChIJ_5KuypMX2jERlf5laqTR5z0,4.4,572,2,1.3382417,103.8865825,taster food pte. ltd.,A,0.62698,5,FALSE,
menu pte ltd,ChIJDXAA1ZEX2jERPyHqFFuM_LU,,,,1.335829,103.8826799,menu pte ltd,A,0,,FALSE,
sure food pte ltd,ChIJDXAA1ZEX2jEReWpDSzUlW-g,,,,1.335829,103.8826799,savour food pte ltd,A,0,,FALSE,
domino's pizza upper paya lebar,ChIJ-6cIWJEX2jEROnv6vaf3qIY,3.3,328,2,1.3396977,103.8853652,s connexion pte ltd,A,-0.77116,5,FALSE,
junshin sushi pte ltd,ChIJDXAA1ZEX2jERrUAHBtp5akk,,,,1.3353672,103.8830294,cold storage singapore (1983) pte ltd,A,0,,FALSE,
pizza hut,ChIJZwKS4pMX2jERKa1LDY4vSXY,4.5,342,2,1.3395933,103.8855295,pizza hut singapore pte ltd,A,0.586732,125,FALSE,
yu cun,ChIJOcRx55MX2jERrK-Vlo2ikQ4,4.3,1931,2,1.3392329,103.885903,xiao yu cun seafood restaurant pte. ltd.,A,0.9021,5,FALSE,
grain | meals on demand and catering,ChIJ1QdlAY4X2jERkzd5Pjn5Gdg,4.7,1344,,1.335164,103.8849477,natural grain pte. ltd.,A,0.98096,5,FALSE,
jw sweets factory,ChIJ_47tRI4X2jERHeHVQsHwPZg,5,1,,1.3339835,103.8834936,french food factory pte ltd,A,0,0,FALSE,
pancake king,ChIJi22MNZIX2jER6hOUK94w-dI,4.4,9,,1.337801,103.886825,kopi king pte. ltd.,A,0.61334,5,FALSE,
the boneless kitchen,ChIJMcWSBZIX2jERpH5WSHHxJdc,4.4,1488,2,1.336096,103.8860577,the exchange asia square pte ltd,A,0.85646,5,FALSE,
fun toast,ChIJ8xlq8JIX2jERRoWw9HPM8DA,3.3,119,,1.3361149,103.8885227,fun toast @ telok ayer pte. ltd.,A,0.51208,10,FALSE,
long john silver's,ChIJM-WPhZIX2jERRy3vKQ_zGCs,3.3,255,,1.3364487,103.8890365,seafood paradise (s) pte. ltd.,A,0.26932,35,FALSE,
harry's tai seng,ChIJt5JC8JIX2jER3syTBziS_zQ,4.4,693,2,1.3362549,103.889089,seafood paradise (s) pte. ltd.,A,0.8803,5,FALSE,
kushi japanese dining,ChIJAS_k8IUX2jER0bmaX1gn01E,4.6,1865,2,1.3335511,103.8879094,misaki japanese restaurant pte. ltd.,A,0.94782,5,FALSE,
hei sushi,ChIJv7xlbo0X2jERhJLcBjGAJnc,3.5,364,2,1.3348951,103.8890157,tatsu sushi (s) pte ltd,A,0.32428,10,FALSE,
din tai fung @ breadtalk ihq,ChIJy_AhFY0X2jERL7UPU8klrtY,4.3,1044,2,1.3343541,103.8894558,breadtalk pte ltd,A,0.58812,5,FALSE,
allgood gourmet,ChIJS5Gtr6YX2jERzed3ApnRuyw,3,172,,1.3502526,103.8732199,golden plate gourmet pte. ltd.,A,0.121,5,FALSE,
tori-q - nex,ChIJQ9D1x6YX2jEReWbe1de7wGM,4.1,222,1,1.3502718,103.8730613,don and tori pte ltd,A,0.39718,5,FALSE,
mcdonald's shell hougang,ChIJP1zOtHkX2jERarC4GGPgQSQ,3.9,946,1,1.3492383,103.8900661,lam's (singapore) culinary enterprise pte. ltd.,A,0.10188,5,FALSE,
pizza d'france,ChIJnTtq5K4X2jERC0hx9pk6XXs,4.1,57,,1.353948,103.8786282,extra virgin pizza pte. ltd.,A,0.45184,5,FALSE,
yummy palace pte ltd,ChIJMX4yLYYX2jER2ZWSm_fi-XE,4.3,611,3,1.3504231,103.8905436,yummy palace pte. ltd.,A,0.91152,5,FALSE,
tai seng herbal turtle soup,ChIJ64J2yLkX2jERp7jf33JOQP8,4.3,177,,1.3537318,103.8869286,soup fair pte. ltd.,A,0.83438,5,FALSE,
geylang prawn noodle,ChIJdSWEYr0X2jERdxUVKR0T57c,4,616,2,1.345072,103.8815592,geylang prawn noodle (timbre+) pte ltd,A,0.73754,5,FALSE,
guan chee hong kong roasted duck,ChIJ1TVHBLgX2jERJyOKf3QJg6M,3.6,296,1,1.3536901,103.8904166,guan chee hong kong roasted duck pte. ltd.,A,0.65838,5,FALSE,
kay lee roast meat,ChIJRbZc3YoX2jERzyBC_kXUYKs,3.4,784,2,1.3383814,103.8865065,hiap lee food holdings pte. ltd.,A,0.15764,5,FALSE,
river south (hoe nam) prawn noodles,ChIJ71Rfs4EX2jER0pUWZ_yoSp0,4.4,4219,2,1.3288346,103.8698171,the noodles pte. ltd.,A,0.78432,5,FALSE,
soon huat cold & hot dessert 順發冷熱清湯,ChIJP-H8G7gX2jERaeq49nbU5Sg,3.7,12,,1.354063,103.890125,goh soon chwee,B,0.13478,5,FALSE,
kedai makan yus corner,ChIJEfzkrPkI2jERlkWCVD69Mgs,4.5,227,1,1.3580418,103.5929906,the corner house holdings pte. ltd.,A,0.56618,5,FALSE,
indra corner warung pak adam,ChIJKz_TtvgI2jERa4ShF3s9jXc,4.4,89,,1.3603666,103.5910659,warung k llp,A,0.7973,5,FALSE,
kedai runcit aisyah,ChIJoSbgMH0J2jER7h_gWRC1qCA,,,,1.3604471,103.5909358,siti aisyah,B,0,,FALSE,
wana burger,ChIJNSoGqBAJ2jERjw4IvhnHjMg,,,,1.3605614,103.5906931,burger king singapore pte. ltd.,A,0,,FALSE,
goreng pisang cik einah,ChIJLyxJMwAJ2jER8zfRm1GB6Hc,,,,1.3600082,103.6126606,,Unknown,0,,FALSE,
andak burger,ChIJ_Q-oYlYI2jERNOnkufDN07E,4.7,3,,1.360244,103.5871009,burger king singapore pte. ltd.,A,0,0,FALSE,
wearing mek,ChIJ4-aFMfIJ2jERYVFv1FoMyj0,,,,1.3607306,103.5869513,,Unknown,0,,FALSE,
kassim selamat sate,ChIJF2EKc2EJ2jERLbkC7OqG9Ps,5,5,,1.3599317,103.5859984,sikkindar kassim s/o mohd abdullah,B,0.09176,2,FALSE,
d'ana corner,ChIJa4bVLaQJ2jER-G9I3PkrWb4,4,7,,1.3620627,103.5861038,kampong corner pte. ltd.,Unknown,0.2018,4,FALSE,
rafi burger,ChIJ3VezVt4I2jERQkO1TWdpmk4,4.4,34,,1.362601,103.6156836,burger king singapore pte. ltd.,A,0.47922,5,FALSE,
mak chom corner,ChIJsaaSpVQI2jERaHlFX9GqBTo,,,,1.3648897,103.5846488,kampong corner pte. ltd.,Unknown,0,,FALSE,
santai bikers mek nah cafe,ChIJiS-0ewAJ2jERTG-vclIpdAc,,,,1.3678612,103.621748,bru cafe pte. ltd.,A,0,,FALSE,
warung dulu,ChIJCc29LgAJ2jERYe2esQ3rzIs,4.7,9,,1.3693597,103.6236569,warung ahbamas pte ltd,A,0.7404,5,FALSE,
de'beradiks kolam seafood,ChIJuXKICqoJ2jERwK_6N8188CA,5,1,,1.3685625,103.6284375,marina live seafood & steamboat pte ltd,B,0,0,FALSE,
warong prata sam,ChIJafTo3e8J2jER3BIR5u98RrY,4.4,30,,1.3738819,103.6199868,mr. prata restaurants pte ltd,B,0.55994,5,FALSE,
warung rosalina,ChIJY25jk7sJ2jEROkl4APtLQ00,4.5,10,,1.3731384,103.6277619,lina,B,0.44326,5,FALSE,
warung alias,ChIJj2s7uDwJ2jER-WOWcdCPInQ,5,1,,1.3753439,103.6175624,warung ahbamas pte ltd,A,0,0,FALSE,
murtabak cheese maman (warung padang),ChIJX_gWmx0J2jERrGJ03wy-egw,4.3,28,,1.3743025,103.6286869,warung ahbamas pte ltd,A,0.733,5,FALSE,
tahfeez mart & cafe,ChIJTyRUD8wP2jERnVKht3fmutM,4.7,3,,1.3767408,103.6362779,sarika connoisseur cafe pte ltd,A,0.500166667,2,FALSE,
foodelicia,ChIJBX2Z2qcP2jERy3LilQEXFH8,4,2,,1.3551073,103.6847682,li li,A,-0.3753,1,FALSE,
canteen 9,ChIJ063tHqcP2jERA7izPRRnlAE,4.2,400,,1.3524232,103.6854716,9 fresh chinatown pte ltd,A,0.65788,5,FALSE,
ananda's taj restaurant,ChIJl_4mcKYP2jERaQTKAt7D5YU,3.6,121,,1.3542972,103.6876925,misaki japanese restaurant pte. ltd.,A,0.80956,5,FALSE,
fatty bom bom sizzle (nanyang),ChIJy7tn9S8P2jERSKwr7COCvjg,,,,1.3542467,103.6880256,wang nanyang llp,B,0,,FALSE,
fatty bom bom sizzle,ChIJsQoEL1oP2jERhhVR3AHEb24,,,,1.3542467,103.6880256,fatty boss (great world) pte. ltd.,B,0,,FALSE,
taiwan ichiban,ChIJvwnlMYEP2jERlfOdqYMmCGs,2.3,3,,1.3542467,103.6880256,taiwan ichiban pte. ltd.,A,-0.0739,3,FALSE,
a hot hideout @ jurong west (ntu),ChIJq0q0MvQZ2jERodJdZBEeH3A,4.8,3087,2,1.3542467,103.6880256,sf (jurong) pte. ltd.,A,0.82676,5,FALSE,
ming dynasty roast duck,ChIJ75TZHgAP2jERGqHSXKe4fPY,,,,1.3553768,103.6920378,yu kee duck and noodle house pte. ltd.,A,0,,FALSE,
jiang spicy hot pot,ChIJ3ZrzRAAP2jERcgUqAOl72Fs,,,,1.3553221,103.6921525,yechun xiao jiang nan restaurant group pte. ltd.,A,0,,FALSE,
hero seafood,ChIJEXWMTQAP2jERXjZVuLz5cWY,,,,1.3553396,103.6922436,seafood paradise (s) pte. ltd.,A,0,,FALSE,
kns restaurant,ChIJfeQqVroP2jERJgebI9BxvdM,4.6,11,,1.3529632,103.6914419,kns restaurant pte. ltd.,B,0.66546,10,FALSE,
sing swee kee chicken rice,ChIJH8b3KwAP2jERcu5Mz-DBFTs,,,,1.3527779,103.6915551,ng swee kee,B,0,,FALSE,
lion central kitchen,ChIJK5zX4bEP2jERY8MbIaz8SZs,4,1,,1.3592218,103.6941777,shanghai lion international pte. ltd.,A,0,0,FALSE,
ken's kitchen (陈家庄),ChIJV-NUWrgP2jERZXObadS3oho,3.4,46,,1.3537946,103.7033377,seafood paradise (s) pte. ltd.,A,0.16246,5,FALSE,
ah hua teochew fishball noodle,ChIJnQ2uCAAP2jER-MDT_zuEg7U,5,1,,1.3537435,103.7034632,lee eng hua,Unknown,0,0,FALSE,
kjm curry house,ChIJ_WYxW7gP2jERf9ous37UmlY,3.4,86,1,1.3537805,103.7039019,kjm curry house & restaurant pte. ltd.,B,-0.0483,5,FALSE,
fang xiang wanton noodles 芳乡云吞面,ChIJ60B18R4P2jER8Ioq9ZbH-T8,5,4,,1.3537999,103.7039832,the noodles pte. ltd.,A,0.462875,2,FALSE,
zhen neng zhu ban mian,ChIJ2bt4YgAP2jERpveX2hnKw_g,,,,1.3494535,103.6975764,jin de lai zhong hua la mian pte. ltd.,B,0,,FALSE,
lek aroy thai food master jalan bahar,ChIJVSEMYgAP2jERarsv_76vjEM,4.5,4,,1.3492883,103.7027903,taster food pte. ltd.,A,0.494425,3,FALSE,
38 seafood - fish head and steamboat,ChIJpepUTgYP2jERKIDQPZPhyoE,1,9,,1.3492151,103.7029255,meat and green pte. ltd.,B,-0.49736,5,FALSE,
pu tien xiao chi,ChIJGWCdmvUP2jER7jUwT8-fFRg,3.9,14,,1.349181,103.7029297,yechun xiao jiang nan restaurant group pte. ltd.,A,0.34508,5,FALSE,
vista 892 seafood zi char,ChIJk_2lawAP2jERljIRv-Sr-u0,3,2,,1.3491342,103.7028648,marina live seafood & steamboat pte ltd,B,-0.0939,2,FALSE,
jalan bahar japanese & korean cuisine,ChIJF4Z5FgAP2jER6qnddHOhCrQ,5,2,,1.3491443,103.7029365,gourmet cuisine pte. ltd.,B,0.52735,2,FALSE,
thumbs up claypot 大拇指砂锅煲,ChIJq-W6XAAP2jERNUe2vDqYQMw,3,4,,1.3491124,103.7028778,brand up pte ltd,A,0.29735,4,FALSE,
soon heng prawn noodles,ChIJlW-s1rgP2jERPUVrwwdTSTo,3.7,18,,1.3491167,103.7029407,hockhua - eng heng trading pte. ltd.,A,0.26044,5,FALSE,
hong heng roasted delights,ChIJPeJgHb8P2jERBcJ1S8vhPdI,4.1,15,,1.3490888,103.7029461,ng heng,A,0.50808,5,FALSE,
shun heng bbq,ChIJd1gGcY0P2jER4FKHiGL_CwY,3.7,12,,1.3490437,103.7028746,ho heng food & enterprise pte. ltd.,A,0.55222,10,FALSE,
koo kee yong tow foo mee,ChIJh1iSHB8P2jERXF7abcIwVQ0,5,1,1,1.3489162,103.6976086,yu kee duck and noodle house pte. ltd.,A,-0.08274375,16,FALSE,
kao western,ChIJeQ9JrsYP2jERWatmoVksZ60,2.5,26,,1.34905,103.7029524,oriental western bistro llp,A,-0.03106,5,FALSE,
nenek recipe,ChIJvddxOgAP2jERfkABjMa3EsA,2.3,30,,1.3490349,103.7029554,secret recipe international pte. ltd.,A,0.36061,10,FALSE,
lao er herbal soup 老2煲靓汤 (ah er soup 阿2老火汤),ChIJcWWxFzQP2jER07XjB2Yx5ZU,2.7,20,,1.3490054,103.7028817,the soup spoon pte ltd,A,0.51032,5,FALSE,
hansa thai,ChIJn94HAr8P2jERC0EHEAoAQrE,3.6,21,,1.3489686,103.7028206,mama thai kitchen pte. ltd.,A,0.44372,5,FALSE,
kampong house bbq,ChIJjUHfOHwP2jER2Aew9uWukRg,3,17,,1.3489821,103.7029731,yu kee duck and noodle house pte. ltd.,A,0.18084,5,FALSE,
meng long lobster pao fan,ChIJyeY7fQAP2jERhvwb2Yus-MI,4.8,5,,1.3489571,103.7029788,ho meng chuah,B,0.45366,4,FALSE,
song yang 嵩陽 鱼圆面.猪什汤,ChIJqwvQkDMP2jER_gCd5_nSaew,3.8,4,,1.3489304,103.7029828,chuan yang ji mutton soup steamboat pte. ltd.,B,0.4454,3,FALSE,
al-afrida restaurant,ChIJGZd_ZgAP2jERh-ugjS9OwPA,1.3,23,,1.3489011,103.7029847,texas chicken restaurant pte. ltd.,A,-0.1741,5,FALSE,
supply chain city level 2,ChIJw2G3VwAP2jER_NuGlYcaF3Q,5,1,,1.351892,103.708183,republic plaza city club (singapore) pte ltd,A,0,0,FALSE,
joyful paradise mala xiang guo,ChIJPeJgHb8P2jERGRkjiF8dVvg,3.8,4,,1.3488689,103.7029984,guo fu  pte ltd,A,0.28255,3,FALSE,
ritz's kitchen (bulim),ChIJQSNgci4P2jERSH436yhxLF0,3.3,16,,1.3518109,103.7084482,lam's (singapore) culinary enterprise pte. ltd.,A,0.55868,5,FALSE,
na oh,ChIJD2NmYwAP2jERgF_kHfBkojk,4.7,198,,1.3528249,103.7117347,kko kko na ra pte. ltd.,B,0.96032,5,TRUE,Selected Restaurants
blk 676b home jurong west street 64,ChIJHz6xewAP2jERxP4fCim53uI,,,,1.346081,103.703904,home kitchen pte. ltd.,A,0,,FALSE,
wishywashy's kitchen,ChIJ0RqLoBwP2jER4fM-JsGKRyI,,,,1.3463825,103.6941613,artemis fine foods a.s. pte ltd,A,0,,FALSE,
boxed & loaded,ChIJZ4jYSi8P2jERhWCMPWUbQns,5,1,,1.346023,103.6942615,,Unknown,0.6458,1,FALSE,
red house japanese food,ChIJWRKiMnIP2jERiJPMd_bHsTI,4.4,5,,1.3453452,103.6961706,chang cheng food & beverage pte. ltd.,A,0.35956,2,FALSE,
xiang zhi xiang rojak,ChIJs-hgoqwP2jERUj4HbQdkB5s,5,8,,1.3453509,103.69612,jia xiang kuching food supplies pte. ltd.,A,0.47264,5,FALSE,
noorvajagath,ChIJMfRLwpcP2jERN9e19lLPheI,2.8,21,,1.3453576,103.6960676,noorvajagath pte. ltd.,B,-0.18198,5,FALSE,
eng pin pte. ltd.,ChIJMfRLwpcP2jERCimOnBSdSs0,3,1,,1.3453642,103.6960121,eng pin pte. ltd.,Unknown,0,0,FALSE,
riyana western food,ChIJh639AC4P2jERqPGgdE94MLg,3,5,,1.345327,103.6960756,ho heng food & enterprise pte. ltd.,A,0.2515,5,FALSE,
plusto grill,ChIJH63CmZEP2jEReleReOQMxws,,,,1.3466053,103.6926962,market grill pte. ltd,A,0,,FALSE,
851 coffeeshop,ChIJ9ep2u6IP2jERs37XyaPiiI4,3.8,340,1,1.3466413,103.6925469,fu fa coffeeshop pte. ltd.,Unknown,0.26782,5,FALSE,
yong kang yuan seafood,ChIJU5SRN6sP2jEREKVePmPNOQQ,,,,1.3466391,103.6925469,marina live seafood & steamboat pte ltd,B,0,,FALSE,
851 indian-muslim food,ChIJHQXxij0P2jERQ4z-BQ43ikE,2.4,5,,1.3466391,103.6925469,ho heng food & enterprise pte. ltd.,A,0.33348,3,FALSE,
shao kee hainanese chicken rice,ChIJj6AWDAAP2jERVZ9eNX9gJOE,4.5,2,,1.3466391,103.6925469,wa kee pte. ltd.,Unknown,0.3715,1,FALSE,
851 五香虾饼 & satay,ChIJqSkbVyYP2jER4hYrAng2mgM,4.5,12,,1.3466391,103.6925469,satay by the bay pte. ltd.,Unknown,0.70688,5,FALSE,
seafood palace pte. ltd.,ChIJAQAQmqIP2jERFCDKBI2afpA,1.9,19,,1.3466391,103.6925469,cold storage singapore (1983) pte ltd,A,-0.29584,5,FALSE,
two goose matcha,ChIJ_Q47onsP2jERy2iviX3o7Rs,5,64,,1.354303,103.721413,two little boys pte. ltd.,Unknown,0.97326,5,FALSE,
81 seafood restaurant,ChIJR19GINoP2jERIVvcAXcatpg,3.8,364,2,1.3542716,103.7227622,cafeela seafood restaurant llp,A,0.62584,5,FALSE,
leha's kitchen,ChIJm6jpD0wP2jERWpVP65erKaU,,,,1.3539376,103.7225186,seafood paradise (s) pte. ltd.,A,0,,FALSE,
aini stokis,ChIJw6EfrU8P2jERV71nlitaUU8,,,,1.3521946,103.7175617,nor aini binti alwi,A,0,,FALSE,
ariff's restaurant,ChIJvT4iLQAP2jERDlROzMJpOas,4.2,213,,1.3518812,103.7183312,seafood paradise (s) pte. ltd.,A,0.51586,10,FALSE,
yi jia le wah chye seafood restaurant,ChIJx_dc8MQP2jERD0D5st2HByI,3.7,104,,1.3528707,103.7155482,ting yee wah,A,0.7117,5,FALSE,
好釆盈香手工面粉粿 hao bian ying xiang handmade mee hoon kway,ChIJL9Nw4e8P2jERJlXxz1XoB3E,4.7,26,,1.352845,103.715526,hao ju holding pte. ltd.,A,0.70852,5,FALSE,
porridge master,ChIJVRLwcdsP2jERWgihJVXL_-E,4,62,,1.3515959,103.7192884,ban heng teochew porridge (tanjong pagar) pte. ltd.,A,0.5059,5,FALSE,
kms indian muslim food/442,ChIJ0YE-84QP2jER8T6Om_QxM2Q,4.9,7,,1.3515937,103.7192414,aston food & beverage specialties pte ltd,A,0.72422,5,FALSE,
guo chang sichuan kitchen,ChIJqR09IboP2jERrcsEX1_P5nI,3.7,3,,1.3515516,103.7192536,guo fu  pte ltd,A,0.506433333,3,FALSE,
xin yi vegetarian food 欣意素食,ChIJNYV_ctsP2jERQri-TN9X-rg,4.1,10,,1.3515379,103.7192012,quik food pte. ltd.,B,0.47482,4,FALSE,
96 western,ChIJNYV_ctsP2jERNhgsbwXyh1U,4.6,29,,1.3514982,103.7193409,oriental western bistro llp,A,0.87944,5,FALSE,
qi lin xuan chicken rice,ChIJjx7328UP2jERlHQ3LYq8Ssg,3.8,384,2,1.3514981,103.7193409,lau di fang scissors-cut curry rice pte. ltd.,A,0.85048,5,FALSE,
wang jia wang fishball noodles,ChIJVYAOd7MP2jERvvJkxSEdPak,4.4,9,,1.3526344,103.7150695,the noodles pte. ltd.,A,0.54046,5,FALSE,
liu he hong kong style roasted,ChIJy7EYLdQP2jER9XI0YZpYTIs,4.6,15,,1.3526037,103.715007,leyau yen hong,A,0.498,5,FALSE,
thai makan by thai dynasty - jurong west,ChIJMSBFtMcP2jERGH8AYeNlAK0,3.3,91,,1.3507622,103.7202753,gardens by the bay,A,0.47366,5,FALSE,
mr teh tarik eating house,ChIJm0uEyN4P2jERv2zPHS_FvZQ,4.1,1489,1,1.3507622,103.7202753,mr bap pte. ltd.,A,0.1617,5,FALSE,
fish soup,ChIJq8AnbNwP2jERv-7ApoTnYbg,5,2,,1.3507324,103.7200133,arcade fish soup pte. ltd.,A,0.42595,1,FALSE,
subway,ChIJETxLnhsP2jER_yJ54_pQqr8,4.1,159,2,1.3507297,103.7200062,subway harbourfront pte ltd,A,0.178081667,239,FALSE,
rong cheng ji chicken rice 榮城記雞飯,ChIJc6a7MWQb2jERUI_GI6WAJkM,4.6,22,,1.3519894,103.7247115,qi ji bistro pte. ltd.,A,0.59128,5,FALSE,
empire cuisine - taste of love,ChIJsTwpDgAP2jERWIGSn0KGYSs,3.7,14,,1.3519495,103.7246684,lwl empire pte. ltd.,A,0.04236,5,FALSE,
sinar malay seafood,ChIJ3cdkH3wP2jERbALpNHD6FTQ,5,599,,1.3506913,103.7203412,seafood paradise (s) pte. ltd.,A,0.7516,5,FALSE,
chop steak western cuisine,ChIJW0YtrgEP2jERiI8CAK0oxkw,4.3,43,,1.3519524,103.7247167,imperial treasure cantonese cuisine pte. ltd.,A,0.42873,10,FALSE,
zhu lin vegetarian,ChIJZ7SIFNkP2jER3eM93QsfqPY,4.9,12,,1.3519152,103.7247806,zhen neng zhu lamian pte. ltd.,A,0.67576,5,FALSE,
hmsr dessert,ChIJUy0dTg0P2jERFfH2BSAUCNA,4.3,34,,1.3504957,103.718963,vons dessert pte. ltd.,A,0.8977,5,FALSE,
istanbul indian muslim foods,ChIJeReqdQAP2jERxkwMDIFwGXY,1,4,,1.350472,103.7187373,mjky foods pte ltd,A,-0.59845,3,FALSE,
阿2煲靓汤 (stewed soup),ChIJzwj2ckEP2jERciKJEol4-M4,2.9,8,,1.3504471,103.7187502,soup restaurant singapore pte. ltd.,A,0.3243,5,FALSE,
kfc jurong spring,ChIJGY62kNwP2jERdNL1WeLUjk0,4,789,2,1.3504059,103.7191082,spring court restaurant pte ltd,A,0.772,5,FALSE,
hokkien popiah,ChIJUXMPXQAP2jER6StheGqY9VQ,2.5,6,,1.3504355,103.7187109,kway guan huat joo chiat popiah (since 1938) pte. ltd.,A,-0.09694,5,FALSE,
kimly mixed rice 金味飯莊,ChIJi-F8rnsP2jER540vtmbPwe0,2.4,5,1,1.3504083,103.7187788,lau di fang scissors-cut curry rice pte. ltd.,A,0.08162,5,FALSE,
seafood park pte. ltd.,ChIJJzQJ_NEP2jERjbEi0dHASmg,3,6,,1.3503947,103.7187305,seafood park pte. ltd.,B,0.50996,5,FALSE,
kimly dim sum,ChIJrxwpYBQP2jERKO8Db001x40,2.2,9,,1.3503635,103.7187992,kimly food products pte. ltd.,Unknown,-0.43354,5,FALSE,
hong man tian traditional charcoal roast,ChIJI-GtkNwP2jERHCAs51h_8vo,1.7,17,,1.350351,103.7187488,chua tian loke,A,-0.04858,5,FALSE,
soi thai kitchen,ChIJAQBwptwP2jERrpW0w9nnK-E,4,640,1,1.3504411,103.7180536,kitchen language pte. ltd.,A,0.71392,5,FALSE,
pi'craft candy sg,ChIJ0XGEJE4P2jERiMeOGmT62xg,,,,1.3508656,103.7163404,lime truck sg private limited,Unknown,0,,FALSE,
badriya thai muslim seafood,ChIJ3ay6mMQP2jERifUZLCyBYMY,3.9,116,,1.3509878,103.7158374,forum seafood village restaurant pte. ltd.,B,0.74344,5,FALSE,
tenderbest @ jurong west 501,ChIJI-GtkNwP2jERyVGIijHJ-J0,1.9,36,,1.3500718,103.719164,mino west pte. ltd.,A,0.18406,5,FALSE,
胡须佬建造咖喱面 hu xu lao jianzao curry noodle,ChIJCwYrGQAP2jERxcLfBkYNe-o,3,54,,1.3503263,103.7175998,s.v. curry pte. ltd.,B,0.59258,5,FALSE,
duck prince 503 太子烧腊,ChIJ24plznYP2jERDqQE-1akap8,4.2,13,,1.3503234,103.7175587,yu kee duck and noodle house pte. ltd.,A,0.44034,5,FALSE,
trichy kr north & south indian food,ChIJeU66OAAX2jERdwRde33JZXE,3.9,10,,1.3503141,103.7175209,taster food pte. ltd.,A,0.20046,5,FALSE,
d'life jurong,ChIJs9HpItkP2jERARN7osXzrpg,4.1,561,2,1.3516131,103.7256057,d&n singapore pte. ltd.,A,0.82384,5,FALSE,
siam square mookata,ChIJZ-8DY4cP2jERQqO0pQJs274,3.8,60,2,1.350153,103.7176511,the exchange asia square pte ltd,A,0.289426667,15,FALSE,
hong ji porridge 洪記粥品,ChIJMfHt3pUP2jERC2GRZyy0eRo,4.5,21,,1.3499852,103.7184631,guan chee hong kong roasted duck pte. ltd.,A,0.40092,5,FALSE,
air pasang food court,ChIJhXskQTYQ2jERoi0F8u9k2t4,4,283,1,1.3577741,103.7504263,ho heng food & enterprise pte. ltd.,A,0.70072,5,FALSE,
saizeriya - hometeamns bukit batok,ChIJVc8FGMsR2jERuVeyR2ULadg,3.5,82,1,1.3657547,103.7494357,,Unknown,0.42634,5,FALSE,
ding ji,ChIJf7X0djUQ2jERO8hajDuds54,2,35,1,1.3622725,103.7512093,ding jianlin,B,0.050081667,58,FALSE,
"dajie makan place @ bukit batok | halal chicken rice, mala hotpot & yong tau foo",ChIJbag1ETYQ2jERawpSteT8wrA,4.3,428,,1.3588965,103.7514104,texas chicken restaurant pte. ltd.,A,0.78832,5,FALSE,
pizza hut,ChIJPUM-AzYQ2jERYlI-QXloldg,4.7,92,2,1.3592852,103.7518373,pizza hut singapore pte ltd,A,0.586732,125,FALSE,
subway,ChIJD88rHDYQ2jERXHBxIYS_9Js,3.8,197,2,1.3588237,103.7518887,subway harbourfront pte ltd,A,0.178081667,239,FALSE,
jub jub mookata,ChIJa82TAsYR2jERgwHsRYKEYLw,4.1,168,,1.3738286,103.7466753,siam sq mookata pte. ltd.,B,0.91272,5,FALSE,
mcdonald's bukit gombak,ChIJnV-6SjYQ2jERqy3-hYxy78U,3.9,1656,1,1.3575525,103.750601,lam's (singapore) culinary enterprise pte. ltd.,A,-0.27682,5,FALSE,
kfc (keat hong shopping centre),ChIJYbVZRMQR2jERYfGWH4iH93I,4,490,2,1.3771331,103.7442857,leyau yen hong,A,0.5047,5,FALSE,
pizza hut,ChIJPVHmL8QR2jER5EQ8x9sN9sc,4.7,765,2,1.3770185,103.7456697,pizza hut singapore pte ltd,A,0.586732,125,FALSE,
domino's pizza choa chu kang,ChIJ8xgVQsQR2jERJkU-kNlArog,2.1,373,2,1.3774405,103.744394,lam's (singapore) culinary enterprise pte. ltd.,A,-0.78922,5,FALSE,
kfc,ChIJxzbY1z4Q2jERIuHX2G0G95E,4.5,2536,2,1.3500565,103.749223,,Unknown,0.207115238,105,FALSE,
hwa jin vegetarian family restaurant,ChIJHTeC7DUQ2jERQJ0WFpTQDCs,4.1,670,2,1.361389,103.7512015,mouth restaurant pte ltd,A,0.6761,5,FALSE,
sahabat food delight,ChIJNVzsBgAR2jERNS1Nk5jeHAM,,,,1.3596963,103.7404672,ho heng food & enterprise pte. ltd.,A,0,,FALSE,
the original vadai @ tengah parc point,ChIJzVfgagAR2jERre1ZRSVi1jc,,,,1.3607461,103.7389015,the flying bread pte ltd,B,0,,FALSE,
raden lina nasi padang @ parc point,ChIJgcH9GKUR2jERmGR72C_M47Q,,,,1.3598662,103.738644,nonna lina pte. ltd.,A,0,,FALSE,
jian bo tiong bahru shui kueh,ChIJQwj0CAAR2jERv3g1fpQHIjU,,,,1.3609281,103.738859,mah hock tiong,B,0,,TRUE,Bib Gourmand
辣不辣 labula mala sichuan restaurant @ tengah (parc point),ChIJmZw1JgAR2jERapesRKR22Gs,,,,1.3607682,103.7386082,texas chicken restaurant pte. ltd.,A,0,,FALSE,
saizeriya - parc point,ChIJjVQXWgAR2jERpJQ2WOCjrzo,,,,1.3609422,103.7383752,railway old coffee food point (pte.) ltd.,Unknown,0,,FALSE,
siong bbq seafood (bukit batok) 雄煮炒,ChIJSbX3S8AR2jERl_s0sqLDSjw,2.9,12,,1.3599969,103.7430275,nan siong leng,A,0.79286,5,FALSE,
"ugliestbakebowl (home-based, halal)",ChIJ0wKeLW0R2jERJDjh4ZGHJtA,4.9,34,,1.3570864,103.7383083,home kitchen pte. ltd.,A,0.94698,5,FALSE,
al-dia restaurant @ bt batok west ave 8,ChIJ_YC68y8Q2jERCN6PYelg_eY,2.4,27,,1.356101,103.7395287,palace 8 marina pte ltd,Unknown,-0.17572,5,FALSE,
defu minced meat noodle & fishball noodle (德福),ChIJSeahqoUR2jERIbNy22iUylo,3.7,19,,1.356101,103.7395287,meat hero pte ltd,A,0.84152,5,FALSE,
wingstop le quest,ChIJkQmIaQAR2jERNlgEtGQdr_g,4.3,46,,1.3560224,103.7407284,jia jia le cuisine f & b pte. ltd.,A,0.26084,5,FALSE,
ho yeah nasi lemak,ChIJ_3locQAR2jERund4T1OLN5k,4.8,29,,1.3559765,103.7395207,ho heng food & enterprise pte. ltd.,A,0.70346,5,FALSE,
eatero,ChIJVf9PI7sR2jERS0Grql5tEJ0,2.9,20,,1.3559741,103.7395244,,Unknown,0.18394,5,FALSE,
ding jian hong kong style charcoal roasted 鼎尖港式炭燒燒臘,ChIJB6udHtUR2jERyYhj3L5ZQu0,4.1,200,2,1.3559741,103.7395244,thye hong eateries pte. ltd.,A,0.55692,5,FALSE,
福星海鲜 fu xing seafood,ChIJt2gOOeoR2jERPfoAj4eaag0,3.1,46,,1.3559741,103.7395244,marina live seafood & steamboat pte ltd,B,0.6412,5,FALSE,
saizeriya - le quest,ChIJQbLhLAAR2jER1mNkukyD90Y,3.6,68,,1.3557202,103.7408471,jia jia le cuisine f & b pte. ltd.,A,0.2176,5,FALSE,
4fingers crispy chicken,ChIJTw1U1IUR2jERGGJClZEVwec,4.5,137,,1.3557202,103.7408471,liao fan hk soya sauce chicken rice & noodle (chinatown) pte. ltd.,A,0.284795,20,FALSE,
otter pizza @ le quest,ChIJ2VK8oQgR2jER8lSd9BO6e5Y,4.4,64,,1.3557038,103.740812,jia jia le cuisine f & b pte. ltd.,A,0.25964,5,FALSE,
groove pizzerie,ChIJmTc9X0UR2jERETcqsvCOHmo,,,,1.3578638,103.7361482,,Unknown,0,,FALSE,
mcdonald's lequest,ChIJzf9-b0kR2jEROatWmubMk-U,3.9,661,1,1.3556894,103.7408592,seafood paradise (s) pte. ltd.,A,-0.3522,5,FALSE,
saajidha's delights,ChIJu4m7GAAX2jERlUpPAWoTnEk,3,12,,1.3571595,103.7434517,seafood paradise (s) pte. ltd.,A,0.371,5,FALSE,
linda banh mi,ChIJPxzpoTsR2jERPlT4hQc6UPw,4.8,25,,1.3571595,103.7434517,the banh mi club pte. ltd.,A,0.86804,5,FALSE,
japanese and korean food,ChIJnarjbgAR2jERMhdpzT8bQqI,5,2,,1.3555344,103.7414609,chang cheng food & beverage pte. ltd.,A,-0.37715,2,FALSE,
subway,ChIJUQ6ZYlEQ2jERrYUrIrSZ3CY,3.9,192,2,1.3591852,103.7676649,subway harbourfront pte ltd,A,0.178081667,239,FALSE,
karu's indian banana leaf restaurant,ChIJ0ZvOGrAR2jERwNGybdInVoc,4.3,2128,2,1.3733188,103.7631484,tatsu sushi (s) pte ltd,A,0.77986,5,FALSE,
the coffee bean & tea leaf - the rail mall fuyong estate,ChIJI4Qww1MQ2jERDaW5cvVQO7U,4,806,2,1.3589844,103.7676223,the exchange asia square pte ltd,A,0.55864,5,FALSE,
the art (assumption restaurant for training),ChIJA6QMKKgR2jERfRlvLfuGk2o,4.5,190,1,1.3697086,103.7666091,the flying bread pte ltd,B,0.93826,5,FALSE,
eat.,ChIJUQ6ZYlEQ2jERvx2jgSfw7-s,3.2,391,2,1.3593135,103.767619,empire eats pte. limited,A,0.126355,20,FALSE,
jiak modern tzechar @ hillv2,ChIJE_tHvVIQ2jERc_C8ThQBc0c,4,704,,1.3633504,103.7645915,tan jiak meng,A,0.5654,5,FALSE,
wine connection bistro (hillv2),ChIJ7eRRqlMQ2jERjP9kfsT1UM8,4.1,666,2,1.3635059,103.7645356,wish bistro pte. ltd.,A,0.91684,5,FALSE,
cedele - hillv2,ChIJw8LJu1IQ2jERNIz_auZ_uHs,3.5,379,2,1.363741,103.7646687,,Unknown,0.50084,5,FALSE,
blooie's roadhouse,ChIJUQ6ZYlEQ2jER_uarzrtyGsA,4,564,2,1.3590859,103.7676875,seafood paradise (s) pte. ltd.,A,0.87602,5,FALSE,
amber west,ChIJqRcE9McR2jERRKnFWUwZQGY,4.5,148,,1.375912,103.7526666,west 57th street holding co pte. ltd,A,0.87146,5,FALSE,
cacio e pepe italian restaurant,ChIJvWnM-E4Q2jERrcEc1xul0NA,4.4,655,3,1.3576834,103.7605786,imperial treasure fine dining restaurant pte. ltd.,A,0.91156,5,FALSE,
acqua e farina - italian pizza & pasta restaurant . rail mall,ChIJVzhOFlEQ2jER3n2PjmRDbbk,4.6,654,2,1.3581088,103.767846,extra virgin pizza pte. ltd.,A,0.9651,5,FALSE,
the jolly roger,ChIJExFR404Q2jERCeLX6wVB_d8,4.4,409,2,1.3576065,103.7603427,the exchange asia square pte ltd,A,0.9002,5,FALSE,
al ameen@hillview,ChIJddbpCRoR2jEROFdDAJx_EIo,4.3,181,,1.3576769,103.7605,al zouq foods & caterer pte ltd,B,0.97482,5,FALSE,
west legend seafood restaurant,ChIJ6yveHwAR2jER1AW2Ffr0uZ4,4.5,394,,1.3571577,103.7630314,imperial treasure fine dining restaurant pte. ltd.,A,0.49852,5,FALSE,
byrd box,ChIJBzxyFDQR2jERT5MXlXl2POk,1,1,,1.3570307,103.763132,out of the cake box pte. ltd.,Unknown,-0.2732,1,FALSE,
the biryani bar,ChIJxWsoi1kR2jERMi-bMv66Bhw,1.2,30,,1.3570307,103.763132,the exchange asia square pte ltd,A,0.02132,5,FALSE,
regards international,ChIJ2a0-1k8Q2jERP1bh_N2HQ_A,,,,1.3571335,103.763525,shanghai lion international pte. ltd.,A,0,,FALSE,
domino's pizza hillview,ChIJDzNQj1IQ2jERl1E1sOwdmsc,2.7,241,2,1.361701,103.7642519,lam's (singapore) culinary enterprise pte. ltd.,A,0.02746,5,FALSE,
wang family kitchen,ChIJx0GZrSYR2jERv9b5gmK5VhY,4.3,405,1,1.3618966,103.7642637,the butcher's kitchen pte ltd,A,0.94014,5,FALSE,
a-one signature @ hillv2,ChIJdXC7b_YR2jERk5CmVtfpaec,4.5,101,,1.3629411,103.7641958,pho a pie,C,0.57066,5,FALSE,
chilchil thai street kitchen (hillv2),ChIJSxE5besR2jERdYg2LS1U8ws,4.8,1599,,1.3628304,103.7643316,java kitchen pte. ltd.,Unknown,0.83462,5,FALSE,
io italian osteria - hillv2 (singapore),ChIJjYlQqlMQ2jERNTV5U98WYMY,4.6,5051,2,1.3629771,103.7645031,ippudo singapore pte. ltd.,A,0.97212,5,FALSE,
new nanyang (新南洋) | hillv2,ChIJMTfXgw0R2jER4gj8kqiKLUc,3.5,282,1,1.3630151,103.7644966,wang nanyang llp,B,0.58762,5,FALSE,
chong qing grilled fish (bukit timah),ChIJkydaJWgR2jERQTI1KKGUiOE,4.1,157,,1.3632656,103.7643621,lim chong seng,B,0.89332,5,FALSE,
tandoori culture,ChIJ-aNrjyoR2jERDt6rhRaHJz4,4.4,501,,1.3631842,103.7645062,high society culture pte. ltd.,A,0.90726,5,FALSE,
keum eun don,ChIJyxUNRQAR2jER8eiJ5OlhcWE,4.6,167,,1.363148,103.7645411,don your personal pie club pte ltd,Unknown,0.93162,5,FALSE,
burger king hillv2,ChIJwdgEX98R2jERst6oIIw3uk8,3.7,279,1,1.3632139,103.7645352,burger king singapore pte. ltd.,A,0.55174,5,FALSE,
green abacus,ChIJEet-fAAR2jERbKbqovJUKYk,3.8,4,,1.3660139,103.7640306,the green bar pte. ltd.,A,0.168425,2,FALSE,
burncheesecakeampang,ChIJOR4pqsYR2jERvpPxQ3K_1mY,,,,1.3530408,103.7577818,,Unknown,0,,FALSE,
hillview building,ChIJyVkMWiAR2jERlLxqNx5hnQ4,4.3,33,,1.3530118,103.7576975,,Unknown,0.42958,5,FALSE,
asia wok,ChIJ8VwFDwAR2jERl78ueUcYvM8,4,13,,1.3661223,103.7641686,the exchange asia square pte ltd,A,0.89126,5,FALSE,
timbre signatures,ChIJRTQJbAAR2jER3lKrdDhDd1s,3,12,,1.3661579,103.7641871,geylang prawn noodle (timbre+) pte ltd,A,0.41216,5,FALSE,
tian tian hao wei,ChIJkeLbWwAR2jERJs10XflBQ4M,,,,1.3662666,103.7640721,jia wei healthy food pte. ltd.,A,0,,FALSE,
the artisan's table rail mall,ChIJ-SRFPQAR2jERdyp4moXetmY,4.9,46,,1.3603696,103.7674758,gardens by the bay,A,0.90048,5,FALSE,
tian tian dian xin,ChIJpUN1VQAR2jER1DFis2hX_N8,,,,1.3661715,103.7642428,tang xin (claire love) pte ltd,A,0,,FALSE,
zi jia yong tau foo 自家酿豆腐,ChIJ_wwtfAAR2jERM3qLhNHv4ww,4,2,,1.3662961,103.7641751,jia xiang kuching food supplies pte. ltd.,A,0.8988,2,FALSE,
a taste of korea 韓之味,ChIJS0HDCQAR2jERvDj7HpQLI6g,4.3,3,,1.3662656,103.7642518,artemis fine foods a.s. pte ltd,A,0.470933333,3,FALSE,
jew kit hainanese chicken rice,ChIJhy5bjjAR2jERffHcA93zuU0,4.2,97,,1.3598797,103.7675697,liao fan hk soya sauce chicken rice & noodle (chinatown) pte. ltd.,A,0.40258,10,FALSE,
monzen izakaya and grill,ChIJd8QPNukR2jERaTPoSrco6PE,4.4,165,,1.3651839,103.7751171,yu kee duck and noodle house pte. ltd.,A,0.82776,5,FALSE,
kebabwala,ChIJlXngtfER2jERV-sBQBVYg_g,4.3,345,,1.3654099,103.7748694,,Unknown,0.86292,5,FALSE,
soi 19 thai wanton mee dairy farm,ChIJDWYScgUQ2jER9DtRVYQXaD8,4.2,544,2,1.365536,103.774517,thai affair pte. ltd.,A,0.92704,5,FALSE,
food kakis drinks & snacks stall,ChIJu9kfFQAR2jERF_VDwhsjGAg,5,1,,1.3654648,103.774358,taster food pte. ltd.,A,0.9788,1,FALSE,
al-usroh malay cuisine,ChIJqcGQoAET2jERtc8mcxMBMMI,4.6,59,,1.3654648,103.774358,imperial treasure cantonese cuisine pte. ltd.,A,0.90774,5,FALSE,
plank sourdough pizza - dairy farm,ChIJuZpD-MkR2jERPl4UG17xCeo,3.9,18,,1.3668468,103.7751875,alt. pizza pte. ltd.,A,0.54634,5,FALSE,
tu chefs,ChIJqWquDgAR2jERezt8gHbVPbc,5,5,,1.3693026,103.776308,two chefs bar pte ltd,Unknown,0.52864,5,FALSE,
sam's cottage,ChIJC1gWWasR2jERSy2CJ4lOW08,4.7,114,,1.3652972,103.7694945,seafood paradise (s) pte. ltd.,A,0.7328,5,FALSE,
green on earth vegetarian cafe @ the rail mall,ChIJMZFqQ7kR2jERewwgbz_9dxo,4.4,772,2,1.357767,103.7680313,the flying bread pte ltd,B,0.8552,5,FALSE,
xi men jie 西門街 (the rail mall),ChIJ_wSSYS0R2jERvYTUhycEDv0,4.8,1107,,1.3580871,103.7679212,gardens by the bay,A,0.86712,5,FALSE,
the rail mall,ChIJ0wAMaAAR2jER3CxBqoVTKHI,4,2,,1.3581309,103.7678974,the exchange asia square pte ltd,A,-0.11315,1,FALSE,
springleaf prata place - the rail mall,ChIJhxMBFFEQ2jERTFZ30j_3k2A,4.2,3358,1,1.3579614,103.7679076,the flying bread pte ltd,B,0.87832,5,FALSE,
yi qian hong kong cafe,ChIJP1-5Y1oR2jER8tTxg9x_Y0Q,3.5,220,,1.3592971,103.7676709,guan chee hong kong roasted duck pte. ltd.,A,0.05024,5,FALSE,
guzman y gomez - the rail mall,ChIJD3d-RgAR2jEResMbugL9W1Q,4.9,2889,,1.3594563,103.7676153,gardens by the bay,A,0.66802,5,FALSE,
burger king the rail mall,ChIJtW5BTQAR2jERmn-8gDyq4L4,4.7,92,,1.3592537,103.7676174,the coffee bean & tea leaf (singapore) pte ltd,A,0.42796,5,FALSE,
rangooli restaurant @ the railmall,ChIJt9bt54oR2jERfu3Zr9Zl9ew,4.4,70,,1.3598167,103.7675918,the soup spoon pte ltd,A,0.5491,5,FALSE,
nam kee pau,ChIJfSuPLzwR2jERyQgqBmjkdNI,3.4,165,1,1.3596072,103.7675925,yu kee duck and noodle house pte. ltd.,A,0.197473333,15,FALSE,
gong yuan ma la tang 宫源麻辣烫 @ the rail mall,ChIJX-Q8ERoR2jER2FB2Of9F4fo,4.1,86,,1.3598877,103.7675858,the flying bread pte ltd,B,0.57572,5,FALSE,
popeyes,ChIJrcukfWoR2jERBZD2qNbBnuY,4.2,348,,1.3599417,103.7675709,,Unknown,0.28724,5,FALSE,
fish & co.,ChIJBX9uOSQR2jERY75G-13M4BE,4.5,211,2,1.3601284,103.76757,fish & co. restaurants pte. ltd.,B,0.76026,5,FALSE,
fu lin men cantonese dining (temasek club),ChIJxVYc714R2jERlEgsOMQHOnQ,4.5,160,,1.3463976,103.7805251,temasek club,Unknown,0.97938,5,FALSE,
pudgy grill,ChIJ2SKC994R2jERZWEMB5Q-DB8,4.9,124,,1.3712259,103.7698087,market grill pte. ltd,A,0.97506,5,FALSE,
inori japanese dining,ChIJEQKx4RQR2jEReD5XO7a4B2U,4.8,354,,1.3677018,103.7663291,misaki japanese restaurant pte. ltd.,A,0.97978,5,FALSE,
wich you here,ChIJ-4XX83QR2jERrECN2zjkwq4,,,,1.3747571,103.7737922,here now entertainment pte. ltd.,Unknown,0,,FALSE,
"the coriander cafe, thomson plaza",ChIJN0cGKDAX2jERV2Ae38hMtjs,2.6,167,,1.3549555,103.8307898,the soup spoon pte ltd,A,-0.37566,5,FALSE,
the lookout @ sicc,ChIJEVNVVdUW2jERXR4u8foaFYc,4.4,82,,1.3589462,103.8189859,the exchange asia square pte ltd,A,0.69028,5,FALSE,
bistro @ sicc,ChIJv0Jjm9QQ2jER_0kVxAwf53k,4.3,44,,1.3589462,103.8189859,26@marina bar & bistro pte ltd,B,0.8411,5,FALSE,
delifrance singapore - windsor cheers express corner,ChIJ2wSzli4X2jERr2SrC524HH8,3,1,2,1.3579765,103.8284508,ycp dining singapore pte. ltd.,A,0,0,FALSE,
tsukada nojo || japanese premium hotpot || collagen-rich chicken stock || thomson plaza,ChIJa_-_1KEZ2jERj6jm3_143uk,4.5,415,,1.3548908,103.8304626,texas chicken restaurant pte. ltd.,A,0.95934,5,FALSE,
delifrance singapore,ChIJo1_obtEW2jERYJpd5HDCDVw,,,2,1.3704334,103.8282672,delifrance singapore pte ltd,A,0,,FALSE,
caffe zeppin (midview city),ChIJxQQ84iUX2jERJ9Rl7SOBvpI,4.4,425,2,1.3594086,103.8341391,republic plaza city club (singapore) pte ltd,A,0.94452,5,FALSE,
bee heong palace restaurant,ChIJX_-zodEW2jERqOc0z65U4Cc,3.8,278,2,1.3713994,103.828917,lim bee kian annie,A,0.59964,5,FALSE,
sin hoe huat cafe,ChIJHeJbwNEW2jERUlRLCaoafUw,4.5,105,,1.3726062,103.8289617,hanis cafe & bakery pte. ltd.,A,0.65352,5,FALSE,
two chefs eating place,ChIJHzcwmycX2jERpIU8AUW6iE4,4,1491,2,1.363249,103.8356378,two chefs eating place pte. ltd.,B,0.74883,10,FALSE,
bangkok street mookata - upper thomson,ChIJw3W-2tEW2jER6pt2lDlS-e0,4.5,273,2,1.3730248,103.8295718,soma street pte. ltd.,A,0.73694,5,FALSE,
hup seng duck rice,ChIJZ8NpgCQX2jEROo8lGhnbQQE,4.3,948,1,1.3589055,103.837049,yu kee duck and noodle house pte. ltd.,A,0.72052,5,FALSE,
sembawang hills food centre,ChIJH1HG6tEW2jERGsch7FbDL5g,3.9,2369,1,1.3722883,103.8290075,quik food pte. ltd.,B,0.5241,5,FALSE,
silk @ sicc,ChIJtdSagtMQ2jERnYsNJVsTLi0,4.5,398,,1.359095,103.8187929,the silk road pte. ltd.,B,0.82024,5,FALSE,
oka japanese restaurant,ChIJLWkAdQAR2jERjAFJ1Q1Is0g,4.9,9,,1.358925,103.8184598,eno-oka japanese restaurant pte ltd,A,0.63652,5,FALSE,
springleaf taiwan porridge,ChIJxwglu9EW2jERUpvzyM04rvU,4,406,2,1.3717759,103.8292758,ban heng teochew porridge (tanjong pagar) pte. ltd.,A,0.95192,5,FALSE,
klara,ChIJY0vbxfAX2jERg7ooCEmh5z0,4.7,235,,1.3552095,103.8301078,,Unknown,0.9362,5,FALSE,
domino's pizza thomson,ChIJDTfVDQ8X2jER3jIpN5gQUWQ,1.5,86,,1.354998,103.8300844,lam's (singapore) culinary enterprise pte. ltd.,A,-0.28826,5,FALSE,
sushi tei,ChIJ91kTYrkX2jERxHwWUNNcYbc,4,429,2,1.3549538,103.8305178,sushi-tei pte ltd,A,0.737818182,55,FALSE,
hokkaido-ya,ChIJ00Z-8soX2jERQjNFf1h6ZLA,3.2,100,,1.3547546,103.8307721,ya kun cafe pte. ltd.,A,0.9154,5,FALSE,
"yew kee specialities, thomson plaza",ChIJ-7WMEHgX2jERaDMuqxkWg-g,3.3,42,,1.3548,103.8308,hock kee f&b pte. ltd.,A,0.8414,5,FALSE,
nam kee pau,ChIJz9sAS9sX2jERV1QGKvv9_8o,1.4,9,1,1.3548,103.8308,yu kee duck and noodle house pte. ltd.,A,0.197473333,15,FALSE,
subway,ChIJFb8Ou5wX2jERHO6iMN2LRSI,4,56,2,1.3548,103.8308,subway harbourfront pte ltd,A,0.178081667,239,FALSE,
nan yang dao 南洋岛 @ thomson plaza,ChIJvb8xTgAX2jERJGZY-JOq0GI,4,1040,,1.3548791,103.8308643,tung yang wee arthur,A,0.67082,5,FALSE,
thunder tea (thomson plaza koufu),ChIJD7WeasYX2jERq8warIBg0VE,4.3,23,,1.3548791,103.8308643,koufu pte ltd,A,0.91446,5,FALSE,
rocky master,ChIJoxfw76MX2jERttQatt7AGIE,4.2,266,2,1.3548791,103.8308643,master crab seafood restaurant pte ltd,Unknown,0.97478,5,FALSE,
wonderful bapsang,ChIJS39122EX2jERbiSO9g4gqzQ,4.1,298,,1.3548791,103.8308643,wonderful management pte. ltd.,Unknown,0.935,5,FALSE,
havefun karaoke & bistro (thomson plaza),ChIJrd5LNwIX2jER1F4Z5kptLpg,4.5,515,,1.3548791,103.8308643,qi ji bistro pte. ltd.,A,0.83656,5,FALSE,
ivegan thomson plaza,ChIJW_gF7YsX2jEREuiUaEVYYU4,4.8,1492,2,1.3548791,103.8308643,republic plaza city club (singapore) pte ltd,A,0.91688,5,FALSE,
san ren xing 三人行 - thomson plaza,ChIJg2Xn2Y8X2jERJU4g5KAORcE,4.8,2373,,1.3548791,103.8308643,curry san pte. ltd.,A,0.9119,5,FALSE,
the grumpy bear (thomson plaza),ChIJTSINKDAX2jERFYGf90Hiv1M,4.5,1398,2,1.3548791,103.8308643,gardens by the bay,A,0.80878,5,FALSE,
unbox,ChIJRfJMcwAX2jERuzKsmjbDVM0,4.7,3,,1.3548586,103.8308906,,Unknown,0.509366667,2,FALSE,
bistro box by uncle penyet,ChIJN4HfOQAX2jERB72lzsHJljs,4.4,83,,1.3548586,103.8308906,asia bistro llp,B,0.87168,5,FALSE,
sushiro thomson plaza,ChIJcxCQwcsX2jERoFMW98lKyA0,3.6,125,,1.3548586,103.8308906,republic plaza city club (singapore) pte ltd,A,0.6006,5,FALSE,
now pizza - thomson plaza,ChIJUYxO5eYX2jER3GjqDKEnrX8,4.6,27,,1.3548586,103.8308906,republic plaza city club (singapore) pte ltd,A,0.84104,5,FALSE,
chirashizushi shou,ChIJ-fqvfwAX2jERGKduetMVzC0,4.5,234,,1.3548586,103.8308906,lian bang fu zhou shou gong bao pte. ltd.,B,0.91748,10,FALSE,
sanook kitchen - thomson plaza,ChIJUTAsVOwX2jER-ze3ko9WtEg,4.8,1400,,1.3548586,103.8308906,kitchen project llp,B,0.87218,5,FALSE,
odeon beef noodles @ koufu thomson plaza,ChIJEZv0emYX2jER0c-P6GmF_Vc,3.4,7,,1.3548586,103.8308906,koufu pte ltd,A,0.47794,5,FALSE,
subway,ChIJu0WSTOYW2jERu1O_JvgSXsE,4.1,80,2,1.3716717,103.8476677,subway harbourfront pte ltd,A,0.178081667,239,FALSE,
popeyes ang mo kio hub,ChIJu0WSTOYW2jERPaVzuMS7Qr0,4.2,1293,1,1.3690103,103.8481343,ang hwei chuen,B,0.15476,5,FALSE,
kfc (ang mo kio town centre),ChIJvZwHducW2jERNeJEAGO2AO0,3.8,1252,2,1.3708508,103.8459027,ang chuah nguan,B,0.82332,5,FALSE,
bee cheng hiang (ang mo kio central),ChIJn-mepB0X2jERH31SaFJ_rIc,4.1,97,,1.3695937,103.8475813,lim bee kian annie,A,0.48466,5,FALSE,
yummi bites pte ltd - sin ming road,ChIJZ8NpgCQX2jERTKXa8eHWCfE,2.3,3,,1.3577338,103.8394854,royal t group pte. ltd.,A,0.212333333,3,FALSE,
guan yuan noodle house 广源面家,ChIJAQAQgSMX2jERGxKv-J6tw3Q,4,1,,1.3576256,103.8394853,guan chee hong kong roasted duck pte. ltd.,A,0.5411,1,FALSE,
ding ji teochew noodle,ChIJV5LtBSIX2jERLhHu2AgyrW4,3.4,215,1,1.3588402,103.8441866,yu kee duck and noodle house pte. ltd.,A,0.42943,20,FALSE,
boon tong kee @ amk,ChIJW-F7a9kW2jEROnVdsO3RJVc,4,1030,2,1.3674605,103.8370641,yu kee duck and noodle house pte. ltd.,A,0.71056,5,FALSE,
mellben seafood,ChIJgxGXnNsW2jEReh6IGeC_1yI,4.1,2476,3,1.3686044,103.836948,mellben seafood pte. ltd.,A,0.91392,5,FALSE,
ho kee pau,ChIJU1VVxeYW2jER8aRzZVZb8IA,1.6,14,,1.3690023,103.8481594,ho kee pau (singapore) pte. ltd.,A,-0.15168,20,FALSE,
shihlin taiwan street food (amk),ChIJ678bxeYW2jER3PkC0o9gLwA,4.1,372,1,1.3690023,103.8481594,taster food pte. ltd.,A,0.0356,5,FALSE,
old chang kee,ChIJ678bxeYW2jERgz1doiAHSqw,3.1,129,1,1.3690907,103.8479272,chang cheng food & beverage pte. ltd.,A,0.126987059,85,FALSE,
takagi ramen @ ang mo kio,ChIJBY28M-YW2jERxosKzeeyDZA,4.5,5099,1,1.3692976,103.8470294,ang chuah nguan,B,0.96684,5,FALSE,
umisushi amk hub,ChIJ678bxeYW2jERE4yNxGBgsGs,3.3,89,,1.3691641,103.8486802,one-hub services pte. ltd.,Unknown,0.69004,5,FALSE,
yummi bites,ChIJ678bxeYW2jER4yn8h9n75nQ,3.4,10,,1.3691836,103.8486729,yummi bites pte. ltd.,B,0.12078,5,FALSE,
daun pandan rice dumpling,ChIJUYZa0eYW2jERWBgVbgmUtes,3.5,13,,1.369175,103.8485943,lau di fang scissors-cut curry rice pte. ltd.,A,0.58594,5,FALSE,
fish & co. amk hub,ChIJb3WaKecW2jERo5Bt7U-J8qY,4.1,1138,2,1.3691986,103.8490426,ntuc foodfare co-operative ltd,Unknown,0.2399,5,FALSE,
one kueh at a time,ChIJxxr--7cZ2jERH76ptjIrcp0,3.8,51,,1.371723,103.8459022,artemis fine foods a.s. pte ltd,A,0.8147,5,FALSE,
centre satay beehoon,ChIJde5mv-cW2jEReTgrnq5VCMo,3.8,97,,1.3720912,103.8465373,syifa' satay limited liability partnership,Unknown,0.229171429,5,FALSE,
domino's pizza kebun baru,ChIJtc81wOEW2jERKhaZogFdj_8,3.4,348,2,1.3729816,103.8372994,lam's (singapore) culinary enterprise pte. ltd.,A,-0.37234,5,FALSE,
hai zhong bao live seafood,ChIJNeM67-MW2jERB2ypzlk1yJ4,3.4,136,2,1.3677526,103.8510786,marina live seafood & steamboat pte ltd,B,0.07178,5,FALSE,
xi xiang feng yong tau foo,ChIJ07REv-cW2jERcip7FWd9Oqk,3.7,265,1,1.3721128,103.8465641,wah feng pte. ltd.,A,0.42528,5,FALSE,
al zouq foods & caterer,ChIJwWF1HBIZ2jER3eKNJlLEMXA,3.9,224,2,1.3723233,103.8461637,al zouq foods & caterer pte ltd,B,0.87384,5,FALSE,
bangkok street mookata - ang mo kio,ChIJYYPvW-IW2jERC_bxqS5N7Fo,4.3,637,2,1.3654958,103.8531034,soma street pte. ltd.,A,0.8944,5,FALSE,
soi 19 thai wanton mee (ang mo kio),ChIJKWyFucMW2jER8iCFCUakzWM,4.1,996,1,1.3742306,103.8398832,thai affair pte. ltd.,A,0.63492,5,FALSE,
925 yishun hainanese chicken rice,ChIJCbJvtecW2jERsiPBKCCBtqM,3.7,263,,1.3721708,103.8475846,yishun 925 hainanese chicken rice pte. ltd.,Unknown,0.28816,5,FALSE,
pancake king amk 727,ChIJAVYn5-cW2jERs-xtyMX0v9E,4,172,,1.3731699,103.8460526,burger king singapore pte. ltd.,A,0.68022,5,FALSE,
myvillage,ChIJe9klyv8W2jERYNGDiZ86kbw,4,340,,1.3650699,103.8652075,,Unknown,0.94992,5,FALSE,
mcdonald's ang mo kio ave 10,ChIJn-_JSuMW2jERzi8vVHceo8o,4,1600,1,1.3674385,103.8563633,lam's (singapore) culinary enterprise pte. ltd.,A,0.20914,5,FALSE,
serangoon soya bean,ChIJE6d2GAAX2jERJhHSbce8RKE,4.5,15,,1.3632268,103.8666709,the coffee bean & tea leaf (singapore) pte ltd,A,0.54288,5,FALSE,
pow sing kitchen,ChIJt_4cKQAX2jERMvNBlP3eN3I,3.7,826,2,1.3633984,103.8657647,kitchen language pte. ltd.,A,0.1589,5,FALSE,
tian jin fong kee,ChIJE6d2GAAX2jERt9hKyQNEAr4,4.6,97,,1.3631718,103.8668107,yu kee duck and noodle house pte. ltd.,A,0.85932,5,FALSE,
s-11 amk 450,ChIJ93OMqfwW2jERk_ierzuhC_M,3.7,265,1,1.3685565,103.855418,seafood paradise (s) pte. ltd.,A,0.7448,5,FALSE,
hajime tonkatsu & ramen (myvillage @ serangoon garden),ChIJSywCtf8W2jERFOBMoHstIuE,4.5,755,2,1.364948,103.8652996,kai garden private limited,A,0.96796,5,FALSE,
pancake king serangoon garden,ChIJsZ7fFwAX2jERGAS4sAX2ecA,4.5,243,,1.3633699,103.8666116,kopi king pte. ltd.,A,0.62352,5,FALSE,
chomp chomp food centre,ChIJu0Kj3f8W2jERpHVeB5eORMM,4.2,4704,2,1.3642304,103.8664113,chang cheng food & beverage pte. ltd.,A,0.84318,5,FALSE,
shamiana restaurant - serangoon garden way,ChIJ40aBt_8W2jERuo-1JPazw4o,4.2,584,2,1.3652583,103.8658003,restaurant majestic pte. ltd.,A,0.84924,5,FALSE,
garden grill,ChIJ7zMPn_8W2jERci45p5Ejpno,4.4,39,,1.3657715,103.8670169,kai garden private limited,A,0.91254,5,FALSE,
24 hrs ming fa fishball noodles (amk),ChIJW9nKUeUW2jERInQCCYbtvCs,4.1,480,,1.3727439,103.8559162,the noodles pte. ltd.,A,0.70328,5,FALSE,
de li shi (德利食),ChIJ7ww6ZuUW2jERghTpOLp-dU8,3,2,,1.3728103,103.8547307,li & lees ii pte. ltd.,A,0.1602,2,FALSE,
ying yi kway chap & braised duck,ChIJDZP2ZeUW2jER4mPjahKVw80,4,68,,1.3728057,103.8544582,heng yi food pte. ltd.,A,0.59602,5,FALSE,
chang cheng - 531 ang mo kio avenue 10,ChIJUZsfiO8W2jERvgXTT-Lnqck,1,2,1,1.373356,103.854322,loy kok cheng,B,-0.6851,2,FALSE,
top 73+1 fishball legacy,ChIJmdBbWlQR2jERU10HQOjvy74,4.5,287,1,1.3736945,103.8540193,top tea pte. ltd.,A,0.03798,5,FALSE,
impetus engineering pte ltd,ChIJf8wL7FcW2jERfRYMDyRQuw0,4.2,5,,1.3723898,103.8691675,breadtalk pte ltd,A,0.40994,3,FALSE,
maimon nasi padang,ChIJu1cLagoZ2jERyONfJ48r9hs,4.6,65,,1.3630609,103.8665271,kampong ria nasi padang pte ltd,B,0.6414,5,FALSE,
ponggol nasi lemak,ChIJ9xM2jLQX2jERnFE93i7yBHw,3.8,1840,2,1.3619451,103.886654,kampong ria nasi padang pte ltd,B,0.64362,10,FALSE,
broadway coffeeshop @ 644 hougang ave 8,ChIJk8L1x08W2jER1X0XEE13vYk,3.7,401,1,1.3713959,103.8816168,palace 8 marina pte ltd,Unknown,0.4544,5,FALSE,
old chang kee,ChIJud-5-bMX2jERxtOLW2wnK2o,3.5,86,1,1.3595056,103.885183,chang cheng food & beverage pte. ltd.,A,0.126987059,85,FALSE,
8 degrees taiwanese bistro 8度空間-台灣小吃 @kovan,ChIJ1e_2c6UX2jERca4jYf4Xrt8,4.3,2181,2,1.361141,103.883417,qi ji bistro pte. ltd.,A,0.89806,5,FALSE,
curry & curry,ChIJ72vnR7EX2jER2OhAxYfJcgM,4.2,392,2,1.3575998,103.8843939,s.v. curry pte. ltd.,B,0.63174,5,FALSE,
vegetarian express cafe,ChIJq2Ix-bMX2jERE_w-ROSrqbU,4,197,,1.359469,103.8851289,nature vegetarian (suntec) pte. ltd.,A,0.83932,5,FALSE,
suki-ya - all you can eat shabu shabu (heartland mall kovan),ChIJ1dMjB7QX2jERpF2yImIB_Ww,4.8,3649,2,1.359469,103.8851289,simply can pte ltd,A,0.69416,5,FALSE,
fragrance bak kwa @ heartland mall 香味肉干 @ 高文,ChIJfc5P-LMX2jERFtR4daT87g0,4.4,30,,1.359469,103.8851289,wang dae bak pte ltd,B,0.69248,5,FALSE,
pizza hut,ChIJxfAzg7QX2jERBYtWmXK9GoQ,4.8,579,2,1.3620136,103.8856483,pizza hut singapore pte ltd,A,0.586732,125,FALSE,
tiong bahru fried fish ball,ChIJWSqDQsgX2jERZwfb_JGQxrg,4.8,20,,1.359092,103.886095,mah hock tiong,B,0.76888,5,FALSE,
domino's pizza kovan,ChIJz-6XYrQX2jERgSRKB7s0g74,3,329,2,1.3617053,103.8864743,artemis fine foods a.s. pte ltd,A,-0.40264,5,FALSE,
"888 mookata, hougang",ChIJd4RX0rUX2jERELbXtrxM0v8,4,603,2,1.3599799,103.8882546,bangkok street mookata pte. ltd.,A,0.93496,5,FALSE,
my genie gourmet,ChIJq-yODUoW2jERZAkXyB23uAk,3.6,26,1,1.3674646,103.8905841,my genie gourmet pte ltd,Unknown,0.00864,5,FALSE,
swee satay,ChIJMdu0u08W2jERyOOS0M4XCSs,4.2,261,1,1.3713711,103.881649,swee heng bakery pte ltd,Unknown,0.6067,5,FALSE,
seng hock delights,ChIJY6nH_skX2jERDB9Lu3yL3eU,4.5,8,1,1.3588538,103.8915066,gan hock lim,A,0.18862,3,FALSE,
subway,ChIJ14tfr0UW2jER_tHANG4D2zA,3.5,163,2,1.3750431,103.8827187,subway harbourfront pte ltd,A,0.178081667,239,FALSE,
value health organic,ChIJ5WneCUYW2jER0y8qti8fSS8,,,,1.374298,103.8856868,reverse age health services pte. ltd.,A,0,,FALSE,
saizeriya (hougang 1),ChIJgZVN1UQW2jERd9rgcWf1tiE,4.1,1192,1,1.3753886,103.8793639,1 tyrwhitt bistro bar pte. ltd.,A,0.46298,5,FALSE,
chang cheng - 309 hougang avenue 5,ChIJIVhNWDQW2jERJPa4kF5lq1U,5,1,,1.36622,103.89496,loy kok cheng,B,0.4215,1,FALSE,
greenland vegetarian restaurant,ChIJ-7mO4K8X2jERfxwr_C6lMlQ,4.1,550,2,1.3555556,103.8794444,imperial treasure fine dining restaurant pte. ltd.,A,0.8432,5,FALSE,
sun ray cafe,ChIJe8Ja3KoX2jERKEYSa1KwuYs,4.2,1308,2,1.3631682,103.8713049,hanis cafe & bakery pte. ltd.,A,0.75214,5,FALSE,
sushi tei,ChIJn63U1v8W2jERGRbZxk5Yxno,4.1,574,2,1.3641834,103.8655705,sushi-tei pte ltd,A,0.737818182,55,FALSE,
texas chicken (nex),ChIJxyAVvKYX2jERnjBCfTOcIFw,4.4,1355,,1.3508234,103.8725635,texas chicken restaurant pte. ltd.,A,0.25708,5,FALSE,
selera kg. melayu,ChIJtXywT-MK2jERU3llVr41GNg,4.3,83,,1.3764634,103.5915522,the selera nasi padang pte. ltd.,B,0.58948,5,FALSE,
mr burger,ChIJ8UeHpO0J2jERpt8m1PhpNCw,5,3,,1.3836203,103.6009449,burger king singapore pte. ltd.,A,0.190633333,3,FALSE,
kedai abe zul,ChIJf2-HCNwJ2jER0c-mwV8ryIk,5,3,,1.3837103,103.6010403,muhammad zul hilmi bin mohamed isnin,Unknown,0,0,FALSE,
kedai makan kak mar,ChIJ66YZnaUJ2jERf2VrGQSVemI,5,1,,1.3842364,103.6002828,shaik abdul kader al-jailani makan place pte. ltd.,Unknown,0,0,FALSE,
arrow coffee,ChIJmThpZwAJ2jER38UHqhb7bpc,5,9,,1.3770068,103.5918987,starbucks coffee singapore pte. ltd.,A,0.67012,5,FALSE,
sembang santai cafe,ChIJVdcwoQYJ2jERBlQKRelEkMM,4.2,10,,1.3772785,103.5917579,sarika connoisseur cafe pte ltd,A,0.42876,5,FALSE,
masakan padu mokteh,ChIJP3ohWQAJ2jER-jn2aDsi5ig,1,1,,1.3770537,103.5917275,,Unknown,0,1,FALSE,
cendol tok abah,ChIJDaFSnJ0J2jERlkLozJL2BjM,,,,1.3766072,103.5917316,cendol mama taste pte. ltd.,B,0,,FALSE,
bff jom,ChIJmWlR_OoJ2jERg9gmqXTJgLE,5,1,,1.3765544,103.5916789,bff & co sg pte. ltd.,Unknown,0,0,FALSE,
aroi thai paya mengkuang,ChIJP5gT3akJ2jERE9DMzs1Ac98,4.7,3,,1.3771727,103.5914225,thai kha pte ltd,A,0.3297,2,FALSE,
omg! mushroom cafe,ChIJPcimWyYJ2jERCpnIp_QqyTU,,,,1.3764688,103.5915849,hanis cafe & bakery pte. ltd.,A,0,,FALSE,
burger petak paya mengkuang,ChIJR_M4gu4J2jER86h_F-70fQw,5,7,,1.3771066,103.591333,paya lebar methodist girls' school (primary),Unknown,0.57458,5,FALSE,
mat tomyam,ChIJRwycRwgJ2jERT_XrWq_Pluc,3.8,13,,1.37645,103.5915349,mat rizan bin mat ari,A,-0.0632,5,FALSE,
mamalong bakery &mamalong surprise planner,ChIJG6stYxwJ2jERPnPznSHYTLE,,,,1.3770494,103.591273,the bakery depot pte ltd,A,0,,FALSE,
kr's kitchen,ChIJbQMnKfwJ2jER_jNsuCPpxcs,3,2,,1.376644,103.5914049,seafood paradise (s) pte. ltd.,A,-0.39645,2,FALSE,
nasi kak wok abe pendi,ChIJ889nJ-sJ2jERJNsCf-4Q65g,5,3,,1.3763696,103.5914173,yanti nasi padang restaurant pte ltd,B,0.1405,1,FALSE,
selera rasa az zahra,ChIJnXXQOr8J2jERBGerfe7ywWk,4.3,6,,1.3768882,103.5911914,raja rasa llp,B,0.33842,5,FALSE,
ayam cucuk gebu,ChIJAzpBiEcJ2jERK5qUZZk1bHA,,,,1.3760881,103.5914636,ayam penyet ria pte ltd,A,0,,FALSE,
73 restoran tomyam paya mengkuang,ChIJfRtB87gJ2jERRRFURIOXM9A,1,2,,1.3760071,103.5914972,concept 73  pte ltd,Unknown,-0.81885,2,FALSE,
subway petronas second link southbound,ChIJESvxV2YJ2jERdokuxIqGA6o,3.2,55,,1.3864975,103.5932266,link court pte ltd,A,0.09854,5,FALSE,
norzita stations,ChIJUbcGMQgJ2jERNWt3UOHAaa8,4.7,14,,1.3767638,103.5909424,,Unknown,0.39832,5,FALSE,
gerai bukit gambir rnr gelang patah s,ChIJnSRz5Q4J2jERBw5-k9zYqX8,1,1,,1.3885818,103.5937173,tatsu sushi (s) pte ltd,A,0,1,FALSE,
nasi lemak kukus rnr no 9 gelang patah,ChIJVeoHBnkJ2jERKDRY7hqCYos,3.9,61,,1.3885757,103.5936953,no signboard holdings ltd,B,0.46112,5,FALSE,
nasi ayam talip - r&r gelang patah s,ChIJDyXYDiQJ2jERIsrzj-sFtJg,3.2,5,,1.388743,103.5935962,tatsu sushi (s) pte ltd,A,0.27552,2,FALSE,
restoran d'rimba,ChIJ7xmbIwAJ2jER6wZUM335QUc,4.7,35,,1.3787942,103.6108173,stuff'd ventures pte. ltd.,A,0.525,5,FALSE,
"parit jawa, gerai 1,r&r gelang patah selatan",ChIJfRRDKAAJ2jERcby0HI6xREM,,,,1.3888178,103.5935775,r e & s enterprises pte ltd,A,0,,FALSE,
rr chicken rice,ChIJP3pv390J2jERMsCSmmtgn_E,3,1,,1.3886056,103.5931649,texas chicken restaurant pte. ltd.,A,0.296,1,FALSE,
warung sup simpang bkt kucing,ChIJo03b1wkJ2jERC1mOUFc6lv4,4.3,9,,1.3892291,103.5937362,warung k llp,A,0.02742,5,FALSE,
andak burger,ChIJUVYlmkMJ2jERr9eTve72p7o,5,2,,1.3893299,103.5935033,burger king singapore pte. ltd.,A,0,0,FALSE,
kns nasi kerabu,ChIJo8GUIbcJ2jEROYR5fTxN9b8,,,,1.3893227,103.5934805,kampong ria nasi padang pte ltd,B,0,,FALSE,
kantin kak mas,ChIJUwBHlG8J2jEReR5u8LpIcjs,4.1,11,,1.3926695,103.6032133,mas millennium (singapore) private limited,A,0.47986,5,FALSE,
warong mak yah sarapan pagi,ChIJX7Tju5IJ2jER2Xzx5n8pg8w,4.8,4,,1.3761638,103.5873557,sa'yah binte lampu,B,0.3809,3,FALSE,
panas republik,ChIJtcy9DgAJ2jERYHaXxe2fVGk,,,,1.3739377,103.5864651,li li,A,0,,FALSE,
jb international sports club,ChIJhUNzUSoJ2jER_NM864gyT6o,5,1,,1.3937636,103.6057517,suntec singapore international convention & exhibition services pte. ltd.,A,0,0,FALSE,
bale social,ChIJc6WlEQAJ2jER_NM-F67HDDg,4.6,161,,1.3937636,103.6057517,club street social pte. ltd.,A,0.85548,5,FALSE,
kedai makan d'simpang,ChIJv6qI0HcJ2jER68v-x5hMzCg,4.4,517,1,1.3918718,103.5904461,palaniyayee@palainayee d/o sathappa velar,B,0.52902,5,FALSE,
nasi lemak peladang,ChIJ37dDCAAJ2jER449Nl7GIh1s,,,,1.3861931,103.5842805,kampong ria nasi padang pte ltd,B,0,,FALSE,
warung mak'ude gerai peladang,ChIJky7MJgAJ2jERgaxQGeez64Y,,,,1.3861191,103.5842374,warung k llp,A,0,,FALSE,
warung dinda permata peladang,ChIJ5y-PuXgJ2jERWMLYbzrLhU8,3,5,,1.3861373,103.5841752,warung k llp,A,-0.10042,4,FALSE,
family burger,ChIJQetpejIJ2jER-a376q5-mfs,4.5,2,,1.3866542,103.5837257,burger king singapore pte. ltd.,A,0.3243,1,FALSE,
pendas floating restaurant,ChIJ7aCjZzMJ2jERwJGU3RyczxU,4,915,2,1.3786779,103.634983,hyangtogol (korean restaurant) pte. ltd.,A,0.90536,5,FALSE,
dean hyderabad briyani,ChIJcfNFpxRy2jER2U4uZVaKSFU,4,78,,1.3947594,103.6244662,excellent briyani family restaurant pte ltd,C,0.36298,5,FALSE,
chicken crispy x coffee street,ChIJV4ZhGwAJ2jER_Spny7pWJDI,,,,1.3785954,103.6344322,the coffee bean & tea leaf (singapore) pte ltd,A,0,,FALSE,
burger tanjong 2005,ChIJ7QieoaoJ2jERJa1mTmfrfg0,4,4,,1.3787001,103.6348911,burger king singapore pte. ltd.,A,0.394525,3,FALSE,
nyonya heritage,ChIJsYQlbk4J2jERekqWoGpKOK0,,,,1.3943536,103.6259451,food heritage trading pte. ltd.,B,0,,FALSE,
warung citarasa mukim tg kupang,ChIJo6YC6vkP2jERz7hjFu2or5g,4.6,11,,1.3779142,103.6363071,warung k llp,A,0.94578,5,FALSE,
rock cafe,ChIJjQcUOnsJ2jER4NjrlKdkMRw,3.7,25,,1.3956996,103.625315,hard rock cafe pte ltd,A,0.53574,5,FALSE,
ls x park restaurant,ChIJkxZgsXoJ2jER4UA9WOrEbN0,4.4,73,,1.3960989,103.6239624,texas chicken restaurant pte. ltd.,A,0.90912,5,FALSE,
the joy cafe,ChIJT9ih-0AJ2jERP4Tuovu8gWE,4.5,11,,1.3951902,103.6274137,the exchange asia square pte ltd,A,0.46734,5,FALSE,
mr.dakgalbi sunway bigbox,ChIJYW6hutIJ2jER6At05LqAUs0,4.5,223,,1.3965156,103.6266784,mr bap pte. ltd.,A,0.44738,5,FALSE,
marrybrown sunway medini,ChIJAbmFoXEJ2jERiVatJ2Q3Ctw,3.2,182,,1.396731,103.6263115,,Unknown,0.38288,5,FALSE,
teumsae korean restaurant,ChIJcSpG1HQP2jERzVLhYKDOXkg,4.4,176,,1.3906737,103.639306,hyangtogol (korean restaurant) pte. ltd.,A,0.90834,5,FALSE,
the wrap shop,ChIJ-RG_odoP2jERB6GhgiGlAJA,4.5,28,,1.3907511,103.6396708,the exchange asia square pte ltd,A,0.61414,5,FALSE,
a7 salimah & shukor,ChIJ6c0tWQAP2jERfDTiYyshvvE,,,,1.3907614,103.6396523,li li,A,0,,FALSE,
awesome brew @ sunway citrine,ChIJ3SH9_rIO2jER0K5v0CPZxz4,4.5,831,2,1.3908523,103.6391282,deja brew pte. ltd.,A,0.8672,5,FALSE,
pizz@,ChIJOxPqnLUP2jERw97dcaj4E8s,4.9,623,2,1.3909009,103.6392807,extra virgin pizza pte. ltd.,A,0.98952,5,FALSE,
kioku,ChIJDdJkzrwP2jERywgKZsgbRzs,4.5,118,,1.3911478,103.6390609,,Unknown,0.97474,5,FALSE,
d.ark chicken,ChIJSa4d8gAP2jER-RYC7dcb1Pw,5,1,,1.3911865,103.6394642,texas chicken restaurant pte. ltd.,A,0.9785,1,FALSE,
kids x cats cafe,ChIJ3_MS438P2jERro0lvic_vG8,4.8,260,,1.3912328,103.6393628,hanis cafe & bakery pte. ltd.,A,0.95642,5,FALSE,
sushi house citrine hub sunway iskandar,ChIJOXfanXQP2jERefKrrrkH40M,4.8,1634,,1.3912755,103.639296,tatsu sushi (s) pte ltd,A,0.66312,5,FALSE,
the warung kita,ChIJUfYxC1cP2jERlDzeTithYCU,4.7,1076,2,1.3915243,103.6387015,the exchange asia square pte ltd,A,0.3505,5,FALSE,
hong kong ban jeom,ChIJkxRHr5Nt2jERunguKlBnV7s,4.7,165,,1.3937462,103.6353216,thye hong eateries pte. ltd.,A,0.8972,5,FALSE,
cafe green,ChIJyzvqGJgL2jERTI-rGQzbDBk,4.6,102,,1.3937797,103.635087,bru cafe pte. ltd.,A,0.9226,5,FALSE,
nyonya treats sunway iskandar,ChIJ0Xl57SQJ2jERsQU3hmooaUQ,4.3,133,,1.394013,103.6355802,iskandar bin said,A,0.82688,5,FALSE,
kocodak - korean restaurant,ChIJ419BbzsJ2jERX62PTF1DoL4,4.6,183,,1.394132,103.6356556,imperial treasure fine dining restaurant pte. ltd.,A,0.94628,5,FALSE,
warung ekspres,ChIJrZ10L60J2jERHvyiCURiE5M,4.4,280,,1.394201,103.6356727,warung ahbamas pte ltd,A,0.9234,5,FALSE,
vine cafe,ChIJ_-6b5PgL2jERAffI3cfQItM,4.7,330,,1.3941212,103.635254,grapevine cafe bar & restaurant llp,A,0.97788,5,FALSE,
hy yuexiang restaurant 红盈私房菜,ChIJGfOZVAAJ2jERaGo_3iTgyxc,4.8,4,,1.394167,103.6348992,imperial treasure fine dining restaurant pte. ltd.,A,0.4664,3,FALSE,
da zio francesco,ChIJTX-At0AL2jERizMAt04vHFg,4.9,199,,1.3943519,103.6353686,pasta fresca da salvatore pte ltd,B,0.85182,5,FALSE,
中原烩面,ChIJa2u8FwAJ2jERY4gKEmQ539I,3.8,5,,1.3943534,103.635037,,Unknown,0.35046,2,FALSE,
restoran citra minang sunway iskandar,ChIJK3OLF_IL2jERRFKzTx4dtwc,4.2,65,,1.3944987,103.6351745,iskandar bin said,A,0.57694,5,FALSE,
pica pica spanish tapas bar,ChIJ9SpqaooL2jERWBqSfZyz1Go,4.6,125,,1.3945485,103.635208,barosa bar pte ltd,A,0.98,5,FALSE,
mee rebus house sunway iskandar,ChIJSZ4kKbYJ2jERd_rsdPqY1LQ,3.8,84,,1.3945517,103.6352096,ling chui mee,B,0.41746,5,FALSE,
viet cafe,ChIJWwhiUjoJ2jERt1oXaU_Et5w,3.8,5,,1.3943994,103.634691,bru cafe pte. ltd.,A,0.27826,4,FALSE,
玖鼎猪肚鸡火锅iskandar puteri (jiuding china hot pot),ChIJ9VgIuR8P2jERcaXhbDC37Wc,4.7,108,,1.3945819,103.6347888,the hot gathering pte. ltd.,A,0.71852,5,FALSE,
thai food at restaurant i cy,ChIJT5lMfgAP2jERKcmJ01OrEMA,4.5,6,,1.3944812,103.6345116,imperial treasure fine dining restaurant pte. ltd.,A,0.21626,5,FALSE,
monnalisa italian restaurant jb,ChIJb-xsSYoJ2jERDOOe4JEvv_0,4.8,250,,1.3946334,103.6348355,imperial treasure fine dining restaurant pte. ltd.,A,0.86072,5,FALSE,
hup hong ipoh white coffee 合丰怡保白咖啡,ChIJy8L_DNUJ2jERiKaanGUTs30,3.9,76,,1.3946801,103.634896,coffee n creme pte ltd,A,0.54236,5,FALSE,
taste beyond 味你而来,ChIJN_KWQK0J2jER0RYCCS1n3mM,4.6,32,,1.3946965,103.6349061,taste of jerusalem pte. ltd.,A,0.94012,5,FALSE,
sunway boulevard 88,ChIJoznukvMJ2jERrhkMgp_YxoI,4.5,28,,1.3946332,103.6346874,wonder 88 entertainment pte. ltd.,Unknown,0.75232,5,FALSE,
六丁火烤肉 liudinghuo bbq,ChIJ6xWE-2sJ2jERaLjfVCRShoA,4.9,48,,1.3947708,103.6349664,tenderfresh fried & bbq chicken pte ltd,A,0.89298,5,FALSE,
川湘居chuan xiang ju,ChIJKy3_KAAJ2jER-97um2ZT1A4,4.1,13,,1.3946629,103.6345043,jia xiang kuching food supplies pte. ltd.,A,0.84688,5,FALSE,
muslim lanzhou ramen,ChIJS-UaLwAJ2jERdQQCjiVyRrk,2.5,8,,1.3947169,103.6345425,masamune specialty ramen (singapore) llp,A,-0.66308,5,FALSE,
mee tarik sunway,ChIJnwgC-L4L2jER9Mg10qgKwk8,4,22,,1.3947149,103.6345348,qiu lian ban mee pte ltd,B,0.87962,5,FALSE,
alchemist,ChIJ40HYNPwJ2jERfyE4wkstIPM,5,47,,1.3948546,103.6346424,alchemist works pte. ltd.,A,0.9919,5,FALSE,
bob's grill & bar,ChIJd_dyldIJ2jEROxw7J8g5Kws,4.7,854,,1.3949485,103.6347138,seafood paradise (s) pte. ltd.,A,0.95482,5,FALSE,
pide pide restaurants,ChIJ60G3HGIL2jER1_m4PIYVNpU,4.6,322,,1.394795,103.6341586,marche restaurants singapore pte. ltd.,A,0.8822,5,FALSE,
moon light 1 barbeku korea,ChIJaasvlrsJ2jERrvS8jnOQr44,4.3,135,,1.3948971,103.6339166,1-soleil pte. ltd.,A,0.93514,5,FALSE,
huai heong kopi 徊香,ChIJHcQtVvYJ2jERIM9dLXvF0RU,4.3,287,,1.3951371,103.6344839,kopi - o enterprise pte. ltd.,B,0.67232,5,FALSE,
home pho sdn. bhd.,ChIJjV6GPaEJ2jERePyZ72SqSbM,4.9,53,,1.3950625,103.6341875,pho street restaurant pte. ltd.,A,0.93464,5,FALSE,
donmoa (돈모아),ChIJdRDLXh8J2jERoN38KPmMyQ4,4.8,92,,1.3953339,103.6342384,,Unknown,0.9208,5,FALSE,
爱情麻辣烫(aiqingmalatang),ChIJgZJfPAAJ2jER2kN3mVi-Kp8,4.5,75,,1.3951224,103.6336409,,Unknown,0.86314,5,FALSE,
myoungdong korean restaurant(명동)明洞韩國料理,ChIJ32-RlcEJ2jERbeMy6MQFBm4,4.3,222,,1.3951831,103.6336771,mouth restaurant pte ltd,A,0.90028,5,FALSE,
runningman korea restaurant,ChIJ6VU0zDQN2jER_q_Hdy1Dv4g,4.4,391,2,1.3952642,103.6337519,imperial treasure fine dining restaurant pte. ltd.,A,0.52318,5,FALSE,
choongman chicken,ChIJ2Xl6EgAJ2jERtJ5fkXRd2Hs,4.8,9,,1.3954348,103.6338954,texas chicken restaurant pte. ltd.,A,0.76506,5,FALSE,
meetmeat bbq,ChIJoSg0Bh8L2jERdeN3hSetZBM,4.7,167,,1.3955273,103.6339651,penyet & bbq culinary pte ltd,A,0.9334,5,FALSE,
vege country enterprise,ChIJZ4XmTCAO2jERAXd0ibOznk0,,,,1.3819167,103.7261089,shuang long food enterprise pte. ltd.,A,0,,FALSE,
orchidville pte ltd,ChIJs34GmuER2jER-Ki9HPMQBro,4.1,268,2,1.3887661,103.7321327,orchidville pte ltd,A,0.91104,5,FALSE,
yan palace restaurant (warren golf & country club),ChIJN2abq-gR2jERsyJKYTznHlI,3.8,514,2,1.3843227,103.7368899,warren golf & country club,A,-0.09434,5,FALSE,
balaganapathi mess,ChIJC5b5eQAP2jERbfOZPdYZsW8,5,2,,1.3779767,103.7184815,mani iyer mess & catering pte. ltd.,B,0.75405,2,FALSE,
tasmia restaurant & biryani house,ChIJo6rUTjIP2jERBRXnwk0QdZg,4,137,,1.3776067,103.7182517,indian house pte. ltd.,B,0.37952,5,FALSE,
georges @ wild west,ChIJGz4Xt4YP2jERzy-s-b09mJ0,4.5,475,2,1.3774181,103.7237831,west 57th street holding co pte. ltd,A,0.4904,5,FALSE,
iwarna aquafarm pte ltd,ChIJz98YzcYP2jERIiAl6CV-HiA,4,45,,1.3774137,103.723999,cold storage singapore (1983) pte ltd,A,0.88718,5,FALSE,
tenplus,ChIJEypzCyoP2jER5psTW5TR-AM,4.6,1158,2,1.3838021,103.7266774,,Unknown,0.97832,5,FALSE,
ah chuan,ChIJjSpEDgAP2jERwM3MW9sIBeo,5,9,,1.3722687,103.7170017,ngo kah chuan,B,0.35104,5,FALSE,
italian patio,ChIJmbnRTdUR2jERMMkDYwjgDFM,4.8,46,,1.3838613,103.7363952,spago homemade italian restaurant pte ltd,A,0.9767,5,FALSE,
fusion bistro bar,ChIJY2s5YucR2jERjQ3vV5o-cr8,5,1,,1.3838839,103.7364659,26@marina bar & bistro pte ltd,B,0,0,FALSE,
warren golfers' terrace,ChIJcQ47LwYR2jERhxwk_UrTH6s,4.1,76,,1.384205,103.7365509,,Unknown,0.70826,5,FALSE,
subway,ChIJcVbOmekR2jERDRMPV7SVyGU,3.7,334,2,1.3854885,103.7450674,subway harbourfront pte ltd,A,0.178081667,239,FALSE,
dian xiao er (lot one),ChIJcVbOmekR2jERZCsP5ag2WJY,4.5,972,2,1.385574,103.7450626,yechun xiao jiang nan restaurant group pte. ltd.,A,0.89798,5,FALSE,
prosperous kitchen,ChIJcVbOmekR2jERVCZq416vgo0,,,,1.3848305,103.7451493,the butcher's kitchen pte ltd,A,0,,FALSE,
pastamania - italian casual dining @ lot one,ChIJcVbOmekR2jERUJeyGckzr14,4.3,893,2,1.3848142,103.7449936,ycp dining singapore pte. ltd.,A,0.92304,5,FALSE,
old chang kee,ChIJcVbOmekR2jERORj0bGTD1CQ,2.6,35,1,1.3850579,103.7449291,chang cheng food & beverage pte. ltd.,A,0.126987059,85,FALSE,
mcdonald's choa chu kang (ckn5),ChIJQfPiz-8R2jERpWggVlRF20o,3.6,352,1,1.3922588,103.7431268,s connexion pte ltd,A,0.5241,5,FALSE,
snackz it! @ lot one,ChIJcVbOmekR2jERIjlsgXtVofQ,3.1,83,,1.3854967,103.7449744,fun toast @one shenton pte. ltd.,B,0.42466,5,FALSE,
delifrance singapore - choa chu kang ave. 3 express corner,ChIJY02ucNsR2jERfEGZBaa1mew,4.1,21,2,1.378108,103.738001,cold storage singapore (1983) pte ltd,A,0.24226,5,FALSE,
pastamatrix international pte ltd lot one shoppers' mall,ChIJs5CBlukR2jERRE2Fg8zAUM8,,,,1.384848,103.745046,canton paradise pte. ltd.,A,0,,FALSE,
ho kee pau,ChIJs5CBlukR2jERQb2TQVnIMr8,2.4,11,,1.3851169,103.7449142,ho kee pau (singapore) pte. ltd.,A,-0.15168,20,FALSE,
pezzo @ lot one,ChIJs5CBlukR2jERgKk8xZ7Cnp8,2.7,35,,1.385201,103.744986,one chimichanga pte ltd,A,0.45544,5,FALSE,
canadian 2 for 1 pizza,ChIJ8VRDze8R2jEROdukih8M8Aw,4.1,28,,1.3922588,103.7431268,domino's pizza singapore pte. ltd.,A,0.393602857,35,FALSE,
fame by dad's corner,ChIJreDu_TgQ2jERUGkgwxmT0ts,3.3,271,,1.3764369,103.7523055,artemis fine foods a.s. pte ltd,A,0.51202,5,FALSE,
rasa rasa @ teck whye,ChIJlW0um74R2jERJB9IfmT4Qmo,4,1435,2,1.3803814,103.7572992,lim teck hin,B,0.45566,5,FALSE,
kfc (yew tee point),ChIJ2xwx_PMR2jERgLRw_KeEIVc,4.1,1199,2,1.3966929,103.7466795,michael leander tang yew kuen,B,0.54414,5,FALSE,
ya kun kaya toast (lot one),ChIJ116El-kR2jERCstbVmqNlio,3.6,237,1,1.3851429,103.7449432,fun toast pte ltd,A,0.1673,5,FALSE,
mcdonald's choa chu kang cc,ChIJJYncfsAR2jERxJCCK5wOs4o,4,1237,1,1.3812817,103.7521015,lam's (singapore) culinary enterprise pte. ltd.,A,-0.16854,5,FALSE,
instachef at wandervale @ pick up/drop off lobby (restricted access),ChIJN1QXLNIR2jERPrQV4pgrFaA,,,,1.3784507,103.7389524,hats off pte. ltd.,A,0,,FALSE,
jackpodsg,ChIJkbonUlkR2jERMmboFcFMW70,4.9,31,,1.3782479,103.7410349,,Unknown,0.88658,5,FALSE,
symphony,ChIJmShMaFcR2jERMaho1_dsxhg,3.1,21,,1.3781255,103.7391639,symphony w&c pte. ltd.,A,0.67274,5,FALSE,
sunshine prata,ChIJ14buNAAR2jER4eTa9KsVwNU,3.3,31,,1.3779918,103.7391879,365 sunshine food pte. ltd.,A,0.08456,5,FALSE,
subway,ChIJ07-uQ9sR2jERC5t8gZ25jlo,4.1,153,2,1.3778246,103.7393663,subway harbourfront pte ltd,A,0.178081667,239,FALSE,
kopi korner,ChIJ8a3wFwAR2jERoRglBV-LM2g,4.5,32,,1.3777793,103.7393833,kopi king pte. ltd.,A,0.98644,5,FALSE,
opah corner,ChIJty-2bscR2jERWkY6BCsFfh8,3.7,23,,1.3775936,103.7394051,kampong corner pte. ltd.,Unknown,0.4391,5,FALSE,
kfc (sunshine place),ChIJPefJxgkR2jERj5Y-e8gYmt8,4.7,828,,1.3774844,103.7394997,old tea hut (raffles place) pte. ltd.,A,0.3203,5,FALSE,
habib's express,ChIJLUZnbQAR2jERyhENyYPLoL4,5,2,,1.3774524,103.7395066,seafood paradise (s) pte. ltd.,A,0.22582,14,FALSE,
ming kitchen,ChIJF6vTicUR2jERWl2qMg88ozw,1.7,22,,1.3774502,103.7394383,ming kitchen pte. ltd.,B,0.1688,5,FALSE,
kawan bowl,ChIJE8KgXAAR2jER7WhiUZiCYn4,3.4,38,,1.3774368,103.7394091,ninja bowl pte ltd,A,0.24574,5,FALSE,
chang cheng mixed rice,ChIJ-7DPKAAR2jERPzP9AxZjpq8,1.3,12,,1.3774143,103.7394903,chang cheng food & beverage pte. ltd.,A,0.0868,5,FALSE,
wu ming hainanese chicken rice,ChIJJQXwLQAR2jER5w5kwLlK8Iw,3.1,12,,1.3774157,103.7394507,wu guolin,B,0.24684,5,FALSE,
sicktoad pasta - pinnacle core,ChIJ_-pGIykR2jER-frFAHaI5HQ,5,2,,1.3774069,103.7407508,bella pasta pte ltd,A,0.78335,2,FALSE,
paramasivam,ChIJZU6st7AR2jERrFKLVhJybDk,,,,1.3793781,103.7428206,paramasivam muthukumaran,B,0,,FALSE,
le da chicken rice 乐达鸡饭,ChIJiQvWZwAR2jERpAiQSjT-oVw,2.2,13,,1.3833279,103.7405924,lau di fang scissors-cut curry rice pte. ltd.,A,0.464,5,FALSE,
rsak indian muslim food,ChIJTZa2b1oR2jERLNETsstUmt0,2.7,18,,1.3833279,103.7405924,chang cheng food & beverage pte. ltd.,A,0.16998,5,FALSE,
"kimly dim sum 金味点心 (blk 429a, choa chu kang avenue 4)",ChIJD73BgLAR2jERPZEorTPZ1dk,3,6,,1.3833279,103.7405924,kimly food products pte. ltd.,Unknown,0.2807,5,FALSE,
gao sheng seafood,ChIJt_fR_-cR2jER9sAFOdLEyow,1.9,28,,1.3834528,103.7402832,seafood paradise (s) pte. ltd.,A,-0.33416,5,FALSE,
grab & go wonderful,ChIJgU-ffQAR2jERpH5uxKcdvl8,2.2,6,,1.3834619,103.740526,wonderful management pte. ltd.,Unknown,0.05352,5,FALSE,
zhen wei,ChIJt_fR_-cR2jERhxEDUY3EhS0,2,1,,1.38353,103.74046,chen wei,A,0.6908,1,FALSE,
kimly mixed rice 金味飯莊 (choa chu kang ave 4),ChIJJ43DL1QR2jERLZrC2j2WnHI,,,,1.3835223,103.7406383,kimly food products pte. ltd.,Unknown,0,,FALSE,
the wood ear,ChIJn3nAGoMR2jER1_NZgNsvvEM,4.7,14,,1.3762415,103.7386249,the exchange asia square pte ltd,A,0.90932,5,FALSE,
yi le roasted delight (一樂港式烧腊）,ChIJYwpO4W4R2jER3eBsWeErB70,1,1,,1.3774529,103.7442975,le sen pte. ltd.,A,0.2509,1,FALSE,
成功螃蟹之家,ChIJoWPmacQR2jERcN9fBP7hKzg,2.1,22,,1.377542,103.744413,,Unknown,0.11912,5,FALSE,
ar rayyan restaurant,ChIJ5yKGDTwR2jERTCxrw39vaqA,3,181,,1.3774405,103.744394,texas chicken restaurant pte. ltd.,A,0.4302,5,FALSE,
heyya braised duck @ keat hong,ChIJP21YatMR2jER65OA_XyHZzE,3.2,10,,1.3774405,103.744394,leyau yen hong,A,0.4839,5,FALSE,
何记花甲 (he ji hua jia),ChIJ_ydQXwAR2jERx2SauvV0DEk,3,2,,1.3774405,103.744394,jia jia le cuisine f & b pte. ltd.,A,0.2524,2,FALSE,
qiulin hakka yong tau foo claypot,ChIJ_3T2YwAR2jERPJdmFswU4SY,4.3,4,,1.3774405,103.744394,"yeo yong wei, randy",Unknown,0.1694,3,FALSE,
xiang xiang fried carrot cake (香香菜头粿）,ChIJhYfPZwMR2jERyUElZeq2UGw,4.8,4,,1.3774405,103.744394,fu xiang f&b pte. ltd.,A,0.786825,4,FALSE,
awie malay eating house,ChIJ2b9dTMQR2jERs6xC1iAzSrk,,,,1.3774405,103.744394,yu kee duck and noodle house pte. ltd.,A,0,,FALSE,
百味小厨,ChIJP9SosTMR2jERS4Px3unZ0hI,4.2,11,,1.3774405,103.7443941,,Unknown,0.36342,5,FALSE,
hong kiat seafood restaurant (豐吉海鲜馆),ChIJPVz4U8QR2jERaJTXZH9ZYnU,3.8,415,2,1.376655,103.743854,leyau yen hong,A,0.59658,5,FALSE,
chee cheong fun 广州肠粉,ChIJz9OGPCcR2jERsSyVlzkfP8U,4.6,89,,1.3766679,103.7438871,guan chee hong kong roasted duck pte. ltd.,A,0.90736,5,FALSE,
kfc,ChIJF9AEVJgR2jERmONXCqxy1Lw,3.9,265,2,1.3854009,103.7662878,,Unknown,0.207115238,105,FALSE,
mcdonald's fajar,ChIJVQrPXZ8R2jER8jdzVf1G_Gg,3.9,1425,1,1.3838178,103.7704254,seafood paradise (s) pte. ltd.,A,-0.14752,5,FALSE,
old chang kee,ChIJUXhrN6MR2jERA41fDzAHhJI,3.3,26,1,1.38021,103.7640165,chang cheng food & beverage pte. ltd.,A,0.126987059,85,FALSE,
saizeriya,ChIJUcJbp7wR2jERjkFffFjo2bk,4,1411,1,1.3785816,103.7624543,singapore saizeriya pte. ltd.,A,0.5029675,40,FALSE,
mcdonald's hillion mall,ChIJLwXNTHMR2jERuaiB6wNMna4,3.9,1923,1,1.3782434,103.7626054,lam's (singapore) culinary enterprise pte. ltd.,A,-0.60452,5,FALSE,
han's cafe (hillion mall),ChIJrVNIVrsR2jERxZNJWrM_Jk4,3.6,359,2,1.3783544,103.7629791,lam's (singapore) culinary enterprise pte. ltd.,A,-0.17466,5,FALSE,
ya kun kaya toast (hillion mall),ChIJxT2rULsR2jERvR3lR3rhPfE,3.8,486,1,1.3784298,103.763132,ya kun cafe pte. ltd.,A,0.48566,5,FALSE,
maki-san (hillion mall),ChIJbXbhW7sR2jERgYb9OBfATQs,4.1,436,2,1.3783585,103.7633465,san teck soon medical hall pte. ltd.,Unknown,0.2114,5,FALSE,
long john silver's,ChIJmz5GU7sR2jERZ0WphfShC8k,3.4,362,,1.3782562,103.7633571,seafood paradise (s) pte. ltd.,A,0.26932,35,FALSE,
torigo! @hillion mall,ChIJF6yWVbsR2jER1voOPyOvDQM,4.2,274,2,1.378382,103.7634328,li li,A,0.90104,5,FALSE,
ayam penyet president - hillion bukit panjang,ChIJSbQPULsR2jER0kT-bktKgx4,4.8,2894,2,1.3784644,103.7636339,penyet king pte. ltd.,A,0.63162,5,FALSE,
shan cheng (ipoh delicacies) ● 山城 - bukit panjang plaza,ChIJ1XfWM6MR2jERuXyhEH8fmyk,4,428,,1.3805645,103.7639979,chang cheng food & beverage pte. ltd.,A,0.89786,5,FALSE,
tonkotsu kazan,ChIJX_vpNqMR2jERHINbWeozv3Q,4.6,1054,,1.3803328,103.7641427,,Unknown,0.92466,5,FALSE,
encik tan,ChIJf2uHLqMR2jERXCAS_vbGiZM,2.5,2,,1.3799791,103.7642087,tan coon tio tony,A,0.231462162,36,FALSE,
subway,ChIJAQAASKMR2jER6OosEUeHON0,4,231,2,1.3800396,103.7642339,subway harbourfront pte ltd,A,0.178081667,239,FALSE,
pizza hut,ChIJ1c8EWZgR2jER80fIq62utSI,4.8,931,2,1.3852062,103.7659871,pizza hut singapore pte ltd,A,0.586732,125,FALSE,
subway,ChIJqw5oVpgR2jER-C053SRF5wk,3.6,117,2,1.3850872,103.7666114,subway harbourfront pte ltd,A,0.178081667,239,FALSE,
fragrance foodstuff pte ltd - fajar road,ChIJt4eqXJ8R2jER97vSba4dxeQ,3,2,,1.383802,103.770558,fragrance foodstuff pte ltd,Unknown,0,0,FALSE,
chang cheng mix vege rice,ChIJ2-fuRZ8R2jERC2haVl5iOFA,3.3,3,1,1.3836256,103.7708724,lau di fang scissors-cut curry rice pte. ltd.,A,-0.067066667,2,FALSE,
kim san leng food centre bukit panjang,ChIJByKUI6cR2jER4lOR_DjfH1g,3.8,1691,1,1.3770278,103.773481,taster food pte. ltd.,A,0.04546,5,FALSE,
club july (stagmont ring),ChIJ____L40R2jERhlVoh5JT8is,3.8,423,2,1.3945269,103.7535229,republic plaza city club (singapore) pte ltd,A,0.71108,5,FALSE,
swensen's @ bukit panjang plaza,ChIJUXhrN6MR2jERLcCm2a8ez8U,3.8,524,2,1.3798088,103.7642368,s connexion pte ltd,A,0.84298,5,FALSE,
domino's pizza greenridge,ChIJh5KnVpgR2jERoL3d1H9Jt6U,3.6,1300,2,1.3853677,103.7663001,lam's (singapore) culinary enterprise pte. ltd.,A,0.09432,5,FALSE,
mcdonald's bukit panjang plaza,ChIJe3kTN6MR2jERrtmMOI4E1m8,3.9,1332,1,1.3794957,103.7644471,s connexion pte ltd,A,0.228,5,FALSE,
texas chicken - junction 10,ChIJgVhs4tQR2jERUPKEQ5E7cU4,4.8,973,,1.3801217,103.7603527,liao fan hk soya sauce chicken rice & noodle (chinatown) pte. ltd.,A,0.793,5,FALSE,
encik tan,ChIJS0AstsoR2jERAk4sjQddFxg,3,119,1,1.3801217,103.7603527,tan coon tio tony,A,0.231462162,36,FALSE,
a hot hideout @ bukit panjang (junction 10),ChIJ1yl3DkYR2jER0EUpkr2Eo28,4.8,2475,,1.3803952,103.759958,each-a-cup pte. ltd.,A,0.57356,5,FALSE,
otter pizza @ junction 10,ChIJLeKepXkR2jER8MEu0XXdQL0,4.3,7,,1.3803927,103.7602067,glassy junction pub & restaurant pte. ltd.,Unknown,0.788,5,FALSE,
江湖冒菜 authentic sichuan restaurant,ChIJdYGnrXER2jERollqCeoqbeY,2.9,18,,1.3801474,103.7604497,authentic hock lam street popular beef kuay teow pte ltd,A,0.85382,5,FALSE,
asam pedas claypot,ChIJM5hFULwR2jERxvsAgWBatSA,,,,1.3804591,103.760176,geylang claypot private limited,Unknown,0,,FALSE,
fun toast,ChIJTXT5XbwR2jERQ_LoVtDI5XI,3.3,150,,1.3800671,103.7604874,fun toast @ telok ayer pte. ltd.,A,0.51208,10,FALSE,
友间厨坊 a kitchen,ChIJvd2zPLwR2jERyWXqGAnOLO8,3.8,274,,1.3801973,103.7604838,artemis fine foods a.s. pte ltd,A,0.7091,5,FALSE,
siam square mookata,ChIJnfuPazcR2jERAdoccYx5j6Y,3.4,79,2,1.3804871,103.7602587,the exchange asia square pte ltd,A,0.289426667,15,FALSE,
shi li fang hot pot @ junction 10,ChIJ__WpeJUR2jER2-TP0DrHitI,4.8,1547,2,1.3803368,103.7604329,fang jiancheng,A,0.84812,5,FALSE,
captain kim korean bbq & hotpot buffet,ChIJs1MGe_cR2jER1Sv0Au-wtmQ,4.7,2770,,1.379842,103.7605691,jinmi korean food pte ltd,B,0.85246,5,FALSE,
jiang hu mao cai 江湖冒菜,ChIJMeJ_FwAR2jERlOOiftvSd54,3.6,5,,1.3805117,103.7603371,yechun xiao jiang nan restaurant group pte. ltd.,A,0.13166,4,FALSE,
springleaf prata place - junction 10,ChIJ-Xg7plcR2jERCsQIo1dg0Qk,4.5,1424,2,1.3796104,103.7605979,prime prata pte. ltd.,C,0.9112,5,FALSE,
l&m seafood,ChIJm2-pfgAR2jERKTQeYiF_KxA,5,2,,1.3787703,103.7735715,seafood paradise (s) pte. ltd.,A,0.2369,1,FALSE,
fusion western (bukit panjang),ChIJq6pazaAR2jERQhgTJgqMOZA,3.4,122,,1.3787671,103.7735091,a x fusion pte. ltd.,A,-0.3501,5,FALSE,
wan aneka selera,ChIJdffZyqAR2jERxG6VHtUpQi4,4.6,11,,1.3787664,103.7734967,wan nian food catering services pte. ltd.,A,0.80708,5,FALSE,
117 fried kway teow • hokkien noodle,ChIJQ_yl0rcR2jERL5GXs_aRKJY,4.2,6,,1.3787366,103.7734762,authentic hock lam street popular beef kuay teow pte ltd,A,0.5981,5,FALSE,
al-madina,ChIJJ-IEzKAR2jERGvoC7aURCA8,3,65,,1.3787819,103.7734145,al-madinah restaurant pte. ltd.,B,0.28814,5,FALSE,
shun fa roasted chicken and duck rice,ChIJveB9VwAR2jERmEHhdKaEUpI,4.4,5,,1.3787249,103.7732419,shun da food pte. ltd.,Unknown,0.61116,5,FALSE,
jia jia vegetarian,ChIJwfrrdwAR2jER6Pqs6wkFLmo,3.3,7,,1.3787767,103.7732216,jia jia vegetarian pte. ltd.,B,0.42356,10,FALSE,
mummy noodle house - bangkit,ChIJuV2dfq0R2jERLLVMFGRuMtY,4.5,4,,1.3787767,103.7732216,spicy house restaurant management (s) pte ltd,A,0.46795,4,FALSE,
eng huat seng,ChIJq6pazaAR2jERKFO8bW1jZyY,4.1,18,,1.3785541,103.7731358,sen hua seng,Unknown,0.38608,5,FALSE,
lao san prawn noodles,ChIJYZK24gwR2jERt04Kils-TQg,1.9,67,,1.3770034,103.7734615,wah kee big prawn noodle pte. ltd.,A,-0.19088,5,FALSE,
habib's express,ChIJcVbrdAAR2jERhCew74gbCsw,2.8,11,,1.3770024,103.7733699,seafood paradise (s) pte. ltd.,A,0.22582,14,FALSE,
char-grill bar @ 259 bukit panjang,ChIJT70oIqcR2jERUDAliQR3xes,3,121,,1.3771497,103.7732524,j c tapas bar pte. ltd.,A,0.61816,5,FALSE,
ah hwa noodle house (259 bp),ChIJPeo71sUR2jER2VR6frgfGCo,3.3,34,,1.3770034,103.7732885,spicy house restaurant management (s) pte ltd,A,0.6268,5,FALSE,
jia yi premium,ChIJ4yVh0S4R2jERQRpQTRMufZo,4.4,5,,1.377062,103.7732566,jia jia le cuisine f & b pte. ltd.,A,0.24796,4,FALSE,
king of fried rice - bukit panjang,ChIJn7uB2PMR2jERVl8yf7i4FQg,4,123,,1.376941,103.7732989,kopi king pte. ltd.,A,0.52076,5,FALSE,
ah lai rojak,ChIJl4YQEUUR2jERBjqJPIm0710,4.4,15,1,1.3769575,103.7732613,ng ah sio investments pte. ltd.,A,0.72528,5,FALSE,
koo kee yong tow foo mee,ChIJZ-hRPgAR2jERGdzrdHts-7I,3.1,7,,1.3769055,103.7732824,yu kee duck and noodle house pte. ltd.,A,-0.08274375,16,FALSE,
tai seng fish soup,ChIJ5Ulg9CAR2jERVOUs7rsPb_Y,4.5,56,,1.3773085,103.7730453,soup restaurant singapore pte. ltd.,A,0.17406,10,TRUE,Bib Gourmand
xiang ji roast (duck prince),ChIJM5hNHbkR2jER9MZdCYS2Acg,1.8,8,,1.3773085,103.7730453,guan chee hong kong roasted duck pte. ltd.,A,-0.03326,5,FALSE,
dou yong tau foo,ChIJJaePuRsR2jERhFed881U_WY,3.8,50,,1.3773085,103.7730453,dou hua restaurants pte ltd,A,0.63718,5,FALSE,
yishun 925 chicken rice,ChIJ4YvzTXUR2jERkf-IAtZAAwQ,2.1,52,,1.3773085,103.7730453,lau di fang scissors-cut curry rice pte. ltd.,A,0.2204,5,FALSE,
龙飞麻辣香锅 dragon-fly mala hotpot - bukit panjang,ChIJT5MLemAR2jERNA55zRhwPNU,2.8,64,,1.3773085,103.7730453,nsb hotpot pte. ltd.,Unknown,0.09664,5,FALSE,
fulee seafood 富俐海鮮,ChIJh_D_VzkR2jERGnz8RyxN62k,2.7,22,2,1.3773085,103.7730453,seafood paradise (s) pte. ltd.,A,0.57562,10,FALSE,
uncle mee hoon kueh (面粉粿）,ChIJ9aFCS8gR2jERLrBa9wKXmRk,3.8,77,,1.3772852,103.7730518,tan siew hoon,B,0.64992,5,FALSE,
lian soon huat seafood (bukit panjang),ChIJ1598OHER2jERqVBpLxyCb_A,3.5,51,,1.3772852,103.7730518,qiu lian ban mee pte ltd,B,0.7905,5,FALSE,
jian bo shui kueh,ChIJByKUI6cR2jERXT60EZeSJpE,2.9,11,,1.3772852,103.7730518,feng bo zhuang f & b pte ltd,B,0.021293333,15,TRUE,Selected Restaurants
正味卤鸭,ChIJyQ6gez8R2jERwXDtXveMKG8,4,3,,1.377558,103.7728265,,Unknown,0.177,2,FALSE,
traditional handmade mee hoon kueh ban mian u-mian,ChIJE6iKWAAR2jERNPomOjaOsgE,2.2,11,,1.3772125,103.7728214,qiu lian ban mee pte ltd,B,0.39806,5,FALSE,
chye lye ah ma mee sua 再來阿嬤麵線 (bukit panjang),ChIJkxGcsgER2jERIjns5Njp4cA,3.8,44,,1.3779955,103.7723913,ma la guo wang pte. ltd.,B,0.78104,5,FALSE,
yew kee duck rice 友記家傳鴨飯,ChIJi11MJ6cR2jERSfb1lyuUwLo,2.7,3,,1.3779955,103.7723913,yu kee duck and noodle house pte. ltd.,A,-0.2419,2,FALSE,
hai nan hometown curry,ChIJDZQ07mIR2jERgru_mR7xpkw,4.1,32,,1.3776095,103.7725003,lau di fang scissors-cut curry rice pte. ltd.,A,0.51622,5,FALSE,
ntp western & grill,ChIJ7yFKFMgR2jERdKeiUVLXNaA,3.1,8,,1.3775186,103.7725022,jerry's barbeque & grill (s) pte ltd,A,-0.26076,5,FALSE,
ayu & nasi padang,ChIJx5Ji36YR2jER4RtguGxl1HQ,2.4,5,,1.3774921,103.7724999,kampong ria nasi padang pte ltd,B,-0.13284,4,FALSE,
greentea rice,ChIJH3qPNgAR2jERFQtGLCPdSjY,5,3,,1.3774574,103.7724947,greentea rice shopp pte. ltd.,B,0.5902,2,FALSE,
ming xin gourmet,ChIJ2aTGDAAR2jER-0nSWuwWS3s,,,,1.3774574,103.7724947,golden plate gourmet pte. ltd.,A,0,,FALSE,
spicy pot,ChIJj052TwAR2jERME5KDrknoXc,4,6,,1.3774574,103.7724947,spicy house restaurant management (s) pte ltd,A,0.36056,10,FALSE,
tian tian nasi lemak,ChIJ9XrDQgAR2jERVxjaBiAWIEE,4.3,6,,1.3774574,103.7724947,tian tian nasi lemak pte. ltd.,Unknown,0.56708,5,FALSE,
casuarina curry (thomson),ChIJ8zToos4W2jERxon2YtEMhAM,3.8,4071,1,1.377113,103.828058,rina,A,0.64422,5,FALSE,
hwa seafood,ChIJRXG86rUW2jER9_HLCFXPO_4,4.2,620,2,1.3837142,103.8257655,seafood paradise (s) pte. ltd.,A,0.92516,5,FALSE,
la pizzaiola @ kalidasa,ChIJDbCht8kW2jER5frVa0OVx78,4.5,882,2,1.381556,103.8296747,la storia di cheryl pte ltd (gelatissimo),A,0.9396,5,FALSE,
ban leong wah hoe,ChIJV3Zrms4W2jERxDWMl3PsFHQ,3.9,1552,2,1.3766122,103.8280645,wah kee big prawn noodle pte. ltd.,A,0.51192,5,FALSE,
明星鱼粥 ~ ming xing fish porridge since 1974,ChIJB36YBSIX2jERUaPAd1IwDeU,3.3,8,,1.3768573,103.8370688,arcade fish soup pte. ltd.,A,0.65406,5,FALSE,
han's union (springleaf garden),ChIJk543fVQR2jERhvEB7OHFXeY,3.9,1040,2,1.3975981,103.8186528,s connexion pte ltd,A,0.92664,5,FALSE,
tamako meal,ChIJiWfImc4W2jEReWB9DY-7s9c,4.3,637,2,1.376878,103.8280132,tamako meal pte ltd,B,0.6515,5,FALSE,
sung kitchen hotplate yong tau foo,ChIJeYhB67UW2jEROp0mUnUwivE,,,,1.3837895,103.8260703,java kitchen pte. ltd.,Unknown,0,,FALSE,
very good road,ChIJt-ETRwAX2jERjiBfvSu1-a4,,,,1.3840046,103.8260536,so good bakery pte. ltd.,Unknown,0,,FALSE,
sneha bistro,ChIJm3bcjl4X2jERY1WVgGiVl1s,,,,1.3840046,103.8260536,26@marina bar & bistro pte ltd,B,0,,FALSE,
hoe kee hainanese chicken rice,ChIJj0DBXAAX2jERCJq4B2sRmL8,5,1,,1.3840859,103.8260488,wa kee pte. ltd.,Unknown,0.7959,1,FALSE,
instachef at tagore 8,ChIJqzsWtNsX2jERqiQBbBpgBNs,,,,1.3844278,103.8271453,8 bar pte. ltd.,A,0,,FALSE,
casuarina bistro - best mexican restaurant,ChIJef0GcZUX2jERAArkEu6jCiU,4.6,656,,1.3770208,103.8280156,mexican food corp pte. ltd.,A,0.86864,5,FALSE,
beth,ChIJvdkjd94X2jERWbdKWWv2B5s,4.2,268,,1.3770128,103.8280332,edith elizabeth & paul pte. ltd.,A,0.96988,5,FALSE,
munthirikallu-exotic taste of kerala,ChIJ_YRdRSwX2jERdFtH2uksnQo,4.3,13,,1.3769843,103.8280233,good old taste pte ltd,B,0.6482,5,FALSE,
samy's kitchen,ChIJCwBRbwAX2jER_meJwHC8Itk,3.2,6,,1.3832729,103.8281929,seafood paradise (s) pte. ltd.,A,0.42016,4,FALSE,
entrepreneur centre,ChIJTwZgBbYW2jERD_WbL-YGo2E,4.2,72,,1.3836886,103.8282377,china square food centre pte ltd,Unknown,0.4622,5,FALSE,
thirsty horse bar & bistro,ChIJzfEVRbUX2jERfJ7RLspz2cs,4.7,204,,1.3837659,103.8282441,frost bar pte ltd,B,0.67608,5,FALSE,
vegetarian world food pte. ltd.,ChIJizsjXaYX2jERyjlUfshLnB8,4.1,75,,1.3864957,103.8266894,sls vegetarian food pte. ltd.,B,0.94702,5,FALSE,
lifestyle integral pte ltd,ChIJGSHp7LYW2jER_bnq3Hnu5S0,,,,1.3860028,103.8289803,breadtalk pte ltd,A,0,,FALSE,
mbk thai express,ChIJs2cWuKUX2jER8l2zvwCKrBs,3.9,96,,1.3878049,103.8274773,mama thai kitchen pte. ltd.,A,0.74304,5,FALSE,
al rsak restaurant,ChIJU4bGTgAX2jERrTJSm7eWqEo,3.8,5,,1.3878049,103.8274776,texas chicken restaurant pte. ltd.,A,0.76056,4,FALSE,
海鲜烧烤 大排档,ChIJYSR5JOsX2jERjJPiU3uCkKM,4.7,26,,1.3858264,103.8292566,,Unknown,0.79064,5,FALSE,
imperial copper hotpot & bbq,ChIJV49qPgAX2jERJ1d0fo-248I,5,2,,1.3858264,103.8292566,imperial treasure cantonese cuisine pte. ltd.,A,0.4813,1,FALSE,
prata boy,ChIJCyamDnEX2jERcyUbtgtD47k,5,7,,1.372311,103.828766,fat saigon boy express pte ltd,A,0.82444,5,FALSE,
yong kee crispy curry puff,ChIJHeJbwNEW2jERoRTr7URH-q0,4.2,25,,1.3725328,103.8289711,lau di fang scissors-cut curry rice pte. ltd.,A,0.46372,5,FALSE,
bing ji hainanese chicken rice,ChIJ6ysMJAAX2jERZqOLoMbWE1Q,2.9,7,,1.3725814,103.8290305,liao fan hk soya sauce chicken rice & noodle (chinatown) pte. ltd.,A,0.33224,5,FALSE,
明记鲍贝虾面,ChIJQVSjwdEW2jER46vFli3maiM,3.8,12,,1.3725275,103.8290085,,Unknown,0.28458,5,FALSE,
sembawang hills chwee kueh (#01-36),ChIJy0QfkQEX2jER-s6dxydOHSE,3.8,5,,1.3724046,103.8289183,01 bb pte. ltd.,B,-0.12868,4,FALSE,
keng lee yin pin,ChIJAQAAUNEW2jER1aIMNG81c9E,5,3,,1.3725597,103.8290565,hiap lee food holdings pte. ltd.,A,0.736166667,3,FALSE,
centre satay beehoon,ChIJAQAAUNEW2jERDVR2Zoe7O8U,3,2,,1.3724597,103.8289872,syifa' satay limited liability partnership,Unknown,0.229171429,5,FALSE,
khoon's katong laksa & seafood soup,ChIJHeJbwNEW2jERFSHGJOJcgMM,3.9,48,,1.3724791,103.8290261,the soup spoon pte ltd,A,0.65846,5,FALSE,
seng huat duck rice,ChIJHeJbwNEW2jER2A1LuMIAh3M,4.2,60,,1.372406,103.8289728,yu kee duck and noodle house pte. ltd.,A,0.7272,5,FALSE,
san ba wang guo zhi shu shi,ChIJj-RMRdEW2jERmjcLiec9KQ8,4.2,19,,1.3724077,103.8289822,wang cher chiang,A,0.64408,5,FALSE,
briyani tok ayah,ChIJL_0LcwAX2jERd83Zge_MTCQ,4.5,12,,1.3724099,103.8289874,aayisha briyani house pte ltd,B,0.84432,5,FALSE,
sen seng juices corner,ChIJHeJbwNEW2jER5hef5r9Uncg,4.7,3,,1.3724099,103.8289874,lim chong seng,B,0.342933333,3,FALSE,
#01-11 economic bee hoon 經濟米粉.椰漿飯.囉惹,ChIJsRYJwNEW2jERcCrU_fmKp8s,4.2,9,,1.3723383,103.8289323,lim bee kian annie,A,0.66024,5,FALSE,
jia jia xing pigs organ soup,ChIJHeJbwNEW2jER0YJqPOQMnl4,4.4,51,,1.3724165,103.8290073,soup fair pte. ltd.,A,0.92804,5,FALSE,
sin sin ngo hiang prawn cracker,ChIJAQAAUNEW2jER13B-WEpJu6Y,4.2,25,,1.372392,103.8289949,wong sin yin,A,0.54394,5,FALSE,
#01-24 什菜飯,ChIJ97T-wNEW2jER_k0foVuJgH4,3.1,7,,1.3724537,103.8290586,01 bb pte. ltd.,B,-0.23874,5,FALSE,
five star • teo chew kway chap,ChIJX0HmVgAX2jERW76OCBCvrI0,4.7,12,,1.372339,103.8289874,star party pte. ltd.,A,0.88068,5,FALSE,
shen yuan 昇原,ChIJ44v1KVkX2jERnUDyOuJhS9Y,4.3,14,,1.372339,103.8289874,yuan quan f&b pte ltd,B,0.4963,5,FALSE,
delisnacks (#01-29),ChIJ-RbvIwAX2jERHckHbFigpdQ,,,,1.3723618,103.8290076,club 29 japanese lounge pte. ltd.,Unknown,0,,FALSE,
回味 鱼圆粿条汤,ChIJB-WFQQAX2jERG-QhYeV5flw,4.6,10,,1.3723618,103.8290076,,Unknown,0.4523,5,FALSE,
satay,ChIJD1qcb0QX2jERK-DQnNtFXT8,4.3,9,,1.3723618,103.8290076,satay by the bay pte. ltd.,Unknown,0.6599,5,FALSE,
cantonese roasted,ChIJqcLk6nEX2jER4_hyw8pOMWE,3.9,16,,1.3723618,103.8290076,imperial treasure cantonese cuisine pte. ltd.,A,0.10582,5,FALSE,
yummy noodle house,ChIJty_WBKcX2jERL8tWMJaluRI,4.3,24,,1.3723618,103.8290076,yu kee duck and noodle house pte. ltd.,A,0.6542,5,FALSE,
39 coffee stall,ChIJD_QWc_gX2jERl6mVTyiOxa8,4.6,16,,1.3723618,103.8290076,starbucks coffee singapore pte. ltd.,A,0.78264,5,FALSE,
fried carrot cake,ChIJHeJbwNEW2jERUAavfbO8QAI,3.6,21,,1.3723618,103.8290076,han's cafe & cake house pte. ltd.,A,0.71376,5,FALSE,
jing ji fishball noodles,ChIJHeJbwNEW2jEROnl0gk4_u6M,4.2,82,,1.372362,103.829008,chuan yang ji mutton soup steamboat pte. ltd.,B,0.85276,5,FALSE,
pawon vegetarian,ChIJCejOQQAX2jERcuOmaJ34wYo,4.5,18,,1.3722883,103.8290075,nature vegetarian (suntec) pte. ltd.,A,0.75222,5,FALSE,
changi village fried hokkien mee,ChIJP9qVv9EW2jER0RrKHFBUf0Y,3.8,51,1,1.3722586,103.8289832,ling chui mee,B,0.46534,5,FALSE,
shui kway (#01-16),ChIJHeJbwNEW2jERUD98-_Q4GZg,3.8,9,,1.372207,103.8289799,original hock lam street beef kway teow pte. ltd.,A,0.50568,5,FALSE,
你的最愛米粉 the bee hoon like,ChIJd7B5v9EW2jERq7P-788kK6c,4,2,,1.3722947,103.8290577,the coffee bean & tea leaf (singapore) pte ltd,A,0.4675,2,FALSE,
ho bee roasted food (#01-84),ChIJuaxwKscW2jERGYyq6wvkx8U,3.9,161,1,1.3811402,103.8408624,lim bee kian annie,A,0.8061,5,FALSE,
kow loon hong kong dim sum,ChIJiRdftsMW2jERhkQJwzQdFv4,3.4,444,1,1.3767872,103.8408966,guan chee hong kong roasted duck pte. ltd.,A,0.82668,5,FALSE,
hupkee fishball,ChIJLyPWYcMW2jER_TT9hsHYaMQ,4.5,449,,1.3748338,103.8389724,lai heng (changi) fishball noodle pte ltd,B,0.9269,5,FALSE,
orange point coffee shop,ChIJj2F29pUW2jERyb8zB7kf81c,3.4,425,,1.385913,103.8454839,mellower coffee (singapore) pte. ltd.,A,0.2948,5,FALSE,
jack's place ang mo kio,ChIJHQDtIegW2jERd_nSiPl5U-g,3.9,1495,2,1.3737652,103.8456175,lam's (singapore) culinary enterprise pte. ltd.,A,0.9283,5,FALSE,
jp pepperdine,ChIJAyeu4-cW2jER8Ttl0r9s2qc,4.1,7,,1.3737181,103.8456281,jp pepperdine group pte. ltd.,A,-0.00612,4,FALSE,
l'rez,ChIJX_JPS-sW2jERooB7r0kZSfI,4.6,134,1,1.3825909,103.849446,spore mandarin int'l hotels pte lt,A,0.9036,5,FALSE,
first culinary restaurant,ChIJr2vXDu4W2jERC8RbWLTvCYM,4,784,3,1.3765878,103.8563501,lina,B,0.62916,5,FALSE,
mcdonald's ang mo kio park,ChIJb-ErmBYX2jEReAv41kzY_7g,4.3,2482,1,1.3724397,103.8447661,lam's (singapore) culinary enterprise pte. ltd.,A,0.64268,5,FALSE,
swensen's @ amk hub,ChIJb-ErmBYX2jER5GLUsahpxQA,4.5,3044,2,1.3690691,103.8480635,seafood paradise (s) pte. ltd.,A,0.56316,5,FALSE,
teng sheng korean bbq buffet - ang mo kio,ChIJDYti_fEW2jERdUI_3D4Ind4,4.1,523,,1.378809,103.8570683,aiman seafood bbq pte. ltd.,B,0.77598,5,FALSE,
pepper lunch - amk hub,ChIJ678bxeYW2jERu3w-sC6662Y,4,962,2,1.369102,103.8477705,pepper and salt restaurant and catering pte. ltd.,B,0.70838,5,FALSE,
gim tim restaurant,ChIJyWk5cMMW2jER2GWLiSidNXs,3.9,645,3,1.3751464,103.8399402,texas chicken restaurant pte. ltd.,A,0.91318,5,FALSE,
mcdonald's,ChIJg0d_JecW2jERJ1IpHumLvrc,4,2264,1,1.3693982,103.8473282,seafood paradise (s) pte. ltd.,A,0.29621625,80,FALSE,
ang mo kio 628 market,ChIJ2ajBHcEW2jER33CSFDvne98,4.1,3452,1,1.3808177,103.8402716,ang hwei chuen,B,0.56756,5,FALSE,
mcdonald's ang mo kio ave 4,ChIJAWSO_t4W2jERyzRdlaawPYQ,3.9,1049,1,1.3736253,103.8375503,lam's (singapore) culinary enterprise pte. ltd.,A,0.07092,5,FALSE,
shanghai renjia 上海人家,ChIJzU_iucMW2jER-6iSXttcQUM,3.8,706,2,1.3767483,103.8414662,shanghai lion international pte. ltd.,A,0.3491,5,FALSE,
face ban mian,ChIJDREEUTgX2jERbPaGg5rAuy4,4.2,78,,1.379601,103.840109,face of the orient pte ltd,B,0.50714,5,FALSE,
yishun 925 hainanese chicken rice,ChIJu64SrOUX2jER-atqsqubZbE,3.2,26,,1.3795993,103.8401516,yishun 925 hainanese chicken rice pte. ltd.,Unknown,0.61782,5,FALSE,
khh engineering enterprise pte ltd,ChIJsZU3XWAU2jERGjYA7JCs20s,4.3,3,,1.3778114,103.8692552,royal t group pte. ltd.,A,0,0,FALSE,
toast box (greenwich v),ChIJmfXI-WEW2jERw0cf8a0ABak,4,195,1,1.3875841,103.869409,ya kun kaya toast coffeestall since 1944 pte. ltd.,B,0.65118,5,FALSE,
rongji seafood,ChIJudRkb1wW2jERbRCmd8LIFy4,3.9,633,2,1.3785214,103.8759279,seafood paradise (s) pte. ltd.,A,0.72996,5,FALSE,
pizza hut,ChIJkaIuTuUW2jERvlfXraD8DZk,4.5,344,2,1.3724938,103.8556486,pizza hut singapore pte ltd,A,0.586732,125,FALSE,
cedele - greenwich v,ChIJUznDH2IW2jERwPGR2UQb0IY,3.6,383,2,1.387476,103.8690187,crystal jade jiang nan (v.c.) pte. ltd.,A,0.9247,5,FALSE,
cheng san market & cooked food centre,ChIJc0Fxb-UW2jERUtUJQipPfns,4.1,2633,1,1.3728057,103.8544582,taster food pte. ltd.,A,0.70596,5,FALSE,
tea wiches,ChIJIbnDlC0X2jERx58LghXvLtE,4.8,4,,1.3778796,103.8562274,the coffee bean & tea leaf (singapore) pte ltd,A,0.5394,4,FALSE,
makan star,ChIJH172UbQT2jERVcvS76HlAmU,5,288,,1.3766088,103.8571119,makan by the bay pte ltd,B,0.78616,5,FALSE,
caféiace,ChIJ4ch-MwAX2jERc6Lic9MHOfo,,,,1.3766055,103.8570028,,Unknown,0,,FALSE,
vintage tree ayam penyet,ChIJP7nZZwAX2jER_jDXku4aZb0,,,,1.376648,103.856951,bottle tree seafood restaurant pte. ltd.,B,0,,FALSE,
aryan's meat & grill,ChIJ-yTENgAX2jERVQuvRj3NjFM,1,1,,1.3766254,103.856963,artemis fine foods a.s. pte ltd,A,0.6786,1,FALSE,
mama pasta,ChIJ3w4HfgAX2jERulGu6KvNjcI,,,,1.3765551,103.8570132,mama thai kitchen pte. ltd.,A,0,,FALSE,
the food hive,ChIJHW08AAAX2jERxyUDiSMZuBw,,,,1.376619,103.8569236,the exchange asia square pte ltd,A,0,,FALSE,
yutaka pepper rice,ChIJQYtoSgAX2jERcPZkYtva8ak,,,,1.3766075,103.8568738,lau di fang scissors-cut curry rice pte. ltd.,A,0,,FALSE,
express western,ChIJZ8yfeAAX2jERSpbINKmk63w,,,,1.3766706,103.8567672,sushi express group pte. ltd.,A,0,,FALSE,
chicken haven,ChIJT16CpS4X2jERZpFltymHtO8,5,4,,1.3765788,103.8568613,texas chicken restaurant pte. ltd.,A,0.392775,3,FALSE,
chef's hats,ChIJx0dyGUEW2jER1rjfjccO87Q,4.4,428,2,1.3796922,103.8881547,seafood paradise (s) pte. ltd.,A,0.73962,5,FALSE,
uncle tonys group llp,ChIJWTQWAkEW2jERWNguCPgvY04,,,,1.3792668,103.8878925,uncle tony's group llp,B,0,,FALSE,
pizza hut,ChIJi1aPHEEW2jERY9G0k_yGL2E,4.7,632,2,1.3796443,103.888146,pizza hut singapore pte ltd,A,0.586732,125,FALSE,
kimly zi char 金味海鲜 (blk 308 anchorvale),ChIJXcNvNWwW2jERHTE_qRJyGi4,3.4,306,1,1.3892568,103.8865675,ash & char pte. ltd.,A,0.07196,5,FALSE,
mcdonald's (the seletar mall),ChIJLfv9CMYX2jERHTOuY1WB1ZY,3.8,1174,1,1.3910661,103.8760583,gardens by the bay,A,0.36586,5,FALSE,
din tai fung (the seletar mall),ChIJ5VWZ0GQW2jERHK4mA3cCDgs,4.1,497,2,1.3910735,103.8759997,gardens by the bay,A,0.73194,5,FALSE,
let's eat! (the seletar mall),ChIJ4zA5zmQW2jERSvCJPPx0IdQ,2.7,213,,1.3912449,103.8761588,gardens by the bay,A,-0.26714,5,FALSE,
song fa bak kut teh (the seletar mall),ChIJo13c22QW2jERPxLsVOlaKGU,4.4,1158,2,1.3912449,103.8761588,the flying bread pte ltd,B,0.95512,5,FALSE,
saizeriya (the seletar mall),ChIJZSsB22QW2jER6QX3Pir53FU,3.9,640,1,1.3912449,103.8761588,gardens by the bay,A,0.44284,5,FALSE,
sushi express (the seletar mall),ChIJz2gvJGUW2jER6PveeSDC9_Q,4,1513,1,1.3913591,103.8761221,gardens by the bay,A,0.19782,5,FALSE,
ya kun kaya toast (the seletar mall),ChIJ7fEv2mQW2jERNDPAuA6PpFg,3.8,316,1,1.3914991,103.8761142,the soup spoon pte ltd,A,0.1787,5,FALSE,
thasevi food,ChIJCzL6GnwW2jERtpXp_2IKVbI,3.4,1548,2,1.396217,103.8729069,thasevi food famous jalan kayu prata restaurant llp,B,0.34326,5,FALSE,
ming kitchen seafood restaurant - fernvale road,ChIJpz0HMHsW2jERX4epSIswWUA,3.5,4,,1.3923442,103.876252,seafood paradise (s) pte. ltd.,A,0.19575,1,FALSE,
kfc (buangkok),ChIJndYm1z8W2jERnlmidlUnIjA,3.6,305,2,1.3822593,103.8933334,nl (buangkok) pte. ltd.,B,0.31,5,FALSE,
ajisen tanjiro,ChIJow5PgTcW2jERbAgsXtDOUzU,3.9,233,2,1.3727308,103.8936586,,Unknown,0.89034,5,FALSE,
soup restaurant 三盅两件 (hougang mall),ChIJ2566gjcW2jERpxHEuuFdNSM,4.4,538,2,1.3724561,103.8938253,the soup spoon pte ltd,A,0.76058,5,FALSE,
wok hey hougang mall,ChIJMaW8nDcW2jER1BHRGH3rWig,3.8,243,2,1.372455,103.8938277,thousand deli (hougang) pte. ltd.,Unknown,0.57282,5,FALSE,
pezzo @ hougang mall,ChIJyxakmzcW2jERNqzaC20EGSo,3.1,44,,1.372455,103.8938277,thousand deli (hougang) pte. ltd.,Unknown,0.3418,5,FALSE,
ding ji,ChIJq-tO_T0W2jERyvND8NDMwnw,2.7,36,1,1.3821668,103.8971888,ding jianlin,B,0.050081667,58,FALSE,
domino's pizza jalan kayu,ChIJtWPcGnwW2jERj_3ZIZ5Rgu8,2.6,406,2,1.396108,103.872835,alan,B,0.31376,5,FALSE,
arnold's fried chicken hougang branch,ChIJWTQWAkEW2jERRRE_QV7iazI,3.9,1131,2,1.3797817,103.8878818,tatsu sushi (s) pte ltd,A,0.67396,5,FALSE,
pizza hut,ChIJk2BKEHwW2jERQJkUgXWQyx4,4.6,574,2,1.3962143,103.8728726,pizza hut singapore pte ltd,A,0.586732,125,FALSE,
pietro ristorante italiano,ChIJQUTqcWcW2jERFyMcFSDOG_c,4.2,1310,2,1.3833072,103.8760128,pietro ristorante italiano llp,A,0.94746,5,FALSE,
divine realm vegetarian restaurant blk501 hougang,ChIJd_7DgE8W2jERPk9MvW9ZRNc,4.2,894,1,1.3720644,103.8864736,restaurant majestic pte. ltd.,A,0.87044,5,FALSE,
mcdonald's hougang ave 8,ChIJl90eFkYW2jERJrNOeEpFn8M,4,1575,1,1.3740205,103.8868674,lam's (singapore) culinary enterprise pte. ltd.,A,-0.31314,5,FALSE,
mcdonald's (hougang 1),ChIJOamELlsW2jER_pQ9AbIdJZo,3.6,1572,1,1.3753774,103.8797023,lam's (singapore) culinary enterprise pte. ltd.,A,0.01664,5,FALSE,
boon western delights,ChIJmbtIXUEX2jER_XOAmAeeaDY,3.3,23,,1.3808251,103.879407,boon tat catering & supply pte. ltd.,A,0.24018,5,FALSE,
yuan ji chicken rice,ChIJMaoDnGcX2jER7jz6PJW5_1U,2.7,14,,1.3807983,103.8793702,texas chicken restaurant pte. ltd.,A,0.23965,8,FALSE,
ms econ bee hoon,ChIJAzxoLV0W2jERpqbqNcVPvug,4.3,10,,1.3807778,103.8793427,bee cheng hiang star pte. ltd.,Unknown,0.56146,5,FALSE,
wok n wing,ChIJK_xKtj4Z2jERwWNgYbrhdpw,4.5,41,,1.3808567,103.8792847,s&n international pte. ltd.,A,0.8839,5,FALSE,
guo chang mala xiang guo,ChIJCT5MmKQX2jERducydLVf_1A,4.2,5,,1.3809538,103.8793229,chang cheng food & beverage pte. ltd.,A,0.46948,5,FALSE,
a-one signature @ hougang 1,ChIJ19nCJgAX2jERkXAnv_2E6YE,3.9,19,,1.376123,103.8791803,royal one pte. ltd.,A,0.2874,5,FALSE,
home based bakso,ChIJrzCqGFUX2jERE9lFoQMosmk,,,,1.378941,103.883808,ji young korean home-stay pte ltd,A,0,,FALSE,
seng heng atas roasted delights,ChIJqfyCFgAX2jERKddFY-HoBbQ,1,3,,1.3760263,103.879344,ng heng,A,0.0101125,8,FALSE,
pin wei chee chong fun,ChIJF5lONgAX2jER2-OfJ27XAp0,4.8,4,,1.3760226,103.8793621,guan chee hong kong roasted duck pte. ltd.,A,0.349775,2,FALSE,
king grouper fish soup,ChIJ5SUyLQAX2jERW-2ALxfbj20,,,,1.3760042,103.8793812,soup restaurant singapore pte. ltd.,A,-0.3556,1,FALSE,
cinta hainanese chicken rice,ChIJF9ggEgAX2jERy_mRj6NxChA,5,1,,1.3759961,103.8793834,lau di fang scissors-cut curry rice pte. ltd.,A,0,1,FALSE,
oishii shokudo,ChIJmfJwBgAX2jERXph-6Wed0Vk,,,,1.3759838,103.8793818,shokudo heeren pte. ltd.,A,0,,FALSE,
he jia mixed veg rice,ChIJOd2aWwAX2jERftqGcIUxiF0,1,1,,1.3759783,103.8793796,jia jia le cuisine f & b pte. ltd.,A,0,0,FALSE,
kubis authentic korean food,ChIJJSZsRwAX2jERuBGsYQv0_UI,2.3,3,,1.3759849,103.8793109,quik food pte. ltd.,B,-0.2553,3,FALSE,
xiang chi mian 想吃面,ChIJHe_LeQAX2jERDEup5x7UPu8,1,1,,1.3759694,103.8793437,jia xiang kuching food supplies pte. ltd.,A,-0.0808,6,FALSE,
yuan wei thai cuisine,ChIJs96HDQAX2jERM3gFbh6rMow,,,,1.3759636,103.8793738,imperial treasure cantonese cuisine pte. ltd.,A,0,,FALSE,
master tang,ChIJV6kKRQAX2jERjuPYEdfrWZg,5,1,,1.3759466,103.8794516,yu tang clan pte ltd,B,0.4404,1,FALSE,
ampang wah zai yong tau foo,ChIJwzlyUQAX2jERg-jWzVsBeOE,,,,1.3759348,103.8794159,ting yee wah,A,0,,FALSE,
kitchen no. 15 食伍号厨房,ChIJmRmbcgAX2jER_d-MdEMnVwg,,,,1.3759242,103.8794188,crystal jade kitchen (s.c.) pte ltd,A,0,,FALSE,
beradik by western boy,ChIJQ-2OGwAX2jERxp97kE4yBGE,3.5,2,,1.3759314,103.8793385,the soul kitchen by big d pte. ltd.,A,0.180114286,7,FALSE,
qiu lian ban mee,ChIJ_YF8cwAX2jER6kXgOBk3zBU,2.6,5,,1.3759147,103.8793688,qiu lian ban mee pte ltd,B,-0.22314,5,FALSE,
pastamania,ChIJDQ8f1b4X2jERMY8jqhCTAH4,4.4,158,2,1.3758621,103.8793809,,Unknown,0.96576,10,FALSE,
pak lum penyet & goreng,ChIJ9WEcaAAX2jERymA0NAHJmq8,3.3,3,,1.3758021,103.8794307,tang lum zin,A,0.2818,3,FALSE,
sol cafe,ChIJJ_nhVS8L2jERhq_NyBhalHs,4.8,5,,1.404565,103.6031068,bru cafe pte. ltd.,A,0.19828,1,FALSE,
crossover cafe,ChIJC_b3NZIL2jERtyk2HdadMdA,4,5,,1.4045643,103.6031342,hanis cafe & bakery pte. ltd.,A,0.16328,2,FALSE,
praiselin kitchen,ChIJr-vPyiwL2jERZATXxcdxr_E,4.9,89,,1.4071837,103.5912476,the butcher's kitchen pte ltd,A,0.80144,5,FALSE,
gerai no6 nasi lemak ayam madu,ChIJV8-YZCEJ2jER8jjAtTm5JLw,,,,1.3987072,103.5868416,mount faber nasi lemak fast food shop pte ltd,A,0,,FALSE,
nasi ayam penyet r&r,ChIJM2LuAXoJ2jERHvLV5QEhNGU,,,,1.3984322,103.5866006,zoul nasi ayam penyet pte ltd.,A,0,,FALSE,
buah potong buah buahan tempatan,ChIJRZuCJAAJ2jERh1NjcY5bvHM,,,,1.3988709,103.5865214,,Unknown,0,,FALSE,
no.8 pontian kechil,ChIJK6LOAAAJ2jERhw3o8P563Qk,,,,1.3986773,103.5864374,co hai banh mi vietnamese baguette no 2 pte. ltd.,B,0,,FALSE,
nasi lemak pontian kechil,ChIJ_z24ndQJ2jER3bOJfpzOFKU,,,,1.3984477,103.5864316,mount faber nasi lemak fast food shop pte ltd,A,0,,FALSE,
burger king r&r gelang patah u,ChIJ11H16RIJ2jER0Yy6-I8kzs4,3.4,100,2,1.3982751,103.5863874,kopi king pte. ltd.,A,0.74702,5,FALSE,
join spicy trading,ChIJy1ULkHsL2jERi8Xzhi-9Q_A,5,1,,1.4035263,103.6240986,hockhua - eng heng trading pte. ltd.,A,0.4404,1,FALSE,
mana cafe,ChIJ66w0_wML2jERxyY77cEeA08,4,264,,1.4066601,103.6203963,bru cafe pte. ltd.,A,0.45294,5,FALSE,
chang master durian (sunway big box),ChIJt04ei98J2jERtF7dt8HZisI,4.3,20,,1.3973772,103.6268423,wong chang yew jonathan,A,0.85118,5,FALSE,
kanteen31 sunway big box,ChIJnwE4WNAJ2jERl-LyqZkkk5k,4.9,1766,,1.3967302,103.6268964,big bus singapore city sightseeing pte. ltd.,Unknown,0.9139,5,FALSE,
rud karting - medini,ChIJ49nMZ1UL2jERcR3p1or0Q3w,4.4,1292,,1.4054329,103.6256408,,Unknown,0.87842,5,FALSE,
delicia medini,ChIJD7nMHEgL2jERP7zKddfi8QM,4.5,94,,1.4073331,103.6227682,li li,A,0.8973,5,FALSE,
wok & work,ChIJjZ--ixkJ2jERkcroiXy5KJ8,4.6,177,,1.3966927,103.6272298,marina bay mini wok pte ltd,A,0.83632,5,FALSE,
subway,ChIJa8kkKAAJ2jER8p-O8Bb4dsY,2.3,18,2,1.3966978,103.6272603,subway harbourfront pte ltd,A,0.178081667,239,FALSE,
ls seafood restaurant,ChIJE1tWLPUL2jERq6Le0RJbshc,4.5,659,,1.3966674,103.6272583,cafeela seafood restaurant llp,A,0.93004,5,FALSE,
takara teppanyaki,ChIJg3lSPUMJ2jERm4gmnN5Tm3E,4.5,290,,1.3966901,103.6274946,chai's teppanyaki pte. ltd.,A,0.84192,5,FALSE,
fin&feather@sunway big box,ChIJ8bOopjgJ2jER1VymttTg5IM,4.5,198,,1.3967009,103.6275852,rabbit brand shark's fin & bird's nest pte ltd,B,0.86096,5,FALSE,
pendas cafe,ChIJGUaOUF4J2jER_ho5zRq1U5A,4.4,22,,1.3963844,103.6277287,bru cafe pte. ltd.,A,0.8177,5,FALSE,
restoran einsam,ChIJHZ41a-QL2jER4KT5o0RZdKc,,,,1.4085463,103.620366,xiang tian restoran pte. ltd.,Unknown,0,,FALSE,
so seoul,ChIJrTapRiQL2jERsQtBlPJR7yA,5,14,,1.4086037,103.6203919,so good bakery pte. ltd.,Unknown,0.75654,5,FALSE,
sunway hotel big box,ChIJedjMIycJ2jERN-lyoclBhKg,4.6,1996,,1.3965838,103.627905,big bang olivia & co. pte. ltd.,A,0.97656,5,FALSE,
white house kopi sunway big box,ChIJTy1J380J2jERUsoI_T-y1SA,4.4,374,,1.3970093,103.6284208,kopi king pte. ltd.,A,0.71826,5,FALSE,
jetie @ sunway big box,ChIJgS8E75cJ2jER6z1jRXDwXJE,5,1,,1.3972173,103.6286544,wah kee big prawn noodle pte. ltd.,A,0.9089,1,FALSE,
warong den,ChIJMVlIYnAL2jERPFuanx3ENGo,4.7,44,,1.4096274,103.6212736,warong nasi pariaman(1969) pte. ltd.,A,0.62122,5,FALSE,
rastorant afsheen,ChIJ54bZrqsL2jER3UUR2-t6v50,4.5,6,,1.4097021,103.6212549,,Unknown,0.35166,3,FALSE,
absolute thai sunway big box,ChIJwy7x9fEJ2jERkJmMLmp5w7w,3.5,191,2,1.3974,103.6298101,thai kha pte ltd,A,0.39398,5,FALSE,
onfire bbq house,ChIJSXwV1NwL2jERPsvNGu5WJ00,4.6,17,,1.4105296,103.6192759,yu kee duck and noodle house pte. ltd.,A,0.65908,5,FALSE,
medini value meal,ChIJk7nqwE0L2jERqenHX6oSzRA,,,,1.4105322,103.6192629,eat fit meal prep pte. ltd.,A,0,,FALSE,
kopiloco central kitchen,ChIJB3blOwAL2jERX6e0rvRxC_0,5,2,,1.4105194,103.6190735,tung lok central restaurant pte. ltd.,A,0.28595,1,FALSE,
hunz cafe,ChIJic1eCzEJ2jERJpvoqGqBvjE,3.4,107,,1.3970517,103.6302631,bru cafe pte. ltd.,A,0.48386,5,FALSE,
burger king sunway big box,ChIJndQ06XEJ2jER_01bJmmttEA,3.3,153,2,1.3977858,103.6306871,seah king ming,A,0.28928,5,FALSE,
the chicken rice shop sunway big box retail park,ChIJA1QF_JML2jERIMnpyZUGf-g,2.1,148,2,1.3969686,103.6305202,the exchange asia square pte ltd,A,0.19764,5,FALSE,
ayam penyet best @ sunway big box,ChIJrXIzLykL2jERpifKOR0_rpU,3.8,75,,1.3968784,103.6306476,penyet king pte. ltd.,A,0.88204,5,FALSE,
kenny rogers roasters sunway big box village,ChIJYbezn30J2jER9ntBeHe9_2E,2.2,107,2,1.3970685,103.630782,big family shi dai pte. ltd.,B,0.00022,5,FALSE,
kfc caltex nusajaya dt,ChIJz1Shve0J2jERlJI48LYM3UQ,3.1,287,2,1.3965721,103.6313077,,Unknown,0.32454,5,FALSE,
lcl garden cafe,ChIJAanWEfIL2jERQc3Mqlqg6Fg,4.5,75,,1.4125254,103.6256476,hanis cafe & bakery pte. ltd.,A,0.83544,5,FALSE,
warung • edible park,ChIJ_SNJ1WkL2jERwZBCugjJhTU,4.6,130,,1.4124768,103.6262672,park bench delicatessen pte ltd,A,0.87262,5,FALSE,
letchumy and kitchen,ChIJb-Umy4wL2jER15BLF6ZFAXU,,,,1.4145348,103.6171763,yu kee duck and noodle house pte. ltd.,A,0,,FALSE,
olive kitchen bar puteri harbour,ChIJ-fOgxRUM2jERkmz_rgs_ZxI,4.4,1122,2,1.4174314,103.6571013,java kitchen pte. ltd.,Unknown,0.93428,5,FALSE,
heritage whisky,ChIJL466glYN2jER4pE1YVGMVR4,4.6,117,,1.411738,103.656844,food heritage trading pte. ltd.,B,0.70258,5,FALSE,
27@cove,ChIJtxyY5LUN2jER9gTYsxEDEBE,4.5,192,,1.4117971,103.656681,no 27 bistro & bar pte. ltd.,Unknown,0.9313,5,FALSE,
kyoo1945 teppanyaki puteri cove,ChIJraKE_Y8N2jERcu3zI3GBIJI,4.6,285,,1.4120156,103.6563053,changi cove pte. ltd.,A,0.9488,5,FALSE,
britz,ChIJr2GVe5AN2jERJZPbEruSv8k,4.5,94,,1.4120595,103.6563405,,Unknown,0.80062,5,FALSE,
smokdjb puteri cove,ChIJhYoloOIN2jERWyyyIUkgLDg,4.6,79,,1.4121087,103.6562155,,Unknown,0.5944,5,FALSE,
hard rock cafe puteri harbour,ChIJZzBae5oN2jER8Yh29CIUswI,4.4,784,3,1.4122191,103.6555281,bru cafe pte. ltd.,A,0.7734,5,FALSE,
swatches restaurant,ChIJO2ykwDYN2jERlJjgDdwBiuY,4.1,30,,1.4126393,103.6547922,texas chicken restaurant pte. ltd.,A,0.4639,5,FALSE,
the tribus @ puteri harbour,ChIJl3ERinYN2jERIN_RmUoF3no,4.2,422,2,1.4139953,103.6550551,gardens by the bay,A,0.82636,5,FALSE,
"the naughty chef i best coffee, pizzas & pastas in johor",ChIJI35VgBkN2jERCJiylMEg3o0,5,13,,1.4141156,103.6552421,the exchange asia square pte ltd,A,0.91952,5,FALSE,
esfera rooftop bar,ChIJGc8ToPoN2jERarBwQhxAn8g,4.6,93,,1.4141078,103.6549846,26@marina bar & bistro pte ltd,B,0.95838,5,FALSE,
les bouchons puteri harbour,ChIJkZaAKIUN2jERkti8tv5JtVk,4.6,812,,1.4142137,103.655116,,Unknown,0.9591,5,FALSE,
top one bbq seafood ikan bakar @ puteri harbour,ChIJJ9qRmfEN2jERSjaY_zdJGYk,4.6,49,,1.4169901,103.6573268,seafood paradise (s) pte. ltd.,A,0.33126,5,FALSE,
kampung carabao puteri harbour,ChIJ6wvGhq0N2jERF_OtR5zj7W8,4.3,652,,1.4170767,103.6572533,kampung pte. ltd.,A,0.86842,5,FALSE,
kangkozip 강고집,ChIJC6eZH7sN2jERqLIeC2RK39s,5,14,,1.4159528,103.6529301,,Unknown,0.73468,5,FALSE,
haohao,ChIJxUIuG4YN2jERm_ZBieyhcIA,5,12,,1.4159272,103.6528681,,Unknown,0.9269,5,FALSE,
nagi japanese izakaya,ChIJ_Z0pDJoN2jERrIKRNunpwUY,4.4,62,,1.415896,103.6527938,misaki japanese restaurant pte. ltd.,A,0.93122,5,FALSE,
marado japanese cuisine puteri harbour,ChIJzyWowjAN2jERbpwSUD8u1TA,4.9,525,,1.4160748,103.6526258,shivshil cuisine pte. ltd.,A,0.98082,5,FALSE,
sinjeon topokki,ChIJeWYj1sht2jERgxAzlTEjMig,4.7,95,,1.4161462,103.6527642,,Unknown,0.97898,5,FALSE,
cafe théra,ChIJx_tYyPYN2jERCJlcFBclEpg,4.8,58,,1.4162484,103.6525021,bru cafe pte. ltd.,A,0.81244,5,FALSE,
bingyou bingsu & drinks,ChIJH7A2P5sN2jEREepfVVhcLUI,5,152,,1.4163942,103.6526306,global paradise food and drinks pte ltd,A,0.97238,5,FALSE,
subway,ChIJ2xwx_PMR2jERdIUUPJnVWK8,3.5,205,2,1.3971125,103.7470153,subway harbourfront pte ltd,A,0.178081667,239,FALSE,
ming kitchen live seafood 名厨活海鲜 - yew tee square,ChIJ0f4gG_QR2jERfqMs_Ny5jlQ,2.3,59,2,1.3981277,103.7468169,chen li,B,-0.15562,5,FALSE,
ya kun kaya toast (yew tee point),ChIJwcjh-vMR2jERo_xPYOgHePU,3.8,248,1,1.3970036,103.7468379,ya kun cafe pte. ltd.,A,0.43478,5,FALSE,
encik tan,ChIJM8WC5vMR2jERTQU1Zh8C-nY,3.3,237,1,1.3972504,103.7469408,tan coon tio tony,A,0.231462162,36,FALSE,
toast box (yewtee point),ChIJ2xwx_PMR2jERGQXKqOWaa0Q,3.8,441,1,1.3972799,103.7466343,ya kun kaya toast coffeestall since 1944 pte. ltd.,B,0.32792,5,FALSE,
mcdonald's choa chu kang 62,ChIJQfPiz-8R2jER5uaRyKd8vDE,3.6,1461,1,1.3978726,103.747036,lam's (singapore) culinary enterprise pte. ltd.,A,0.02402,5,FALSE,
burger king yewtee point,ChIJ2xwx_PMR2jERAGrEEq0rfK4,4.6,349,1,1.397104,103.746509,seah king ming,A,0.77002,5,FALSE,
fusion express,ChIJoca2e5MR2jERAZi-hC0rmGY,2.6,83,,1.4016989,103.7446606,sushi express group pte. ltd.,A,0.30572,5,FALSE,
佳源 v6 food court,ChIJZUj6IfYR2jER2KDy9-sQB0o,3.7,590,1,1.4016463,103.7447146,ho heng food & enterprise pte. ltd.,A,0.50718,5,FALSE,
ah boy chicken rice (mentor eric teo),ChIJFyNCH_YR2jER6kBEJ0O3Ohk,4.1,348,,1.4015278,103.7447586,thunder tea rice pte ltd,B,0.78998,5,FALSE,
sin xiang kee teochew noodle 新祥记潮州面家,ChIJDc-nLQAR2jER90Ta9HhVxVE,3,3,,1.4015411,103.7447591,hock kee f&b pte. ltd.,A,0.2921,3,FALSE,
seafood soup,ChIJZUj6IfYR2jERdCS0ChxTVKI,,,,1.4016022,103.7447455,goodearth seafood soup pte ltd,A,0,,FALSE,
chuan wei mala hot pot,ChIJxcMzb-YR2jERjaxYTPQZSSo,2,56,,1.4016795,103.7447541,ma wei,B,0.05066,5,FALSE,
yen sen seafood,ChIJZUj6IfYR2jEROYkqpea5QX8,4.2,199,,1.4016778,103.7448225,seafood paradise (s) pte. ltd.,A,0.63646,5,FALSE,
"man chee kee 文志记 pig's organ soup, porridge, braising",ChIJY9jVNgAR2jERaay4TeY4lvk,2.3,7,,1.4017298,103.7448926,seafood paradise (s) pte. ltd.,A,0.44744,5,FALSE,
pk_sl food corner sg,ChIJp6_hZmkX2jERQTUZLgeWx3Q,4.7,22,,1.4014368,103.7460597,ho heng food & enterprise pte. ltd.,A,0.9308,5,FALSE,
smlee yong tau foo,ChIJD7fjdgAR2jERGSAvsWacdpk,,,,1.3949254,103.7439314,yong mei yee,A,0,,FALSE,
herbal soup,ChIJs1zhSQAR2jEREzJN_Sw5NwI,3.7,3,,1.398136,103.7467024,day night herbal soup pte. ltd.,A,0.245033333,2,FALSE,
争鲜gogo - yew tee square,ChIJKcsDo2gR2jERAIN_NZeneCY,4.4,101,2,1.3984705,103.7468379,epicurean concepts marina square pte. ltd.,A,0.43796,5,FALSE,
ah hwa noodle house (yew tee),ChIJub8wVn0R2jERdyIZEaS3Yt4,3.2,37,,1.3981277,103.7468169,chuah yew tee,A,0.57832,5,FALSE,
whizzz (yew tew branch),ChIJ0f4gG_QR2jERARWHDEqsUYY,,,,1.3981277,103.7468169,chuah yew tee,A,0,,FALSE,
wikedo western 维客多,ChIJu_U9EPQR2jERsvU7fDo2Bj4,3.5,13,,1.3981277,103.7468169,oriental western bistro llp,A,-0.09134,5,FALSE,
ah chew yong tau foo,ChIJu_U9EPQR2jERA4Ag7CCVxBc,3.3,12,,1.3981277,103.7468169,ng ah sio investments pte. ltd.,A,0.6817,5,FALSE,
chi you lai,ChIJS0gScwAR2jERksk6kcfSRgU,3,3,,1.3980375,103.7467929,sutopo lai hwa kensy,B,0.350933333,3,FALSE,
filipino cuisine @ kopitiam,ChIJDchEWQAR2jERZ1JgYvCGD3U,3.1,13,,1.3981092,103.7468298,imperial treasure cantonese cuisine pte. ltd.,A,0.27646,5,FALSE,
xiao guan zi,ChIJW1U8m5sR2jERIjFx3jWG2yU,,,,1.3981008,103.7468721,guan chee hong kong roasted duck pte. ltd.,A,0.24378,5,FALSE,
nks indian muslim food,ChIJWdqmIQAR2jERW1D8rk5jQRs,3.3,9,,1.3978458,103.7467985,ho heng food & enterprise pte. ltd.,A,-0.018916667,5,FALSE,
lele hainanese chicken rice 乐乐海南鸡饭,ChIJW-__GQAR2jERGN7KgwfB4bk,,,,1.398131,103.7468885,liao fan hk soya sauce chicken rice & noodle (chinatown) pte. ltd.,A,0,,FALSE,
eastern rice dumpling,ChIJAdLT-PMR2jERpEOXO1oFW2E,2.8,9,,1.3972158,103.7466229,eastern rice dumpling pte. ltd.,A,0.23346,15,FALSE,
teochew lao 潮州佬,ChIJH7CtDgAR2jERW_8OONyGtP0,2,2,,1.3981122,103.7469482,diamond wang lao wu pte. ltd.,B,0.04195,2,FALSE,
penang savour,ChIJhxAQ25ER2jERTNrAIxIEWbA,3.6,174,,1.3972337,103.7466908,island penang kitchen pte ltd,B,0.58964,5,FALSE,
gong yuan ma la tang 宫源麻辣烫 @ yewtee point,ChIJxxW0xjgR2jERInGiUOxmyBM,4.6,243,,1.3967859,103.7465136,yu tang clan pte ltd,B,0.25106,5,FALSE,
froyodesserts,ChIJBahhRQQR2jERvLdchINUbxg,4.3,88,,1.3972701,103.7467361,,Unknown,0.96788,5,FALSE,
tenderfresh,ChIJ__gd-fMR2jERAOz_-Gdr4oY,3.2,35,,1.3971992,103.7467142,tenderfresh fried & bbq chicken pte ltd,A,0.05324,5,FALSE,
stuff'd,ChIJNw8X-fMR2jERBCHXNtciY8Q,4.4,471,1,1.3971557,103.7467078,stuff'd ventures pte. ltd.,A,0.27284,10,FALSE,
korean cuisine,ChIJu_U9EPQR2jERRvvuXShyR5g,4.6,7,,1.3980083,103.7470075,the korean cuisine (sc) private limited,A,0.56136,5,FALSE,
saizeriya,ChIJM9H3S3kR2jERDSkclfQn8NY,3.6,406,1,1.397305,103.7467908,singapore saizeriya pte. ltd.,A,0.5029675,40,FALSE,
koo kee,ChIJVQDzhuQR2jERcXkwaCjP6q0,3.1,56,,1.397219,103.7467721,yu kee duck and noodle house pte. ltd.,A,0.48844,5,FALSE,
takagi ramen @ yew tee point,ChIJ0RpXWiQR2jEReRDe7ATSqv8,4.3,848,1,1.3972629,103.7467935,chuah yew tee,A,0.569,5,FALSE,
braised duck. kway chap,ChIJu_U9EPQR2jERAJy5STz4r7k,4.2,6,,1.3981137,103.747099,yu kee duck and noodle house pte. ltd.,A,0.19342,2,FALSE,
fishball noodle,ChIJu_U9EPQR2jERj-uZ4rBdvbU,3.2,5,,1.3981137,103.747099,lai heng (changi) fishball noodle pte ltd,B,0,1,FALSE,
ban mian. fish soup,ChIJu_U9EPQR2jERsrjUUHWH-KM,3.5,4,,1.3980481,103.7470838,soup restaurant singapore pte. ltd.,A,0.180114286,5,FALSE,
local delights,ChIJu_U9EPQR2jERxSwf1te9K0Q,4,2,,1.3980127,103.7470746,54 local delights pte. ltd.,Unknown,0,1,FALSE,
mr bean (yew tee point),ChIJ2xwx_PMR2jERdGE8XSiudN0,3.1,55,1,1.3971187,103.7467644,the coffee bean & tea leaf (singapore) pte ltd,A,0.6971,5,FALSE,
王府点心 wangfu dimsum yew tee point,ChIJb5MMcS0R2jERPEJYOZDDzPg,4.4,171,,1.3971369,103.7467757,chuah yew tee,A,0.82758,5,FALSE,
fong fu food catering,ChIJw3OpHH0X2jERpGl-8cn5PMQ,4.6,325,,1.407176,103.7603805,ho heng food & enterprise pte. ltd.,A,0.88712,5,FALSE,
fatty ban mian & fish soup,ChIJbwf4SCES2jERHufJSyBUx6A,,,,1.4055143,103.7586962,chuan yang ji mutton soup steamboat pte. ltd.,B,0,,FALSE,
padma restaurant,ChIJqbTWjd0T2jERnVJXHMAQdTQ,4,11,,1.4054334,103.7583693,texas chicken restaurant pte. ltd.,A,0.45914,5,FALSE,
lion city food court pte ltd,ChIJYxRuliYS2jERf72KpdMx2Sw,4,3,,1.4059172,103.7594475,city foodcourt pte ltd,Unknown,0.311433333,3,FALSE,
appleman pte. ltd.,ChIJN--DJyQS2jERx4wko6hQFZ0,,,,1.4062989,103.7587796,seafood paradise (s) pte. ltd.,A,0,,FALSE,
alibaba eatery,ChIJGX7gUSES2jERRPw6eW5YsYc,3,1,,1.4061484,103.7574245,refuel cafe & eatery pte ltd,A,0.6786,1,FALSE,
loco loco,ChIJLZo9h7sT2jERK5xwpH98Meg,4.7,32,,1.4082649,103.7587415,the loco group pte. ltd.,A,0.98486,5,FALSE,
al-sheika bananaleaf resturant,ChIJTVZQPDcT2jER5TRED8wkxQA,1,3,,1.408016,103.7574289,al brothers pte ltd,Unknown,-0.282566667,3,FALSE,
cafeteria,ChIJrSW6m_UT2jERlUQmJk4sxg0,3,2,,1.4084008,103.7593417,seaworld cafeteria pte. ltd.,A,0.3404,2,FALSE,
warong timbel,ChIJk-lf2Q0T2jEReA1nK1LeiJc,4,1,,1.4083877,103.7566142,warong nasi pariaman(1969) pte. ltd.,A,0.6808,1,FALSE,
one sky seafood restaurant,ChIJ3UWEliMS2jERV--2pF8bfJU,4,194,,1.4083877,103.7566142,marina live seafood & steamboat pte ltd,B,0.56444,5,FALSE,
nonya bong the peranakan,ChIJLfLd8WUR2jERJzv1LnUhq60,4.8,67,,1.4019304,103.750866,the coffee bean & tea leaf (singapore) pte ltd,A,0.93038,5,FALSE,
broadway seafood 668,ChIJrfnLfgAR2jER3SKxClAPxHk,1,2,,1.4016168,103.7504542,marina live seafood & steamboat pte ltd,B,0,2,FALSE,
old punggol nasi lemak | economy rice,ChIJg778KgAR2jERjZ5JerAQ3xo,2,2,,1.4017334,103.7504553,thunder tea rice pte ltd,B,0.22925,1,FALSE,
egf islamic food,ChIJR3WvUQAR2jER0wiabpAFpKI,4.9,8,,1.4017603,103.7503485,ho heng food & enterprise pte. ltd.,A,0.24364,2,FALSE,
rampage western food,ChIJaVHwgAsR2jERZ2-lfz2WPw0,3.3,44,,1.401628,103.7502474,ho heng food & enterprise pte. ltd.,A,0.65372,5,FALSE,
hong jie wanton noodle ( 红姐云吞面 ）,ChIJCVQoEjAR2jERPCe20zxUSwU,3.9,12,,1.401565,103.750234,leyau yen hong,A,0.53548,5,FALSE,
soon seng food industry pte. ltd. @ mscp,ChIJ8aX6ZfUR2jERYE0X0cjGZ2A,,,,1.401565,103.750234,g & g food industry pte. ltd.,A,0,,FALSE,
bootstrap beverages,ChIJFyMNHI8T2jER4-C17lfdi48,4.5,28,,1.4098183,103.758141,mk28 foods & beverages limited liability partnership,B,0.92376,5,FALSE,
fresher performance meals,ChIJi6xNKPUZ2jERbPSSxNZ7ckk,4.4,80,,1.4098183,103.758141,,Unknown,0.52452,5,FALSE,
jj food express,ChIJW4HynCQS2jERIfIBr1yGiF4,1,2,,1.4101443,103.7577274,jj food express pte. ltd.,A,-0.5566,2,FALSE,
smokeworkz,ChIJYzoOHS8R2jERT3gt5JpqwZ8,,,,1.3922821,103.7522518,,Unknown,0,,FALSE,
t@36 boutique tea cafe (reservations only),ChIJ7_0HKBsR2jERujPJGKzDLrY,5,28,,1.3919658,103.7523066,royal t group pte. ltd.,A,0.90486,5,FALSE,
ohma,ChIJqREYsaAR2jERigh-DOjzYfc,5,8,,1.4013168,103.7481099,rohani binte mohmad,A,0.88558,5,FALSE,
gaga 嘎嘎烧腊,ChIJ2RiJAwAR2jEREjbhITMsukM,4.3,4,,1.4009763,103.7480673,,Unknown,0.78975,4,FALSE,
m.r indian food,ChIJ6Tiou28T2jERyeaBSC3p8_M,2.1,16,,1.4010333,103.7480556,ho heng food & enterprise pte. ltd.,A,0.32876,5,FALSE,
dapur seri,ChIJoXSQWAAR2jERl0FAPKAh9MI,3.1,10,,1.4009438,103.7478705,seri rahayu binte sifon,B,0.2736,5,FALSE,
hong fa japanese & korean cuisine,ChIJm-knKAAR2jERnf68mOXqkQo,3,3,,1.3878581,103.7611279,leyau yen hong,A,-0.078033333,3,FALSE,
pin wei hong kong style chee cheong fun,ChIJc76ljJkR2jER_sSjs5gKgvo,,,,1.3878581,103.7611279,chicky fun pte. ltd.,A,0.7224,4,FALSE,
jin wang handmade dimsum (senja hawker) / 金旺手工包点 (信佳小贩中心）,ChIJQafC9I8R2jERXfq3r9KezxE,,,,1.3878581,103.7611279,wang cher chiang,A,0,,FALSE,
a&m zaika,ChIJ_4NzEwAR2jERYxfpE4KLa7g,5,1,,1.3878581,103.7611279,artemis fine foods a.s. pte ltd,A,0.7405,1,FALSE,
kimly dim sum (blk 673b choa chu kang cresent),ChIJGReAGBQR2jER8bC-m6CCjm0,1,1,,1.4009739,103.7478177,kimly food products pte. ltd.,Unknown,-0.7915,1,FALSE,
kimly zi char (673b choa chu kang),ChIJ143jv_UR2jERw-cgAP3P07k,1.8,48,1,1.4009739,103.7478177,bm (chu yi) pte. ltd.,Unknown,0.41198,5,FALSE,
kl chilli ban mian,ChIJweZGKQAR2jERBUnh7wYtKmE,,,,1.3879416,103.7624443,chilli api catering pte. ltd.,A,0,,FALSE,
sabira indian muslim food,ChIJLQr1tfMR2jER4Wt68moWhi8,4,76,,1.3954315,103.7482705,best partners food management pte. ltd.,A,0.49106,5,FALSE,
老麵檔街 maxwell,ChIJ4SyPFAAR2jERT4eNO1d97xI,3.7,7,,1.3874157,103.7608739,de cotta rendall maxwell,A,0.32568,5,FALSE,
winner fish 赢家蒸鱼,ChIJI3haQgAR2jERwSuRKHKqelQ,3.9,9,,1.3873272,103.760893,arcade fish soup pte. ltd.,A,0.49114,5,FALSE,
china whampoa homemade noodles,ChIJ4efj-90R2jER9tqj_FueZzg,2.9,46,,1.3873242,103.7610251,the noodles pte. ltd.,A,-0.29222,5,FALSE,
yong feng ji chicken rice 永丰记鸡饭,ChIJidAET2oR2jERgC-XwsefMKE,4.4,31,,1.3872808,103.7609765,wah feng pte. ltd.,A,0.39296,5,FALSE,
heng heng noodle house,ChIJXwPeS1ER2jERN7SA9Gv38ik,3.5,26,,1.3872816,103.7610569,ng heng,A,0.74746,5,FALSE,
munchi pancakes @ senja hawker centre,ChIJsTy1geQR2jERLy3dsYs44Vc,4.8,3921,,1.3872723,103.761015,hawker qsr pte. ltd.,Unknown,0.76354,5,FALSE,
day night herbal soup,ChIJZ6_wLwAR2jERp2DLwmFxK00,4.2,5,,1.3872662,103.7613111,day night herbal soup pte. ltd.,A,0.305366667,7,FALSE,
兴兴面家 senja,ChIJwz0GxXUR2jERvdGwFGukfqo,5,5,,1.387232,103.7609952,,Unknown,0.26936,3,FALSE,
蛋佬 dan lao scrambled egg rice,ChIJsalbTAAR2jERFf7lt5QISzM,3.2,19,,1.3872169,103.7608467,lau di fang scissors-cut curry rice pte. ltd.,A,0.63606,5,FALSE,
yu wei ju quan,ChIJB40HC6IR2jERg2JF-1L5piY,3,26,,1.3872186,103.7609503,yu kee duck and noodle house pte. ltd.,A,0.84694,5,FALSE,
ubi le sheng yong tau foo (senja hawker),ChIJKe3_SmgX2jERIYe7i1VNFkQ,4.6,49,,1.3872022,103.760766,hawker qsr pte. ltd.,Unknown,0.85398,5,FALSE,
mohamed ayaan rojak,ChIJH9xpLDcR2jEREpG3y1kPCG4,3.9,20,,1.3872123,103.7609356,syed mohamed buhari askar ali fathima,A,0.70248,5,FALSE,
rice garden mixed rice,ChIJyX7crW8R2jEROo_OSdO5KqE,1.8,8,,1.3872109,103.7609446,lau di fang scissors-cut curry rice pte. ltd.,A,0.07552,5,FALSE,
kfc,ChIJD-HIEdkT2jERtRxQVCaCWcM,3.6,392,2,1.4045961,103.7905208,,Unknown,0.207115238,105,FALSE,
mama panda kitchen,ChIJgxAVM98T2jERKU1petyKGI8,4,361,,1.4034834,103.7927318,the butcher's kitchen pte ltd,A,0.97428,5,FALSE,
ah meng restaurant,ChIJD-HIEdkT2jERTPBGsoeo-dg,4,1003,,1.4044329,103.7935492,j.b.ah meng restaurant pte ltd,B,0.82948,5,FALSE,
ulu ulu safari restaurant,ChIJM9NDV9gT2jERDIaoRwP9YIw,3.8,871,3,1.4038005,103.7884284,hyangtogol (korean restaurant) pte. ltd.,A,0.33484,5,FALSE,
crimson restaurant,ChIJgUxbod4T2jER7OICXNgcMKU,4.8,863,,1.4044484,103.780802,texas chicken restaurant pte. ltd.,A,0.98194,5,FALSE,
penguin cove restaurant,ChIJebuu92kT2jERtBQ6OGhKwH8,4.2,194,,1.4065452,103.7826085,misaki japanese restaurant pte. ltd.,A,0.9161,5,FALSE,
copper chimney - mandai wildlife west,ChIJNzxOkGIT2jERpDrBtDZdAoo,4.6,170,,1.4078353,103.7810702,copper chimney pte ltd,A,0.93772,5,FALSE,
a&w mandai wildlife west,ChIJmylCUcUT2jER6kVEQ__QzdM,3.7,177,,1.4078933,103.7805691,west 57th street holding co pte. ltd,A,0.61228,5,FALSE,
han's union @ mandai wildlife reserve,ChIJ-XjLKOQT2jERhBFyemmiuag,3.9,99,,1.4079205,103.7808077,tatsu sushi (s) pte ltd,A,0.94784,5,FALSE,
birds of paradise gelato boutique - mandai wildlife west,ChIJc8ce0O8T2jERbT7N8ckzAHA,4.5,222,,1.4079215,103.7809244,canton paradise pte. ltd.,A,0.94736,5,FALSE,
collin's® mandai wildlife west,ChIJb43jCZ4T2jERiFI1He2DQLI,4.3,416,2,1.4087805,103.7801995,s connexion pte ltd,A,0.55572,5,FALSE,
cavern restaurant,ChIJWX6hZwAT2jERCJjVk3CHRmU,4.5,1117,,1.4088282,103.7810406,texas chicken restaurant pte. ltd.,A,0.965,5,FALSE,
sentinel foodhall,ChIJnXGjYQAT2jER0Yr-hNsuzcI,4.4,150,,1.4097285,103.7827883,,Unknown,0.87296,5,FALSE,
roberta's mandai wildlife reserve,ChIJA6jWlEIT2jERsI5_JKdOGHQ,4.5,421,,1.4053607,103.7892087,s connexion pte ltd,A,0.9782,5,FALSE,
xiang xiang hunan cuisine 湘香湖南菜 @ mandai zoo,ChIJvX9PMAAT2jERcCWG8iIe2JE,4.9,444,,1.4055692,103.7893043,shivshil cuisine pte. ltd.,A,0.92554,5,FALSE,
sushiro mandai wildlife reserve (digiro outlet),ChIJ8X2_EQAT2jERFNcNHE3lpHk,4.2,82,,1.4052716,103.7895339,h reserve pte ltd,Unknown,0.74878,5,FALSE,
song fa bak kut teh mandai wildlife east (non-ticketed area),ChIJa43XcwAT2jERq4GYH0T9uiQ,4.8,232,,1.4058766,103.7893874,the song of india pte. ltd.,A,0.89112,5,FALSE,
watami japanese dining (mandai wildlife east) (free to visit),ChIJndLuDAAV2jERlqerPD3VFaU,4.1,102,,1.4061142,103.7896045,ycp dining singapore pte. ltd.,A,0.94318,5,FALSE,
the courtyard cafe,ChIJR0iJdQAT2jERzR83Smj4GC0,4.2,70,,1.4049653,103.7905536,the exchange asia square pte ltd,A,0.94468,5,FALSE,
little chimi's - mandai wildlife east,ChIJ87PK4CkT2jERoeJWCIxoYoM,5,2,,1.4049653,103.7905536,tatsu sushi (s) pte ltd,A,0.05695,1,FALSE,
kidzworld cafe,ChIJoQmNHAAT2jERDh9d7ENzUFQ,4.8,90,,1.4049653,103.7905536,hanis cafe & bakery pte. ltd.,A,0.98228,5,FALSE,
mcdonald's,ChIJd_dAUgAV2jERP-xIEoBRoxQ,3.7,52,,1.4061844,103.7905462,seafood paradise (s) pte. ltd.,A,0.29621625,80,FALSE,
planter's shed,ChIJq_KaoxET2jERyYIxb7dC-8Y,4.3,77,,1.4071032,103.7907476,seafood paradise (s) pte. ltd.,A,0.80122,5,FALSE,
forage,ChIJn2M-SpsT2jER5I5phIs-LhA,4.7,78,,1.4072983,103.79212,,Unknown,0.98416,5,FALSE,
chai kee seafood,ChIJ06YV9fAR2jERzP2gQfsXboY,4.2,13,,1.388865,103.7711423,seafood paradise (s) pte. ltd.,A,0.44678,5,FALSE,
ammar's gastronomy,ChIJQ0ySvI8R2jERIlUjrpEDWYs,,,,1.3886816,103.7713251,seafood paradise (s) pte. ltd.,A,0,,FALSE,
c & j,ChIJNStvlGoR2jERkll59zpqdaY,,,,1.3887685,103.7712007,c & j investment holdings pte. ltd.,A,0,,FALSE,
selera umi,ChIJZ5Tk8e8R2jERRg6aNDyUM2c,4,9,,1.3888054,103.7711383,umi's spices pte. ltd,B,0.6756,5,FALSE,
hong long boneless chicken rice,ChIJ5TAELCkR2jER2cp3Vxeu9bw,4.6,30,,1.3888107,103.7710089,leyau yen hong,A,0.83526,5,FALSE,
milano western,ChIJfcq0uIEZ2jERDMOygD3GSOY,4.6,46,,1.3880848,103.7710559,milano ventures pte ltd,A,0.93632,5,FALSE,
abang gemuk,ChIJqwDJEQAR2jERj82AblZT4PE,1.9,20,,1.3882436,103.7696819,abang adik bbq pte. ltd.,A,0.45584,5,FALSE,
mohamad waseef,ChIJcW3MA-IR2jERxvFwOM7AMCQ,2.8,19,,1.3882244,103.7696503,bagus sugiarto bin mohamad sidik,B,0.26592,5,FALSE,
xiang cheng 香城 zichar,ChIJ4YufG_8R2jERx0bcMFKhk4g,3.2,22,,1.3882336,103.7696291,chang cheng food & beverage pte. ltd.,A,0.83364,5,FALSE,
handmade noodles,ChIJDRaDuLIR2jER5TMjsadLToA,5,1,,1.3882105,103.7696157,red place's beef noodles pte. ltd.,B,0,0,FALSE,
chef chicken rice,ChIJKfvrRD8R2jERxh4UrLh0-cM,3.1,14,,1.3881725,103.7696122,texas chicken restaurant pte. ltd.,A,0.22368,5,FALSE,
hk roasted delights,ChIJw4DgbwAR2jERR6Mp6PZ91fA,5,1,,1.3881983,103.7695763,guan chee hong kong roasted duck pte. ltd.,A,0,0,FALSE,
teochew fishball minced meat noodle,ChIJvUJjBFwR2jERqSbl_4YtDSY,4.9,14,,1.3880975,103.7696448,meat hero pte ltd,A,0.84418,5,FALSE,
tian tian lai rojak,ChIJ6dLYku0R2jERonkd3-izLCc,4.7,16,,1.3879603,103.7697321,jin de lai zhong hua la mian pte. ltd.,B,0.84906,5,FALSE,
rong kee hong kong roasted delights,ChIJyeLHVLIR2jER0wCkaEqY87w,2.5,17,,1.3879603,103.7697321,hock kee f&b pte. ltd.,A,-0.36112,5,FALSE,
928 ngee fou (hakka) ampang yong tou fou,ChIJPdfoslUR2jER-9QyDeC3Djo,4,505,,1.3995264,103.8178794,"yeo yong wei, randy",Unknown,0.76368,5,FALSE,
friends tasty korea,ChIJlU7ROncU2jERKmSZQM1RN8Q,4.1,536,2,1.3993984,103.8179163,good & tasty korean restaurant pte ltd,A,0.63256,5,FALSE,
golf spot cafe & bistro,ChIJx7AtOZAR2jERkVCS-A8FIsE,4.7,241,,1.4009112,103.8090822,lucky cafe & restaurant private limited,B,0.80978,5,FALSE,
hilltop cafe,ChIJPceRwv4T2jERcYmDNvza5c4,4.6,53,,1.4075229,103.8095741,hanis cafe & bakery pte. ltd.,A,0.68306,5,FALSE,
smti cookhouse,ChIJx3-1EgAT2jERzbwZ_UFpPt0,2.7,3,,1.4046287,103.8155849,the dempsey cookhouse & bar pte. ltd.,A,0,0,FALSE,
wong chiew restaurant 皇潮餐室,ChIJT8faQP4T2jERYXWhxMWmWzw,3.8,1006,2,1.4028831,103.8175781,hyangtogol (korean restaurant) pte. ltd.,A,0.43992,5,FALSE,
three. by garamika (springleaf),ChIJAy3JNQAR2jERLnFlaeo5KVI,4.5,175,,1.4010565,103.817587,gardens by the bay,A,0.92792,5,FALSE,
hk style seafood congee,ChIJNzOzQP4T2jER9wX-aXu8kTY,,,,1.402947,103.817626,marina live seafood & steamboat pte ltd,B,0,,FALSE,
fa zhan fishball noodle,ChIJ9dVEJIoR2jER0p6yjkIbLsk,4.3,32,,1.3995264,103.8178794,yu kee duck and noodle house pte. ltd.,A,0.5283,5,FALSE,
bernie's,ChIJPXfrKjsX2jERNS7H3ZclXbo,4.5,353,2,1.3993012,103.8179551,seafood paradise (s) pte. ltd.,A,0.95204,5,FALSE,
922 beng cheng hakka ampang yong tau fu,ChIJYcB1XlQR2jER94t9qyQmDrs,3.6,1224,2,1.3992414,103.8179758,ng cheng hak,A,0.01474,5,FALSE,
thai hao chi mookata,ChIJ7eEUXFQR2jERGXOEeFJssa8,4.9,2596,2,1.3983333,103.8183333,thai hao chi mookata llp,A,0.92502,5,FALSE,
meeras curry banana leaf restaurant,ChIJv8VwWlQR2jER7Tq7qdxh8bs,4,281,2,1.3983977,103.8183064,s.v. curry pte. ltd.,B,0.79956,5,FALSE,
springleaf prata place - springleaf garden (thongsoon),ChIJj8lQgFQR2jERBoFqB_ZCqGk,4.3,3532,2,1.3970326,103.8188156,kai garden private limited,A,0.8929,5,FALSE,
四海珍餐馆 si hai zhen restaurant,ChIJi79OPrcR2jERSLgMBqVDFcg,4.4,104,,1.3989773,103.8181132,imperial treasure fine dining restaurant pte. ltd.,A,0.78834,5,FALSE,
hong ji herbs bak kut teh 宏记,ChIJR47LW1QR2jERDfJ8gzelyhI,3.9,373,2,1.3986173,103.8182953,leyau yen hong,A,0.73694,5,FALSE,
mongkok dim sum,ChIJUdu_-BEV2jER4-msZHfpPPw,4.3,48,,1.3981987,103.8183898,mongkok dim sum pte. ltd.,B,0.90942,5,FALSE,
geylang famous beef kway teow,ChIJ-dSu9cwR2jERIR9c--tQJPk,4.8,5,,1.3980401,103.8184277,geylang famous beef kway teow pte ltd,Unknown,0.61664,5,FALSE,
mongkok dimsum,ChIJCdb-JSAX2jERjCTOSIj-HeU,4.1,529,2,1.3980247,103.818428,mongkok dim sum pte. ltd.,B,0.87839,10,FALSE,
wang jiao,ChIJq2iHD_gR2jERcN015uD7PX8,4.2,5,,1.3980133,103.81842,wang cher chiang,A,0.79454,5,FALSE,
lazy lizard - upper thomson,ChIJwRt5Z9UR2jERlx4tm6NgfUQ,4.8,1719,,1.3979554,103.8184663,yeo beng thomson,A,0.94218,5,FALSE,
mongkok dessert,ChIJBy4tGwAR2jERpOEF-AVTOww,4.1,33,,1.3978155,103.8185535,sheng kee dessert pte. ltd.,A,0.34366,5,FALSE,
famous hangout alfresco restaurant and bar (pet friendly),ChIJKcHQTXcT2jER5apKhqFZd8M,4.6,69,,1.4027461,103.8181274,texas chicken restaurant pte. ltd.,A,0.91132,5,FALSE,
the famous kitchen,ChIJYclXNv4T2jERZFgTIT9oS0o,4.1,698,2,1.4027461,103.8181274,the exchange asia square pte ltd,A,0.94198,5,FALSE,
brew house sports bar,ChIJR5dyfsMT2jERxCaiz9SLVpk,4.5,95,,1.4029923,103.8183204,yu kee duck and noodle house pte. ltd.,A,0.6995,5,FALSE,
pesto n pine pte ltd,ChIJ11-ASf4T2jEROaAElpf2I8U,,,,1.40301,103.8183187,cold storage singapore (1983) pte ltd,A,0,,FALSE,
pondok by june zack,ChIJ-4ApEI8T2jERn3l3wmr0Uus,4.9,58,,1.4031637,103.8177214,loy kok june,B,0.95698,5,FALSE,
miyuki izakaya @ springside,ChIJd9m1Eu8T2jERBAj0Btw00So,4.5,228,,1.4041727,103.8190071,,Unknown,0.89978,5,FALSE,
soon soon teochew porridge,ChIJp_Lwns4T2jER9RVonf7XnqI,1.4,5,,1.4038096,103.8179556,goh soon chwee,B,-0.22368,4,FALSE,
soon kee porridge,ChIJU5dxX_4T2jERwo3sG8LD5bY,3.8,90,,1.4038096,103.8179556,yu kee duck and noodle house pte. ltd.,A,0.41522,5,FALSE,
daruma tavern,ChIJ_x1iFZQT2jERmMylUcZtYes,4.3,525,2,1.4042238,103.8190057,lkh tavern (pte.) ltd.,A,0.82452,5,FALSE,
33 xian seafood village 33 鲜味园海鲜村,ChIJrezFxbYW2jERntTNH8cfMJo,3.9,275,2,1.4038856,103.8177323,asli village pte. ltd.,A,0.57766,5,FALSE,
semma singapore,ChIJ4ZXx7v8T2jER169VgrY6gAk,4.3,312,,1.4045076,103.8193079,cold storage singapore (1983) pte ltd,A,0.91114,5,FALSE,
thai & spice,ChIJU12kCKUT2jERhSaOFh9Y3OI,5,7,,1.4039494,103.8176865,mama thai kitchen pte. ltd.,A,0.81652,5,FALSE,
friends cafe hk,ChIJu2Vvy4AT2jERmdJ2x5Cqef0,4,618,,1.404568,103.8193165,hanis cafe & bakery pte. ltd.,A,0.6126,5,FALSE,
peua tur - for you,ChIJRcsgsVcZ2jERHH58X6JsFyY,4.9,21,,1.4046724,103.8194072,one for all (singapore) pte. ltd.,A,0.74686,5,FALSE,
oops kitchen (home style cuisine),ChIJO513tvET2jERaQP63VUS07k,4.5,343,,1.4046724,103.8194072,java kitchen pte. ltd.,Unknown,0.90278,5,FALSE,
panda bar singapore,ChIJJ3AskSkT2jERJZJrljhluvQ,4.6,129,,1.4047655,103.8194607,cold storage singapore (1983) pte ltd,A,0.92542,5,FALSE,
timeout bistro & bar,ChIJvSFZyu4T2jERD7y0LvDPzQA,,,,1.4047655,103.8194607,26@marina bar & bistro pte ltd,B,0,,FALSE,
mypizza,ChIJ0V6Dh20Y2jERXGRohtBmyPs,4.9,1001,,1.4047893,103.8195092,,Unknown,0.97178,5,FALSE,
goreng story,ChIJ19ii1IkT2jERPmYe_Wkubjs,5,70,,1.4051566,103.8196632,fruitti story pte. ltd.,B,0.95172,5,FALSE,
red lantern live seafood @ sembawang country club,ChIJJwOitusT2jER_7mbr31CShk,4,338,,1.4172038,103.8157046,sembawang country club,Unknown,0.9849,5,FALSE,
haru no hikari 春之光,ChIJR1GkcAAT2jERmOMMBSm32MI,5,5,,1.4172148,103.8155584,no.1 entertainment pte. ltd.,Unknown,0.41278,4,FALSE,
happy kitchen,ChIJP2iCW_UT2jERVgYMpxCoZds,1.7,3,,1.4176837,103.8178839,happy kitchen pte ltd,A,0,2,FALSE,
happy kampong seafood (tagore lane),ChIJexsPfQAX2jERSlS5sCkCjMo,,,,1.3861282,103.8302535,happy salad pte ltd,A,0,,FALSE,
subway,ChIJpVIzIhgU2jERfEYaIYCMmbs,4.1,126,2,1.4105992,103.8431831,subway harbourfront pte ltd,A,0.178081667,239,FALSE,
royal palm @ orchid country club restaurant,ChIJAaUa-RcU2jERfUdAHPUblEQ,4.4,3001,2,1.4109962,103.8443196,orchid country club,A,0.5064,5,FALSE,
vanda terrace,ChIJAXBY2D0U2jER6Pc0mSv9FGw,3.8,216,2,1.4123035,103.8452149,,Unknown,0.14656,5,FALSE,
broadway food centre @ 848 yishun street 81,ChIJg_s3JRIU2jERULnFgi4wsEs,3.7,534,1,1.4165039,103.8352741,mexican food corp pte. ltd.,A,0.54398,5,FALSE,
mr teh tarik,ChIJQYoqaxIU2jER5uITyvg5iPA,3.9,1031,1,1.4168746,103.8344827,mr teh tarik cartel pte. ltd.,B,0.30328,5,FALSE,
orchid tavern,ChIJrY4CHhgU2jERFXfmvY9Di0A,,,,1.410939,103.843691,orchid roast fish pte. ltd.,B,0,,FALSE,
兰花乡村俱乐部,ChIJT-8zaIQV2jERYq5F3vPyLTI,5,1,,1.4110044,103.8437907,,Unknown,0,0,FALSE,
ban heng restaurant @ orchid country club,ChIJo-KOASQV2jER8WLcghUZk1I,3,437,,1.4111023,103.8438534,orchid country club,A,0.58038,5,FALSE,
8 degree lounge - orchid country club,ChIJE2AXorsV2jERAQhKqilqpec,4.6,133,,1.4110305,103.8444911,orchid country club,A,0.57756,5,FALSE,
malay kitchen,ChIJAaUa-RcU2jERxRQcAJDNr4E,,,,1.4111201,103.8443187,kitchen language pte. ltd.,A,0,,FALSE,
bun craft sg,ChIJy_lcBzoX2jER2bt7hHRBWXM,,,,1.3891533,103.845991,providence sg pte. ltd.,A,0,,FALSE,
o2 cafe cucina 17,ChIJ_VQGYcQX2jER42EsUwsttT4,3.7,35,2,1.3892748,103.8464965,hanis cafe & bakery pte. ltd.,A,0.8138,5,FALSE,
freshpod sg - ncs hub,ChIJt1LDjicZ2jERRV4OWTnu0ns,4.8,47,,1.3877083,103.8442717,maria francesca tan (mft) ventures sg pte. ltd.,Unknown,0.89996,5,FALSE,
fairway bistro @ vanda,ChIJe0A5HgAV2jER89GD9zjumr4,3.7,6,,1.4121911,103.8452641,bistro onethirtysix (whampoa) pte ltd,A,0.47168,5,FALSE,
bread butter bakehouse,ChIJO1T9mnEX2jERE54ZpT7E9hY,4.7,128,,1.391544,103.8503771,crystal jade my bread (tbp) pte. ltd.,Unknown,0.63662,5,FALSE,
"nayana kpop cafe & restaurant@flora vista, nice korean food@amk singapore, indoor pet friendly, vegetarian options",ChIJk4Tb_E8X2jERI63VAV5fJUw,4.7,1019,2,1.3917673,103.8505798,cold storage singapore (1983) pte ltd,A,0.64984,5,FALSE,
indian banana leaf restaurant,ChIJocGLsaIX2jER3pa988O9QP8,4.3,102,2,1.3918418,103.8506644,the coffee bean & tea leaf (singapore) pte ltd,A,0.89404,5,FALSE,
lazy lizard flora vista,ChIJ_W4jlTUX2jERTsCj3jMn0tM,4.7,1746,,1.3916463,103.850521,li li,A,0.73858,5,FALSE,
fred bread sg & the toast story,ChIJGZc_qxQX2jER--nn6vqfHJY,5,160,,1.3913532,103.850342,gardens by the bay,A,0.9927,5,FALSE,
coco noodles,ChIJye5bWwAX2jERUVO9nK3nm8w,4.5,2,,1.3897948,103.8492476,the noodles pte. ltd.,A,0.75605,2,FALSE,
kou fu fish ball noodle,ChIJ6S443pYW2jERxv-MIZdcJcM,5,1,,1.389661,103.8492422,yu kee duck and noodle house pte. ltd.,A,0,0,FALSE,
老叔鱼汤 uncle teohchew xo fish soup,ChIJY6J-C5QX2jER1NwfoOIYS7Q,5,6,,1.3893795,103.8492523,soup fair pte. ltd.,A,0.50482,4,FALSE,
ding kee super soup,ChIJuecaLs8X2jEROm0fgCBbvf0,5,20,,1.389536,103.849488,yu kee duck and noodle house pte. ltd.,A,0.66236,5,FALSE,
gochu korean dining & bbq | orchid country club | yishun,ChIJYYNqSOUV2jERvwChyeuu30c,4.7,1674,,1.4134699,103.8449169,orchid country club,A,0.9502,5,FALSE,
himawari japanese restaurant occ,ChIJAXBY2D0U2jERZWpNAYMidOw,4.2,588,2,1.4136054,103.8448136,mawar,A,0.90704,5,FALSE,
ikah family catering & children apparels,ChIJ97jripUW2jERABG-UPTF6oI,,,,1.3862158,103.8449205,kim's family food pte. ltd.,A,0,,FALSE,
chenghao spinach yong tau foo,ChIJx_KDezUX2jERwF4FGmRdsu8,4.6,11,,1.3861541,103.8449946,"yeo yong wei, randy",Unknown,0.55936,5,FALSE,
sd cuisine,ChIJUSKOfwAX2jERtYPBGaDOKiw,3,1,,1.3859722,103.8454665,imperial treasure cantonese cuisine pte. ltd.,A,-0.3291,1,FALSE,
mad charcoal,ChIJ3zkq6S4X2jERN2AwB9eKoKw,4.3,795,,1.3859679,103.8455076,the mad sailors private limited,A,0.92246,5,FALSE,
chef wen,ChIJ3ZoVJgAX2jERtDZx-LikS8s,4.5,101,,1.3859647,103.8344078,iron chef cusine pte. ltd.,A,0.96686,5,FALSE,
he jia huan 合家欢,ChIJre2lGAAX2jERWhfpjUyJWBA,4.3,52,,1.3860289,103.8342147,jia jia le cuisine f & b pte. ltd.,A,0.8119,5,FALSE,
mixed rice,ChIJe1GgSQAX2jERheP5E2ylKCo,3,1,,1.385913,103.8454839,lau di fang scissors-cut curry rice pte. ltd.,A,0.5859,1,FALSE,
daily,ChIJgdMMUAAX2jERaKOw6vMrbpc,4.6,33,,1.3859147,103.8343935,the daily cut pte. ltd.,A,0.93524,5,FALSE,
burger king lentor modern,ChIJFY2_SSAR2jERGBbkP5Z5Qr8,4.6,74,,1.3855659,103.8352011,seah king ming,A,0.84184,5,FALSE,
kfc,ChIJu6CFbQAX2jERK0Gg6QYYJ4s,4.6,49,,1.3855678,103.8347404,,Unknown,0.207115238,105,FALSE,
first bowl rice kitchen @ lentor modern,ChIJGQDFIAAX2jER5QMdYn7KCzA,4.7,136,,1.3853758,103.8350937,kitchen language pte. ltd.,A,0.71836,5,FALSE,
xin yuan ji fish soup,ChIJNTEyPQAX2jERhw4qJKh8Phs,4,11,,1.3855432,103.8346079,soup restaurant singapore pte. ltd.,A,0.79186,5,FALSE,
a hot hideout @ lentor (lentor modern),ChIJT86lnmAX2jERRdQjlHrlIio,4.9,358,,1.3856858,103.834204,each-a-cup pte. ltd.,A,0.92424,5,FALSE,
tongue tip lanzhou beef noodles 舌尖尖 (lentor modern),ChIJu3rCvUIX2jERpTnxmWaru6Q,4.1,46,,1.3856858,103.834204,the noodles pte. ltd.,A,0.1956,5,FALSE,
shiok burger @ lentor modern,ChIJCYi2KXIX2jER0MneA7d99kY,4.8,46,,1.3856857,103.834204,shiok lok pte. ltd.,B,0.88766,5,FALSE,
ajumma's lentor,ChIJlxWZdtwX2jERp2mNsH9Fi4w,4.7,1909,,1.3856857,103.834204,seafood paradise (s) pte. ltd.,A,0.68448,5,FALSE,
omoté: special edition,ChIJH0sUd-gX2jERmS6Zl3d0YrQ,4.1,23,,1.3856857,103.834204,association for persons with special needs,A,0.71784,5,FALSE,
nolita,ChIJUbTtcbwX2jERo-ua2oZSYC8,3.8,125,,1.3856857,103.834204,lita,A,0.6608,5,FALSE,
ssada gimbab 싸다김밥 @ lentor modern,ChIJv16567UX2jERcZwgPrtUPk0,4.7,83,,1.3856857,103.834204,modern feasts pte. ltd.,B,0.8104,5,FALSE,
bunny's | tokyo high street burgers,ChIJ6edlo0AX2jER4tgy7Woysv4,4.8,16,,1.3856857,103.834204,tatsu sushi (s) pte ltd,A,0.90324,5,FALSE,
jew kit - lentor modern,ChIJvUeISQAX2jERhHb73GGA_jk,4.3,28,,1.3853962,103.8347619,wong kit leong,B,0.64954,5,FALSE,
nan yang dao 南洋岛 @ lentor modern,ChIJbTCwXgAX2jERlpjtGwndoWE,3.8,68,,1.3852353,103.8350087,tung yang wee arthur,A,0.77572,5,FALSE,
gaga roasted delights 嘎嘎烧腊 @ yishun507,ChIJqY34PwAV2jERwBgqdziQqlU,,,,1.4155504,103.8396956,formosa delights pte ltd,A,0,,FALSE,
kimly mixed rice 金味飯莊 (yishun ave 4),ChIJvZ3W2QAV2jEREs4-S1MHTh0,3.5,2,,1.4155504,103.8396956,liao fan hk soya sauce chicken rice & noodle (chinatown) pte. ltd.,A,0,1,FALSE,
jin kimchi express (yishun) non halal,ChIJHUV-EgAV2jERcDln-onHJ9A,3.2,42,,1.4155504,103.8396956,jin fine dining pte. ltd.,A,0.68226,5,FALSE,
tenderbest,ChIJDw8qJzQV2jERp76qH2DW89I,1.8,44,,1.4155504,103.8396956,,Unknown,-0.005613333,15,FALSE,
subway,ChIJL23jVwAV2jERnyB8P3MOhKU,3.4,5,,1.4148563,103.8351207,subway harbourfront pte ltd,A,0.178081667,239,FALSE,
seabay delight,ChIJQWZERwAV2jERWmgYh-5oOK0,1.5,12,,1.4156969,103.8397887,seabay delights pte ltd,A,0.32541,10,FALSE,
cutlery optional,ChIJBcIXLAAX2jERFN0yRoQxcBo,,,,1.3844265,103.8424987,,Unknown,0,,FALSE,
instachef at thye hwa kwan hospital ang mo kio,ChIJqQwqkZ8X2jERmwU8y8l6H-k,,,,1.3842215,103.8395692,thye hong eateries pte. ltd.,A,0,,FALSE,
thai food basil,ChIJlZd962sX2jERoKJYZDmFog0,4.6,12,,1.3845704,103.845113,ho heng food & enterprise pte. ltd.,A,0.78994,5,FALSE,
combined stall with ok chicken,ChIJ9aXPHJAV2jERhJXNNwVYwgs,4.4,199,,1.4159999,103.8441793,liao fan hk soya sauce chicken rice & noodle (chinatown) pte. ltd.,A,0.7142,5,FALSE,
al majlis yishun,ChIJs65FsJ8V2jER6CSJqGxEN50,3.7,160,,1.4162579,103.8438842,al zouq foods & caterer pte ltd,B,0.2404,5,FALSE,
ok chicken rice & humfull laksa (yishun),ChIJyShzYDEV2jERLwdx-iLYb1k,4.5,456,,1.4162877,103.8439258,thunder tea rice pte ltd,B,0.51896,5,FALSE,
spizza jalan kayu,ChIJB8GqpX4W2jERrfqtMl1Xmr8,4.3,593,2,1.3970913,103.8729424,alan,B,0.863,5,FALSE,
wheeler's estate,ChIJJemS1tIV2jERDIQYdg9cohs,4.1,3971,3,1.4093057,103.8680587,wheeler's estate pte. ltd.,A,0.9656,5,FALSE,
tang tea house (jalan kayu),ChIJH5D8tn4W2jERDXBjrGme72g,4.3,3099,2,1.3977763,103.8733888,alan,B,0.57942,5,FALSE,
jerry's barbecue & grill,ChIJEScmu34W2jERk-UcQmtiV2s,4.3,1006,2,1.3973132,103.8729858,lam's (singapore) culinary enterprise pte. ltd.,A,0.78804,5,FALSE,
hiang soon (otar) food catering,ChIJy6jwpn4W2jERIvOEkGvYgms,4,106,,1.396965,103.872972,ang soon,A,0.3912,5,FALSE,
thohirah restaurant,ChIJddKNzn4W2jERVGrDRcd5OxY,3.4,4369,2,1.3982126,103.8732428,thohirah restaurant pte. ltd.,B,0.37444,5,FALSE,
aviators loft @ aatc,ChIJf3SqS4EV2jERwQespz5Wd5g,4.8,45,,1.4035136,103.8575273,,Unknown,0.92282,5,FALSE,
seletar tavern,ChIJM8Abr9QV2jERtOteEK-yQDQ,3.2,9,,1.4076963,103.8569442,lkh tavern (pte.) ltd.,A,0.39356,5,FALSE,
jo japanese restaurant,ChIJN550KU4V2jERoFZ6JduAo4w,4.7,133,,1.4096081,103.8581298,ikoi japanese restaurant pte ltd,A,0.8702,5,FALSE,
ju shin jung seletar cc,ChIJw_MQ1NQV2jERPz458YBCKk8,4.9,545,,1.4096539,103.858132,shin jong ran,A,0.98606,5,FALSE,
seletar terrace at seletar country club,ChIJp1ZE7zwV2jERZ2Nw67Z3tgg,2.4,10,,1.4097287,103.8580333,seletar country club,A,0.36582,5,FALSE,
martina's kitchen @ seletar aerospace park,ChIJNazRwGEV2jER-Bi_0AcFO6I,4.7,790,,1.4078146,103.8668166,s&n international pte. ltd.,A,0.84864,5,FALSE,
brewerkz seletar aerospace park,ChIJ-3WvKNkV2jERFg0oxL6uLEw,4.7,436,,1.4075672,103.8671255,park mi ra,B,0.97948,5,FALSE,
youngs restaurant & bar,ChIJl0gztCwU2jEREJMD-bby0iI,4.2,2601,2,1.4070942,103.8675995,misaki japanese restaurant pte. ltd.,A,0.6273,5,FALSE,
chingu @ the oval,ChIJ2wSZ2QkV2jER0dNr1RyW56I,4.5,1186,,1.4081511,103.8665335,the exchange asia square pte ltd,A,0.9531,5,FALSE,
the embun sg | live seafood • ikan bakar • fresh seafood (halal),ChIJ5WSb7JkZ2jERsLW1sz71STM,4.7,1997,2,1.4074461,103.8679877,seafood paradise (s) pte. ltd.,A,0.94382,5,FALSE,
connaught place,ChIJGznJxM0V2jERxVoNGhmVwNM,,,,1.408888,103.866743,old tea hut (raffles place) pte. ltd.,A,0,,FALSE,
1036 螃蟹王,ChIJ__efcQAV2jERCKPEBAz1JX4,4,4,,1.4080063,103.8678048,1036 seafood holdings pte ltd,Unknown,0.552025,4,FALSE,
1036 fusion pte ltd,ChIJEWdzyHEV2jERFOURfud0d_s,4.7,68,,1.4085075,103.8673025,seafood paradise (s) pte. ltd.,A,0.74756,5,FALSE,
the summerhouse,ChIJ-7osLNMV2jERw6EQa8xZlkM,4.3,1666,3,1.4079871,103.8683134,the exchange asia square pte ltd,A,0.88462,5,FALSE,
botanico at the summerhouse,ChIJPYQkQrcb2jER2H0KrdqxUTs,4.5,1314,,1.408043,103.8683218,gardens by the bay,A,0.96348,5,FALSE,
nomads,ChIJtRsULDwV2jERMFcm4k5AUJ4,4.6,1141,,1.4086902,103.8676921,,Unknown,0.95646,5,FALSE,
cinder steakhouse at wheeler's estate,ChIJgY7q1pUV2jER-r4FSd0vVqs,4.6,401,,1.4094042,103.8679082,tatsu sushi (s) pte ltd,A,0.98678,5,FALSE,
laddas house (private home dining - bookings only),ChIJ38B4NQAX2jERn9Ps4NI1FAw,5,31,,1.3929109,103.8701957,ycp dining singapore pte. ltd.,A,0.95776,5,FALSE,
instachef at grande vista (restricted access),ChIJc4BFPbcX2jERFFIobp0m9eE,,,,1.3886492,103.8531931,subs at vcity pte. ltd.,A,0,,FALSE,
banh mi singapore,ChIJ6c8bIasX2jERzQRgnIbcheY,,,,1.3886492,103.8531931,cold storage singapore (1983) pte ltd,A,0,,FALSE,
lao hero kitchen,ChIJPwB8UiUX2jERcL45qMK4-xI,4.2,245,2,1.3971375,103.8729502,kitchen language pte. ltd.,A,0.69222,5,FALSE,
food & beverage international holdings pte ltd,ChIJq6q6pX4W2jERX9Ce9JJSorg,1,1,,1.3970913,103.8729424,canton paradise pte. ltd.,A,0,0,FALSE,
友间厨坊 a kitchen (jalan kayu),ChIJWaSTSwAX2jERWlihaMfnlPY,3.7,70,,1.3972209,103.8729816,alan,B,0.43842,5,FALSE,
xi guo 喜锅 火锅&烤肉 bbq & hotpot,ChIJLSCwVB8X2jERd0Ze7awNfMk,4.4,88,,1.3968199,103.8729364,guo fu  pte ltd,A,0.82212,5,FALSE,
shu vegetarian,ChIJr3YApn4W2jERpOoDzsTM4HM,4.2,633,2,1.3968574,103.8729536,yi ping shu vegetarian pte. ltd.,B,0.9327,5,FALSE,
new taste 新食代 @ jalan kayu,ChIJ9dCiNt8X2jER5OWfcH_svP8,4.4,528,,1.396385,103.8729179,alan,B,0.6251,5,FALSE,
panda kitchen,ChIJfVu4T3wX2jERue7VlOSZI9A,,,,1.3960767,103.8728284,kitchen language pte. ltd.,A,0,,FALSE,
daya izakaya japanese,ChIJpZjQAAQX2jERpBAPeovphN4,4.2,389,2,1.3980449,103.8732893,misaki japanese restaurant pte. ltd.,A,0.16234,5,FALSE,
cafeela roti prata & seafood restaurant,ChIJea1VyX4W2jERKyC0xRbIH_0,3.3,199,,1.3980448,103.8732893,cafeela seafood restaurant llp,A,0.61496,5,FALSE,
rojak stall,ChIJ48gRtn4W2jER0jP-8Iml6Qw,4.5,2,,1.3977821,103.8732628,rojak empire pte. ltd.,B,0,0,FALSE,
blanco prawn noodle house,ChIJE40LGnwW2jERvwpbVFW2MAo,4,824,,1.3960874,103.8728846,blanco prawn noodle house pte ltd,A,0.39816,5,FALSE,
4fingers crispy chicken,ChIJee5FCAMX2jERKocEV8MUz3k,3.8,175,,1.3959389,103.8728541,liao fan hk soya sauce chicken rice & noodle (chinatown) pte. ltd.,A,0.284795,20,FALSE,
tsquared eats meal prep,ChIJA6ZFF9MZ2jERJiYgiVcmvfE,4.7,97,,1.3960271,103.8728947,epic eats llp,A,0.90776,5,FALSE,
tenderbest makcik tuckshop @ jalan kayu,ChIJu-jFlyMX2jER_jqClJuQQT8,3.8,291,2,1.3978581,103.8733814,practice tuckshop pte. ltd.,Unknown,0.74264,5,FALSE,
yisilan mala hot pot,ChIJycbcUwAX2jERZvW4aWa9fK4,4.6,16,,1.3978229,103.8733834,hot & spicy nasi lemak pte. ltd.,B,0.9212,5,FALSE,
habib's express,ChIJI-x_5AIX2jERIdt5STHpxzU,1.9,47,,1.3913936,103.8709559,seafood paradise (s) pte. ltd.,A,0.22582,14,FALSE,
l&m seafood sengkang,ChIJv5ozQQgX2jERGYnJ6WlR8iI,2.4,75,,1.3913936,103.870956,marina live seafood & steamboat pte ltd,B,0.02494,5,FALSE,
fatty bom bom,ChIJLcv_q2UX2jERg6oJfV980hM,2.7,159,,1.3913959,103.8709624,fatty weng restaurant pte ltd,B,0.45826,5,FALSE,
citarasa nasi padang,ChIJPwgiTwAX2jERte8ektlZGPs,2.7,10,,1.3913908,103.8709953,kampong ria nasi padang pte ltd,B,-0.23922,5,FALSE,
jia jia vegetarian (sengkang west) 佳佳素食 (盛港西),ChIJfQwnHz0X2jERDlWPJ4Qj37M,3.6,17,,1.3913879,103.8710335,jia wei healthy food pte. ltd.,A,0.1151,5,FALSE,
hua zai hong kong style roasted delight,ChIJv3lqgIkX2jERajl9GtSPInM,1.7,52,,1.3913577,103.8710127,eskimo delight pte. ltd.,A,0.15842,5,FALSE,
槟岛茶室 - penang heritage,ChIJhQtIviAX2jERhp14TF8fFlM,3.9,343,2,1.391548,103.8712234,heritage confectionaries private limited,Unknown,0.84464,5,FALSE,
ding ji,ChIJteC5wNoX2jERNAZomnF4WBc,1.8,57,,1.3913728,103.8711083,ding jianlin,B,0.050081667,58,FALSE,
subway,ChIJJ4D-iA0W2jER-5s-21RZTo4,4,550,2,1.3920641,103.8953455,subway harbourfront pte ltd,A,0.178081667,239,FALSE,
pastamania,ChIJJYYBC3QW2jEReWNu-avLtYM,4.8,2897,2,1.3969528,103.8872823,,Unknown,0.96576,10,FALSE,
kfc (compass one),ChIJJ4D-iA0W2jERaP9rlTiJ-Zo,4.4,2476,2,1.3920653,103.8953892,compass group (singapore) pte. ltd.,A,0.08196,5,FALSE,
paradise hotpot (compass one),ChIJXQO8jg0W2jERP7k-JxdFdBg,4.5,1961,2,1.3924366,103.8948898,royal one pte. ltd.,A,0.33648,5,FALSE,
yoshinoya - compass one,ChIJJ4D-iA0W2jER2of4_LMoMYo,3.2,161,2,1.3918049,103.8947126,one & presence holdings sg pte. ltd.,A,0.04054,5,FALSE,
starbucks - compass one,ChIJlT19iQ0W2jERMaXXPu9TPR8,3.9,574,2,1.3923969,103.8949151,starbucks coffee singapore pte. ltd.,A,0.7294,5,FALSE,
lenu chef’s wai noodle bar 樂牛私房面家 at compass one,ChIJS0DshQ0W2jERYQU_6-jDZ5U,4.5,731,2,1.3923474,103.8949211,seafood paradise (s) pte. ltd.,A,0.95728,5,FALSE,
pezzo @ compass one,ChIJ5VQUjw0W2jERcI33rTcYZ94,3.4,77,,1.3922567,103.8948939,compass group (singapore) pte. ltd.,A,0.09028,5,FALSE,
ya kun kaya toast (compass one),ChIJNSXmhw0W2jERsh5MH5ulzbM,3.6,516,1,1.3918839,103.8948472,royal one pte. ltd.,A,0.67516,5,FALSE,
eastern rice dumpling,ChIJgbuahQ0W2jERZj5zfxTBHLY,2.5,11,,1.3922158,103.8950459,eastern rice dumpling pte. ltd.,A,0.23346,15,FALSE,
carona fast food pte. ltd.,ChIJXQO8jg0W2jERhcVttPEMq0Q,,,,1.3922141,103.8951203,carona fast food,A,0,,FALSE,
penang culture | all-day buffet | halal certified | compassone,ChIJlT19iQ0W2jERlRjDm-Fx-kc,4.5,1751,2,1.3922054,103.8954074,high society culture pte. ltd.,A,0.96482,5,FALSE,
encik tan,ChIJD4fddRIW2jERHiZ7rqsJVo0,3.7,679,1,1.3917881,103.8952132,tan coon tio tony,A,0.231462162,36,FALSE,
canton paradise 樂天小香港 at compass one,ChIJvaWihQ0W2jERX_gryBqQ6sE,4.2,1134,2,1.3921016,103.8953804,canton paradise pte. ltd.,A,0.94232,5,FALSE,
mr bean,ChIJxUYDdBIW2jERvjTD4fa4nwU,3.5,216,1,1.3916115,103.895204,mr bean international pte. ltd.,A,0.54384,5,FALSE,
shell,ChIJlxrPphIW2jER4CSB-wpy06w,4.1,200,2,1.391442,103.892757,,Unknown,0.194250769,65,FALSE,
家家好 traditional roasted,ChIJgxf5mqkX2jERcLc76AJJFrk,,,,1.397891,103.8815589,guan chee hong kong roasted duck pte. ltd.,A,0,,FALSE,
mentai-ya japanese cuisine @ sengkang,ChIJO-SBLm4X2jERIxE_3XNOw6o,3.9,97,,1.3977563,103.8817315,ya kun cafe pte. ltd.,A,0.96816,5,FALSE,
gahe traditional korean cuisine,ChIJ-Rt5R04X2jERtYj0o2cVKfU,4.5,322,,1.397709,103.8817858,zap cuisine pte. ltd.,A,0.93616,5,FALSE,
song huat fishball noodle,ChIJFS-PDwgX2jERWjyNcvFxAnY,4.3,18,,1.3977636,103.8818643,tan song chee,Unknown,0.5486,5,FALSE,
lala story claypot,ChIJCVKWpmoX2jERzyd51JbtlmI,4.7,186,,1.3977117,103.8818401,geylang claypot private limited,Unknown,0.91042,5,FALSE,
jin sheng mixed veg rice • porridge,ChIJE8XwYAAX2jERxwii9cUNxik,,,,1.3981504,103.8766551,lee wei sheng,B,0,,FALSE,
qun fang noodle house,ChIJF-LOjJIX2jEReIFttJdmY0E,4.5,24,,1.3960474,103.878607,yu kee duck and noodle house pte. ltd.,A,0.62274,5,FALSE,
"fernvale village, the badminton village",ChIJ7xbIGwAX2jER3JC6b516TWw,4.2,60,,1.3960474,103.878607,the flying bread pte ltd,B,0.95654,5,FALSE,
de'salad,ChIJMySF3QcX2jER3gzYl7pEVtM,4.9,59,,1.3960473,103.878607,pimp my salad pte. ltd.,A,0.62188,5,FALSE,
komala’s restaurants @ sengkang,ChIJxdBWLwAX2jERPoq_AZGZUi4,3.3,11,,1.3960473,103.878607,s connexion pte ltd,A,0.00468,5,FALSE,
guo chang mala xiang guo,ChIJnbYlSgAX2jERuHuyhauylt0,,,,1.3981072,103.8761078,chang cheng food & beverage pte. ltd.,A,0.46948,5,FALSE,
jkc japanese & korean cuisine,ChIJcWHIXwAX2jER0AUVyDfgF5k,3,1,,1.3981642,103.8760768,imperial treasure cantonese cuisine pte. ltd.,A,0.552,1,FALSE,
combo nasi lemak,ChIJV5USVgAX2jERWPiCYwfBwyk,3,2,,1.3981438,103.8760844,kampong ria nasi padang pte ltd,B,0.8398,2,FALSE,
yuan ji chicken rice,ChIJuQkyOwAX2jERz34tHumxAsg,4.7,3,,1.3980039,103.8761236,texas chicken restaurant pte. ltd.,A,0.23965,8,FALSE,
jws grille factory,ChIJw8hMfAAX2jER3rTNghLTrqY,3.2,6,,1.3980399,103.8760955,french food factory pte ltd,A,0.17244,5,FALSE,
tenderbest makcik tuckshop @ sengkang riverside park (no reservations only walk-ins),ChIJDUaCpCgX2jEResQ5FtpUra8,4.1,344,2,1.3982693,103.8842681,only food @ sg pte. ltd.,A,0.73248,5,FALSE,
délifrance sengkang west way,ChIJk8Eq-G0X2jERuKff20DaASU,4.5,2,2,1.3953394,103.8801973,chua siang way,B,0.4797,1,FALSE,
26 home dining,ChIJM4Cog6cX2jER1g4af66ZOgw,5,6,,1.3975841,103.875987,ycp dining singapore pte. ltd.,A,0.90804,5,FALSE,
homemade jia chang cai,ChIJ108Ln3kX2jERCd4zEy9Bebw,,,,1.3958226,103.8776472,chang cheng food & beverage pte. ltd.,A,0,,FALSE,
shake salad,ChIJecXaRMAX2jERcrRWdQIU0fU,1.6,5,,1.3951596,103.8810797,pimp my salad pte. ltd.,A,0.0267,3,FALSE,
king of fried rice,ChIJVyZsKQAX2jERi_DuOywNpb8,4.7,189,,1.394934,103.8775152,burger king singapore pte. ltd.,A,0.30316,10,FALSE,
ali's fry and grill,ChIJDeNUTwAX2jER4QMBwg0RHyY,3.5,2,,1.3948466,103.8774952,seafood paradise (s) pte. ltd.,A,0.2436,1,FALSE,
xing le xing hainanese chicken rice,ChIJx8vcOwAX2jERl9JlU5pf5xs,5,3,,1.3948466,103.8774952,le sen pte. ltd.,A,0.3902,2,FALSE,
maruhachi donburi & curry,ChIJYTA_9CwX2jERrp2ynSbCavs,4.4,114,,1.3948466,103.8774952,lau di fang scissors-cut curry rice pte. ltd.,A,0.88656,5,FALSE,
cold flings,ChIJy7NVFfUX2jER-95sFqQL9MM,4.3,397,,1.396454,103.8754109,cold storage singapore (1983) pte ltd,A,0.968,5,FALSE,
the ledang urban retreat: relax. restore. revel,ChIJdZqvdLxz2jERWdTNmFImqNk,4.3,47,,1.422411,103.613862,the flying bread pte ltd,B,0.6895,5,FALSE,
subway,ChIJhaiCWpQL2jERaD5bcCxRMHg,3.6,192,2,1.4245836,103.6167759,subway harbourfront pte ltd,A,0.178081667,239,FALSE,
lwl seafood restaurant (龙记海鲜煮炒),ChIJ57arLQAL2jERH7ALMuiiqWg,4.6,18,,1.4198077,103.5940938,imperial treasure fine dining restaurant pte. ltd.,A,0.70474,5,FALSE,
restoran tomyam fatihah zahra,ChIJkdMofAAL2jERm2ztGI_Mn7A,4.3,23,,1.4197327,103.5940073,,Unknown,0.63524,5,FALSE,
dulang kampung,ChIJd-wgCGUL2jERRrc-B0hqGi0,4.1,24,,1.4195016,103.5938467,aroma kampung pte ltd,B,0.58978,5,FALSE,
official street burger,ChIJPbgYKAAL2jER0lIF0ybDONc,,,,1.4199381,103.5936525,hong kong street old chun kee pte. ltd.,B,0,,FALSE,
masarap jb aspira square,ChIJkVKjyUdz2jER0mT76JZaQ_0,4.1,235,,1.4199163,103.5936201,epicurean concepts marina square pte. ltd.,A,0.86436,5,FALSE,
nasi lemak mama nira johor bahru,ChIJgyaRNrQL2jERuPAyCNNgMlY,4.7,10,,1.4200393,103.5933709,mama mart pte ltd,Unknown,0.71578,5,FALSE,
ayam potong aspira,ChIJ6WbTn6oL2jERxCOlTHWh7PE,,,,1.4201357,103.5933643,ngt confectionary (potong pasir) pte. ltd.,B,0,,FALSE,
san makanan laut tomyum su restoran,ChIJpQAFWwAL2jERp0GpNR_4OpA,2,44,,1.419575,103.5931589,curry san pte. ltd.,A,0.0153,5,FALSE,
satay bp,ChIJhX6v5t8L2jERolI_6kPl1-M,4.8,6,,1.4197769,103.5930129,satay by the bay pte. ltd.,Unknown,0.3067,5,FALSE,
nz fam barbeque & steamboat,ChIJcWIoawAL2jERnHys0trX3Zc,4.8,363,,1.4192309,103.5930076,chuan yang ji mutton soup steamboat pte. ltd.,B,0.8663,5,FALSE,
restoran di simpang selera rosanis,ChIJVf4Gl28L2jER4l1eHjWfdZo,4.6,23,,1.420289,103.5928343,di yi f&b pte. ltd.,B,0.83302,5,FALSE,
akrd restoran 24hours,ChIJaeUGH-kL2jERtSjRmF1NEbc,4.3,58,,1.4194726,103.5926618,,Unknown,0.63998,5,FALSE,
the jetty,ChIJB8Pwjy4L2jERKed2B3fNA-I,4.8,92,,1.4199296,103.5924743,the exchange asia square pte ltd,A,0.9138,5,FALSE,
yummy palace sdn bhd,ChIJPyahqlEL2jERk8u3OLOlcGY,,,,1.4306115,103.6112929,yan palace restaurant holdings pte ltd,B,0,,FALSE,
jardin cafe,ChIJZ_FpOgAL2jERhd4b2H12d8w,4.7,237,,1.422256,103.6165633,bru cafe pte. ltd.,A,0.98096,5,FALSE,
big tree restaurant,ChIJTYpvGaYL2jERxOtHcYzeJQk,,,,1.4368062,103.6020502,texas chicken restaurant pte. ltd.,A,0,,FALSE,
kedai makan hamzah,ChIJ1Q1xGaYL2jERe7S4CgIws_I,4.3,3,,1.436825,103.6020571,muhammad rohaizzatd bin hamzah,Unknown,0,1,FALSE,
gerai minuman gp,ChIJi4eUGaYL2jER6rjL7pT-MGM,,,,1.436832,103.602168,,Unknown,0,,FALSE,
crystal house restaurant,ChIJEQagGaYL2jERzhTq1Rc_cE4,5,1,,1.436851,103.60209,yu kee duck and noodle house pte. ltd.,A,0,0,FALSE,
pizza hut anjung nusajaya,ChIJ_76w9fgL2jERdxGJ75lyHi8,4.1,290,2,1.4247377,103.616446,tea hut pte. ltd.,A,0.63714,5,FALSE,
kafe selebriti,ChIJ1w9LJgAL2jERDLFz2krhmlU,4.4,67,,1.4247557,103.6165361,mary's kafe by mary gomes private limited,A,0.90276,5,FALSE,
satay renjis,ChIJV_-vim0L2jERKzCq4u_hdRk,3.8,4,,1.424624,103.6168308,satay by the bay pte. ltd.,Unknown,0.524775,4,FALSE,
burger king medini mall,ChIJh6We_ogL2jERm4FgSdtM4KM,3,198,2,1.427621,103.632314,seah king ming,A,-0.3438,5,FALSE,
the chicken rice shop,ChIJ-S5MBIwL2jERWpThFvnf4YE,3.5,281,2,1.427904,103.6325378,the exchange asia square pte ltd,A,0.14,5,FALSE,
kfc medini mall,ChIJTyocH4wL2jER9O0mo-J4-tk,3,447,2,1.4279045,103.6323418,subs at hougang mall pte. ltd.,A,-0.30338,5,FALSE,
subway,ChIJTYpKGokL2jERD4R4YtYUlTo,3.5,107,2,1.4280835,103.632459,subway harbourfront pte ltd,A,0.178081667,239,FALSE,
secret recipe,ChIJ-TG9qYkL2jERhjS3rb7KJVw,3.2,265,2,1.4282772,103.6331125,secret recipe international pte. ltd.,A,0.500106667,15,FALSE,
o'briens irish sandwich cafe @ gleneagles medini hospital,ChIJ0QOi74kL2jER38suRzQ2w6k,4.1,56,,1.4268041,103.6357656,the sandwich shop pte. ltd.,A,0.31326,5,FALSE,
dapur perancis,ChIJzZD41FsL2jERUNZmk7wrJTI,4.8,150,,1.4171733,103.6219198,,Unknown,0.85038,5,FALSE,
restoran al falah jb ( nasi kandar mamu ar),ChIJgaNtFFgL2jERC72-iHyi0j4,3.7,591,2,1.4173366,103.6225333,al brothers pte ltd,Unknown,0.572,5,FALSE,
kaya nanyang kopitiam,ChIJc23XjzkL2jERE9Q-7r7T0w4,4.8,524,,1.4167213,103.6218071,ya kun kaya toast coffeestall since 1944 pte. ltd.,B,0.84986,5,FALSE,
klasik kopitiam,ChIJuxdO2qcL2jERhhjD0Ws4l9k,4.5,164,,1.4164451,103.621342,kopitiam investment pte ltd,B,0.83672,5,FALSE,
tok mazz dessert,ChIJm1DjDU0L2jERqb05OJCThDo,5,1,,1.4165387,103.6216486,sheng kee dessert pte. ltd.,A,0,0,FALSE,
kueh bakor cafe by sugarbake,ChIJPYMwdQAL2jERlPfmeiyiL38,3.7,238,,1.4169212,103.6223973,bru cafe pte. ltd.,A,0.78704,5,FALSE,
ayam penyet banjir bandar medini(legoland ),ChIJ_XjW980L2jERLeJcSJyKG6M,4.2,109,,1.4168013,103.6223717,penyet king pte. ltd.,A,0.86686,5,FALSE,
nenda plates cafe,ChIJd1VLyfUT2jERREsEemdVhyM,4.3,216,2,1.4166671,103.622339,hanis cafe & bakery pte. ltd.,A,0.87656,5,FALSE,
richeese factory,ChIJZTrHTAAL2jERYR8xX2zDgYY,4.4,209,,1.4165183,103.6222962,french food factory pte ltd,A,0.87062,5,FALSE,
mexi-canz,ChIJY5_uprUL2jERKjv-AZ902pI,4.4,40,,1.4158657,103.6221964,,Unknown,0.9712,5,FALSE,
eat,ChIJEVnGVQAL2jERKmLyO5zgreo,4.5,4,,1.4206079,103.6256288,empire eats pte. limited,A,0.51965,4,FALSE,
川香百味楼,ChIJQXcMwOoL2jERcQzL-Hl5y14,2.7,12,,1.419064,103.6262304,,Unknown,-0.34858,5,FALSE,
joy & chill station,ChIJ4-MPdwAL2jERxJfs8LO3vkI,4.6,19,,1.4184652,103.6261531,joy garden restaurant pte. ltd.,A,0.7418,5,FALSE,
selera kasturi enterprise,ChIJ8Rq2AgAL2jER6JD-I0mSUQQ,,,,1.4182662,103.6262656,lam's (singapore) culinary enterprise pte. ltd.,A,0,,FALSE,
百越 bach viet vietnamese cuisine (medini),ChIJowrYJ_IL2jERl_Fy2vdM618,4.6,75,,1.4174273,103.6261009,shivshil cuisine pte. ltd.,A,0.68582,5,FALSE,
hansot lunchbox,ChIJx3aTk2kL2jERI3iZlOcQgOY,5,1,,1.4176339,103.62619,,Unknown,0.4927,1,FALSE,
restoran teh hao kee 豪记茶餐室,ChIJK9Me6kAL2jERdxYq_h5iv44,5,6,,1.4217836,103.6289254,wa kee pte. ltd.,Unknown,0.55428,5,FALSE,
erna cafe,ChIJDR5fObAL2jERUsrwznOxKBs,5,1,,1.421916,103.6289709,bru cafe pte. ltd.,A,0,0,FALSE,
"r dining's, ramada hotel meridin medini",ChIJ09Jkwp4L2jERpHnHEfkDEqY,3.9,11,,1.4214218,103.6295988,s&n international pte. ltd.,A,0.38892,4,FALSE,
delish restaurant,ChIJOxMFzs8L2jERGclRKFdqkQA,4,13,,1.4216022,103.6298403,texas chicken restaurant pte. ltd.,A,0.26334,5,FALSE,
mr. best chicken,ChIJv4cdDAIL2jER3dnAxykSJ4A,5,3,,1.4214101,103.6298704,texas chicken restaurant pte. ltd.,A,0.887666667,3,FALSE,
pizza mania,ChIJC8zJUKwL2jERsxoRxGbzwbg,2.9,45,,1.4267475,103.6273679,extra virgin pizza pte. ltd.,A,0.4699,5,FALSE,
twenty four,ChIJI2PmCG0L2jERiEKDhM_SE6k,,,,1.4139566,103.628199,four seasons durians pte ltd,B,0,,FALSE,
al arabi restaurant,ChIJe0D_1zML2jERxvqfdb7S8Ks,4.9,14,,1.4216309,103.6301322,texas chicken restaurant pte. ltd.,A,0.90788,5,FALSE,
kebab hut,ChIJodo3lyQL2jERCCwrTuegNbE,4.1,39,,1.4215244,103.6301792,old tea hut (marina bay) pte. ltd.,A,0.74444,5,FALSE,
king's grill,ChIJiSfm8QkL2jERfqwomG3n6io,3.6,10,,1.4257653,103.6286911,seafood paradise (s) pte. ltd.,A,0.60138,5,FALSE,
tasty king @medini 7,ChIJyQnrPgAL2jERcFA-Lvcceyk,3,2,,1.4135634,103.6283142,burger king singapore pte. ltd.,A,0.0849,2,FALSE,
burger junction,ChIJHW1wLsQL2jERjvLbJSySzCc,2.8,24,,1.4275162,103.6282974,burger king singapore pte. ltd.,A,-0.33228,5,FALSE,
asian deli,ChIJLaKnH6kL2jER7fjR2I287EI,3.8,10,,1.4263707,103.6301183,bibi asian delights pte. ltd.,A,0.84704,5,FALSE,
mcdonald's educity jb dt,ChIJN-Y6JP0L2jER2hINWKLNdqk,3.8,2312,2,1.4317647,103.6168667,lam's (singapore) culinary enterprise pte. ltd.,A,0.2518,5,FALSE,
assalam the kedai mamak,ChIJO6fwJuML2jER4R54DLQ6w6U,4,547,2,1.4320742,103.6171211,the coffee bean & tea leaf (singapore) pte ltd,A,0.64332,5,FALSE,
beach grill,ChIJXxBexJwL2jERJJ2brtnPJhk,4.3,4,,1.4253726,103.6313,palm beach seafood restaurant pte ltd,A,0.71805,4,FALSE,
market restaurant,ChIJVa0KcxsL2jERkMpeXJ7ZS_k,3.9,42,,1.4282662,103.6296666,texas chicken restaurant pte. ltd.,A,0.84178,5,FALSE,
the cafe,ChIJE-yWsycL2jER_COrZOdYV78,3.7,15,,1.4272265,103.6310285,the cafe lobby (hf) pte. ltd.,B,0.67082,5,FALSE,
chang master durian (legoland),ChIJOUH9gr8L2jERKZ2g7p6pweo,4.8,50,,1.4264394,103.6318835,chang seng tak,B,0.91268,5,FALSE,
di mattoni,ChIJ07JoXYkL2jERSE_gONBj_y4,4.3,110,,1.426809,103.6318817,lau di fang scissors-cut curry rice pte. ltd.,A,0.86706,5,FALSE,
restoran rumah,ChIJVwwNrXAN2jERmHmxUwLrVTY,,,,1.4206239,103.6383753,xiang tian restoran pte. ltd.,Unknown,0,,FALSE,
restaurant vindaloo,ChIJiT87EQAN2jERSz8kMAtdp9A,4.7,463,,1.419484,103.6357867,texas chicken restaurant pte. ltd.,A,0.62004,5,FALSE,
锦亦轩中餐厅 - jin yi xuan restaurant sdn bhd,ChIJoTlBsL0L2jERQPj7oa0SNbo,4.6,34,,1.4196196,103.6356041,mouth restaurant pte ltd,A,0.69394,5,FALSE,
h gourmet gleneagles medini,ChIJB59RcdYL2jER43RaM8BOrhI,4.5,8,,1.4267234,103.6360837,h reserve pte ltd,Unknown,0.60768,5,FALSE,
terrace by gleneagles,ChIJJ_1D_7kL2jER5IAMB9_bBxE,3.7,204,,1.4268712,103.6363027,the soul kitchen by big d pte. ltd.,A,0.45804,5,FALSE,
nickelodeon restoran,ChIJORp4cgAL2jERE2QMYPBkqJA,,,,1.4267009,103.6357542,,Unknown,0,,FALSE,
cafe dapur indah,ChIJJyjMPHIN2jERFcQJWK19_7Q,5,2,,1.422245,103.648257,hanis cafe & bakery pte. ltd.,A,0,1,FALSE,
awesome fastfood,ChIJO9RCQMUL2jERz_X7mTNKitc,3.6,10,,1.427354,103.634833,awesome delicious pte ltd,A,-0.0628,5,FALSE,
medini city burger,ChIJOaZ3WwAN2jERJQoHOAtGND4,5,20,,1.4280154,103.635608,burger king singapore pte. ltd.,A,0.7349,5,FALSE,
s.wine deli,ChIJlaS27i4L2jERnOjMmb7mVpM,4.3,24,,1.4273954,103.6330441,seafood paradise (s) pte. ltd.,A,0.93966,5,FALSE,
the grocer's kitchen,ChIJLXEPQ8YL2jERnVd8ioDRfWs,3,52,,1.4278058,103.6332527,the exchange asia square pte ltd,A,0.57134,5,FALSE,
1980 glowland cafe - mall of medini,ChIJK5yqc1gL2jERr_YoUdO6Z3A,4.8,86,,1.4275124,103.6328872,bru cafe pte. ltd.,A,0.91284,5,FALSE,
hiss hiss bar,ChIJy72ChDoL2jER6ndMbLfLrvo,5,3,,1.4282668,103.6337,j c tapas bar pte. ltd.,A,0.9435,3,FALSE,
lemora thai cuisine (mall of medini),ChIJ71XvIBcL2jER4dvKBjGO5mA,4.7,80,,1.4282841,103.6336452,thai affair pte. ltd.,A,0.9032,5,FALSE,
faaz bistro,ChIJqxDvTwAN2jERoAcj_QQNFnk,2.6,144,,1.4285041,103.6338029,26@marina bar & bistro pte ltd,B,0.37164,5,FALSE,
bricks family restaurant,ChIJHQf8QokL2jERnnMGakLOzJE,4,233,,1.4270284,103.6317714,hyangtogol (korean restaurant) pte. ltd.,A,0.84148,5,FALSE,
re:pure taufufa 純粹豆花 - medini mall,ChIJ9xKt2QgL2jERGeTuoVBPgcQ,5,8,,1.4289117,103.6334561,hotel re! pte. ltd.,A,0.40738,5,FALSE,
shihlin taiwan street food,ChIJ9eA2GYwL2jERnpCHQk5JX8w,3.6,39,,1.4290229,103.6331061,aston food & beverage specialties pte ltd,A,0.59983,10,FALSE,
teratak dataran mahkota cafe,ChIJU0gynf8N2jERJFu3ZwgnrIA,4,13,,1.4212124,103.6513469,bru cafe pte. ltd.,A,0.47378,4,FALSE,
de' routes town cafe,ChIJ9fazrCgN2jER5bvAsfsMqv8,4.9,38,,1.4172095,103.6518806,sarika connoisseur cafe pte ltd,A,0.9016,5,FALSE,
nom nom nation,ChIJX5NdsD0L2jER9d-cf38uaJY,,,,1.4311611,103.6347114,,Unknown,0,,FALSE,
myung ga 春日,ChIJqY6JEAAN2jERfY5RLV4EWg4,4.8,364,,1.4169119,103.652085,han ga wi pte. ltd.,B,0.98772,5,FALSE,
crispy crown,ChIJ7QPgnR8N2jERNdVj4HRjXxk,4.7,20,,1.4165233,103.6522361,crown coffee pte. ltd.,A,0.82764,5,FALSE,
jeju almas bbq sdn.bhd,ChIJqx8tW6gN2jERqrlEevzihlk,4.8,709,,1.4165567,103.6522747,tenderfresh fried & bbq chicken pte ltd,A,0.9138,5,FALSE,
caribbean juice bar,ChIJpd_oLFQN2jERYxobSeLJTm8,4.7,111,,1.4209542,103.6577249,26@marina bar & bistro pte ltd,B,0.963,5,FALSE,
rockafellers puteri harbour,ChIJgxfiK7sN2jERON9v06Tr13o,4.9,630,,1.4178644,103.6569238,,Unknown,0.94026,5,FALSE,
restoran tkr,ChIJX2Os2k4N2jERb_I1m9hM_LQ,3.9,630,2,1.4179096,103.6559829,xiang tian restoran pte. ltd.,Unknown,0.51908,5,FALSE,
restoran arab zaatar,ChIJNQs4C9wN2jER0JmWfSlhfH8,4.8,1277,2,1.4178688,103.6560042,,Unknown,0.8694,5,FALSE,
indonesian sukaria restaurant,ChIJzbc0GQAN2jER6J-6vaNUpUo,,,,1.4178795,103.6559186,imperial treasure fine dining restaurant pte. ltd.,A,0,,FALSE,
jwd mee tarik@puteri harbour,ChIJDzOcqLsN2jERrnOfK2gwvdc,4.5,183,,1.418102,103.6556273,ling chui mee,B,0.38548,5,FALSE,
bistro marina,ChIJG4n5Vl0N2jERnhmbGtkZb7A,4.8,82,,1.417494,103.6552919,rina,A,0.94004,5,FALSE,
中国穆斯林自助火锅bufet stimbot maksnan cina musilim,ChIJ-YICXgAN2jER9qj4X_qw7i4,5,1,,1.4180357,103.6549943,,Unknown,0.9359,1,FALSE,
mala panda hotpot,ChIJpcU-MQAN2jER2MHQp1rf5W8,,,,1.4180357,103.6549943,chicken hotpot (s) pte. ltd.,A,0,,FALSE,
the veil,ChIJbeb8gLEN2jER4XoaTMbIvn0,4.3,396,,1.4223488,103.6676467,the exchange asia square pte ltd,A,0.79972,5,FALSE,
warung asam pedas cik siah simpang 3,ChIJl9-VE-4N2jER1DpH8hF8aC0,4.5,36,,1.4292123,103.6643288,tower 3 pte. ltd.,A,0.62044,5,FALSE,
fauzia muslim delight,ChIJR9kFNAAN2jERSZaLn_7-mSw,4.9,11,,1.4198661,103.6976565,julaiha muslim restaurant pte ltd,B,0.53672,5,FALSE,
bollywood farms pte ltd,ChIJ05NMhO0N2jERKBZ8XnUBay8,4.3,1737,2,1.4184872,103.7165168,cold storage singapore (1983) pte ltd,A,0.9714,5,FALSE,
instachef at sungei gedong camp (restricted access),ChIJx3Iz5zEN2jERSrqRg1c2YgA,,,,1.4192423,103.6981001,sun at food singapore pte. ltd.,A,0,,FALSE,
burger inc. sg,ChIJUx1FNuEN2jERhm3sbHywgrk,,,,1.4198284,103.7187067,providence sg pte. ltd.,A,0,,FALSE,
the hidden bar and bistro @kranji gallop,ChIJ8xyKDXMN2jERX05995tpBUU,5,13,,1.4192892,103.7183578,the flying bread pte ltd,B,0.9148,5,FALSE,
nsrcc fairway bistro,ChIJRfz1cIoN2jERw5NmVD3e-Bw,3.8,84,,1.4246826,103.7286987,26@marina bar & bistro pte ltd,B,-0.22466,5,FALSE,
favourite eatery,ChIJUffq_hIS2jERsvLGVHubdDM,4.2,91,,1.41882,103.7431364,refuel cafe & eatery pte ltd,A,0.17914,5,FALSE,
hoe kee teik coffeeshop,ChIJTX7DHlsT2jERXMaZyzUSdzI,4.5,6,,1.4185644,103.7437748,yu kee duck and noodle house pte. ltd.,A,0.46034,4,FALSE,
the happy cafe,ChIJ7d53eCgT2jERlcihQl7GyqI,4.2,102,,1.4128517,103.7458638,the exchange asia square pte ltd,A,0.60402,5,FALSE,
lucky cuisine,ChIJzzZq0fsT2jERL_zYQPRvndo,3.3,51,,1.4128517,103.7458638,imperial treasure cantonese cuisine pte. ltd.,A,0.7557,5,FALSE,
"sheng ji shao la (roasted duck, pork and char siew rice)",ChIJ41sk6GoS2jERi78u0cKExMY,4.2,64,1,1.4127892,103.7465478,seah siew eng,B,0.87034,5,FALSE,
pasirusi restaurant,ChIJaXAgm7AT2jERvKWqEz24HxM,5,3,,1.4127717,103.7475233,texas chicken restaurant pte. ltd.,A,0.075433333,1,FALSE,
jai raja's kitchen pasi rusi,ChIJBVQPBtsT2jEROJljQ_blnm4,3.4,5,,1.4126215,103.7476258,lam's (singapore) culinary enterprise pte. ltd.,A,0.12882,3,FALSE,
suria nasi padang,ChIJbWmzPZEb2jERgSBxT9tbEcU,,,,1.4126126,103.7477989,kampong ria nasi padang pte ltd,B,0,,FALSE,
indian chinese canteen,ChIJb8pGOAAT2jERDDa8Rc-s87I,,,,1.4265921,103.7495587,taj authentic indian cuisine pte ltd,B,0,,FALSE,
zui xian lou restaurant,ChIJ2-R82FgT2jER0-yMaZHidmU,4.4,34,,1.4082509,103.7427632,misaki japanese restaurant pte. ltd.,A,0.52468,5,FALSE,
alcoholnowsg beer vending,ChIJOVU2bKkT2jERl9wdqpPHKL8,,,,1.4322877,103.7481957,almost famous craft beer bar (pte. ltd.),Unknown,0,,FALSE,
hss,ChIJZ0tuHmQS2jER8W_e-toH99c,5,2,,1.4341666,103.7459035,,Unknown,0.3528,1,FALSE,
sheng yuan coffeeshop @ kranji,ChIJAwAARV0S2jER8_9uApD3osE,2.9,21,,1.4308547,103.7522136,lee wei sheng,B,0.22324,5,FALSE,
feedme by gudsht,ChIJiYQjjvER2jERWtbgzo3yPKo,4.9,14,,1.430726,103.7527495,makan by the bay pte ltd,B,0.82516,5,FALSE,
pourhouse bistro,ChIJc-DroKET2jER0RMfNA8v2sg,4.6,39,,1.430726,103.7527495,26@marina bar & bistro pte ltd,B,0.83018,5,FALSE,
syafh's kitchen,ChIJN0M-VWET2jERxWeL445csaw,4,5,,1.4310105,103.7529932,seafood paradise (s) pte. ltd.,A,0.66416,5,FALSE,
ding ji,ChIJkQPWX00S2jERLd0sdsa2IhY,2.4,14,1,1.4298927,103.7737696,ding jianlin,B,0.050081667,58,FALSE,
cheval cafe bar bistro,ChIJde_Sl0kS2jERbyHYOmhy2u0,4.3,829,2,1.4281829,103.7674324,porters restaurant bar private limited,A,0.93522,5,FALSE,
kunyit kedai,ChIJQQlsDUYS2jEReNkP6smvurc,1.7,47,,1.425249,103.762,,Unknown,0.00256,5,FALSE,
taste of harmony 百年好合盒包饭,ChIJCSAJ69cT2jERTf-_koo7sZU,2.4,12,,1.4254944,103.7621808,national university of singapore society,A,-0.28486,5,FALSE,
foo kim mon,ChIJ2VEji1wS2jER9X-68GzMs6I,,,,1.4324241,103.7565306,kim's place seafood restaurant pte. ltd.,A,0,,FALSE,
feng feng hainanese boneless chicken rice 豐豐海南起骨鸡饭,ChIJp7caXk0S2jERQrNysreBbIM,3.8,235,1,1.4299874,103.7736643,texas chicken restaurant pte. ltd.,A,0.8442,5,FALSE,
al asrin (indian muslim food),ChIJswOKbq4T2jERMKFDhN-sWSU,3.6,8,,1.4300402,103.7736415,quik food pte. ltd.,B,0.41818,4,FALSE,
luminous web design,ChIJVVWlYE0S2jERuP89jmpwmyA,,,,1.4298927,103.7737696,singapore university of technology and design,Unknown,0,,FALSE,
hup lee economic bee hoon,ChIJmXswnlIS2jER2NqV3cZWv1s,4.2,22,,1.4300111,103.7737059,lee poh keong,A,0.40088,5,FALSE,
xin wang xing seafood stall,ChIJmTsY7r0T2jERuFBz1FA7wNc,1.6,5,,1.4298462,103.7738464,wang cher chiang,A,-0.14614,4,FALSE,
304 mala hotpot xiang guo 麻辣香锅,ChIJveczDQAT2jERQzjqSh8SA04,4.2,6,,1.4300127,103.7737672,guo fu  pte ltd,A,0.37208,5,FALSE,
double k western food (halal) @ marsiling,ChIJ70PHzuwT2jER7xv1ahuc5Ng,4.6,79,,1.4299893,103.77386,mexican food corp pte. ltd.,A,0.86772,5,FALSE,
吉祥素小厨 vegetarian kitchen,ChIJSWXdiXAT2jERmU5IaozAcCA,4.3,10,,1.4298467,103.7745854,ci yan vegetarian health food pte ltd,C,0.61184,5,FALSE,
common grill @ 306 woodlands,ChIJdwkCrbIT2jERSCG5NAFe_Xk,3.9,361,2,1.4298467,103.7745854,bombay-woodlands restaurant private limited,B,0.1693,5,FALSE,
tanaka vegetarian food 田中素食 @ 兀兰,ChIJFTGOVk0S2jERICc7Xclvp90,4.5,189,1,1.4298467,103.7745854,taster food pte. ltd.,A,0.73392,5,FALSE,
ban mian fish soup,ChIJE7lbKm8T2jERFKhIDtOWa4s,4,3,,1.429848,103.7747026,soup restaurant singapore pte. ltd.,A,-0.033433333,3,FALSE,
marrybrown fuchun community club,ChIJs-ZuZwAT2jERt2Frccx96c0,,,,1.4295402,103.7749951,coffee club pte ltd,A,0,,FALSE,
snack puppers,ChIJVRctvFIS2jER5B6R4HsdeXs,,,,1.4309822,103.7740048,premjai snack food pte ltd,B,0,,FALSE,
songhua river dragon banquet house restaurant,ChIJ-676qVIS2jEROJTqdPfsls0,4,243,,1.4299072,103.7748405,restaurant majestic pte. ltd.,A,0.44208,5,FALSE,
dian xiao er (causeway point),ChIJ7eVXlqgT2jER7xJUcJKsNuI,4.8,983,2,1.4358117,103.7855345,yechun xiao jiang nan restaurant group pte. ltd.,A,0.91538,5,FALSE,
mcdonald's woodlands civic centre,ChIJIbifRP8S2jERpl2_4K-xjHk,3.9,1121,1,1.435152,103.787195,s connexion pte ltd,A,-0.11006,5,FALSE,
marsiling food house s11 coffee shop,ChIJZdE7U60T2jERcwsXdvPX8Y0,3.2,75,2,1.4314523,103.7740918,taster food pte. ltd.,A,0.32712,5,FALSE,
pizza hut,ChIJFTGOVk0S2jERZuJyWDq8i3g,4.3,430,2,1.4299098,103.7750222,pizza hut singapore pte ltd,A,0.586732,125,FALSE,
domino's pizza woodlands,ChIJd2cVtawT2jERMzKJ4BcjGmY,2.8,328,2,1.4336992,103.7753992,lam's (singapore) culinary enterprise pte. ltd.,A,-0.34748,5,FALSE,
citrus by the pool,ChIJ7xlFdKwT2jERXrseJIzS6tI,4.9,25469,2,1.4344838,103.7794848,citrus by the pool pte. ltd.,A,0.9792,5,FALSE,
pastamania - italian casual dining @ causeway point,ChIJ_QCRl6gT2jERBU3Rp_2ZQlI,4.5,2749,2,1.4357915,103.7854072,ycp dining singapore pte. ltd.,A,0.94618,5,FALSE,
swensen's @ causeway point,ChIJYWGKiKgT2jERcWXhSYXG704,4.4,3731,2,1.4356389,103.7857313,lam's (singapore) culinary enterprise pte. ltd.,A,0.59248,5,FALSE,
starbucks - woodlands civic centre,ChIJPfmWR_8S2jERjQFlnPixr0o,3.8,293,2,1.4350468,103.7867371,,Unknown,0.90506,5,FALSE,
yoshinoya causeway point,ChIJzdJAmqgT2jERrpXvJgdh9r4,3.1,171,2,1.4360933,103.7859471,railway old coffee food point (pte.) ltd.,Unknown,0.0071,5,FALSE,
shabu sai causeway point,ChIJV2UavagT2jERroQfc72wJ0M,4.1,511,2,1.4360684,103.7859059,poon sai chan,A,0.82078,5,FALSE,
dunkin' causeway point,ChIJJ3sAl6gT2jERrELFaR2ZoJE,4.8,242,,1.4360933,103.7859471,railway old coffee food point (pte.) ltd.,Unknown,0.88172,5,FALSE,
kfc,ChIJq6bvoqgT2jERZEWDFdr5UuQ,3.9,1308,2,1.4360182,103.7864265,,Unknown,0.207115238,105,FALSE,
the coffee bean and tea leaf - causeway point,ChIJ6RrqoqgT2jER2tZph-1Z72A,4,588,2,1.4361401,103.7862847,the flying bread pte ltd,B,0.0081,5,FALSE,
ho kee pau,ChIJXYErmqgT2jERr_jcqYtfr4s,2.2,19,,1.4362634,103.7862271,ho kee pau (singapore) pte. ltd.,A,-0.15168,20,FALSE,
dough culture,ChIJq6bvoqgT2jERGt3nTcK1Hjs,2.6,73,1,1.4362945,103.786248,dough culture pte. ltd.,A,0.515,5,FALSE,
lam's noodle & salt baked chicken @ causeway point,ChIJNYsVZKgZ2jERBLkr5C73Bs4,4.1,178,,1.4362312,103.7865859,seafood paradise (s) pte. ltd.,A,0.75966,5,FALSE,
争鲜gogo - woodlands xchange,ChIJZ29WfagT2jERta9S4MnMJoM,4.2,275,1,1.4366187,103.7861402,madras new woodlands restaurant pte. ltd.,A,-0.0703,5,FALSE,
qq rice - woodlands mrt,ChIJUTmI1KcT2jER7UjoHHWuilQ,3.3,43,,1.436708,103.7866218,lau di fang scissors-cut curry rice pte. ltd.,A,0.1785,5,FALSE,
burger king the woodgrove,ChIJ51RDP-YT2jERWo-3sIbuZ14,4.8,634,,1.4290631,103.7811294,the coffee bean & tea leaf (singapore) pte ltd,A,0.27772,5,FALSE,
subway,ChIJawmDBpsT2jERDetxYaD05tI,3.8,64,,1.4291508,103.7809916,subway harbourfront pte ltd,A,0.178081667,239,FALSE,
saizeriya - the woodgrove,ChIJgwJjPwAT2jERttVrdgQQ-bw,4.6,24,,1.4291151,103.7812781,the coffee bean & tea leaf (singapore) pte ltd,A,0.69464,5,FALSE,
wingstop the woodgrove,ChIJEZNxFwAT2jER1HM0yprNe9M,4,390,2,1.429175,103.78095,the coffee bean & tea leaf (singapore) pte ltd,A,0.69442,5,FALSE,
kfc,ChIJYxVIfB8T2jER7whqhx4KImE,3.9,246,2,1.4291794,103.7810782,,Unknown,0.207115238,105,FALSE,
al sana restaurant,ChIJwVoAEAAT2jERJ8L3Xiwlms4,3.2,135,,1.4292452,103.7815,texas chicken restaurant pte. ltd.,A,0.46506,5,FALSE,
top taste old trees durian,ChIJVyGRxrcT2jEReXS7oviXeWI,5,20,,1.4292977,103.7811477,heng xu (old chengdu) restaurant pte ltd,B,0.92072,5,FALSE,
tongue tip lanzhou beef noodles 舌尖尖 (the woodgrove),ChIJ9bemmdIT2jERTdtQYTdhsFA,4.1,44,,1.4292977,103.7811477,the exchange asia square pte ltd,A,0.4683,5,FALSE,
bkk bistro & bar - the woodgrove,ChIJI6CWPn8T2jERNA0VpdoxUeE,3.4,135,,1.4292977,103.7811477,gardens by the bay,A,-0.09254,5,FALSE,
full bowl 福饱,ChIJ0bvMgx0T2jERfgTE4SoKshI,5,1,,1.4292977,103.7811477,incense full pot pte ltd,C,0,0,FALSE,
boat noodles,ChIJ1VA8KAAT2jERLctrwIa0K88,,,,1.4293729,103.7812242,victory thai boat noodles pte. ltd.,A,0,,FALSE,
mcdonald's woodgrove,ChIJ016xoCAT2jER3IZc_HqGRp8,3.9,840,1,1.4295794,103.7813318,artemis fine foods a.s. pte ltd,A,-0.17042,5,FALSE,
jinnah's prata,ChIJ28Ht2RMT2jER9baA2XZiG7M,4.5,2,,1.4303892,103.7795866,seafood paradise (s) pte. ltd.,A,0.35015,1,FALSE,
ju feng wanton noodle,ChIJO6_6IQAT2jERl2aFRGBlZ7I,4.8,13,,1.4303741,103.7792876,yu kee duck and noodle house pte. ltd.,A,0.81016,5,FALSE,
fu jia japanese korean cuisine,ChIJz9PMKgAT2jERwL2LKj4352I,3.3,6,,1.4303821,103.7793596,guo fu  pte ltd,A,-0.12836,3,FALSE,
palapa express - woodlands,ChIJz0eyG7QT2jER6VBAjM4SBUo,4.7,101,,1.430393,103.779387,madras new woodlands restaurant pte. ltd.,A,0.6336,5,FALSE,
char siu lang woodlands ave 3,ChIJ70ehNxAT2jERiQ9VEL8APQo,4.1,41,,1.430393,103.779387,tower 3 pte. ltd.,A,0.55442,5,FALSE,
stt restaurant pte ltd,ChIJSzkpJQAT2jERCpQFTYuxlC0,4.3,6,,1.4303875,103.7792151,tv restaurant pte ltd,A,0.52462,3,FALSE,
aw's signature minced meat noodles,ChIJ97V4MQAT2jERsaGhQ4t3_e8,4.2,33,,1.4304371,103.7791783,s connexion pte ltd,A,0.72418,5,FALSE,
康荣手工包点,ChIJz-ECsjUT2jERWJce2J4dZ4E,4.6,11,,1.4304555,103.7792577,,Unknown,0.57974,5,FALSE,
881 xo sauce store,ChIJH6LlrLIT2jER8Jka4LAIeE0,4,4,,1.4297312,103.7753864,liao fan hk soya sauce chicken rice & noodle (chinatown) pte. ltd.,A,0.109,3,FALSE,
zhen xiang vegetarian @ 325 woodlands,ChIJZSr57K0T2jER9vGz_2-ktRg,4.1,107,,1.4308006,103.7793582,fu xiang f&b pte. ltd.,A,0.748,5,FALSE,
ah fang delicious cai fan,ChIJwXTxYwAT2jERDDi_FFSnW98,5,1,,1.4308218,103.7795682,lau di fang scissors-cut curry rice pte. ltd.,A,0.8313,1,FALSE,
johnson duck,ChIJ2UinHQAT2jEREyZmBJcqeew,2.3,18,,1.4308285,103.7796678,yu kee duck and noodle house pte. ltd.,A,-0.1679,5,FALSE,
bayshore seafood,ChIJAQBUi60T2jERvhSD9J7SMHM,2.8,10,,1.4308325,103.77973,seafood paradise (s) pte. ltd.,A,-0.03728,5,FALSE,
tai wah pork noodles (woodlands),ChIJTWh0BskT2jER00AKZjqiJMw,4.2,113,,1.4308338,103.7795987,ting yee wah,A,0.13894,5,FALSE,
lauk nek sam & siti,ChIJcUkYP8AT2jERoy6N13Ob7MY,4.2,6,,1.4308818,103.7797885,siti rohanah binti haji mohdar,Unknown,0.00238,4,FALSE,
青森県産牛肉ご飯 aomori gyudon,ChIJbRWwJQAT2jERDdcGtFQ0L1k,,,,1.4309653,103.7801462,,Unknown,0,,FALSE,
traditional handmade pau dian,ChIJF4ejWwAT2jERiAFcZAEkN4U,4.6,7,,1.429885,103.7752384,chan pau tee,B,0.47586,5,FALSE,
786 banana leaf,ChIJ82xg0u4T2jERNb-QL3wikh0,4.6,27,,1.4300547,103.7751675,the coffee bean & tea leaf (singapore) pte ltd,A,0.89236,5,FALSE,
ming li traditional handmade pau dim sum 明丽传统手工包点心,ChIJfyCWCwAT2jERbIVYLEEJ3U0,4.5,8,,1.4301978,103.775093,dim sum pte. ltd.,A,0.4443,5,FALSE,
alankar express,ChIJ0XlneQAT2jERElAxIUZJiTk,3,4,,1.4245934,103.7946525,alan,B,0.0813,3,FALSE,
nanyang chefs yong tau foo,ChIJLzmKFQAT2jERtpINNbI7zJc,,,,1.4246689,103.7946512,yong mei yee,A,0,,FALSE,
soup lodge,ChIJAzwvbwAT2jERmGlKswcJcOY,2,2,,1.4246598,103.7945968,the soup spoon pte ltd,A,0.0885,2,FALSE,
pin sin japanese & korean cuisine,ChIJ8X4IBwAT2jERnMGlKMXwGLI,2.7,3,,1.4245508,103.794498,shang pin pte. ltd.,A,-0.4152,2,FALSE,
jiak papa ban mian fish soup,ChIJ4cgqBwAT2jERmD8GrKxEmDo,2.5,2,,1.4247072,103.7946139,soup fair pte. ltd.,A,-0.03015,2,FALSE,
slurp express,ChIJj1xrNQAT2jERW3LvUTcWCSY,,,,1.4246675,103.7945309,sushi express group pte. ltd.,A,0,,FALSE,
qiu yuan mixed veg rice,ChIJeysLRwAT2jERXdZXVnG1vzM,1,1,,1.4247067,103.7945383,lau di fang scissors-cut curry rice pte. ltd.,A,0,1,FALSE,
saayang sayang indonesian nasi padang,ChIJ6UlNJgAT2jERjpYCNyn9zPU,1.8,4,,1.4247859,103.7945947,abc nasi kandar pte. ltd.,B,-0.216425,4,FALSE,
sunbo chicken rice,ChIJc81mYAAT2jERMJLSQ6kP4KY,3.8,4,,1.4247939,103.7945977,texas chicken restaurant pte. ltd.,A,0.162875,4,FALSE,
seabay delight,ChIJ8S9xAgAT2jERjT1UcyNx4Ik,1.7,7,,1.4247909,103.7945944,seabay delights pte ltd,A,0.32541,10,FALSE,
ofanz vegetarian and salad,ChIJIbu1RgAT2jERgEdG0xzBkog,4.3,13,,1.4247188,103.7944616,whiskit bakery and cafe private limited,Unknown,0.83162,5,FALSE,
old airport road wanton mee,ChIJMa4IPwAT2jERjAGZzUgDrLE,2.4,9,,1.4247128,103.7943989,xixiang kaya kopitiam (robinson road) pte. ltd.,A,-0.5313,5,FALSE,
makan empire by nasi lemak ayam taliwang,ChIJgYa2leQZ2jER2Qqi77H4WWg,4.7,517,,1.425021,103.7946395,empire eats pte. limited,A,0.50442,5,FALSE,
my saap saap thai,ChIJMU-5egAT2jERvENz_39ObNw,3.5,15,,1.42555,103.7945101,crystal jade my bread (tbp) pte. ltd.,Unknown,0.18078,5,FALSE,
elemen 元素,ChIJxS4H7hwT2jERBRdisyWBfUM,4.4,342,,1.4282523,103.7993501,elemen f&b pte. ltd.,A,0.92662,5,FALSE,
ok chicken rice & humfull laksa (wh),ChIJ04wCwu0T2jERegJBBuoxChs,4.8,443,,1.4284946,103.799284,liao fan hk soya sauce chicken rice & noodle (chinatown) pte. ltd.,A,0.8604,5,FALSE,
ironmian ban mian,ChIJ_QR0YIET2jERH6Nrf9A7JnI,3.7,3,,1.4284946,103.799284,jin de lai zhong hua la mian pte. ltd.,B,-0.310266667,3,FALSE,
mari mari seafood - woodlands koufu headquarters,ChIJ3eFCCI8T2jERQbpWsFkd6O8,4.4,217,,1.4285618,103.7994018,seafood paradise (s) pte. ltd.,A,0.5666,5,FALSE,
yummy sedap,ChIJ_8FCagAT2jER2XDO9sx_KUM,3.5,4,,1.4285792,103.7993465,yummy venture pte. ltd.,A,0.3494,4,FALSE,
subway,ChIJAWJ-JAAT2jERow6BGBPKQgg,,,,1.4258791,103.7917525,subway harbourfront pte ltd,A,0.178081667,239,FALSE,
instachef at twin fountains (restricted access),ChIJqeKBSaQT2jER4VD0Jv3EQqs,,,,1.4308926,103.7997497,sun at food singapore pte. ltd.,A,0,,FALSE,
kns restaurant,ChIJ-b2mGjgT2jERStYhYNjd0eU,3.3,498,2,1.427508,103.7920485,kns restaurant pte. ltd.,B,0.66546,10,FALSE,
ding ji teochew noodle,ChIJU_M4A5oT2jERFGbj0LRpdHY,2.7,29,,1.4309036,103.7987232,yu kee duck and noodle house pte. ltd.,A,0.42943,20,FALSE,
xiao bao 晓宝 / pig’s trotter rice,ChIJyUglaRcT2jERk7yJmbKJrBg,4.6,14,,1.4309541,103.7987849,s connexion pte ltd,A,0.87262,5,FALSE,
hua zai hk style roasted delight,ChIJ5XNRyGkT2jERHQ3JTBDpKDI,3.2,33,,1.4309529,103.7986632,sing hk pte ltd,B,0.72512,5,FALSE,
yes! nasi kukus,ChIJARS2RyoT2jERIS0GNC7NnmY,4.3,419,1,1.4309656,103.7987205,kampong ria nasi padang pte ltd,B,0.82174,5,FALSE,
amigo's woodlands drive 16,ChIJ_dbPlCMT2jERXMkHtzQhy-8,1.8,66,,1.4310337,103.7987432,lam's (singapore) culinary enterprise pte. ltd.,A,-0.11456,5,FALSE,
truffles ramu,ChIJ41RK4eUT2jERdY77ASa6F14,,,,1.4291186,103.7923306,,Unknown,0,,FALSE,
muslim food,ChIJW7MgQqMT2jERb0dT3coq-J8,3,2,,1.4304747,103.7941123,ho heng food & enterprise pte. ltd.,A,-0.42405,1,FALSE,
hong yu seafood (vista point),ChIJs1-WGAAT2jERUQCiW5F5rJo,,,,1.430554,103.79392,leyau yen hong,A,0,,FALSE,
pin wei hong kong style chee cheong fun,ChIJB1uZNQAT2jER8hw87TwyDGI,4.5,4,,1.4304636,103.7937399,chicky fun pte. ltd.,A,0.7224,4,FALSE,
super nasi lemak club,ChIJV4WkEQAT2jERTjoFz53xsmA,2.5,4,,1.4305487,103.7938124,republic plaza city club (singapore) pte ltd,A,0.5353,4,FALSE,
seng heng atas roasted delights,ChIJrYo5BwAT2jERoKakq_ow2d8,1.6,9,,1.4304966,103.7937023,ng heng,A,0.0101125,8,FALSE,
chicken & duck talk,ChIJ77kjcAAT2jERSJsRUsoxfb0,2.3,3,,1.4272683,103.7901274,texas chicken restaurant pte. ltd.,A,0.275866667,3,FALSE,
rindu rasa western,ChIJuyzTQQAT2jERzBKBDuNsYW0,3,9,,1.4305011,103.7936639,rasa rasa catering services pte. ltd.,Unknown,0.26352,5,FALSE,
kopitiam corner,ChIJeUW3T6MT2jERKjzwxj-gODg,2.4,75,1,1.4305266,103.7936646,kampong corner pte. ltd.,Unknown,-0.05286,5,FALSE,
jom! chicken rice,ChIJgzs7DQAT2jERTbjnPZwPYXc,3.4,8,,1.4305795,103.7937429,texas chicken restaurant pte. ltd.,A,0.32306,5,FALSE,
d'laila cuisine,ChIJG7E5MwAT2jERvU2SQXJpDv0,,,,1.430594,103.7936633,imperial treasure cantonese cuisine pte. ltd.,A,0,,FALSE,
malay food,ChIJW7MgQqMT2jERAYlFsyl5SNs,,,,1.4306182,103.7935703,cenderawasih malay food pte. ltd.,Unknown,0,,FALSE,
mcdonald's vista point,ChIJNWFtmXsT2jERS-EwB18u5Rs,3.8,605,1,1.4306343,103.7934851,lam's (singapore) culinary enterprise pte. ltd.,A,0.5621,5,FALSE,
subway,ChIJ8xYEo1sT2jERZXlrYaKiUws,3.2,32,,1.4307989,103.7937358,subway harbourfront pte ltd,A,0.178081667,239,FALSE,
vegetarian stall,ChIJPR_b6CUT2jERLkm-ZTV4TTU,2.8,5,,1.4312049,103.7943374,nature vegetarian (suntec) pte. ltd.,A,0.07112,5,FALSE,
famous chai chee fishball noodles (vista point),ChIJxVE3DQAT2jERIsBc6yIfLeg,3.5,4,,1.4312341,103.7943796,the noodles pte. ltd.,A,0.374,4,FALSE,
泰源麻辣香锅 thye guan fragrant hot pot,ChIJtZhOVwAT2jERRX3Pk9dph20,2,3,,1.4308983,103.7937339,ken seng guan,Unknown,0.0593,2,FALSE,
ong kee pig organ soup kway chap,ChIJW7MgQqMT2jERp-HB-xQjAT4,1.9,7,,1.4311733,103.7939058,soup fair pte. ltd.,A,0.01194,5,FALSE,
japanese cuisine,ChIJW7MgQqMT2jERWVLUeCXc3PU,2,2,,1.43111,103.79373,shinzo japanese cuisine pte ltd,A,-0.43745,1,FALSE,
fish & more seafood soup (鱼多多),ChIJW7MgQqMT2jERpL48f7zZY7I,3.2,21,,1.43111,103.79373,soup fair pte. ltd.,A,0.41166,5,FALSE,
chong ling chinese mixed rice,ChIJW7MgQqMT2jERjUW95KL4b_Y,2.6,5,,1.43111,103.79373,lau di fang scissors-cut curry rice pte. ltd.,A,-0.0768,5,FALSE,
green moms fried foods,ChIJi1ZNeQAT2jERV7vxzhG7Uh8,,,,1.431933,103.795211,nagayama foods singapore pte. ltd.,A,0,,FALSE,
nks indian muslim food,ChIJN7BbZAAT2jERGR1pZXu93YA,5,1,,1.4282477,103.7896972,ho heng food & enterprise pte. ltd.,A,-0.018916667,5,FALSE,
anusia ali indian muslim food,ChIJOU1zZAAT2jERS3xy-g2xPG4,4.1,14,,1.4303207,103.7910269,quik food pte. ltd.,B,0.28066,5,FALSE,
puddin it up,ChIJrz1KXQAT2jERuRTOPZG7uzY,,,,1.4337975,103.7997119,catch up leh pte. limited,A,0,,FALSE,
chops & sear,ChIJcU7yu7kT2jERCRCD2UTjuSw,2.8,54,,1.4306145,103.7909898,chops food enterprise private limited,B,0.3133,5,FALSE,
qq teochew meepok,ChIJ06k4FgAT2jERxiDqOiqjqwM,4.6,13,,1.4345345,103.802439,ban heng teochew porridge (tanjong pagar) pte. ltd.,A,0.42372,5,FALSE,
hiyoke pte. ltd.,ChIJr10RPRgT2jERN3Y_n-HjrPM,,,,1.4329288,103.7927683,hiyo pte. ltd.,A,0,,FALSE,
hai zhong bao @ woodlands 11,ChIJhY7qup4T2jERSQieSMC31Zg,3.9,338,,1.4348694,103.8027609,bao today pte. ltd.,B,0.30894,5,FALSE,
noodlemaster,ChIJsV41NJkT2jERFsvOShvyVMk,,,,1.4345938,103.8041213,,Unknown,0,,FALSE,
pizza hut,ChIJc9bJBXoU2jER9GQJIz1ULPo,4.6,435,2,1.4300191,103.8280146,pizza hut singapore pte ltd,A,0.586732,125,FALSE,
canadian 2 for 1 pizza,ChIJOWz-wnYU2jERBfaa4ygjGOo,3.1,58,,1.4267717,103.8261064,domino's pizza singapore pte. ltd.,A,0.393602857,35,FALSE,
domino's pizza sembawang,ChIJ2XM23XYU2jEReDY2R_vptQY,2.9,230,2,1.4269819,103.8261213,lam's (singapore) culinary enterprise pte. ltd.,A,0.49034,5,FALSE,
chong pang nasi lemak,ChIJjZkEenkU2jERDrlpcJ5BrXE,4.1,2055,1,1.4286335,103.8265569,lim chong seng,B,0.50604,5,FALSE,
sincerity vegetarian food 佛心素食,ChIJe5cwKXoU2jERh00Lrv2Was0,3.4,24,,1.4313206,103.8281936,taster food pte. ltd.,A,0.32466,5,FALSE,
kfc,ChIJc9bJBXoU2jERKiy-J9_NFrg,3.9,565,2,1.4299278,103.8279207,,Unknown,0.207115238,105,FALSE,
bei sheng seafood,ChIJcxcJBnoU2jERvcBI3sXx1rU,4.3,385,2,1.4299361,103.8278563,seafood paradise (s) pte. ltd.,A,0.9314,5,FALSE,
coba coba yishun (nasi ambeng),ChIJpTN9MmUU2jERH5jv3qHBbJU,4.3,1993,2,1.4314024,103.8335165,mount faber nasi lemak fast food shop pte ltd,A,0.84964,5,FALSE,
mcdonald's yishun,ChIJbcdbw3YU2jERBhLL0gAteWA,4.1,1194,1,1.4267075,103.8260655,seafood paradise (s) pte. ltd.,A,0.27032,5,FALSE,
chong pang market & food centre,ChIJk_idN3oU2jEReqhHxnv3lgI,4.1,8570,1,1.4316916,103.8281085,taster food pte. ltd.,A,0.60994,5,FALSE,
délifrance,ChIJNQt1fWUU2jERr_Ty-ejvefA,4.6,602,2,1.4285048,103.8358547,li li,A,0.259,5,FALSE,
shami banana leaf,ChIJc5uDlnYU2jERdUy55sMeSqo,4.1,1476,2,1.425906,103.825747,shami banana leaf delights pte. ltd.,A,0.94282,5,FALSE,
orchid live seafood,ChIJmROzynQU2jERyvVNn_XI0oY,4.2,1123,,1.4148567,103.8311004,seafood paradise (s) pte. ltd.,A,0.9046,5,FALSE,
taste of thailand yishun,ChIJFawXenAU2jERuzfASOwf_HY,4.3,374,1,1.4298646,103.8279248,national university of singapore society,A,0.65054,5,FALSE,
pizza deli,ChIJ1bB_GwAV2jER4TIMv1hpI7A,,,,1.4260074,103.8241046,extra virgin pizza pte. ltd.,A,0,,FALSE,
al heera restaurant,ChIJbZenkHYU2jERhSvELnsoFhI,4,887,1,1.4257482,103.8256612,texas chicken restaurant pte. ltd.,A,0.56132,5,FALSE,
paradise biryani sg yishun,ChIJx7eMmtwV2jERDwP1hmleLQk,4.6,2582,2,1.4269313,103.8260922,maria francesca tan (mft) ventures sg pte. ltd.,Unknown,0.92254,5,FALSE,
丹绒禺云吞面,ChIJ6xGkfwAV2jERMPBYuXdQTf4,3,2,,1.4258274,103.8280662,,Unknown,0,0,FALSE,
daily green (yishun street 71),ChIJG9Td_cQV2jERzJrHNg2PllM,4.1,56,,1.4258361,103.8281245,authentic hock lam street popular beef kuay teow pte ltd,A,0.77304,5,FALSE,
handmande noodles,ChIJF2cko9wV2jERS_C9cqw0JyA,5,7,,1.4258903,103.8280946,red place's beef noodles pte. ltd.,B,0.38164,5,FALSE,
el carbon @ 717 yishun,ChIJgWvHEYQV2jERMdfrslTCGpc,3.5,197,2,1.4258903,103.8280946,yishun 925 hainanese chicken rice pte. ltd.,Unknown,0.5017,5,FALSE,
zam hatim indian muslim food,ChIJx620RgAV2jERtGXGzEKg_U0,3.7,7,,1.4259002,103.8281212,quik food pte. ltd.,B,0.25898,5,FALSE,
古早味菜馆,ChIJZWuWWAAV2jERltU1gpAyxdQ,3.4,20,,1.425988,103.8281235,,Unknown,0.55374,5,FALSE,
huxulao jian zao curry noodle (yishun),ChIJ4WqJnNsV2jERaxWhQMrZ4lE,3.8,104,,1.4259942,103.8281603,s.v. curry pte. ltd.,B,0.73106,5,FALSE,
nandhana’s restaurant @ yishun,ChIJ-YcVucUV2jERo4NKS9Wl7WE,4.5,241,2,1.428485,103.826507,s connexion pte ltd,A,0.4014,5,FALSE,
mcdonald's,ChIJZ25dFRIU2jERvy10etGF_GY,3.5,1700,1,1.4167918,103.8345779,seafood paradise (s) pte. ltd.,A,0.29621625,80,FALSE,
kanapathy annamalai,ChIJu7Ub9YAV2jERlNOAppNlOJk,5,1,,1.4265469,103.829743,,Unknown,0,0,FALSE,
wendy vegetarian pancake,ChIJ7R2fGgAV2jER7VXtUnwg_0M,,,,1.4165854,103.8314331,ci yan vegetarian health food pte ltd,C,0,,FALSE,
one ocean,ChIJy9Q8XwoV2jERfpCCXitBAYo,4.3,7,,1.416573,103.8314391,royal one pte. ltd.,A,0.86594,5,FALSE,
siam kitchen (khatib),ChIJ00DPGXkV2jERv9rPyzRCHTY,4.5,619,,1.4145727,103.8306592,crystal jade kitchen (s.c.) pte ltd,A,0.91356,5,FALSE,
grillotte,ChIJjadj6VYV2jERO70NUPGZu_s,4.3,179,,1.4166916,103.8315014,,Unknown,0.8894,5,FALSE,
burger king hometeamns khatib,ChIJS7S-U6oV2jERw1jsmdyKi68,4,392,1,1.4147473,103.8307565,kopi king pte. ltd.,A,0.434,5,FALSE,
pacific mixed rice ( 太平洋什菜饭 ）,ChIJMcoVOAAV2jERgL7LZPF67Jw,2.3,3,,1.4167748,103.8315373,lau di fang scissors-cut curry rice pte. ltd.,A,-0.3596,3,FALSE,
津味云吞鸡爪面 (jin wei wanton chicken feet noodle),ChIJ-RQvOrsP2jERkZD_ScC5oIw,4.3,22,,1.4167736,103.8315436,ziggy feet pte. ltd.,A,0.7885,5,FALSE,
le cuisine kitchen,ChIJ84C0ww0U2jER065CbqRXmz0,,,,1.4167736,103.8315436,imperial treasure cantonese cuisine pte. ltd.,A,0,,FALSE,
suki-suki hotpot (khatib),ChIJc3XVW1oV2jER5jOfDl0nkf0,4.5,1283,2,1.4145121,103.830841,best cafe food centre (khatib) pte. ltd.,Unknown,0.6046,5,FALSE,
yoshinoya - hometeamns@khatib,ChIJS0cw6-IV2jER2ZWqhy7QjDI,3.5,33,,1.4148602,103.8311166,,Unknown,0.66352,5,FALSE,
saizeriya,ChIJsem_9TkV2jERh4pnHPKOKQU,4,237,1,1.4143361,103.8311272,singapore saizeriya pte. ltd.,A,0.5029675,40,FALSE,
yuan xin vegetarian,ChIJDddn2KEV2jER6NcAZBLFHiw,3.8,4,,1.4197017,103.8325399,nature vegetarian (suntec) pte. ltd.,A,0.220875,3,FALSE,
bei sheng taste of thailand,ChIJXVJJkNQV2jERrTiQ4xBxK2w,4.4,12,,1.429973,103.8278624,lee wei sheng,B,0.55678,5,FALSE,
the school of dance,ChIJF2k3fXoU2jER6IFGIAqS5o0,,,,1.4300311,103.827924,the exchange asia square pte ltd,A,0,,FALSE,
chong pang city (shopping belt),ChIJjXeDH3oU2jERBV22OV1TW9A,4.3,2234,,1.4305711,103.8272411,lim chong seng,B,0.55056,5,FALSE,
rishqy's corner,ChIJQTlT3I0X2jERI_L34cQvfC8,4.8,8,,1.430596,103.8272632,seafood paradise (s) pte. ltd.,A,0.91472,5,FALSE,
tian tian chi mian,ChIJFyV43c8V2jERNk3-pTS0FUQ,2.7,18,,1.4196955,103.8328777,jin de lai zhong hua la mian pte. ltd.,B,0.61906,5,FALSE,
green harmony vegetarian,ChIJc8DFQAAV2jERkohstFrwQVg,4.3,23,,1.4196955,103.8328778,ci yan vegetarian health food pte ltd,C,0.88878,5,FALSE,
uncle prata,ChIJI0e8xQYV2jERgTlCkazbo5I,4.6,47,,1.4196418,103.8328778,mr. prata restaurants pte ltd,B,0.90796,5,FALSE,
takagi ramen @ yishun,ChIJE4DLBKMV2jERvq4uA4cW8XE,4.7,2863,1,1.4305592,103.8274597,masamune specialty ramen (singapore) llp,A,0.83646,5,FALSE,
sin heng kee porridge,ChIJ2UvxHHoU2jERNjHl2WpE_uw,4.2,837,2,1.4304822,103.8275786,ho heng food & enterprise pte. ltd.,A,0.88764,5,FALSE,
famous mr bilal prata indian muslim food,ChIJh6WbPQAV2jERwPBU9YfKWS8,3.3,3,,1.422176,103.8327773,mexican food corp pte. ltd.,A,0.394466667,2,FALSE,
chop steak western cuisine,ChIJ1WNNYvwV2jERbNMACA6wgt4,4,32,,1.422176,103.8327773,imperial treasure cantonese cuisine pte. ltd.,A,0.42873,10,FALSE,
ruan fang wanton noodle,ChIJxYzaWgAV2jERIM2gY3oqYWU,4.3,3,,1.422176,103.8327773,yu kee duck and noodle house pte. ltd.,A,0,1,FALSE,
tiger seafood • bak kut teh,ChIJjd3fNx0V2jERviJH1pzVtAM,3.4,8,,1.422176,103.8327773,forum seafood village restaurant pte. ltd.,B,0.18256,5,FALSE,
yishun chong pang,ChIJPT9YPwAV2jERpgh-25jNZXk,5,1,,1.4306064,103.8276418,chong bee leng (zhong meiling),A,0,0,FALSE,
chuan heng food court,ChIJEa72HHoU2jERnSpG8401u_Y,,,,1.4305769,103.8277622,ho heng food & enterprise pte. ltd.,A,0,,FALSE,
729 vegan,ChIJBYKKHzQV2jERqxPc5Rjq4xM,4.7,236,,1.4260277,103.8317137,genesis vegan restaurant pte. ltd.,A,0.68352,5,FALSE,
subway,ChIJq6qqemUU2jERtjjXwg4aVQk,3.8,335,2,1.4292576,103.8356394,subway harbourfront pte ltd,A,0.178081667,239,FALSE,
mcdonald's,ChIJIacsu2sU2jERwRS5uRHgq_Y,4.2,2699,1,1.4232734,103.840973,seafood paradise (s) pte. ltd.,A,0.29621625,80,FALSE,
ah tan wings,ChIJQetrqNcW2jERHTXekXFdxwg,3.7,449,,1.4249457,103.8447228,ng ah sio investments pte. ltd.,A,0.74598,5,FALSE,
yishun park hawker centre,ChIJEcljAGoU2jERqtf7wNTnNlg,4.1,7267,1,1.4250185,103.8447207,butterfly park & insect kingdom pte ltd,B,0.7024,5,FALSE,
rasa rasa @ yishun,ChIJ2e6Uu2kU2jERJNBBNMoMnN8,4,1491,2,1.4265573,103.8428669,rasa rasa @ yishun restaurant pte. ltd.,B,0.05186,5,FALSE,
ac braised duck and kway chap food enterprise,ChIJvx094WwU2jERd1IHxw5U254,4.2,341,1,1.4248575,103.8460952,mexican food corp pte. ltd.,A,0.90892,5,FALSE,
broadway coffeeshop,ChIJR7bTjUEU2jERNDgsDAEYpQM,3.7,497,1,1.4248575,103.8460952,broadway food centre (holdings) pte ltd,Unknown,0.4895,5,FALSE,
srisun prata.com,ChIJscM1h0EU2jERCFlJmTKLIEs,3.7,477,2,1.4240674,103.8470356,mr. prata restaurants pte ltd,B,0.21558,5,FALSE,
eat.,ChIJq6qqemUU2jEREVzMhbINR_Y,2.5,60,2,1.4295384,103.8358737,empire eats pte. limited,A,0.126355,20,FALSE,
collin's® northpoint city,ChIJIbbge28U2jERP-lBd9MT8oM,4.2,1524,2,1.4290563,103.8360868,lam's (singapore) culinary enterprise pte. ltd.,A,0.5444,5,FALSE,
song fa bak kut teh (northpoint city),ChIJPwj4gW8U2jER_lLSfLZwvM0,4.5,1117,2,1.4292023,103.8363283,wang dae bak pte ltd,B,0.86582,5,FALSE,
ayam penyet president,ChIJ6zCCgW8U2jERKAiGZU33CD8,4.3,1258,2,1.429265,103.8361212,sri bistari changi village famous ayam penyet pte. ltd.,Unknown,0.27889,10,FALSE,
shihlin taiwan street snacks (north point),ChIJNQt1fWUU2jER9wft0PoKNHM,4.1,136,,1.4293749,103.8363867,soma street pte. ltd.,A,0.69096,5,FALSE,
ya kun kaya toast (northpoint city),ChIJ-6R4gW8U2jERA4LGX-ZOToU,3.9,501,1,1.4293676,103.8358767,ya kun cafe pte. ltd.,A,0.3918,5,FALSE,
pastamania – italian casual dining,ChIJ6VrWeG8U2jERSsGZz4uUvmk,4.7,3719,2,1.4292932,103.8356045,jq dining pte. ltd.,A,0.87856,5,FALSE,
kopitiam,ChIJNQt1fWUU2jERS_ehDs9FbYk,3.7,1806,1,1.42959,103.8357694,kopitiam investment pte ltd,B,-0.02536,5,FALSE,
mos burger,ChIJTZiGg28U2jERBt_xe1K1kY4,3.4,212,1,1.4296987,103.8357849,mos foods singapore pte. ltd.,A,0.53058,30,FALSE,
long john silver's,ChIJNQt1fWUU2jERXjCBRv5Ro8I,3.7,470,,1.4299981,103.8356573,seafood paradise (s) pte. ltd.,A,0.26932,35,FALSE,
sushi tei,ChIJR5mjeG8U2jER7chJe0m12MA,4.2,571,2,1.4300888,103.8357739,sushi-tei pte ltd,A,0.737818182,55,FALSE,
domino's pizza yishun,ChIJNZbs5GUU2jERJJW3HTVmC-w,3.4,287,2,1.4337483,103.8395855,lam's (singapore) culinary enterprise pte. ltd.,A,-0.0738,5,FALSE,
fragrance foodstuff pte ltd,ChIJyfkJSmIU2jERbMaHGrc4DxI,3,2,,1.4369678,103.8372726,fragrance foodstuff pte ltd,Unknown,0.1591,1,FALSE,
mcdonald's,ChIJ6Rufe2UU2jERNVwWTPjgRDk,4.1,2876,1,1.429862,103.8356422,seafood paradise (s) pte. ltd.,A,0.29621625,80,FALSE,
kfc,ChIJFW7js2MU2jERdWrGQJ4Epg8,4.2,1551,2,1.428663,103.8357574,,Unknown,0.207115238,105,FALSE,
heng hua restaurant (興化美食),ChIJ3V_o4G8U2jER11HABmPzqPs,4.1,1101,2,1.4272486,103.8334326,hyangtogol (korean restaurant) pte. ltd.,A,0.86356,5,FALSE,
eatzi gourmet steakhouse & bistro,ChIJW75052sU2jERzJxHjMVroNc,3.7,755,2,1.4250123,103.840865,qi ji bistro pte. ltd.,A,0.55876,5,FALSE,
syed restaurant,ChIJyfkJSmIU2jEReAR0CR7xVB8,3.9,711,1,1.4370856,103.8370362,syed restaurant pte. ltd.,C,0.37074,5,FALSE,
xing fong seafood 興豐海鲜,ChIJ8XFiMLAV2jER9p4Hptc-Bd0,5,1,,1.4202218,103.8406604,marina live seafood & steamboat pte ltd,B,0,0,FALSE,
bukit ho swee charcoal curry fish head (664 yishun),ChIJSXShWSUV2jERpY1LoqG26Ok,4.2,173,,1.4202218,103.8406604,arcade fish soup pte. ltd.,A,0.8503,5,FALSE,
xin wei xiang fishball noodles,ChIJKw0_oGkV2jERr3eFBa7m_yE,3.8,13,,1.4186088,103.8393053,the noodles pte. ltd.,A,0.7995,5,FALSE,
five ten western grill,ChIJKZwHSBEV2jERgyJsSoQL0LQ,4,51,,1.418585,103.8391907,jerry's barbeque & grill (s) pte ltd,A,0.90618,5,FALSE,
kikabakes,ChIJAU2UsZMV2jERODf7RP_jFf0,5,1,,1.421775,103.839886,,Unknown,0,0,FALSE,
siam square mookata,ChIJNWa0BsYV2jERcqtZROyQ6XE,3.4,135,2,1.4184122,103.8408861,the exchange asia square pte ltd,A,0.289426667,15,FALSE,
57˚ mala xiang guo,ChIJV3tVRW8V2jERwUPT2lBYG9o,4.8,1042,,1.4183631,103.8408815,jia xiang kuching food supplies pte. ltd.,A,0.45306,5,FALSE,
ali's fry & grill,ChIJ-UNIcAAV2jERfvkF7Wb_nbE,2.6,18,,1.4185017,103.841116,seafood paradise (s) pte. ltd.,A,-0.1059,5,FALSE,
saizeriya,ChIJW66nSLwV2jERiA5Uv9Zwbnk,3.3,65,,1.4182745,103.8410316,singapore saizeriya pte. ltd.,A,0.5029675,40,FALSE,
mrs banana @ wisteria mall,ChIJR0JJcQAV2jERd81M2dKn5QI,4.3,46,,1.4182745,103.8410316,myrna g aguilando & mrs myrna yellappan,Unknown,0.97412,5,FALSE,
takumi ramen-ya,ChIJWfmhGwAV2jERcgZlqA74wn8,4.8,55,,1.4183296,103.8412392,ya kun kaya toast coffeestall since 1944 pte. ltd.,B,0.92242,5,FALSE,
burger king wisteria mall,ChIJD6GyyykV2jERFFqjqPcKbcQ,4.4,213,1,1.418208,103.8411267,seah king ming,A,0.69788,5,FALSE,
subway,ChIJg-QCFi4V2jERop6t33zrxnM,2.7,31,,1.4182663,103.8412212,subway harbourfront pte ltd,A,0.178081667,239,FALSE,
pizza hut,ChIJ7SC09xQU2jERdfCkd2karDI,4.7,583,2,1.4180858,103.8410312,pizza hut singapore pte ltd,A,0.586732,125,FALSE,
wingstop wisteria mall,ChIJO3QaVcQV2jERKuhEysWs-fg,4,554,2,1.417951,103.8410499,,Unknown,0.43866,5,FALSE,
pak mandor nasi lemak,ChIJp8LskGwU2jERx0CL6BPaEmw,4.3,437,1,1.4218274,103.8385251,yanti nasi padang restaurant pte ltd,B,0.88308,5,FALSE,
jalan tua kong mee pok,ChIJd10d7HIV2jERG5YK0PIoJuQ,3.5,4,,1.4218101,103.8384487,alan,B,0.348125,2,FALSE,
顺意 chicken rice,ChIJuaKLZBAV2jERcvQMjGqhfJM,4.3,9,,1.4217768,103.838402,texas chicken restaurant pte. ltd.,A,0.57158,5,FALSE,
georges hideout @ seletar,ChIJ6WvrswUY2jERyys4hJno8SQ,4.2,162,2,1.4200042,103.8639289,,Unknown,0.3231,5,FALSE,
economy rice,ChIJbXFfQgAV2jERA9b3Z3N7B9g,,,,1.4199191,103.8640558,lau di fang scissors-cut curry rice pte. ltd.,A,0,,FALSE,
bhai's bowls & bites,ChIJM1XHRQAV2jERshu0975Xto8,5,1,,1.4199219,103.8640627,artemis fine foods a.s. pte ltd,A,0,1,FALSE,
aroy sure thai cuisine,ChIJcSOHAAAV2jER6ovD7VTZJ8Y,,,,1.41994,103.8640737,imperial treasure cantonese cuisine pte. ltd.,A,0,,FALSE,
malay cuisine,ChIJ3408dwAV2jERT_EYYfq9FO8,,,,1.4199353,103.8640854,imperial treasure cantonese cuisine pte. ltd.,A,0,,FALSE,
tiong bahru hainanese boneless chicken rice,ChIJPXmNCOsV2jERjntj6HfEDks,4.7,487,,1.4258702,103.8522753,thunder tea rice pte ltd,B,0.48564,5,TRUE,Bib Gourmand
tai seng fish soup,ChIJXwfHJwAR2jERdSde6K5cgNU,4.2,216,,1.4258897,103.8522867,soup restaurant singapore pte. ltd.,A,0.17406,10,TRUE,Bib Gourmand
want mee,ChIJtbT-p4YV2jERFJp7TaNDbnc,4.3,24,,1.4258897,103.8522867,qiu lian ban mee pte ltd,B,0.80052,5,FALSE,
le man seafood restaurant 470b,ChIJeZT0x1MV2jER7unNMZtZCx8,4,26,,1.4258119,103.8521722,imperial treasure fine dining restaurant pte. ltd.,A,0.54378,5,FALSE,
mixed veg rice & economical bee hoon & porridge,ChIJH7xjDwgV2jERJStEnLnYxu0,,,,1.4258108,103.8521602,lim bee kian annie,A,0,,FALSE,
mahan nasi padang,ChIJtcnsf_AV2jER66UC9aSkWlQ,2.4,40,,1.4258108,103.8521602,kampong ria nasi padang pte ltd,B,0.4117,5,FALSE,
casa kitchen thai food yishun,ChIJ4XDSZEcV2jERn_RuX4ALOrk,4.9,8,,1.426486,103.8516876,quik food pte. ltd.,B,0.86482,5,FALSE,
yao ji ban mian. fish soup. congee,ChIJ_aMndQAV2jER8uSKgBFzOTA,5,9,,1.4201968,103.8475762,the soup spoon pte ltd,A,0.84534,5,FALSE,
al-hawa indian muslim food,ChIJEX4QQIsV2jERfApXKAnMQYs,2,11,,1.4201968,103.8475762,aston food & beverage specialties pte ltd,A,0.25364,5,FALSE,
roasted delights 烧腊海南鸡饭,ChIJifQkW6kV2jER-WIwevm9K4A,4.4,8,,1.4201968,103.8475762,guan chee hong kong roasted duck pte. ltd.,A,0.83594,5,FALSE,
yes! tomato,ChIJUXOS-aoV2jER91Xpv-0D70M,4.4,49,,1.4202064,103.8475658,hot tomato pte. ltd.,A,0.6757,5,FALSE,
lau's steamed fish,ChIJEbNU1Z4V2jERI0fkofPr3wc,4.7,7,,1.4200727,103.8473955,seafood paradise (s) pte. ltd.,A,0.73738,5,FALSE,
hai ge ji beef noodles,ChIJY3rKFQAV2jER7CbHE2-l-ns,3.6,66,,1.4288563,103.8504834,authentic hock lam street popular beef kuay teow pte ltd,A,0.70562,5,FALSE,
mcdonald's,ChIJwdA9gFAV2jER3LQFom6QOMg,3.7,429,1,1.4282704,103.8498645,seafood paradise (s) pte. ltd.,A,0.29621625,80,FALSE,
shi tang by mahota kitchen (yishun),ChIJJVkJniwV2jERLh5UCqEnoSM,4.1,81,,1.4284349,103.8499767,yu tang clan pte ltd,B,0.53622,5,FALSE,
hjh. hadijah muslim food,ChIJgQDMidMV2jERz98M13-0yD8,4.5,13,,1.4284349,103.8499767,chang cheng food & beverage pte. ltd.,A,0.41002,5,FALSE,
de sinn chicken rice at yishun,ChIJa1qEsWcV2jER5_9c61siV4Y,3.5,120,,1.4288341,103.8499984,liao fan hk soya sauce chicken rice & noodle (chinatown) pte. ltd.,A,-0.2578,5,FALSE,
basil king (yishun),ChIJ1VxfUQ8V2jERCbZbonNUdG4,4.8,686,,1.4288453,103.8499688,burger king singapore pte. ltd.,A,0.57816,5,FALSE,
elaine's western food,ChIJwd1hZ4YV2jERGLMeCF2JqbE,4.2,15,,1.4288375,103.8499231,ho heng food & enterprise pte. ltd.,A,0.73252,5,FALSE,
d'rubinah eating place pte ltd,ChIJheRYxO8V2jEREPyhVw7b4so,3.2,181,,1.4287706,103.8498421,d'rubinah eating corner pte. ltd.,A,-0.34614,5,FALSE,
斋面煎粿 vegetarian pancake,ChIJrbqaEV4V2jERvpsfZM5FhGA,4,1,,1.423788,103.8469861,nature vegetarian (suntec) pte. ltd.,A,0,1,FALSE,
boon heng atas roasted delights,ChIJ6T3UNgAV2jERpqCo8PTGn0M,2.8,12,,1.4238192,103.8469845,tan boon chai,Unknown,0.20444,5,FALSE,
arabian kings,ChIJUzHVdMUV2jERGH8LkAUGcMk,2.5,11,,1.4238192,103.8469845,kings know international pte. ltd.,A,-0.19632,5,FALSE,
char grill bar,ChIJxWk9lkEU2jERrkRaYXVZABQ,2.6,115,,1.4238192,103.8469845,j c tapas bar pte. ltd.,A,-0.15968,5,FALSE,
de yun bak kut teh,ChIJhWhzk0EU2jERhKdu3jyJxQo,4.4,111,,1.4238192,103.8469845,old street bak kut teh (fn) pte. ltd.,A,0.4406,5,FALSE,
al hajar classic,ChIJkQ0JCEsV2jERCxlxEmEGvUQ,3.3,28,,1.4250482,103.8473174,al zouq foods & caterer pte ltd,B,0.92456,5,FALSE,
just greens vegetarian - yishun branch,ChIJBRNFl0EU2jERYrg5OJ55kuE,3.2,46,,1.4241254,103.8469771,wild olive branch pte ltd,A,0.19034,5,FALSE,
kimly zi char (418 yishun),ChIJiYYOhEEU2jERmzrgcFlz0t4,2.9,140,1,1.424106,103.8469516,chuan jiang hao zi singapore food culture pte ltd,B,-0.04994,5,FALSE,
jian bo shui kueh,ChIJ3_PmDsMV2jERrffq6Wd02b0,2,8,,1.4240532,103.8468822,feng bo zhuang f & b pte ltd,B,0.021293333,15,TRUE,Selected Restaurants
品茶 pin cha @ yishun 418,ChIJa1nMfvkV2jERC9LQ-gDvY9A,3.1,29,,1.4247271,103.8470988,tan hui pin,A,0.08512,5,FALSE,
tenderbest @ yishun 418,ChIJA0_iypcV2jERN-BkUDw2HwE,2.5,22,,1.4240741,103.8468663,yishun 925 hainanese chicken rice pte. ltd.,Unknown,0.3738,5,FALSE,
million fishball noodle 百万鱼圆面,ChIJLQL2eEoV2jERKKoznTIVSss,2.8,6,,1.4236373,103.846642,liao fan hk soya sauce chicken rice & noodle (chinatown) pte. ltd.,A,-0.03876,5,FALSE,
subway,ChIJFasWzj4V2jERP5Bt3VeNtnE,4.5,53,,1.4245807,103.8468959,subway harbourfront pte ltd,A,0.178081667,239,FALSE,
koo kee yong tow foo mee,ChIJ5zalwdsV2jER5nzjKk4rfUs,1.9,11,1,1.4237973,103.8465798,yu kee duck and noodle house pte. ltd.,A,-0.08274375,16,FALSE,
ommas,ChIJOZqdJAMV2jERkhLcym6tVXU,4.1,28,,1.4237973,103.8465798,,Unknown,0.35262,5,FALSE,
hai nan zai 海南仔,ChIJU5tzKaEV2jERQglqQy112PU,2.3,46,,1.4237973,103.8465798,yechun xiao jiang nan restaurant group pte. ltd.,A,0.00541,10,FALSE,
hup lee fried bee hoon,ChIJLYAU83kU2jER9xb5s47jENk,3.5,111,,1.4237973,103.8465798,lee poh keong,A,0.6202,5,FALSE,
lian soon huat seafood 417 yishun,ChIJD7mz8kEU2jER2L1CLrvkuGI,2.7,57,,1.4236682,103.8465289,goh soon chwee,B,0.15568,5,FALSE,
moza crave [ seletar ],ChIJeRisGAAV2jERIyE9FSeCybA,4.7,18,,1.4137665,103.8737125,seletar seafood centre pte ltd,B,0.69364,5,FALSE,
8 seletar north link,ChIJh6rcq70V2jER6EjHcHGxSrc,5,2,,1.419716,103.8963321,the sandwich shop (raffles link) pte. ltd.,A,0,0,FALSE,
kfc nusa perintis gelang patah,ChIJ-2yOcwML2jERzkEfCUnJAGg,3.8,1879,2,1.4506371,103.5922588,,Unknown,0.00678,5,FALSE,
shell,ChIJsQ2bm_0K2jERymGd_DNHskI,3.7,202,2,1.44755,103.588973,,Unknown,0.194250769,65,FALSE,
jear alex,ChIJk_B1fQAL2jER4Q9O0C8oDJY,,,,1.4421141,103.5995799,alex 0108 pte ltd,B,0,,FALSE,
tomyam ikhwah,ChIJl38KQaAL2jER0-ExQAp6Yvc,3.6,14,,1.4419726,103.5981681,,Unknown,0.30222,5,FALSE,
restaurant t nilayam indian food & briyani,ChIJEbcOYyIL2jERzk32tCRL1KA,4.1,16,,1.441969,103.5981349,royal t group pte. ltd.,A,0.93386,5,FALSE,
nasi lemak ayam berempah,ChIJgeWeGgAL2jERkF8LYUcAL7c,,,,1.442142,103.598207,yanti nasi padang restaurant pte ltd,B,0,,FALSE,
restaurant thinasanthi indian food and briyani,ChIJ0Y90YksL2jERZe0uvaugB84,3.3,17,,1.4424806,103.5982902,mexican food corp pte. ltd.,A,-0.14044,5,FALSE,
nibras maju,ChIJwXE6gmcL2jERx74A8b1N37U,2.5,8,,1.442563,103.5982509,abc maju restaurant pte. ltd.,Unknown,-0.12332,5,FALSE,
akrd restaurant nusa puncak,ChIJAaUkYAAL2jERjy2KFx_2m7g,4.1,7,,1.442644,103.5978628,imperial treasure fine dining restaurant pte. ltd.,A,0.37778,5,FALSE,
jalan nusa puncak 2,ChIJtfmnfAAL2jERdZsUmPTwfg4,4,1,,1.4427864,103.5979256,alan,B,0,0,FALSE,
aa kitchen,ChIJ2Xc6mfIL2jERBArSuL2K8Ys,4.8,4,,1.4415025,103.5955646,kitchen language pte. ltd.,A,0,1,FALSE,
mamboo hills cafe,ChIJ4RBv4lQL2jERnoKn2XUyeBY,,,,1.4446765,103.6002345,hanis cafe & bakery pte. ltd.,A,0,,FALSE,
restoran yu man tang,ChIJO5fqDAYL2jERRxB-H7gOPK8,,,,1.4450727,103.6002403,yu kee duck and noodle house pte. ltd.,A,0,,FALSE,
hin wang seafood 兴旺煮炒茶餐室,ChIJI_xpqUUL2jERMLZ6P55Ykaw,5,1,,1.445325,103.6006826,marina live seafood & steamboat pte ltd,B,0.7778,1,FALSE,
harry cuisines,ChIJn358yNgL2jERDkOF5pIHQnY,4.4,8,,1.4454071,103.6008881,harry's international pte ltd,A,0.11438,3,FALSE,
restoran anna lee,ChIJk3tuZNgL2jERSAMiK0_28YU,4.8,13,,1.4450106,103.6022883,hiap lee food holdings pte. ltd.,A,0.5505,4,FALSE,
restoran s kim siang,ChIJg1E7qwgL2jER9dvce_Ykjtw,,,,1.4452457,103.6017739,artemis fine foods a.s. pte ltd,A,0,,FALSE,
水金祥茶餐室,ChIJCfY5qwgL2jERsULs1YMamfA,4.1,17,,1.4452718,103.6017959,,Unknown,0.35018,5,FALSE,
restoran alziya fathima,ChIJ28qH62UL2jERnTmpRMkteMU,3.9,18,,1.4454465,103.6022638,syed mohamed buhari askar ali fathima,A,0.63176,5,FALSE,
tong fu mixed rice (同富菜饭),ChIJEQRRLNAL2jEROerERMHXOt8,5,4,,1.4457351,103.6015882,lau di fang scissors-cut curry rice pte. ltd.,A,0,0,FALSE,
li sheng f&b enterprise,ChIJ2dMMTj8L2jERhPnjXsbjI3c,,,,1.4456796,103.6026483,shuang long food enterprise pte. ltd.,A,0,,FALSE,
restoran al khair bersaudara gelang patah,ChIJD-UzRg8L2jERnRCeD9AoJhk,3.8,136,2,1.4459043,103.6027808,al brothers pte ltd,Unknown,0.1585,5,FALSE,
nasi bajet rm5,ChIJ56pCIQAL2jERmPHzNTrNiDQ,5,1,,1.4464566,103.6025367,kampong ria nasi padang pte ltd,B,0,0,FALSE,
restoran arenna,ChIJ33ZwcAAL2jERr-iumFaxk10,4,229,2,1.4412398,103.5922136,xiang tian restoran pte. ltd.,Unknown,0.6402,5,FALSE,
restoran nur al madinah,ChIJmY3WQgAL2jERcTAXQHVNyzU,,,,1.4419634,103.5921383,ya - mahyuddin al jailani restaurant pte. ltd.,B,0,,FALSE,
restoran zam zam perintis,ChIJrRzWQgAL2jERyCAa6qBvOpo,4.4,12,,1.4419583,103.5921356,,Unknown,-0.12498,3,FALSE,
ram imran,ChIJD1dHQcgL2jERoAEZSeiithU,,,,1.4425726,103.5918929,ashuni kumar s/o ram parkash,Unknown,0,,FALSE,
restoran fathimha,ChIJ_eCHOkYL2jERTfN83z0eHVI,4.8,4,,1.4425726,103.5918929,xiang tian restoran pte. ltd.,Unknown,0.074,1,FALSE,
restoran ye hao,ChIJXzBdRgAL2jERM4_6CD6AY-A,,,,1.4423096,103.5916832,hao ju holding pte. ltd.,A,0,,FALSE,
adzura chicken hot n spicy,ChIJwWkM_vYL2jERTcc2aec8OuQ,5,1,,1.4438018,103.5914091,spicy house restaurant management (s) pte ltd,A,0.5719,1,FALSE,
振林山过港面粉果,ChIJFY6zpj4L2jER7BQbsvTmXXI,4.7,16,,1.4444798,103.5912954,,Unknown,0.65248,5,FALSE,
znq cafe gelang fatah johor bahru,ChIJJbvmWhsL2jER96c7biphCf4,3.5,6,,1.4495186,103.5967587,bru cafe pte. ltd.,A,0.28502,4,FALSE,
hskrb,ChIJGQg7aLUL2jER9eYk81IL8WU,5,1,,1.444217,103.5907569,,Unknown,0,0,FALSE,
啊莲小吃,ChIJS09FNAAL2jERFoWnVENvUL8,,,,1.4453478,103.5912724,,Unknown,0,,FALSE,
naslin corner,ChIJz6J2hbAL2jERsVpl6M8QQhI,4.7,165,2,1.4442065,103.5903585,kampong corner pte. ltd.,Unknown,0.85726,5,FALSE,
wak nasi gulai,ChIJ9Th3XwAL2jERdIsC88SuYcY,4,1,,1.4446232,103.5903534,kampong ria nasi padang pte ltd,B,0,0,FALSE,
777海鲜楼,ChIJA3qDqwQL2jERSU0qVQkIlMY,3.8,665,2,1.4499419,103.5960235,,Unknown,-0.19302,5,FALSE,
restoren al alif,ChIJ--vWdAAL2jERr-QF4eWq36g,3,2,,1.450087,103.5962202,al zouq foods & caterer pte ltd,B,0.20215,2,FALSE,
warung pit • cawangan denai nusantara,ChIJWUcAPGgL2jERVIPi97rhVDI,4.6,16,,1.4447899,103.5903249,warung ahbamas pte ltd,A,0.57408,5,FALSE,
faiq dilaisya burger,ChIJidqmQxAL2jERCzO4Qx_eyV8,5,1,,1.4441846,103.5900292,burger king singapore pte. ltd.,A,0.7089,1,FALSE,
restoran ah meng kue teow,ChIJ3_wxVAML2jERKdgGhMG3S0k,3.9,83,,1.4498592,103.5955432,authentic hock lam street popular beef kuay teow pte ltd,A,0.43074,5,FALSE,
xin kee bak kut teh,ChIJ-SUYrhwL2jERMjQss39NxNw,4,22,,1.4498533,103.5954431,yu kee duck and noodle house pte. ltd.,A,0.15882,5,FALSE,
triple seven coffee time,ChIJeWVCqBwL2jERw_PYmCLRR6Y,4.3,27,,1.4501226,103.5960726,mellower coffee (singapore) pte. ltd.,A,0.53666,5,FALSE,
brader hookah,ChIJW3zR9VgL2jERmQv_j1p6i8U,4.6,18,,1.444599,103.5901545,,Unknown,0.76284,5,FALSE,
kafe niqabisya,ChIJjQ5VBuEL2jERqrVJQUNaZwI,,,,1.4446442,103.5901529,mary's kafe by mary gomes private limited,A,0,,FALSE,
xiao pol kuey teow soup,ChIJCyX4sRwL2jERl8kxZLlTlRs,4.1,343,1,1.4498682,103.5953708,yechun xiao jiang nan restaurant group pte. ltd.,A,0.75636,5,FALSE,
restoran mek's kitchen,ChIJ-9gLTWgL2jER_4iiWSXaFOI,4,76,,1.4436679,103.5897269,lam's (singapore) culinary enterprise pte. ltd.,A,0.61192,5,FALSE,
chenvathy j kitchen,ChIJk2X9BnkL2jERnqA_GL3W5tg,5,1,,1.4503372,103.5963306,c & j investment holdings pte. ltd.,A,0.947,1,FALSE,
yoke kee,ChIJzb18PjQL2jERGbrVKB6N4X4,,,,1.4492236,103.5940364,yu kee duck and noodle house pte. ltd.,A,0,,FALSE,
龍记海鲜煮炒,ChIJY6r4UxsL2jER_25Poqr5a2U,3.5,30,,1.450311,103.5961215,,Unknown,0.2841,5,FALSE,
ciri khas batak toba samosir,ChIJx0uuVL8L2jERbx9lVYQQkc4,4.5,2,,1.4504095,103.5961376,,Unknown,0.2842,1,FALSE,
kafe kona baring,ChIJf7LsMwAL2jERo4_wQ7t3Ubg,4.7,32,,1.4445623,103.589844,mary's kafe by mary gomes private limited,A,0.36438,5,FALSE,
thai sung tuong (jm0199332-t),ChIJu3seUgML2jERL-11RCv43kE,,,,1.4499522,103.5950113,i'poh c&t llp,B,0,,FALSE,
lomaq foodies,ChIJQVd8_7YL2jERfBJWrrzFun8,4.5,54,,1.4450567,103.5900715,three foodies pte. ltd.,A,0.86042,5,FALSE,
rainbow star empire,ChIJfQPp38ML2jERXz0bHS2A96k,,,,1.4436458,103.5894604,bee cheng hiang star pte. ltd.,Unknown,0,,FALSE,
rasa sayang,ChIJ079QqRwL2jERHZZE99ZzpHY,,,,1.4503508,103.5954624,rasa sayang village pte. ltd.,Unknown,0,,FALSE,
niki japanese restaurant,ChIJZdGpFgAL2jERVcrodyDFa2w,,,,1.4401429,103.6200445,hyangtogol (korean restaurant) pte. ltd.,A,0,,FALSE,
tasixi dim sum (eco botani),ChIJtVhfB2gL2jERbUEmgCEk_1A,4.1,741,2,1.4398007,103.6196234,dim sum pte. ltd.,A,0.82738,5,FALSE,
four seasons dumplings 四季鲜饺,ChIJxUlxYAAL2jER4x_hd8YdEq0,4.9,24,,1.4396173,103.6196719,li li,A,0.90772,5,FALSE,
tang ren 糖人,ChIJ-08e5GEL2jER5fP17vQbvFI,3.9,220,,1.43951,103.6198121,yu tang clan pte ltd,B,0.76072,5,FALSE,
thymeleaf kitchen sdn bhd,ChIJra8gtTYL2jERxSkjV8Vb5iI,4,4,,1.4396892,103.6195613,crystal jade kitchen (great world) pte. ltd.,A,0.555375,4,FALSE,
matam albarakah bistro,ChIJ6541SMQL2jERK6RX3pF3GWM,4.4,769,2,1.4394444,103.6200639,bistro onethirtysix (whampoa) pte ltd,A,0.97764,5,FALSE,
rolls rice 喜粤 石磨肠粉,ChIJOfpCdAAL2jEREi0mpfmttmQ,4.2,72,,1.4399497,103.6192595,lau di fang scissors-cut curry rice pte. ltd.,A,0.98612,5,FALSE,
hong dae ip gu eco botanic,ChIJSwAYTAAL2jERq7f2ub2jZNQ,4.8,532,,1.4392568,103.6195937,guan chee hong kong roasted duck pte. ltd.,A,0.95654,5,FALSE,
ramen champion,ChIJ2U_QbHML2jERDi-pWmHUzJQ,4.1,168,,1.4393161,103.6194891,ramen champion pte. ltd.,A,0.20964,5,FALSE,
mama secret recipe,ChIJhQ_2Yt8L2jERKcIdTioGtxg,5,1,,1.4393302,103.6194713,mama chin enterprise pte. ltd.,B,0,0,FALSE,
壹号擂茶one kopitiam eco botanic,ChIJq2p7SgAL2jERm5HXkGine5c,4,211,,1.4394255,103.6193725,xixiang kaya kopitiam (robinson road) pte. ltd.,A,0.85832,5,FALSE,
b.o.d 包栈 @ eco botanic,ChIJUzXk5VcL2jERhDGw4n2sDrE,4.2,19,,1.4400343,103.6191544,jia jia le cuisine f & b pte. ltd.,A,0.81824,5,FALSE,
yesss yakiniku!,ChIJIXywBHUL2jERKLprtxTHcXQ,4.8,198,,1.4394275,103.6193309,shiu yakiniku pte. ltd.,Unknown,0.93198,5,FALSE,
xiao dou fu man川菜小豆福满,ChIJ8Q-07SgL2jERXHAJr32S8pk,4.9,10,,1.43913,103.6196949,yechun xiao jiang nan restaurant group pte. ltd.,A,0.87692,5,FALSE,
shun fa ba kut teh restaurant,ChIJr5Pf4J0L2jERBMLwr2tRX5o,3.8,427,2,1.4394819,103.6191924,imperial treasure fine dining restaurant pte. ltd.,A,0.72318,5,FALSE,
南洋老街粿条仔 nanyang old street @ eco botanic,ChIJu0SRcX4L2jERL2CkIgKCnHA,4.6,28,,1.4401065,103.6190241,hks old chun kee pte. ltd.,Unknown,0.71998,5,FALSE,
元家（中国朝鲜族美食）,ChIJ9_DJBAAL2jERiZzQxzPwBtQ,4.8,5,,1.4396697,103.6190607,,Unknown,0.37794,2,FALSE,
golden sands @ eco botanic,ChIJ43Hht1AL2jERFBCACuX9jKg,4.3,252,,1.4389542,103.6200223,golden sand teck huat restaurant pte. ltd.,Unknown,0.77236,5,FALSE,
jumbo prestige sdn bhd,ChIJmW2dWOkL2jERg23tRnW-W50,,,,1.4390586,103.6205033,jumbo group of restaurants pte. ltd.,A,0,,FALSE,
商业街,ChIJjy8VXwAL2jER4CsVnNyIVbU,,,,1.4389383,103.6200114,,Unknown,0,,FALSE,
大吉利涮涮锅 shabu shabu & hot pot house,ChIJDxCtGAAL2jER_iB1_Mqg4q4,4.8,294,,1.4396051,103.6190175,indian house pte. ltd.,B,0.70942,5,FALSE,
jb,ChIJSZmaZAAL2jERura83vC3c0A,,,,1.4390575,103.6205824,,Unknown,0,,FALSE,
hanyuan daily 韓源 - eco botanic,ChIJldQGA5QL2jERrbfj9XDTBNI,4,163,,1.4401486,103.6189197,daily bake pte. ltd.,A,0.96158,5,FALSE,
guoma express,ChIJu2gabSkL2jERAYHBvc1Xt0o,4.5,209,,1.4388532,103.6199522,sushi express group pte. ltd.,A,0.78004,5,FALSE,
eco bo,ChIJ_b5tndkL2jER_qq0o2PRN_4,3,1,,1.4388517,103.6199425,feng bo zhuang f & b pte ltd,B,0,0,FALSE,
madfish korean seafood sdn bhd,ChIJabCIUjYL2jER0d3Qt4X-8gk,4.5,52,,1.440226,103.6188257,tian tian fisherman's pier seafood restaurant p l,B,0.59528,5,FALSE,
qiao di kopitiam @ eco botanic,ChIJm2nDUwAL2jERQKbe6EW5DeM,3.8,104,,1.4397401,103.6188153,xixiang kaya kopitiam (robinson road) pte. ltd.,A,0.10794,5,FALSE,
dooboo house korean restaurant,ChIJH_OzWrUL2jERDcGJBzZfrVU,4.3,70,,1.4397401,103.6188153,imperial treasure fine dining restaurant pte. ltd.,A,0.98036,5,FALSE,
力力佛麻薯muah chee (mochi) story,ChIJRxD0MgAL2jERZqyFiB83B1A,3.8,4,,1.4388355,103.6195892,tan chee kong,B,0.181825,3,FALSE,
king shisha - authentic arabic shisha,ChIJo93k9Xhz2jERVsPE5j52b1M,5,5,,1.4387879,103.6203731,kopi king pte. ltd.,A,0.44826,3,FALSE,
gather pizza eco botanic - 100% sourdough pizza in johor bahru & handmade pasta,ChIJ8RAtiQwL2jERt9drXkFD_GU,4.7,242,,1.4389116,103.6192905,extra virgin pizza pte. ltd.,A,0.5239,5,FALSE,
mamu junction restaurant,ChIJ2TxDvtoL2jERNG_HrZQFz-w,3.8,804,2,1.4387284,103.6203345,hyangtogol (korean restaurant) pte. ltd.,A,0.10562,5,FALSE,
the bierhaus (eco botanic),ChIJQ4E1lR0L2jERI7iU1LcpAaw,4.5,127,2,1.4386134,103.6197851,the coffee bean & tea leaf (singapore) pte ltd,A,0.94398,5,FALSE,
the coffee bean & tea leaf,ChIJcw4VRAAL2jERJ6z5NbgXllw,4.1,58,2,1.4385831,103.6202634,the coffee bean & tea leaf (singapore) pte ltd,A,0.80334,10,FALSE,
chow chow stir-fry eco botanic,ChIJTX9hVicL2jEReL9922zOD8U,4.5,146,,1.4392537,103.6187708,tan chow yea,A,0.46448,5,FALSE,
local house eco botanic,ChIJzbDMPvkL2jERBk8WdGo5aPY,4.1,75,,1.4385613,103.620244,yu kee duck and noodle house pte. ltd.,A,0.62886,5,FALSE,
lala boy hotpot,ChIJoxT0TQAL2jERTUUiBlBXvhQ,4.4,81,,1.4385654,103.6197517,chicken hotpot (s) pte. ltd.,A,0.87104,5,FALSE,
fatboi kitchen,ChIJ9ygG0bML2jER6gIqxqtGTZI,4.3,162,,1.4385654,103.6197517,kitchen language pte. ltd.,A,0.84824,5,FALSE,
sushi issin • eco botanic • 一心寿司,ChIJyyN5bFYL2jER9cjGRn2vFhM,4.7,1010,,1.4399764,103.6185016,sushi jiro pte. ltd.,A,0.73744,5,FALSE,
gangnam jjajang,ChIJKxLZVQAL2jERxnz52u-iz3o,4.6,145,,1.4384298,103.6197185,gangnam kitchen pte ltd,A,0.89114,5,FALSE,
niki japanese dining (eco botanic),ChIJR3Ak8IsL2jERbwQdUuyulA8,4.8,1197,,1.4400146,103.6184174,jq dining pte. ltd.,A,0.95968,5,FALSE,
restoran hua mui eco botanic,ChIJSa7gnFQL2jERKAVhWtZKGIw,4.5,1769,2,1.4405314,103.6183513,tan mui lan,A,0.91118,5,FALSE,
toast house,ChIJLYrG9pAL2jERj6pfB5qd-HA,4.4,328,,1.4406359,103.6183444,yu kee duck and noodle house pte. ltd.,A,0.9385,5,FALSE,
eco izakaya 人间烟火 @ eco botanic,ChIJYc9Om5QL2jERMT3FuiqLUQ8,5,5,,1.4401913,103.6182303,izakaya 95 pte. ltd.,A,0,0,FALSE,
da cheng lok lok eco botanic,ChIJa_U9hv0L2jER-qLXgBwkcIs,3.8,88,,1.4381686,103.6199155,shiok lok pte. ltd.,B,0.65716,5,FALSE,
wán masak family cafe @ eco botanic,ChIJU2Srst0L2jER48LJUzMI2WY,4.5,126,,1.440215,103.6182024,bru cafe pte. ltd.,A,0.919,5,FALSE,
王奶奶面粉粿 grandma ong eco botanic,ChIJy9JCIuYL2jER0q_otdVVnf4,4.4,507,,1.440215,103.6182024,ong kok gui,B,0.77952,5,FALSE,
爱情麻辣烫 aiqingmalatang(eco botanic),ChIJAS8zIecL2jERMjptKkEmDUw,4.7,65,,1.43822,103.6195633,,Unknown,0.83052,5,FALSE,
娜姐烧串,ChIJM7GWQgAL2jER7QO1UV2ETcs,5,2,,1.4381596,103.6199155,,Unknown,0.4088,1,FALSE,
big 4 happiness tim sum,ChIJX8nceAAL2jERQySJJkUE5SY,,,,1.4385465,103.618816,low hui sum,Unknown,0,,FALSE,
ssam,ChIJ9SA8yBsL2jERtVF_oQMSiPo,4.8,981,,1.4406564,103.6182595,,Unknown,0.92766,5,FALSE,
sek bao,ChIJwRmYk9QL2jERg3fDKv9kpj8,4.2,341,2,1.4406685,103.6182572,bao today pte. ltd.,B,0.94636,5,FALSE,
satay berkah halal,ChIJY3jXdwAL2jERuBITyuyJXrU,4.7,3,,1.4381049,103.6198994,syifa' satay limited liability partnership,Unknown,0.456533333,2,FALSE,
吴孃孃骨汤米粉 auntwu bone soup rice noodles eko botani,ChIJ29AvNgAL2jERfBsguSN1al4,4,44,,1.4381501,103.6194031,the soup spoon pte ltd,A,0.80194,5,FALSE,
kopiloco bukit indah,ChIJQXIcwLlz2jERGV4KsRRJ6ko,3.9,256,,1.4469097,103.6392077,kim san leng food centre (bukit timah) llp,Unknown,0.84268,5,FALSE,
embunkasih burger crispy,ChIJ2dWcXwAL2jERM2oSJpaHN0Y,4.9,15,,1.4396452,103.6324769,,Unknown,0.73652,5,FALSE,
burger osb senadi hills,ChIJ80L_DgAL2jERU5I1WhEJwAU,5,4,,1.439554,103.632327,,Unknown,0.4361,2,FALSE,
restoran al safa senadi hills,ChIJ1TqOtbsL2jERFBxdnVYNpjM,4.3,561,,1.4398832,103.6322502,al brothers pte ltd,Unknown,0.65352,5,FALSE,
jin cheng stimbot cina muslim lanzhou ramen,ChIJw0XTFwAL2jERAQFXAmxV8Os,4.1,35,,1.4400994,103.6318469,jin fine dining pte. ltd.,A,0.8725,5,FALSE,
restoran​ khrua​ aishah​ adam​ tomyam,ChIJ0d2KMwAL2jER_IwHmjds87o,4.4,10,,1.4394428,103.6318221,"tan jialun, adam",A,0.72666,5,FALSE,
中国.穆斯林.兰州拉面 lanzhou ramen china muslim,ChIJH5j2AgAL2jER6dkEmHRMItg,4,45,,1.4400964,103.6317932,kagetsu ramen pte. ltd.,A,0.84404,5,FALSE,
kulai cafe nusajaya,ChIJ3Qv5CQAL2jEReNDmyp3Wmmw,4.7,72,,1.4392976,103.6315729,sarika connoisseur cafe pte ltd,A,0.97288,5,FALSE,
rumah makan mak pia,ChIJRzXZyBML2jERdrdkYWn8G94,4.4,108,,1.439868,103.6315363,mak hong kee (hk) kitchen pte. ltd.,A,0.81842,5,FALSE,
papa's pizza,ChIJY-tpbQAT2jERMwCP5r3uUnk,4.8,141,,1.4396205,103.6314421,seafood paradise (s) pte. ltd.,A,0.79148,5,FALSE,
restoran shahidah 786,ChIJKz0DFQAL2jERRp3fMrwH5vA,3.6,9,,1.4399898,103.6314093,,Unknown,0.54402,5,FALSE,
glowmori beverage co. 森酪日光,ChIJAUkehpYN2jER3s_Nnl-jMoY,4.7,12,,1.4486124,103.6385993,coca international singapore co pte. ltd.,Unknown,0.86374,5,FALSE,
cathay restaurant (horizon) sdn. bhd. 新国泰,ChIJEYwkIZoM2jERwbhIGxjfy9k,3.8,452,2,1.4486287,103.6384729,mouth restaurant pte ltd,A,0.27936,5,FALSE,
restoran nasi kandar syahidah iskandar puteri,ChIJLZYWKQAL2jERORLgsvIr_Cs,5,1,,1.4394689,103.631123,istimewa nasi padang pte ltd,B,0,1,FALSE,
le petit prince book cafe 小王子书房(the little prince),ChIJdywnHwgL2jERgvby4abieSg,4.4,167,,1.4482046,103.6291814,the exchange asia square pte ltd,A,0.9671,5,FALSE,
osman heritage restaurant,ChIJwzRdZwAL2jERDlaaaTz8fFc,3.3,41,,1.437579,103.6238102,hyangtogol (korean restaurant) pte. ltd.,A,0.9544,5,FALSE,
5pm lalapot (eco botanic) 五点炭炉火锅,ChIJUYJQrSYL2jERmIynYpi3M5c,4.9,351,,1.4375665,103.6235553,,Unknown,0.91876,5,FALSE,
马口手工面粉糕专卖店restoran bahao@eco botanic,ChIJJzHxABcL2jERdXf0me63fPY,4.3,51,,1.4375489,103.6235438,,Unknown,0.4359,5,FALSE,
十分粥道 shi fen zhou dao,ChIJsxbsE3AL2jERKtPzild6wE0,4.6,211,,1.437814,103.6233516,kang shi fu trading limited liability partnership,B,0.83508,5,FALSE,
阿彬养生肉骨茶 restoran ah peng bak kut teh (eco botanic 分店),ChIJ0VZVUhkL2jERGdMgwzVo_xM,5,458,,1.4371095,103.6232946,ng ah sio investments pte. ltd.,A,0.92682,5,FALSE,
板凳面ban deng mee eco botanic,ChIJJ1WNHAAL2jERG_mC8nNdMqI,4.7,137,,1.4371572,103.6232849,ling chui mee,B,0.6159,5,FALSE,
山丛野烤鱼shan cong ye chinese grilled fish,ChIJS8RhOlgL2jERfdXPnpsAQxs,5,628,,1.4378035,103.6231367,arcade fish soup pte. ltd.,A,0.85022,5,FALSE,
umizu omakase,ChIJRQByjHIL2jERHB2Q_LDO5Cs,4.9,29,,1.436514,103.6233479,jun omakase pte. ltd.,A,0.95876,5,FALSE,
串来串去自助火锅ecobotanic分店,ChIJ5R0gAgAL2jERWESjcnKmbek,4.9,195,,1.4366051,103.6232396,,Unknown,0.81632,5,FALSE,
tongkeun k no.1 chicken(eco botanic),ChIJx68aawAL2jERST40mGkLy-8,4.8,268,,1.4372799,103.6229728,x & k food pte. ltd.,A,0.86598,5,FALSE,
you kee xo duck (eko botanic),ChIJQadlfwAL2jERAzz4KlmsDEc,2,2,,1.4372522,103.6229313,wa kee pte. ltd.,Unknown,-0.1683,2,FALSE,
锅香堂 guoxiangtang eco botanic,ChIJIcDOYLML2jERz6b350YKLnI,5,192,,1.4368816,103.6229275,,Unknown,0.65208,5,FALSE,
youkee xo 有记烧臘之家 (eko botani),ChIJAzV6_7IL2jERLJ3mqc6ocZo,3.1,27,,1.4373667,103.6228122,,Unknown,0.95776,5,FALSE,
茶王冰廳 hk best food jb,ChIJc-lVMrFz2jER_nKUblDDFvs,4.3,315,,1.4367422,103.6228715,ho heng food & enterprise pte. ltd.,A,0.9586,5,FALSE,
有记xo烧腊点心,ChIJK5XcQAAL2jERcP9NHqq9mIE,2.5,4,,1.4373882,103.6227347,,Unknown,-0.111875,3,FALSE,
johor nasi lemak village,ChIJORqghzkN2jERz-nsIWeQ3Ak,4.4,88,,1.4567653,103.6450149,forum seafood village restaurant pte. ltd.,B,0.92126,5,FALSE,
pin ming xuan,ChIJ1yqgMUUN2jERzOHkbYWNILA,4.3,668,,1.4570667,103.6448875,si wei xuan pte. ltd.,B,0.87988,5,FALSE,
warung tebing santai,ChIJZ1DnKDVt2jERRzqnAhWRkXk,,,,1.4517789,103.692256,warung k llp,A,0,,FALSE,
warung mak anim,ChIJvyKIZAAN2jERzegKaFt6810,,,,1.4503532,103.6938776,mak hong kee (hk) kitchen pte. ltd.,A,0,,FALSE,
nasi lemak berlauk mami,ChIJORN-bgAN2jER65XDV49b1vw,,,,1.4524704,103.694975,yanti nasi padang restaurant pte ltd,B,0,,FALSE,
warung mawar,ChIJ2d0QTwAN2jERFBka7q6zQFU,5,1,,1.4533399,103.6930267,mawar,A,0,0,FALSE,
restoran sri pantai asam pedas kg sungai melayu,ChIJX5iFnBkN2jERxRGafK6dHu0,4,1570,2,1.4548385,103.6915868,sri dwi astuti,A,0.76446,5,FALSE,
gardenasia,ChIJ-wfW4X8N2jERqOY0SxJvaaw,4,783,2,1.4407939,103.7287877,,Unknown,0.67482,5,FALSE,
the replacement - lodge & kitchen,ChIJxzVycOgS2jERJEPQXVyiImA,4.2,1419,2,1.4571005,103.763828,the soup spoon pte ltd,A,0.77894,5,FALSE,
broadway coffeeshop @ 19 marsiling lane,ChIJLaF0vQET2jERKKqOgHuLwwM,3.7,155,1,1.4436697,103.7774816,drury lane pte. ltd.,A,0.27766,5,FALSE,
my kitchen my lab,ChIJu6O9cfoT2jERHJaN6IOapTg,4.8,23,,1.4407918,103.7736941,the butcher's kitchen pte ltd,A,0.97036,5,FALSE,
umami union,ChIJxzjByx8T2jERBn3udVinCQo,,,,1.4367355,103.774255,umami foods pte. ltd.,A,0,,FALSE,
187 ayam penyet,ChIJGwYVVwAT2jERQiBykzjEFMs,5,2,,1.4382415,103.7746886,penyet & bbq culinary pte ltd,A,0.68125,2,FALSE,
kimly mixed rice 金味飯莊 (marsiling road),ChIJs5LwKCwT2jERGK7iEoRkIPA,2,1,,1.4382744,103.7747027,thunder tea rice pte ltd,B,0.204,1,FALSE,
al-buhari restaurant @ 187c marsiling,ChIJBTNiNQAT2jERGTBQGD9hwkA,3.8,4,,1.4381855,103.7746923,mouth restaurant pte ltd,A,0.402775,4,FALSE,
jin hock food holdings pte ltd,ChIJucX7JrMT2jERi_wGG8sXcsc,,,,1.4415142,103.7747494,jin hock food holdings pte. ltd.,B,0,,FALSE,
bai li xiang economic bee hoon,ChIJq_AeEwAT2jERNy3ZXIK0Rv8,4,5,,1.4381788,103.7747144,li xiang,A,0.55552,5,FALSE,
kimly mixed rice 金味飯莊 (marsiling crescent),ChIJs9EB_H4T2jERnCQPJGQjskM,,,,1.4459423,103.7736212,thunder tea rice pte ltd,B,0,,FALSE,
kimly dim sum (blk 211 marsiling crescent),ChIJJyC8-LMT2jER1WgUifKrFdo,1.5,8,,1.4459423,103.7736212,dim sum pte. ltd.,A,-0.5351,5,FALSE,
ani yong tau foo,ChIJR4JPTQAT2jERa5qVFq4-Jms,2.8,6,,1.4382284,103.7747825,tan yong boon (chen yongwen),Unknown,0.07532,5,FALSE,
nurul hidayah,ChIJgaNkQAAT2jERBUtMo6SfRyU,3.3,12,,1.4459477,103.7736827,said nurul natasha binte said ishak,B,0.5909,5,FALSE,
阿吉猪什汤·粿汁,ChIJceeplqcT2jERMMKoRUSPF9o,4.2,17,,1.4459477,103.7736827,,Unknown,0.38952,5,FALSE,
ah keat pig’s organ soup and kway chap,ChIJMYzOvP0S2jERuEO6-TWaQws,4.3,310,1,1.4459477,103.7736827,the soup spoon pte ltd,A,0.87988,5,FALSE,
和心老火汤,ChIJRyiwPwAT2jERRyIn6xt9ucY,4,1,,1.4460633,103.7736908,,Unknown,-0.5083,1,FALSE,
yassin kampung @ marsiling,ChIJPxJmthkT2jERHrYBkFObP7c,3.8,670,2,1.4463329,103.7736918,yassin pte. ltd.,A,0.16808,5,FALSE,
pondok pizza ria,ChIJUZwQiwkT2jERyde3lWbwWn0,4.5,92,,1.4561335,103.7630852,extra virgin pizza pte. ltd.,A,0.91042,5,FALSE,
new world (meng kee) famous prawn noodle,ChIJ7SeKDbIT2jER7ItBJMVOVk0,3.6,23,,1.4314841,103.7740358,hock kee f&b pte. ltd.,A,0.50672,5,FALSE,
anasten kitchen | tan hiok nee heritage street,ChIJUasdSPoT2jER1d-vD9Q9CHM,4.6,76,,1.4561268,103.7632942,kitchen language pte. ltd.,A,0.75112,5,FALSE,
selera menanti traditional malay cuisine,ChIJXzcVmgET2jERmTDa7Qu-G6c,4.1,19,,1.4437034,103.7771358,shivshil cuisine pte. ltd.,A,0.46948,5,FALSE,
partinem familys,ChIJi52NLwAT2jEREoNNmnV8pSc,1,1,,1.4315204,103.7741365,,Unknown,-0.9662,1,FALSE,
you xin japanese korean cuisine ( 302 ),ChIJh7znNu8T2jERIHIjTTu_yNk,2.3,3,,1.4315229,103.7741463,gourmet cuisine pte. ltd.,B,-0.479466667,2,FALSE,
razmah nasi rawan,ChIJ1cypo-kS2jERnj44hbaoa8s,4.2,13,,1.456518,103.7595449,kampong ria nasi padang pte ltd,B,0.05648,5,FALSE,
lynns food & beverage(tanhioknee)纸船鸡饭陈旭年,ChIJ9X-vc-MT2jERAL4p7-HmSHY,4.7,257,,1.4561835,103.7633398,mexican food corp pte. ltd.,A,0.68342,5,FALSE,
wang xing mixed veg rice • porridge,ChIJ4e2tVa0T2jERVHsx0WFv0qQ,3.5,2,,1.431525,103.7741712,wang cher chiang,A,-0.40325,1,FALSE,
imperial kitchen claypot,ChIJQy2HrawT2jERpZ5BsDlcayc,,,,1.4342505,103.7754823,imperial treasure cantonese cuisine pte. ltd.,A,0,,FALSE,
"旺旺烧腊，鸡饭，炖汤 wang wang chicken rice, roasted delights, soup",ChIJIcFVIwAT2jERaTj5ifAHyqo,2,1,,1.4314848,103.7741796,the soup spoon pte ltd,A,0,1,FALSE,
ding chef fried rice,ChIJEbDMJQAT2jERmIefH-SNzgc,4,4,,1.4318415,103.7744066,lau di fang scissors-cut curry rice pte. ltd.,A,0.492375,3,FALSE,
mr grumpy nasi ayam (lucky plaza nasi ayam goreng) - marsiling (woodlands),ChIJG9ibc2IT2jERSWP4sH1cjVk,4.2,141,,1.4318415,103.7744066,kampong ria nasi padang pte ltd,B,0.86616,5,FALSE,
al falah restaurant pte ltd,ChIJCY_qyFIS2jERsTxct6Ucmco,3.2,36,,1.4315078,103.7742165,al falah restaurant pte. ltd.,B,0.2921,5,FALSE,
the garden juice bar,ChIJrzzm2ecS2jERzVSJeW_Wzys,3,1,,1.4562544,103.7633638,the exchange asia square pte ltd,A,0,0,FALSE,
hong kee fried delights,ChIJCQYQBgAT2jERBz1BUsAXRE8,4.5,4,,1.4314178,103.774189,yu kee duck and noodle house pte. ltd.,A,0.66105,4,FALSE,
fried delights & fishball noodle,ChIJzw1Mx1IS2jERuMsgbf8NbTQ,4.7,3,,1.4315063,103.7742571,liao fan hk soya sauce chicken rice & noodle (chinatown) pte. ltd.,A,0.3147,3,FALSE,
restoran harumanis,ChIJ7RJ-0-cS2jERjEm-WZZmumg,5,1,,1.456119,103.7640662,xiang tian restoran pte. ltd.,Unknown,0.5719,1,FALSE,
woodfire jotic,ChIJqx2v_g1t2jERhJ_EhrB67V0,4.6,2603,2,1.4566312,103.759464,,Unknown,0.9021,5,FALSE,
kafe alhambra,ChIJrQLeSmwT2jER9qnSPA10JfA,4.5,179,,1.4561893,103.7638541,mary's kafe by mary gomes private limited,A,0.96654,5,FALSE,
rockstone johor bahru,ChIJuxlcvcgT2jERhdX1jUWyxxg,4.4,79,,1.4562964,103.7634568,tiong bahru yong tao hu pte. ltd.,Unknown,0.63458,5,FALSE,
huat huat bbq,ChIJq6r6kq0T2jERxLpn0US3850,3.6,21,,1.4336992,103.7753992,penyet & bbq culinary pte ltd,A,0.53974,5,FALSE,
rong kee roasted delights - woodlands street 13,ChIJQy2HrawT2jERHnwFWEassjI,2.4,19,,1.4336933,103.7754141,hock kee f&b pte. ltd.,A,0.63134,5,FALSE,
yong tau foo,ChIJd0wCVqsT2jERcLCGJeBHnEY,,,,1.4336933,103.7754141,fong yong tau foo pte ltd,Unknown,0,,FALSE,
abi shawarma by al damascus,ChIJvazhn1ET2jERPizWCArQYsQ,5,7,,1.4561507,103.7643652,gardens by the bay,A,0.87806,5,FALSE,
triple k cafe 牛肉面家,ChIJz7Rh2ucS2jERSjW_U0qJPds,4.3,397,,1.456404,103.7633512,hanis cafe & bakery pte. ltd.,A,0.84168,5,FALSE,
ah seng mushroom minced meat noodle ( 四马路）,ChIJhasYFAAT2jERp4Fs4nGlnrY,,,,1.432916,103.7751933,lim chong seng,B,0,,FALSE,
anjung selera jotic,ChIJFQ7QCNgT2jERytEthlKou2U,4.6,5,,1.4568087,103.7596437,the selera nasi padang pte. ltd.,B,0.55386,3,FALSE,
king of fried rice,ChIJ2-nlhPkT2jER841ainFYQvk,4,254,2,1.4333158,103.7754364,burger king singapore pte. ltd.,A,0.30316,10,FALSE,
subway,ChIJC7FqNAYT2jERtHDhWKe_5ZQ,4,40,2,1.4429873,103.7853848,subway harbourfront pte ltd,A,0.178081667,239,FALSE,
ding ji,ChIJQy8hZ6oT2jER04bdQLmxzxA,1.4,8,1,1.4385093,103.7782237,ding jianlin,B,0.050081667,58,FALSE,
al-ameen eating corner,ChIJ2SMYHbIT2jERVptk4MxCg00,4.2,4320,1,1.4391858,103.7834261,the corner house holdings pte. ltd.,A,0.777,5,FALSE,
canadian 2 for 1 pizza,ChIJVZBieAgT2jERJhQMxs5R3X4,3.6,51,,1.4410687,103.7866854,domino's pizza singapore pte. ltd.,A,0.393602857,35,FALSE,
eat.,ChIJUTmI1KcT2jERyVP27gn4ebc,2.6,212,2,1.4366994,103.7867208,empire eats pte. limited,A,0.126355,20,FALSE,
pizza hut,ChIJ6_9d9qAT2jERGpZEdrBpCvc,4.3,656,2,1.4373689,103.7952695,pizza hut singapore pte ltd,A,0.586732,125,FALSE,
ayam penyet president,ChIJISxfiQUQ2jERzeHddgFIbec,4.2,696,2,1.4466479,103.7915383,sri bistari changi village famous ayam penyet pte. ltd.,Unknown,0.27889,10,FALSE,
rasa istimewa waterfront restaurant,ChIJDVTpC_8S2jERSz_upFj7WYo,4.2,2024,2,1.4539459,103.7776873,rasa istimewa waterfront restaurant llp,B,0.82878,5,FALSE,
ding ji teochew noodles,ChIJVRBC96AT2jERMTpblu-HJJI,1.7,44,1,1.4381669,103.7954674,chuan yang ji mutton soup steamboat pte. ltd.,B,-0.08916,5,FALSE,
texas chicken,ChIJJ2dCl6gT2jEROf9jJh3QsbA,4.7,3907,2,1.4357372,103.7854557,texas chicken restaurant pte. ltd.,A,0.14126,5,FALSE,
mcdonald's causeway point,ChIJ7eVXlqgT2jERLDbBmiS6JhQ,4.2,4796,1,1.4364427,103.7864043,lam's (singapore) culinary enterprise pte. ltd.,A,0.25474,5,FALSE,
crystal jade hong kong kitchen,ChIJ7eVXlqgT2jERZYfylUSl-Hs,3.8,639,2,1.4357518,103.7855824,leyau yen hong,A,0.735953333,15,FALSE,
lion city teochew kway teow soup,ChIJXzcVmgET2jERg0_fHeYSrJQ,4.9,7,,1.4439625,103.7770039,soup fair pte. ltd.,A,0.90164,5,FALSE,
ya kun family cafe (causeway point),ChIJ7eVXlqgT2jERg06tkfRTvzQ,3.7,579,1,1.4358196,103.7856981,bru cafe pte. ltd.,A,0.22138,5,FALSE,
lao ji ban mian,ChIJj4C_rp4T2jERAqWUNU7BrME,3.6,40,,1.4408629,103.7812573,gao ji food (s) pte ltd,A,0.4874,5,FALSE,
jr satay,ChIJTy7lEVIT2jERINE9kU9wwzY,,,,1.4409169,103.781266,satay by the bay pte. ltd.,Unknown,0,,FALSE,
selera menanti traditional malay cuisine,ChIJ421sXgAT2jEReOmgTzSxM3M,,,,1.440893,103.7813295,shivshil cuisine pte. ltd.,A,0.46948,5,FALSE,
qaiser indian muslim food,ChIJnTvy1H0T2jERxUUfzu4EkWY,5,5,,1.440893,103.7813295,best partners food management pte. ltd.,A,0.33424,2,FALSE,
rulai vegetarian 茹莱斋,ChIJ3_dITgAT2jERi-MqmMohtAg,5,5,,1.440893,103.7813295,nature vegetarian (suntec) pte. ltd.,A,0.778,5,FALSE,
eden food mall,ChIJj6kKNAcT2jERtq-H-D36tT8,3.8,415,1,1.440893,103.7813295,ho heng food & enterprise pte. ltd.,A,0.54792,5,FALSE,
dou dou mala hotpot,ChIJpUMc-jIT2jERpsbxUpeN5F0,4.6,10,,1.440966,103.781331,wang xing mala xiao chu pte. ltd.,A,0.6596,5,FALSE,
teochew bak kut teh,ChIJV7jbWwAT2jERl5o6ezD7lQY,4,1,,1.4409452,103.7814292,old street bak kut teh (fn) pte. ltd.,A,0.9428,1,FALSE,
island bites,ChIJbTExAwAT2jERNgMkTNxZBPQ,,,,1.4385237,103.77855,treasure island fruits pte ltd,A,0,,FALSE,
amigo's,ChIJiQfFbqoT2jERlFGR8F1V0dE,2.7,37,,1.4384769,103.7785933,seafood paradise (s) pte. ltd.,A,0.01752,5,FALSE,
nur muslim delight,ChIJkQy5490T2jERn0_4I6RFGHs,3.5,6,,1.4384526,103.7782964,nur sharrimah binte mohamad noor,Unknown,0.45706,4,FALSE,
kimly mixed rice 金味飯莊 (marsiling rise),ChIJHTYFvoMT2jERvRudnnvcySY,,,,1.4385093,103.7782237,thunder tea rice pte ltd,B,0,,FALSE,
gaga roasted delights 嘎嘎烧腊 @ 131 marsiling rise,ChIJld0wUnQT2jER8-n1Rryzcng,2.4,5,,1.4385093,103.7782237,formosa delights pte ltd,A,0.0218,5,FALSE,
ji wo pau,ChIJ3cz1rq4T2jERNqk1j2fHTQc,,,,1.4385524,103.7777004,gao ji food (s) pte ltd,A,0,,FALSE,
al iman restaurant pte.ltd,ChIJtagio_sT2jER7qMZMK86QZ8,3.4,209,,1.4386231,103.7776319,aman restaurant pte ltd,B,0.26736,5,FALSE,
富满楼 fu man lou seafood zichar,ChIJYbv24vgT2jERMTrtulVIyjg,1.8,5,,1.4379153,103.7820991,guo fu  pte ltd,A,-0.08896,4,FALSE,
jin le woodlands claypot rice,ChIJ68TQkKkT2jERbDCXjm2REFM,4.3,132,,1.4376955,103.7822353,lau di fang scissors-cut curry rice pte. ltd.,A,0.8072,5,FALSE,
稳稳吃肠粉 wenwen cheecheongfun,ChIJF35mNAAT2jERCMx8Ao6Ky00,4.1,72,,1.4377136,103.7822628,,Unknown,0.90924,5,FALSE,
wu wei seafood,ChIJR3yHfxQT2jERaxLWfmbQNj8,2.6,12,,1.4377136,103.7822628,seafood paradise (s) pte. ltd.,A,-0.01814,5,FALSE,
chettande kada,ChIJF_aLxoUT2jERgaA3BsSDcXQ,4,218,,1.4375869,103.7822615,,Unknown,0.18128,5,FALSE,
sunlabel pte ltd,ChIJS3ZtzwYT2jERuOrINriMA-4,,,,1.4428997,103.7816513,canton paradise pte. ltd.,A,0,,FALSE,
津味 jin wei,ChIJH12gIQAT2jERVSTHWcPVS-M,,,,1.4375226,103.7822715,jia wei healthy food pte. ltd.,A,0,,FALSE,
sin kee seafood soup,ChIJvZz1lDQT2jERj7cmPqnnybc,4.3,122,,1.4428334,103.7771673,marina live seafood & steamboat pte ltd,B,0.7031,5,FALSE,
hong ji herbs bak kut teh,ChIJc2KYngET2jERn5ZlQJ8UlUg,4.1,1842,1,1.4428334,103.7771673,guan chee hong kong roasted duck pte. ltd.,A,0.68464,5,FALSE,
old chang kee catering,ChIJic0FbG4T2jERlg__g9KNSUU,4.1,51,1,1.4501917,103.805305,chang cheng food & beverage pte. ltd.,A,0.74938,5,FALSE,
ajmir briyani,ChIJIVSBDHUT2jEReUhyxBACpq4,4.3,221,,1.4408712,103.8009005,ajmir briyani pte. ltd.,B,0.71922,5,FALSE,
九品轩炖汤 东北铁锅炖,ChIJiz6fQmkT2jER9oRFSMLJ-TQ,3.8,10,,1.454745,103.80461,,Unknown,0.1539,3,FALSE,
ming kitchen live seafood 名厨活海鲜 - woodlands link,ChIJ7Vjd7WUT2jERMGWtP00A5Nc,3.4,22,2,1.4522537,103.810989,chen li,B,0.5773,5,FALSE,
chang cheng hq,ChIJPV7d62UT2jERsmG5ANFP678,4,731,1,1.452496,103.810849,chang cheng food & beverage pte. ltd.,A,0.84094,5,FALSE,
taiwan ichiban,ChIJuzUeJGoT2jERA77jUACZe8c,,,,1.4568347,103.80369,taiwan ichiban pte. ltd.,A,-0.0739,3,FALSE,
mcdonald's woodlands mart,ChIJwSBJzAwT2jERPkhh26wN3t8,3.9,1260,1,1.4458164,103.7979634,lam's (singapore) culinary enterprise pte. ltd.,A,0.10288,5,FALSE,
indian cuisine,ChIJ_W5cgnUT2jERq7xUCb3oxnU,,,,1.43979,103.80145,taj authentic indian cuisine pte ltd,B,0,,FALSE,
kfc,ChIJQSkW_qAT2jERn4vUMZMXK5Q,3.8,659,2,1.4373719,103.7952046,,Unknown,0.207115238,105,FALSE,
kfc,ChIJU2-qn3UT2jERrjloH2v8HhY,4.1,635,2,1.4401399,103.8012009,,Unknown,0.207115238,105,FALSE,
meng ji noodle house,ChIJTXSdb3UT2jERuEUWN8KACqI,4.1,18,,1.440013,103.8004396,yu kee duck and noodle house pte. ltd.,A,0.3895,5,FALSE,
jia le yong tau foo,ChIJj0wxPEIT2jERO2Ud0IZuTRc,4.3,43,,1.4399434,103.8004642,jia jia le cuisine f & b pte. ltd.,A,0.85698,5,FALSE,
like pudding hot & cold dessert,ChIJR9dgZHUT2jERGpPxdGiKxjA,2.9,14,,1.4397394,103.8004148,hot stones steak and seafood restaurant pte ltd,A,0.27878,5,FALSE,
santapan nadira,ChIJNwkFaQAT2jEREMQK4CTVjjQ,1.9,9,,1.4398412,103.800487,,Unknown,-0.12848,5,FALSE,
day & night herbal soup,ChIJnR9qe3UT2jERlrD-TphoSWM,3.3,13,,1.4397364,103.8004773,day night herbal soup pte. ltd.,A,0.14434,5,FALSE,
saamsudeen,ChIJJ_EaBlMT2jERP42JhP7MRRs,3.7,32,,1.4396917,103.800467,,Unknown,0.81888,5,FALSE,
spicy pot,ChIJs3g5TTMT2jERk7kvPfj8UKY,2.5,24,,1.4399348,103.8005736,spicy house restaurant management (s) pte ltd,A,0.36056,10,FALSE,
long john silver's,ChIJ91FiZnUT2jERXgrOq0s0Ufs,3.4,356,,1.4400347,103.8005859,seafood paradise (s) pte. ltd.,A,0.26932,35,FALSE,
ofanz rojak & popiah,ChIJCYzVZHUT2jERfDzBtFzLfgA,4.1,11,,1.4398187,103.8006002,kway guan huat joo chiat popiah (since 1938) pte. ltd.,A,0.23496,5,FALSE,
the western house,ChIJP8YhcHUT2jERxxoo9TzufzU,3,16,,1.4400436,103.8006305,the exchange asia square pte ltd,A,0.68194,5,FALSE,
xi wang bak kut teh,ChIJtwIfd3UT2jER54qJKsvRne8,4.1,75,,1.4400041,103.8006521,old street bak kut teh (fn) pte. ltd.,A,0.57568,5,FALSE,
old times,ChIJ2XO3SFAT2jERy8vBEk3wGw4,3.3,18,,1.4398741,103.8006515,hong kong street old chun kee pte. ltd.,B,0.49812,5,FALSE,
kampung admiralty hawker centre,ChIJSYCHb3UT2jERZBT2RKbXINU,4.1,4882,1,1.4398741,103.8006515,hawker qsr pte. ltd.,Unknown,0.80664,5,FALSE,
he zhi rong korean food,ChIJ_W5cgnUT2jERIFQVg7Z5nm4,2.5,12,,1.4398604,103.800649,chang cheng food & beverage pte. ltd.,A,0.16182,5,FALSE,
uncle penyet,ChIJf6Wne3UT2jERPBeNz4D8DfI,3.1,40,,1.4398121,103.8006406,penyet king pte. ltd.,A,0.45342,5,FALSE,
xian fu fish soup,ChIJ0UE0NBUT2jER0IBGgumRv4s,2.3,16,,1.4399023,103.8006658,soup restaurant singapore pte. ltd.,A,-0.18368,5,FALSE,
delicious dim sum,ChIJf2K7enUT2jERB213QRsjZsw,3.6,8,,1.4399232,103.8006839,low hui sum,Unknown,0.08284,5,FALSE,
mos burger,ChIJt7pGcXUT2jER5fuhT7qxJkI,3.2,185,1,1.4399968,103.8007097,mos foods singapore pte. ltd.,A,0.53058,30,FALSE,
teh tarik drinks,ChIJ1-pjcwUT2jERTSHhaOMN2WY,2.6,7,,1.4396419,103.8006279,old street bak kut teh (fn) pte. ltd.,A,-0.48872,5,FALSE,
fu xing economic bee hoon nasi lemak,ChIJSSXtenUT2jERYiGAFqho5bw,4.8,5,,1.4398898,103.8007432,lim bee kian annie,A,0.36258,4,FALSE,
chinese cuisine sichuan,ChIJSSXtenUT2jERuh7YcNbZkuc,2.7,21,,1.4398898,103.8007432,imperial treasure cantonese cuisine pte. ltd.,A,-0.295,5,FALSE,
ming fa fishball @ kampung admiralty,ChIJG3PVr7kT2jERdr98DIcrfHY,2,36,,1.439691,103.800688,tai seng fa pte. ltd.,A,0.06692,5,FALSE,
soon kee roasted delights,ChIJ79ZlcHUT2jERuTSHNd2VY2w,1.7,22,,1.44002,103.8007613,guan chee hong kong roasted duck pte. ltd.,A,-0.40464,5,FALSE,
yassin kampung @ admiralty,ChIJ6bLO-a8T2jERR1UyO8aD93k,3.7,1230,2,1.4397131,103.8007348,yassin pte. ltd.,A,0.88062,5,FALSE,
kimly dim sum (blk 676 kampung admiralty),ChIJfyoMPK8T2jERvZfmhszA9e4,2,1,,1.4397745,103.8008056,dim sum pte. ltd.,A,0.7787,1,FALSE,
pizza hut,ChIJhUpqaIEU2jERBEmFK4tHV8Y,4.6,402,2,1.4440102,103.8262548,pizza hut singapore pte ltd,A,0.586732,125,FALSE,
hei sushi,ChIJnwzYEYEU2jERSJu3xztD_gg,4.2,975,2,1.4418319,103.8249288,tatsu sushi (s) pte ltd,A,0.32428,10,FALSE,
sushi express - sun plaza,ChIJfbpQLn0T2jER8zc2XEijLAg,4.2,975,1,1.4482678,103.8196887,republic plaza city club (singapore) pte ltd,A,0.3993,5,FALSE,
white restaurant (jalan tampang),ChIJoT6zTIAU2jERGZnpJGsdAOg,4.5,5222,2,1.4415259,103.8235541,alan,B,0.96076,5,FALSE,
east bistro,ChIJFZItt4EU2jERs4G5nrj3tTk,4,581,2,1.4420372,103.823434,east bistro pte. ltd.,Unknown,0.98768,5,FALSE,
sembawang traditional claypot rice,ChIJQbmFsIEU2jERkxCMqpBIKB0,3.5,1145,2,1.4421427,103.8235893,liao fan hk soya sauce chicken rice & noodle (chinatown) pte. ltd.,A,0.54092,5,FALSE,
wan xi ge (kitchen no.8),ChIJ310IroEU2jERutJ0P0WnFBI,4.3,405,,1.4418812,103.823838,crystal jade kitchen (s.c.) pte ltd,A,0.85048,5,FALSE,
shell,ChIJ19sxX4AU2jERemI8JPopNPw,3.9,113,2,1.44053,103.824421,,Unknown,0.194250769,65,FALSE,
delifrance singapore - sembawang cheers 1 express corner,ChIJcwSGioAU2jERWFl-Dz671nw,5,1,2,1.440152,103.8245576,cold storage singapore (1983) pte ltd,A,0,0,FALSE,
chic-a-boo @ sembawang shopping centre,ChIJwTWiAIEU2jER0uJdh3RmsMc,4.1,510,2,1.4418526,103.8244563,each-a-cup pte. ltd.,A,0.94286,5,FALSE,
just acia,ChIJG9uCAYEU2jER3-Eon0sd7nI,4.2,579,2,1.4418355,103.8248907,just acia pte. ltd.,A,0.88954,5,FALSE,
happy kampong seafood,ChIJu3xz4bYW2jER-si5xrc6XCA,4.1,710,2,1.4441334,103.8258853,marina live seafood & steamboat pte ltd,B,0.7859,5,FALSE,
happy village restaurant (happy kampong seafood malu malu),ChIJ6y5i3oMU2jER-GgJ3IOuN18,3.9,456,2,1.4442202,103.8259012,seafood paradise (s) pte. ltd.,A,0.45998,5,FALSE,
swensen's @ sun plaza,ChIJWxWSL30T2jERauL76sre41w,4.4,1617,2,1.4480737,103.8195731,lam's (singapore) culinary enterprise pte. ltd.,A,0.92174,5,FALSE,
pot addiction korean bbq & hotpot | sun plaza,ChIJmeetMX0T2jERAngoXa0Yhnk,4.4,1432,2,1.4482192,103.8200052,penyet & bbq culinary pte ltd,A,0.65856,5,FALSE,
broadway food centre @ 334a sembawang close,ChIJpdCbpXwT2jERo9jX2FUvxpI,3.7,672,1,1.4481094,103.8164216,mexican food corp pte. ltd.,A,0.36832,5,FALSE,
white restaurant (sun plaza),ChIJO74wMH0T2jERLSsU6GCXz5M,4.7,3993,2,1.4484036,103.8198718,imperial treasure fine dining restaurant pte. ltd.,A,0.80116,5,FALSE,
chop kai wah restaurant,ChIJrcuNUoAU2jERFe0g3hLOSis,,,,1.4414265,103.8239054,misaki japanese restaurant pte. ltd.,A,0,,FALSE,
kfc,ChIJ7cjSMX0T2jERtyhAXbevl_8,3.6,883,2,1.4480359,103.819285,,Unknown,0.207115238,105,FALSE,
astons specialities,ChIJS2fZEYEU2jERn_N0XaPFWzY,4.5,2433,2,1.4420169,103.8247262,beanstalk specialities pte. ltd.,A,0.7536,5,FALSE,
mcdonald's sun plaza,ChIJ7cjSMX0T2jERaHtxGhH0onU,4,2491,1,1.4482725,103.819938,artemis fine foods a.s. pte ltd,A,-0.18454,5,FALSE,
ya kun kaya toast (sun plaza),ChIJmUchOH0T2jERU8Qmol5k1hw,3.8,279,1,1.4482678,103.8196887,republic plaza city club (singapore) pte ltd,A,0.65012,5,FALSE,
flamingg mangos,ChIJ799KvIAU2jERyriGPUJyu48,4,406,2,1.4434154,103.8261095,,Unknown,0.65538,5,FALSE,
e-vegetarian pte ltd,ChIJX0zrFnoT2jERKhtd7hx60YA,,,,1.4412918,103.8197348,dragon gate vegetarian pte ltd,Unknown,0,,FALSE,
ah moon fish soup,ChIJcRi8f6AT2jERe3A4zUQh5pE,4.1,185,,1.442097,103.8186131,ng ah sio investments pte. ltd.,A,0.4428,5,FALSE,
mala hotpot,ChIJhz3oaxQT2jERysSBARj952s,5,2,,1.4421238,103.8185618,nsb hotpot pte. ltd.,Unknown,0.83195,2,FALSE,
sunrise chicken rice - gambas,ChIJo0HlU0AX2jERjEHiCpxx7Kc,4.8,10,,1.4422963,103.818497,lau di fang scissors-cut curry rice pte. ltd.,A,0.74834,5,FALSE,
parc life blk 37,ChIJ5Z7sB3IT2jERKhMTjKpHLqs,4.6,5,,1.4425491,103.8189501,madstop life enterprises pte. ltd.,A,0.24216,3,FALSE,
instachef at skypark residences (restricted access),ChIJkwstJMoT2jERUz1DXSUrl18,,,,1.4436648,103.8198148,sun at food singapore pte. ltd.,A,0,,FALSE,
you huak restaurant,ChIJZ3DSTIAU2jERJ4a-7q8eHCI,3.9,27,,1.4415831,103.8234984,you huak restaurant pte.ltd.,B,0.44122,5,FALSE,
sabrina's kitchen @jalan tampang,ChIJucZNLRcV2jERcDPdU2EMc4M,4.7,92,,1.4416557,103.8234663,alan,B,0.8645,5,FALSE,
xing hua delights 回味轩兴化菜馆,ChIJ559f02wV2jERHUFIf45s6og,4.2,285,2,1.4413464,103.8236389,lee eng hua,Unknown,0.66148,5,FALSE,
leaf corner sembawang vegetarian 慈素餐馆,ChIJFWxBDjgV2jERUkMEeVgh-YQ,4.5,548,2,1.4413701,103.8237045,kampong corner pte. ltd.,Unknown,-0.29406,5,FALSE,
onebowlthai,ChIJ_9q2jdwT2jER3pvcPLDj3Hs,,,,1.4426361,103.8229497,,Unknown,0,,FALSE,
nosh @ sembawang,ChIJA5Y36CsV2jER5zQl69wmBkc,4.6,1091,,1.44173,103.8236251,sembawang seafood restaurant pte. ltd.,Unknown,0.93276,5,FALSE,
sum's kitchen 深記飯店燒鴨,ChIJI-qywFsV2jERLFKjhkJCS8g,3.1,139,,1.4414022,103.8237737,artemis fine foods a.s. pte ltd,A,0.87396,5,FALSE,
jj thai,ChIJZ0jCsoEU2jERIz5UYy9rPAw,,,,1.441652,103.8236803,jj thai premium restaurants (selegie) pte. ltd.,A,0,,FALSE,
happy thai food - sembawang,ChIJoellFGYV2jER2vKI1GPY8j8,4.4,268,,1.4416506,103.823688,quik food pte. ltd.,B,0.81742,5,FALSE,
万溪阁（原八号厨房）,ChIJccnXkQUV2jERfWcWKgUZRJM,,,,1.441705,103.8236752,,Unknown,0,,FALSE,
smart city kitchens @ woodlands food express/sembawang,ChIJoSHJ7K4T2jERW8kPukJOMCo,3.5,21,,1.4423889,103.8166454,ho heng food & enterprise pte. ltd.,A,0.24596,5,FALSE,
teck chiang restaurant,ChIJwRScsIEU2jERVpghBTC_wdc,,,,1.4421372,103.8235618,texas chicken restaurant pte. ltd.,A,0,,FALSE,
wang seng claypot,ChIJnUGtH1YV2jERLXSawmbueYI,,,,1.4414265,103.8239054,wang guolan,A,0,,FALSE,
yishun life seafood,ChIJB97B95kU2jERqTYK_Hny83A,4.1,228,,1.4414265,103.8239054,yishun life seafood pte. ltd.,Unknown,0.69548,5,FALSE,
一家便饭 313a mixed rice,ChIJoUWmfwAT2jERt5EE3Mtcb5E,1,10,,1.4440376,103.8213141,lau di fang scissors-cut curry rice pte. ltd.,A,-0.20548,5,FALSE,
1036 live seafood,ChIJGWZ0_JkU2jERyBqFWy7JGws,3.8,1209,2,1.4534902,103.8329162,seafood paradise (s) pte. ltd.,A,0.6111,5,FALSE,
sing poh eating house,ChIJrUAmGooU2jERpQGg_6ESETg,3.4,23,,1.4398969,103.8394274,yu kee duck and noodle house pte. ltd.,A,0.1761,5,FALSE,
oil town sarawak kolomee,ChIJ0449H4oU2jERjBzQtdeRCS4,3.7,317,,1.4398656,103.8393753,,Unknown,0.6167,5,FALSE,
开发家香味杂菜饭,ChIJh24HBAAV2jER_mgciNHwasM,5,1,,1.440065,103.839332,,Unknown,0,0,FALSE,
authentic tay's 郑品,ChIJrVd4ZxcV2jERvWlFgR2V84U,5,8,,1.440065,103.839332,seafood paradise (s) pte. ltd.,A,0.92296,5,FALSE,
bro's cuisine,ChIJhVXBMwAV2jERIJ1ke4fWF78,5,7,,1.4401907,103.8392849,seafood paradise (s) pte. ltd.,A,0.8081,5,FALSE,
thendral prata palace,ChIJWVZvH4oU2jER6rt2ohJDYv4,3.3,18,,1.4402777,103.8392634,yan palace restaurant holdings pte ltd,B,0.4095,5,FALSE,
kim poh fishhead steamboat,ChIJz9UsSnQV2jERzPomxMVmc4k,3.9,141,2,1.4374126,103.8416191,marina live seafood & steamboat pte ltd,B,0.48136,5,FALSE,
hai nan zai 海南仔,ChIJ6TIyfwAV2jERRvYBFD_npdE,3.6,20,,1.4374094,103.8416417,yechun xiao jiang nan restaurant group pte. ltd.,A,0.00541,10,FALSE,
suria food @ yishun,ChIJ3Z8CUbcV2jERo2na0U2RFy8,4.1,12,,1.4373919,103.8416369,ho heng food & enterprise pte. ltd.,A,0.5429,5,FALSE,
ipoh curry mee 怡保咖喱面,ChIJRZQmB4EV2jERfx6XOZgFR3c,4.2,103,,1.4373883,103.8416558,lau di fang scissors-cut curry rice pte. ltd.,A,0.46808,5,FALSE,
a1 azee western food,ChIJJwJOU2AU2jEReMe9yrAARgA,4.4,58,,1.4373798,103.8416572,ho heng food & enterprise pte. ltd.,A,0.8682,5,FALSE,
jayz snacks,ChIJOanJOs8V2jERZwAjXwRLbMU,3.4,22,,1.4373488,103.8416598,sha xian snacks pte. ltd.,Unknown,0.8176,5,FALSE,
御香烧腊 yu xiang roasted,ChIJ85igzo8V2jERLx0YZ0FRhCU,,,,1.4365268,103.8441382,yu xi,B,0,,FALSE,
family mookata,ChIJda4Lp98V2jER-Cs3gCQyB0c,4.8,3443,,1.436539,103.8440786,big family shi dai pte. ltd.,B,0.70508,5,FALSE,
shi fu ban mian • fish soup,ChIJNZXQIwAV2jER2cEUdX74oPw,,,,1.4379183,103.8438187,soup fair pte. ltd.,A,0,,FALSE,
fuel up @ yishun,ChIJdabd0N0V2jERdGQBnKXnpB4,4.1,232,,1.4375677,103.8438496,catch up leh pte. limited,A,0.31948,5,FALSE,
top corner western food,ChIJOTxQ3ywV2jERVeae1yRBnXo,4.4,11,,1.4380069,103.8437115,chang cheng food & beverage pte. ltd.,A,0.62704,5,FALSE,
al-tamiz indian muslim food,ChIJJWLvQgAV2jERVQYQ8xkVKpI,3.7,3,,1.4379507,103.8437,quik food pte. ltd.,B,0.158466667,2,FALSE,
ichidon winkitchen,ChIJvUD6cuYV2jERPjFTUhTPHQI,4.7,77,,1.4318036,103.8457058,,Unknown,0.76046,5,FALSE,
a-go-go rojak,ChIJQQKOeWwV2jERKCNINFaVPTg,4.7,9,,1.4317891,103.8456833,artemis fine foods a.s. pte ltd,A,0.70288,5,FALSE,
fazs satay,ChIJlzItY10U2jERhV2yVcgTAoA,4.3,30,,1.431751,103.845616,satay by the bay pte. ltd.,Unknown,0.90818,5,FALSE,
noodlefellas,ChIJAz5AfSYV2jERL5ajqE5dMRQ,,,,1.4369957,103.8432506,ella,B,0,,FALSE,
okra by swg,ChIJD2_I-woZ2jERPFrd7Sps_WA,5,1,,1.4369957,103.8432506,gardens by the bay,A,0,0,FALSE,
nurfir nasi ayam,ChIJ4ahB-GAU2jER1Muq44LVxOg,4.5,161,1,1.4361785,103.8431349,kampong ria nasi padang pte ltd,B,0.93026,5,FALSE,
jb tai pai tong,ChIJ6WOW6mAU2jERNM4zR-gp6TY,3.6,204,,1.4356826,103.8432354,tong le private dining pte. ltd.,A,0.55092,5,FALSE,
normah nasi padang,ChIJxdclpdYV2jERu3BdJbeUa9s,1,1,,1.4356901,103.8432219,kampong ria nasi padang pte ltd,B,0,0,FALSE,
golden prosper 金旺 wanton mee (yishun),ChIJ5csSqdAV2jERfACf8GHZ2dA,4.5,4,,1.4360982,103.8431182,qiu lian ban mee pte ltd,B,0.850725,4,FALSE,
claypot delight 砂煲之家,ChIJySzMWFIV2jERyT5muV4b-BA,,,,1.4356332,103.8432284,geylang claypot private limited,Unknown,0,,FALSE,
icg chicken & burger,ChIJ01HpHqQV2jERNboHaejGzzw,4.9,893,,1.4356325,103.8431869,texas chicken restaurant pte. ltd.,A,0.9647,5,FALSE,
korean fusion bistro,ChIJgbuP4XwV2jERLYhXgfPb7i8,4.7,71,,1.4357311,103.8430976,hyangtogol (korean restaurant) pte. ltd.,A,0.95286,5,FALSE,
tong xin vegetarian food,ChIJhfo9S4YU2jERHwTQa_yfJk8,4.8,21,,1.4362426,103.8429022,chang cheng food & beverage pte. ltd.,A,0.56068,5,FALSE,
meezaan indian food,ChIJEXJ9MQAV2jERXv4Yxz9KnVw,3,1,,1.4362285,103.8428764,ho heng food & enterprise pte. ltd.,A,0.7579,1,FALSE,
hua kee,ChIJCTvBSB8L2jERruJ3A967jbA,3.9,966,2,1.4588279,103.5948562,chua keem long,A,0.70286,5,FALSE,
orange house corner,ChIJ_b73wuAK2jERvQHVp-oGnmo,4,72,,1.4579049,103.5855776,yu kee duck and noodle house pte. ltd.,A,0.5074,5,FALSE,
tea garden gelang patah,ChIJWxjrAd4K2jERHPAGlY7o1Tw,4.3,1842,2,1.4595881,103.5843318,the coffee bean & tea leaf (singapore) pte ltd,A,0.36618,5,FALSE,
resturant salam,ChIJKbOELAAL2jERBt3aonU0rNc,4.4,5,,1.4587291,103.5961808,fatimah beevi d/o a abdul salam,B,0.42994,4,FALSE,
restaurant nasi kandar salam,ChIJHaw8LgML2jERfOIenVvYNa8,4,30,,1.4592892,103.5958874,imperial treasure fine dining restaurant pte. ltd.,A,0.25966,5,FALSE,
#7 beradik restaurant • gelang patah,ChIJ4440h1cL2jERS2dJ0dOExFY,3.4,148,2,1.4560199,103.5983652,foc restaurant pte ltd,A,0.238,5,FALSE,
小舅子 lok lok,ChIJ41W8JAAL2jERZDkDnqgarzY,5,1,,1.4582739,103.5958466,shiok lok pte. ltd.,B,0.4215,1,FALSE,
阿华牛肉面 ah hua beef noodles,ChIJwTrhUMUL2jER9lBLLaolgmw,4.4,179,,1.4555226,103.5991646,authentic hock lam street popular beef kuay teow pte ltd,A,0.66056,5,FALSE,
restoran nazkalvengers,ChIJNSEtfgcL2jERjjTLruG-ah8,4.6,83,,1.4586012,103.5956554,,Unknown,0.50518,5,FALSE,
daniela kitchen,ChIJIRxtTB8L2jERUjNwpOXvAbs,5,1,,1.4586097,103.5954955,kitchen language pte. ltd.,A,0,0,FALSE,
达城杂菜饭 - gelang patah(taz ching restaurant),ChIJxe4GMhwL2jERc0jKgj9_dCI,4.3,60,,1.4554354,103.598393,mouth restaurant pte ltd,A,0.49426,5,FALSE,
bumbu babah @ gelang patah,ChIJT03tDgAL2jERPhIBBOP4KLw,3.7,58,,1.4551628,103.5991429,,Unknown,0.63388,5,FALSE,
lakshaiya spicy corner,ChIJM4gYWB8L2jERJBqjp-mWzsg,5,2,,1.459379,103.5950527,spicy house restaurant management (s) pte ltd,A,0,1,FALSE,
food shops,ChIJ73AMDAAL2jERH_zaaibflKk,,,,1.4592408,103.5949772,ho heng food & enterprise pte. ltd.,A,0,,FALSE,
槟城assam laksa,ChIJf6vvcQAL2jER0VWkhJHV_jQ,,,,1.4549927,103.598974,san laksa steamboat pte ltd,B,0,,FALSE,
再来亿口,ChIJW99jUgAL2jERYkEU22z_S9Q,,,,1.4549927,103.598974,,Unknown,0,,FALSE,
donburi japanese rice bowl,ChIJSzxqDQAL2jER3aPQzxDr7Dg,,,,1.4549927,103.598974,lau di fang scissors-cut curry rice pte. ltd.,A,0,,FALSE,
mimi rojak,ChIJeeA6JgAL2jERQIe3-_ycnqE,,,,1.4549927,103.598974,mimi,B,0,,FALSE,
阿妈蚝煎,ChIJJ2UXNwAL2jER9aQvYr5KWeY,,,,1.4549927,103.598974,,Unknown,0,,FALSE,
阿婆雷茶,ChIJZ9c1AAAL2jERc4H887f4Qrg,,,,1.4549927,103.598974,,Unknown,0,,FALSE,
经济米粉面,ChIJacaERAAL2jERH9SYzEhaOSM,,,,1.4549927,103.598974,,Unknown,0,,FALSE,
shwe nan daw restaurant,ChIJb8b35x8L2jERm3GDZsoN-qw,5,2,,1.4570199,103.5958129,misaki japanese restaurant pte. ltd.,A,0,0,FALSE,
restoran anjung selatan gelang patah,ChIJRVOvyR8L2jERlibfDO4autk,4,190,,1.4548547,103.6001739,katijah bt abdul patah,A,0.72096,5,FALSE,
china muslim lanzhou ramen,ChIJE-I-hhkL2jEREvPXE1a-rGk,4.4,134,,1.4549234,103.599084,china abc pte ltd,A,0.87864,5,FALSE,
las restaurant,ChIJ-1kJGE4L2jERBmwE51Ca5KE,4,12,,1.4549234,103.599084,komala vilas restaurant pte. ltd.,B,0.46914,5,FALSE,
yeong family,ChIJ81BhuTEL2jERA-V_4I4ct0o,4.2,23,,1.454912,103.5991024,big family shi dai pte. ltd.,B,0.1664,5,FALSE,
jb榴梿诚信鲜果贸易chengxin fruit trading,ChIJnX05PgAL2jERVW_aqAUI-yo,4.4,126,,1.4551518,103.5981949,kang shi fu trading limited liability partnership,B,0.33342,5,FALSE,
小胖椰浆饭,ChIJV52uTQAL2jERgm5IuCTgBis,,,,1.4588299,103.5949454,,Unknown,0,,FALSE,
nasi kandar stadium (gelang patah),ChIJ37_D75xD0DERGYRmdAP-5OI,4.4,245,,1.4549832,103.5986639,that nasi lemak llp,Unknown,0.7498,5,FALSE,
西安面馆,ChIJ2YmqFAAL2jERK1bPJgfKzME,4.8,16,,1.454789,103.5995661,,Unknown,0.76156,5,FALSE,
tong nam ddh food court,ChIJN0JVH7QL2jERYTPp_JKMDyk,3.9,87,2,1.4588168,103.5948921,chang cheng food & beverage pte. ltd.,A,0.80492,5,FALSE,
kanteen31 avenue 68 iskandar puteri,ChIJM7C1HnUL2jEReV4oDSMevY0,4.7,1261,2,1.4548748,103.598748,hrvst avenue pte ltd,A,0.94424,5,FALSE,
restoran bj799,ChIJyRKE4twK2jER0TOJxtrjYVU,4.2,130,,1.454977,103.5982742,xiang tian restoran pte. ltd.,Unknown,0.1877,5,FALSE,
tomyam aminah restaurant,ChIJVwGFRgAL2jER5_a-eW86ggI,4.3,7,,1.4569482,103.5956407,hyangtogol (korean restaurant) pte. ltd.,A,0.44978,5,FALSE,
naseeb capati nan gelang patah,ChIJzT7a9nEL2jERzwoHs8GqIYA,4.4,211,,1.4546946,103.5996382,nan siong leng,A,0.58086,5,FALSE,
restoran al-safa iskandar puteri,ChIJdRR9vy8L2jER1M54P_8j_MA,4.3,1276,2,1.45469,103.6003209,al brothers pte ltd,Unknown,0.46534,5,FALSE,
restoran xing hoo 星和粿条汤 ah song,ChIJVXzATlJz2jERKE87zkciHUU,4.2,139,,1.4547752,103.5986969,ah nian pte. ltd.,B,0.78468,5,FALSE,
wan de fu vegetarian restaurant,ChIJkxt_ueYK2jERVzjZf8JDpZI,4.2,175,1,1.4569128,103.5955505,imperial treasure fine dining restaurant pte. ltd.,A,0.397,5,FALSE,
zainik cafe,ChIJKwAZIyGf0DERZZU_jR1-kQg,4.5,131,,1.4546017,103.599431,bru cafe pte. ltd.,A,0.6757,5,FALSE,
shi san jia rice noodles,ChIJbVr2t_8L2jERGnYnBRweRYk,4.5,13,,1.4548428,103.5982737,lau di fang scissors-cut curry rice pte. ltd.,A,0.63384,5,FALSE,
allace gelang patah jb,ChIJZ3c5YFWf0DERZOQb3t4tcrA,4.7,430,,1.4544715,103.5993937,jb 101 seafood @ firewokz pte. ltd.,B,0.89634,5,FALSE,
bramong chicken rice,ChIJYwcBkGgL2jEReEaWsyjvhDk,4.5,31,,1.4546906,103.5983343,texas chicken restaurant pte. ltd.,A,0.43488,5,FALSE,
the best cendol silc,ChIJx4mX4uYL2jER3FI1x4QfnZ8,,,,1.4655229,103.6005747,the exchange asia square pte ltd,A,0,,FALSE,
restoran printis 3,ChIJSTRb1x4L2jERIvC1FcgTVt0,4.1,169,2,1.4568341,103.5953727,pro*3 institutional catering pte. ltd.,A,0.5567,5,FALSE,
universal sambal gelang patah,ChIJQSbUXdwL2jERZh1nZTylbi8,3.7,210,,1.4543722,103.6001116,,Unknown,0.38308,5,FALSE,
四季好 lucky four season restaurant,ChIJPyu0mdYL2jERrhl29anvu-A,4.2,101,2,1.4544329,103.5987776,imperial treasure fine dining restaurant pte. ltd.,A,0.60798,5,FALSE,
toastma,ChIJ3a9_Y6sL2jERjbvROCCJISw,4.3,37,,1.4543162,103.5993516,,Unknown,0.20744,5,FALSE,
restoran ayu seafood,ChIJJ3QzYwAL2jERoKBc0KIYScg,4,25,,1.454575,103.5981261,marina live seafood & steamboat pte ltd,B,0.23158,5,FALSE,
asam pedas cili gemuk,ChIJGfGsCgAL2jERCHU_fQmcPwU,4.7,33,,1.4543023,103.5990622,li li,A,0.92476,5,FALSE,
restoren tomyam zulhakimi,ChIJTRECbQAL2jERlD2gGiN3JFs,5,2,,1.4567613,103.5952086,,Unknown,0.5891,2,FALSE,
restoran adam,ChIJ3QilizYL2jERwQKZxeFcll4,4,4,,1.4567543,103.5951431,adam's corner seafood restaurant pte ltd,B,-0.186075,1,FALSE,
foodinfini,ChIJpd1wrRsL2jERSCIqPENsg9s,,,,1.4540489,103.5999318,,Unknown,0,,FALSE,
restoran mahbuba (azhar nasi arab),ChIJ812IVnsL2jERztkVEkhH95U,4.1,64,,1.4540909,103.5988698,that nasi lemak llp,Unknown,0.1841,5,FALSE,
quán ăn trưa,ChIJW2oFbQAL2jERVYw-XjPhVB0,,,,1.4541882,103.598392,"ng zhao qun, calvin",B,0,,FALSE,
珍猪•猪肉粉 jb the pearl pork noodle - gelang patah (5th branch),ChIJBQOLEQAL2jERF_f0NEN_GkY,4.5,4,,1.4540592,103.59851,the exchange asia square pte ltd,A,0.250725,2,FALSE,
heng park garden cafe,ChIJ3_26KpIL2jERTbw6ff0mlcw,3.8,378,,1.4540183,103.5984554,ho heng food & enterprise pte. ltd.,A,0.64756,5,FALSE,
tj bak kut teh,ChIJB3gzNQAL2jERoiVp5zAPX7I,,,,1.4539689,103.5984375,old street bak kut teh (fn) pte. ltd.,A,0,,FALSE,
mr korea,ChIJF5x7NAAL2jERQhEuXUnT6AU,,,,1.4539674,103.5984388,mr bap pte. ltd.,A,0,,FALSE,
restaurant x9 & bistro 湘九坊,ChIJu_cRTLoL2jER7xdSuYppIeI,4.8,55,,1.4611908,103.6225945,hyangtogol (korean restaurant) pte. ltd.,A,0.90016,5,FALSE,
uncle five coffee @ horizon hills,ChIJ9-f2oQIL2jERVrJ0MsFiWmc,4.8,625,,1.460675,103.6228035,coffee n creme pte ltd,A,0.85704,5,FALSE,
la provence,ChIJL3Kj3B4L2jERlweicuhbPsw,4.7,162,,1.4614084,103.6225209,ma la guo wang pte. ltd.,B,0.87618,5,FALSE,
jiah xiang dim sum - horizon hills,ChIJ_UD_2_kL2jERAX6VMj4EfuA,4.1,941,2,1.4618426,103.6225462,dim sum pte. ltd.,A,0.91768,5,FALSE,
mokumoku +,ChIJiX8jZdF12jERZiTEelT2p5M,4.5,130,,1.4611134,103.6230418,,Unknown,0.58324,5,FALSE,
锦福冷气海鲜饭店 (kim hock seafood restaurant),ChIJN07N1ocL2jERru2InNRidsM,4.4,161,,1.4619885,103.6228944,gan hock lim,A,0.61116,5,FALSE,
江記麵家,ChIJKU8Z0LML2jERPb1YVnMYxjU,,,,1.4619885,103.6228944,,Unknown,0,,FALSE,
fire pitz,ChIJVV_sjocL2jERM88ZpSnDx_4,4.8,3637,,1.4619919,103.6228944,food on fire pte. ltd.,A,0.9797,5,FALSE,
bamboo seafood restaurant • 知竹海鲜,ChIJbYgBiBoL2jERy79c1d6jHtc,4.2,56,,1.4626182,103.6225246,imperial treasure fine dining restaurant pte. ltd.,A,0.76668,5,FALSE,
habitat bistrot,ChIJrzB1t4AL2jERwrx_R3phKjI,4.6,175,,1.4629981,103.6227287,le bistrot du sommelier pte. ltd.,A,0.9741,5,FALSE,
restoran shin tianti 新天地燒臘小廚 horizon perdana,ChIJRc_LLW4L2jER61ww1WSGnnw,4.9,7,,1.4627574,103.6230879,shin jong ran,A,0.82702,5,FALSE,
white house kopi horizon hills,ChIJaVDW3uIL2jERUVVRPdW1WyY,4.5,26,,1.4630671,103.6228129,kopi king pte. ltd.,A,0.54494,5,FALSE,
seafood restaurant hao zhu yee horizon,ChIJi6fqOE4N2jER-DGJBTHuD90,3.7,123,,1.4630329,103.6232154,tao seafood asia (pte ltd),A,0.44404,5,FALSE,
content grain bowl (horizon hills),ChIJF5Oni0sL2jERCBe86h-Rc_s,4.5,28,,1.4629973,103.6233539,natural grain pte. ltd.,A,0.90824,5,FALSE,
molly roffey's restaurant & bar,ChIJ4Ux3v2sL2jERzqY9KX2NChw,4.4,61,,1.4633467,103.6232,s connexion pte ltd,A,0.88542,5,FALSE,
yw cuisine 缘味轩,ChIJZ9BMXgAL2jERfdVeRXpk8Qg,4.7,48,,1.463496,103.6233345,imperial treasure cantonese cuisine pte. ltd.,A,0.92118,5,FALSE,
lao pa sat kopitiam (horizon hills),ChIJk3QtcbgL2jERA15hpfwOmx8,4.6,159,,1.4638222,103.6231483,xie lao song pte. ltd.,B,0.65458,5,FALSE,
restaurant habib,ChIJFZM_AwAL2jERM7bkCqOiuk0,4.1,115,,1.4640113,103.6233188,texas chicken restaurant pte. ltd.,A,0.19328,5,FALSE,
mcdonald's nusa sentral dt,ChIJPVxkKQAL2jERE11RhSGi6Vw,2.8,306,2,1.4649591,103.6226281,lam's (singapore) culinary enterprise pte. ltd.,A,0.10274,5,FALSE,
subway caltex nusa sentral,ChIJv5ETYAAL2jER_huPG3mIcek,1.3,7,,1.4652725,103.6228206,subway @ tampines west cc private limited,A,-0.43152,5,FALSE,
mima yakitori house,ChIJ5YkfMAAL2jERWKfvdQCYSvU,4.8,46,,1.4656374,103.6251424,yu kee duck and noodle house pte. ltd.,A,0.76724,5,FALSE,
the satay,ChIJAdjo04IL2jERg_ZAB6yFcMo,,,,1.4670329,103.6165065,the exchange asia square pte ltd,A,0,,FALSE,
老相好,ChIJl78Km_Fz2jERK3E2XMe6G60,2.9,17,,1.467263,103.616678,,Unknown,0.06604,5,FALSE,
qzway cafe 皇后大道东茶室 (nusa sentral),ChIJidWNWAkL2jERF2cZ-78IPnM,3.2,31,,1.4672631,103.6166779,bru cafe pte. ltd.,A,0.3754,5,FALSE,
at morning cafe,ChIJb1YW6I0L2jERrm1sEHb-S0k,4,59,,1.4659542,103.6254515,hanis cafe & bakery pte. ltd.,A,0.53596,5,FALSE,
best noodle house,ChIJiUnWy1oL2jERA9ksjcbwW8Q,4.6,45,,1.4660887,103.625651,best partners food management pte. ltd.,A,0.60988,5,FALSE,
samys pure veg cuisine ( vegetarian restaurant),ChIJ77FBUPYL2jERIMHOLlLJOHM,4.6,112,,1.4679895,103.6168505,pure fitness (ast) pte ltd,A,0.89656,5,FALSE,
chef hantu plt,ChIJ63Vp8ukL2jERVFZ24Yz0c-A,4.7,16,,1.4681593,103.616801,iron chef cusine pte. ltd.,A,0.86206,5,FALSE,
osb (official street burger),ChIJhXK58ZoL2jER0nnCkjcEPNU,4.7,11,,1.4682837,103.6168787,authentic hock lam street popular beef kuay teow pte ltd,A,0.392866667,6,FALSE,
fukuhito park restaurant 福人园,ChIJww2r-dsL2jERfxfwQ3lSbCU,4.1,20,,1.4664882,103.6261576,imperial treasure fine dining restaurant pte. ltd.,A,0.48166,5,FALSE,
d' fern cafe,ChIJzz6VUAAL2jERC7g4xrYhhso,4.8,131,,1.4665,103.6261587,hanis cafe & bakery pte. ltd.,A,0.90778,5,FALSE,
hazama ramly burger,ChIJT2XhO6cL2jERkoNsqbDMmhw,5,4,,1.4691253,103.6182038,burger king singapore pte. ltd.,A,0.3887,2,FALSE,
restoran amani amira,ChIJMXRcTk8L2jERuJ46cUv9lak,3.9,167,,1.4693272,103.6194805,,Unknown,0.38774,5,FALSE,
nasi kak wok abe pendi nusa sentral,ChIJ517jIkoL2jERBsfXoMD5ePQ,4,365,1,1.4689805,103.6173945,magnum wok pte. ltd.,A,0.69404,5,FALSE,
restaurant budak siew mai,ChIJqTiiE2sL2jERHbzIfuxXs5w,4.2,283,,1.4689019,103.6171026,seah siew eng,B,0.94308,5,FALSE,
aisyah adam tom yam restaurant,ChIJM7CZd_QL2jER8HV8mALzCRM,4,38,,1.4694315,103.6207669,imperial treasure fine dining restaurant pte. ltd.,A,0.01366,5,FALSE,
restoran laphub,ChIJZ90qaU8L2jERzRifzxyJuEU,,,,1.4694412,103.6207109,xiang tian restoran pte. ltd.,Unknown,0,,FALSE,
啊妹咖啡店,ChIJC7Iwxa4L2jER9ZcQ7vlXcLk,4.3,4,,1.4694554,103.6206792,,Unknown,0.105375,1,FALSE,
home town veggie 家乡味蔬食,ChIJ80OGSwAL2jERdTEJXaKpY0s,4.9,27,,1.4694393,103.621336,ji young korean home-stay pte ltd,A,0.70978,5,FALSE,
osb (official street burger),ChIJKenAUQAL2jERUXbLhbYT1i4,4,1,,1.4695107,103.6207512,authentic hock lam street popular beef kuay teow pte ltd,A,0.392866667,6,FALSE,
al anisah makanan panas chinese muslim,ChIJ8SCpw-EL2jEROP9buwmGDKs,3.8,11,,1.4693403,103.6222815,anisah,B,0.12462,5,FALSE,
häfn tea room/cookies & ginger (muslim-owned).,ChIJPaddqUVABBAROELnM6MHxuI,4.5,1305,2,1.467456,103.6260814,twg tea company pte. ltd.,A,0.98042,5,FALSE,
mr mee bandung,ChIJRW9z2WoL2jEROtN6w-OSv2E,4.1,22,,1.4690655,103.6167831,qiu lian ban mee pte ltd,B,0.62454,5,FALSE,
go go pizza,ChIJSel0AmML2jERsOEZo343mF4,,,,1.469363,103.622328,extra virgin pizza pte. ltd.,A,0,,FALSE,
kokoro,ChIJU70QzmQL2jERiymb59xH9CY,4.5,2,,1.467464,103.626217,kokoro woo pte. ltd.,A,0.4187,1,FALSE,
aneela seafood,ChIJ24CKdU8L2jERVNGZVaWVe7E,4.4,138,,1.4692705,103.6229021,seafood paradise (s) pte. ltd.,A,0.68344,5,FALSE,
silakidomma cafe,ChIJqcaqCSgL2jERm77y4BpsiZA,,,,1.469271,103.6229696,hanis cafe & bakery pte. ltd.,A,0,,FALSE,
street chicken @nusa sentral,ChIJvZeMfD0L2jERlgvXPI0Pg7Q,,,,1.4696039,103.6180754,authentic hock lam street popular beef kuay teow pte ltd,A,0,,FALSE,
kafe warisan noor - branch ns,ChIJMbAd1wh02jERYN-vc2ktMb4,3.7,853,2,1.4695084,103.6175909,kasmah binte noor,Unknown,0.91804,5,FALSE,
asia authentic cuisine 吃饱没,ChIJW57heeYL2jERkRMIRjYSlTQ,4.5,29,,1.4691598,103.6235458,imperial treasure cantonese cuisine pte. ltd.,A,0.9163,5,FALSE,
k kitchen_ k 厨房,ChIJxUOeaSoL2jER8mnahPrcZpY,4.5,234,,1.4690355,103.6238682,k-spot bar health pte. ltd.,Unknown,0.66936,5,FALSE,
restoran al-safa nusa sentral,ChIJW-O7ZwAL2jERG-07Ql8l6S8,4.3,328,,1.4696136,103.6179953,al brothers pte ltd,Unknown,0.90216,5,FALSE,
space time cafe,ChIJxVWFJJ0L2jERAc8gpjHLhaw,4.8,112,,1.4691307,103.6236587,hanis cafe & bakery pte. ltd.,A,0.92314,5,FALSE,
allace nusa sentral,ChIJx7tmP14L2jERktKh1Qf1ElM,4.9,311,,1.4690683,103.6238736,,Unknown,0.3593,5,FALSE,
nasi ayam haji ali - taman nusa sentral,ChIJP-ggUSAL2jERXxVY0G0Xv8w,3.9,125,,1.4699042,103.6211193,radin amir bin radin ali,B,0.34538,5,FALSE,
nusa cycle & cafe restaurant,ChIJ4SYM110L2jER_YcEoFaoS5s,4.5,33,,1.4698939,103.6213971,bru cafe pte. ltd.,A,0.80644,5,FALSE,
nur barakah tomyam,ChIJS41egMIL2jER5gKsLYEWqWw,2.9,8,,1.4687164,103.6248953,nur sharrimah binte mohamad noor,Unknown,0.24208,5,FALSE,
d'santai lok lok,ChIJ1XM6EQAL2jERD5Cb7gvAkaI,5,9,,1.4697526,103.6222104,stuff'd ventures pte. ltd.,A,0.5279,5,FALSE,
streats,ChIJg6vYWiIL2jERccRvT5IgxnA,5,2,,1.4687242,103.6249761,,Unknown,0.98415,2,FALSE,
one sentral serviced residence,ChIJs4_zoVoL2jERdo764bMjh1Y,4.3,477,,1.4681614,103.6259631,royal one pte. ltd.,A,0.06326,5,FALSE,
pankobo japanese bakery,ChIJPXw2RmEL2jERsZTb1_YxOTA,4.4,207,2,1.4579264,103.6442184,misaki japanese restaurant pte. ltd.,A,0.9018,5,FALSE,
uncle pou wok restaurant (補鑊佬福建面),ChIJRWNUALAM2jERyI4QkMDCVik,4.4,1127,2,1.4686254,103.6479446,imperial treasure fine dining restaurant pte. ltd.,A,0.31534,5,FALSE,
abu mubarak al-mandi rice,ChIJ8XHK4q8M2jERDRRTolcb754,3,2,,1.4693264,103.6472154,lau di fang scissors-cut curry rice pte. ltd.,A,-0.23835,1,FALSE,
168漢記,ChIJQfFJDbAM2jERRMvXXP7f30w,3.2,18,,1.4690861,103.6493176,,Unknown,0.26162,5,FALSE,
yi jia seafood sdn. bhd.,ChIJKdDfgrAM2jERWlHsSi_CDDI,4.1,2331,2,1.4687101,103.6521689,marina live seafood & steamboat pte ltd,B,0.90088,5,FALSE,
mehfil restaurant,ChIJE4-JA7EN2jERT5AJjJ33uwg,3.8,25,,1.4583711,103.6442994,mehfil restaurant pte. ltd,A,0.45472,5,FALSE,
sofia bistro & bar,ChIJCZye7ZgM2jERbEnXhEJUU9s,4.5,26,,1.4578336,103.6441398,26@marina bar & bistro pte ltd,B,0.75642,5,FALSE,
horizon hills international dining,ChIJF-QSYysN2jERX8qUN52dzLM,5,1,,1.4576441,103.644115,jq dining pte. ltd.,A,0.9563,1,FALSE,
coppola family pizza restaurant,ChIJcfJx7pgM2jERWw46NhFNwQQ,4.6,1310,3,1.4576441,103.644115,imperial treasure fine dining restaurant pte. ltd.,A,0.67474,5,FALSE,
curry baron カレー男爵 japanese authentic curry,ChIJQ6WJqe0N2jERmwsjH1F_Zrs,,,,1.4579332,103.6442759,ho heng japanese pte. ltd.,A,0,,FALSE,
nasi padang,ChIJS-ab8pgM2jERmnknPesy8bY,,,,1.4578762,103.6442582,kampong ria nasi padang pte ltd,B,0,,FALSE,
istanbul turkish cuisine,ChIJOc3cz0cN2jERgLH-ofmSYxo,4.8,665,3,1.457858,103.644266,imperial treasure cantonese cuisine pte. ltd.,A,0.95136,5,FALSE,
"mykonos greek restaurant, horizon hills jb",ChIJXQg0ewAN2jERwEyqsKyudJg,4.9,193,,1.4579019,103.6444117,restaurant majestic pte. ltd.,A,0.97122,5,FALSE,
新天地烧腊小厨 restoran shintianti,ChIJxe-A89sN2jERi1Co098tnZY,4.2,62,,1.4583966,103.6449356,,Unknown,0.73706,5,FALSE,
cafe anatolia,ChIJkxBSqb4N2jER-2ItKbv1MV8,4.9,340,,1.4578586,103.6447766,hanis cafe & bakery pte. ltd.,A,0.91302,5,FALSE,
good box (korean restaurant),ChIJ2ZFNZVcN2jERYhZDtuX2XmQ,4.8,2032,,1.4584559,103.6450128,good & tasty korean restaurant pte ltd,A,0.93588,5,FALSE,
mexico restaurant,ChIJB0ZH77YN2jERGzvgYocsTm0,4.8,860,,1.457803,103.6447902,texas chicken restaurant pte. ltd.,A,0.9551,5,FALSE,
restoran nasi kandar kota lama,ChIJrRk1WZgM2jER8d8-c8UqoL0,3.7,184,,1.4579572,103.6452178,mount faber nasi lemak fast food shop pte ltd,A,0.8841,5,FALSE,
havana café,ChIJMb5oBewN2jERb3jblU9Wk28,4.6,42,,1.4579305,103.645217,vanilla bar & caf? pte ltd,A,0.9237,5,FALSE,
arab or turkish food,ChIJjeZZGQAN2jERPSM07GjpPtg,,,,1.4573108,103.6451716,ho heng food & enterprise pte. ltd.,A,0,,FALSE,
win’s house cafe sireh park,ChIJedVA0R4N2jERfIFqzS__vn8,3.9,190,,1.4654973,103.6434674,bru cafe pte. ltd.,A,0.53048,5,FALSE,
satay raf malik,ChIJayURoWVv2jERlgLhwOebfPQ,4.3,84,,1.4651382,103.6440852,satay by the bay pte. ltd.,Unknown,0.89296,5,FALSE,
dian corner sireh park,ChIJY7dMjjQN2jEROeGWW008FaE,2.3,3,,1.4630047,103.6458518,the corner house holdings pte. ltd.,A,0.175166667,3,FALSE,
aku carl steamboat & grill,ChIJa_f7aLYL2jERYDpC5bw9dRQ,4.4,139,,1.4651585,103.6441189,marina live seafood & steamboat pte ltd,B,0.75814,5,FALSE,
jaiho burger cabin,ChIJCUpxOQAN2jERmGs1HflQCQI,,,,1.4632567,103.645865,burger king singapore pte. ltd.,A,0,,FALSE,
d one beverage,ChIJqQOSUQAN2jERCm8bk7ryMJU,5,1,,1.4633601,103.6458225,chang cheng food & beverage pte. ltd.,A,0,1,FALSE,
cnr borneo food mee kolok,ChIJGVowY3EN2jER_5Gp4-0dWF4,5,3,,1.4634402,103.6458222,best partners food management pte. ltd.,A,0.857,3,FALSE,
famuzz licious cabin,ChIJEf7zZ-YN2jERZyWcXmYMUtc,,,,1.4633205,103.6459083,li li,A,0,,FALSE,
q hasrah kitchens,ChIJ445Am5IN2jER5Iq9xynLOsA,3.8,4,,1.4631627,103.6460076,da paolo kitchens singapore pte. ltd.,A,-0.14905,1,FALSE,
tomyam & alathai,ChIJSVogJwAN2jERB_k1bCl5S9A,4.8,6,,1.4630534,103.6462198,,Unknown,0.60578,5,FALSE,
foodtruck x cabin sireh park (landskap bistro),ChIJBahfMWQN2jERlGd9NVeX1gI,,,,1.4630896,103.646333,26@marina bar & bistro pte ltd,B,0,,FALSE,
"宝宝食堂 , bao bao canteen",ChIJi18KeAAN2jER9lkCTFjKWls,4.6,18,,1.4668102,103.6449011,crystal jade la mian xiao long bao (bugis) pte. ltd.,A,0.44006,5,FALSE,
kaew thai kitchen,ChIJkwvDAx4N2jEROop7bXf1QVk,4.2,30,,1.4691366,103.6472993,the butcher's kitchen pte ltd,A,0.6742,5,FALSE,
bukit indah 小子椰浆饭,ChIJK0rO9LkN2jERQeGEjDiipGg,4.6,9,,1.4695519,103.6467774,manbok bukit timah pte. ltd.,B,0.69728,5,FALSE,
笨珍亿峰砂煲鸡饭第一分行,ChIJn3K_aaMN2jERp8gbTUoGa5k,,,,1.4695519,103.6467774,,Unknown,0,,FALSE,
笨珍玫瑰烧鱼 bukit indah 第一分行,ChIJo6susJUN2jERGtX7a22kDcE,4.6,23,,1.4695519,103.6467774,kim san leng food centre (bukit timah) llp,Unknown,0.64084,5,FALSE,
八里半大顺油条,ChIJvRsnCGFz2jERkURNcpBsRyE,4,29,,1.4695519,103.6467774,,Unknown,0.50282,5,FALSE,
triple seven three restaurant (7773美食坊),ChIJ3-d46a8M2jERHZAG4LxvQGM,3.9,449,1,1.4695589,103.6467919,z yogurt three pte. ltd.,A,0.97466,5,FALSE,
restoran chang ti,ChIJM00g6a8M2jERbPloZL4s60M,4,19,,1.469485,103.6469329,chang cheng food & beverage pte. ltd.,A,0.1504,5,FALSE,
klang bak kut teh,ChIJpZTYSj8N2jER8qY_CSOMe0g,,,,1.4696655,103.6466856,old street bak kut teh (fn) pte. ltd.,A,0,,FALSE,
jumbo 珍寶品牌 bukit indah,ChIJTcODQgAN2jERMv1Scg9xnMs,2.2,6,,1.4695124,103.6469105,jumbo group of restaurants pte. ltd.,A,0.12738,3,FALSE,
亿佳人海鲜饭店,ChIJOZcRNvMN2jERh_4Iv-4veQM,3.5,83,,1.4695214,103.6469102,,Unknown,0.04864,5,FALSE,
sorella cafe,ChIJ6ZWRALAM2jER0JINN9nDPws,4.3,856,,1.4685561,103.6481038,ella,B,0.45476,5,FALSE,
鑫圆肉骨茶 (总店）bukit indah,ChIJfUzgkccN2jER5ZfPGdrReuM,4.2,22,,1.4693218,103.6472145,kim san leng food centre (bukit timah) llp,Unknown,0.69266,5,FALSE,
厨师小食馆chef prata & noodle house,ChIJpbop768M2jERbtkdPFfMotg,3.7,345,1,1.4695081,103.6469723,spicy house restaurant management (s) pte ltd,A,0.2175,5,FALSE,
potion rose seafood barbecue place,ChIJeV4jbwAN2jER2owGZVnJbr0,,,,1.4696813,103.6469172,abc seafood pte. ltd.,A,0,,FALSE,
happiness sandwich johor horizon hills,ChIJjdu1SzEL2jER4TiDl9D-jzI,2,1,,1.4540734,103.6286535,happiness cafe pte. ltd.,A,0,1,FALSE,
阿弟炸鸡ad fried chicken,ChIJz5dI5VgN2jERSFGJEIsmjmE,4.3,10,,1.469156,103.64936,texas chicken restaurant pte. ltd.,A,0.7832,5,FALSE,
john d selatan,ChIJf_7LggwN2jERSCgAGKZ8g3c,,,,1.4730051,103.638432,d&n singapore pte. ltd.,A,0,,FALSE,
restaurant hock lai food centre,ChIJm68vDbAM2jER-XnQ8P6Etlo,3.9,193,,1.4690936,103.6494487,gan hock lim,A,0.82454,5,FALSE,
虎记云吞面,ChIJF7PsegAN2jERYWbHPYs4psk,,,,1.4690936,103.6494488,,Unknown,0,,FALSE,
海马辣沙,ChIJQyMw0HUN2jER_hVgyD1m-Eo,4.7,3,,1.4690936,103.649449,,Unknown,0,1,FALSE,
eh! marvelous char kuey teow,ChIJqZLXa-wN2jERH9fekY7E57M,5,3,,1.4731137,103.6390577,authentic hock lam street popular beef kuay teow pte ltd,A,0.528066667,2,FALSE,
restoran #ms kuali besar,ChIJ97MRgswN2jERVSzfJgIhQt0,4.1,82,,1.4731317,103.6387593,times cuisine (jalan besar) pte. ltd.,Unknown,0.50408,5,FALSE,
彪记 烧腊鸡饭,ChIJqwN3crAM2jERgORF9RiQiTo,3.9,89,,1.4690921,103.649597,,Unknown,0.263,5,FALSE,
ayam gunting alis,ChIJd1cEYwAN2jER8gYL0rGQymo,5,1,,1.4646192,103.6552639,sri bistari changi village famous ayam penyet pte. ltd.,Unknown,0,0,FALSE,
mee rebus idaman,ChIJS3SxTB0N2jERT_6mEW5xKDQ,4.8,50,,1.4645712,103.6549355,qiu lian ban mee pte ltd,B,0.77794,5,FALSE,
dapur sarah,ChIJg2R9CkYN2jEROc2U_yKY4Ks,5,1,,1.4645616,103.6543562,sarah binte abdullah,A,0,1,FALSE,
restoren aisah malindo,ChIJw-Y0W7kM2jERG5OypJHyvI8,4,8,,1.4645841,103.6543546,li li,A,0.01544,4,FALSE,
restoran alam putih,ChIJRzJoW7kM2jERxfAlD0920QQ,1,1,,1.4646236,103.6542675,to alam,A,-0.7743,1,FALSE,
hao yun lai restaurant,ChIJ0-CgZ7kM2jER_AqE75U_Mz8,4.7,3,,1.4648361,103.6542329,texas chicken restaurant pte. ltd.,A,0.427533333,2,FALSE,
official street burger (osb) bukit indah,ChIJTYOLRAAN2jERNGFxKycaLeQ,4,4,,1.4644671,103.6538909,soma street pte. ltd.,A,0.249425,3,FALSE,
7at7 pps fusion cafe,ChIJAyXK960N2jERlHwQOpG0rJw,4.6,33,,1.4652187,103.6543137,sarika connoisseur cafe pte ltd,A,0.91716,5,FALSE,
pusong pinoy store,ChIJx-TagmcN2jERF_cUc4L1PeA,,,,1.4652577,103.6543087,the tastemaker store pte ltd,A,0,,FALSE,
restoran anugerah fatonah,ChIJXw9bZbkM2jER1JE8FfpixiM,4.6,25,,1.465502,103.6543255,,Unknown,0.33152,5,FALSE,
choujou homekitchen,ChIJM7SctJ8N2jERciH9ivwnv2c,,,,1.4658449,103.6544145,,Unknown,0,,FALSE,
tian lai seafood garden,ChIJ7zVuiNoN2jERS4dW9YTI248,4.2,868,2,1.468114,103.653915,marina live seafood & steamboat pte ltd,B,0.88618,5,FALSE,
阿烈槟城粿条汤 tyy noodle house,ChIJ0zeSnckN2jERCkzhhicassw,4.1,62,,1.468544,103.653999,yu kee duck and noodle house pte. ltd.,A,0.54976,5,FALSE,
taaj curry house,ChIJd6ofTF8N2jERJS0_N3ZSyCM,3.6,155,,1.4686835,103.6539831,yu kee duck and noodle house pte. ltd.,A,-0.0545,5,FALSE,
腾茗记云吞面 (tmj wan tan mee),ChIJs7pHZ9UN2jERx_D3gll7WWg,4.2,65,,1.468848,103.654136,tan chow yea,A,0.70718,5,FALSE,
老陳果條湯 bukit indah,ChIJJ4hFtM4N2jERobrKuECyu5A,3.8,82,,1.4690456,103.6541361,manbok bukit timah pte. ltd.,B,0.41356,5,FALSE,
restoran kopitiam lau tan,ChIJISL9UbcM2jERFlLpAN6ttV8,3.9,24,,1.4690718,103.6540393,tan chow yea,A,0.56582,5,FALSE,
小卤妹 粿条仔 xlm food,ChIJj2UP3D4N2jERXfvIUXGReDU,4.6,18,,1.4694987,103.6543519,ho heng food & enterprise pte. ltd.,A,0.50954,5,FALSE,
restoran junction 88,ChIJjX_qSLcM2jERqexFgMsb4Ws,3.6,430,1,1.4693971,103.6541025,food junction management pte ltd,Unknown,0.84498,5,FALSE,
thai street food,ChIJYV3h7CQN2jER7-ct74CWhZ4,,,,1.4698709,103.6657165,ho heng food & enterprise pte. ltd.,A,0,,FALSE,
亿家海鲜,ChIJUWJlaAAN2jERjlLnsthfTlI,5,2,,1.4686573,103.6524197,,Unknown,0.28595,1,FALSE,
kfc petron bukit indah dt,ChIJUV9s5OwN2jERdT80raMZN8k,2.5,470,2,1.4700701,103.6541663,kim san leng food centre (bukit timah) llp,Unknown,0.18084,5,FALSE,
크랩,ChIJyUS0cgAN2jERbEoAKXj72c8,,,,1.4686986,103.6521609,,Unknown,0,,FALSE,
aman satay,ChIJ3ZIHWpsN2jERAi-GduSADFQ,4.2,5,,1.4685753,103.6516352,satay by the bay pte. ltd.,Unknown,0.08038,2,FALSE,
restoran southern gs,ChIJexjpkjUN2jER2Zsjh75FdjU,4.8,17,,1.4693708,103.6524935,,Unknown,0.8638,5,FALSE,
ipoh tau fu fah 亿口香怡保豆腐花,ChIJ1-U6vJ4N2jER1KcNDyC-V8I,5,24,,1.4693757,103.6524945,guo fu  pte ltd,A,0.39154,5,FALSE,
makan makan kitchen,ChIJLaku-fRv2jERSgPkCPzfKiE,5,1,,1.4719194,103.658598,the butcher's kitchen pte ltd,A,0,0,FALSE,
restoran sekam ceria tomyam & seafood,ChIJvdp0nLAM2jERSLV7s4enYno,4.4,29,,1.4687889,103.651735,abc seafood pte. ltd.,A,0.51054,5,FALSE,
"怡保茶餐室,馳名怡保炸料粉",ChIJ6Ts84O8N2jERotcBcbbXZ7k,5,1,,1.4690696,103.6520394,,Unknown,0.9623,1,FALSE,
bukit indah 餐车米粉面,ChIJJ6UIfwAN2jERqcXix6he_rA,5,5,,1.4688141,103.6515453,manbok bukit timah pte. ltd.,B,0.27324,2,FALSE,
muazss burger - bukit indah 2 / global pets,ChIJ_ajewAIN2jER7rWnoupb4x0,4.3,6,,1.4688141,103.6515453,jex global pte ltd,A,0.3864,5,FALSE,
bfathima bistro,ChIJFz9X1mgN2jER48KJLPJTsMM,3.6,9,,1.4708963,103.6543323,26@marina bar & bistro pte ltd,B,0.40746,5,FALSE,
万家喜wan ga hee(酿料面馆),ChIJ9_qFq8QN2jERzm7JZB94oj8,3.8,43,,1.4692462,103.6515936,lim ming hee,A,0.69052,5,FALSE,
慈心素食擂茶,ChIJSzKKTgAN2jERs_rc7gpfS9U,5,6,,1.4712217,103.654479,,Unknown,0.75414,5,FALSE,
918 kopitiam 九幺八咖啡屋,ChIJoYyJhPEN2jER9QIWeTySghA,4,144,2,1.4712655,103.6544216,xixiang kaya kopitiam (robinson road) pte. ltd.,A,0.96214,5,FALSE,
双乐炸鸡椰浆饭 nasi lemak ayam,ChIJXakzWr0N2jERHZQOWqFUdSY,5,6,,1.4714248,103.6545198,yanti nasi padang restaurant pte ltd,B,0.23668,2,FALSE,
golden plus one restaurant,ChIJy6iv2rYM2jERAgT4nJHW1eY,3.8,363,1,1.4714181,103.654419,hyangtogol (korean restaurant) pte. ltd.,A,0.6967,5,FALSE,
food to home 食到家,ChIJ2_IbzPUN2jERIbWYp7AmK-E,4.8,48,,1.4700604,103.6521979,ho heng food & enterprise pte. ltd.,A,0.26864,5,FALSE,
restoran tai zi,ChIJs0m0gLAM2jERUrZvGNFzknk,3.6,248,2,1.4688032,103.6507112,chuan jiang hao zi singapore food culture pte ltd,B,0.58412,5,FALSE,
全家面粉糕,ChIJtyYnX7QN2jERxUCXxwzP2ro,5,1,,1.4716323,103.6544985,,Unknown,0,0,FALSE,
光头果条汤,ChIJ5-gw2SoN2jERrDERxuawJDM,3,2,,1.4716323,103.6544985,,Unknown,0.21075,1,FALSE,
hock sheng kopitiam 福胜美食阁,ChIJPWnKxbYM2jER0dX3R8456EE,4,70,,1.4716323,103.6544985,gan hock lim,A,0.6971,5,FALSE,
mak engku restaurant & catering,ChIJhTvifbAM2jERlz7nE2wjr1A,4.1,397,1,1.468871,103.6505705,imperial treasure fine dining restaurant pte. ltd.,A,0.64762,5,FALSE,
wen kee seafood restaurant,ChIJS5HItQkN2jERh87ouCBMZEU,4.4,49,,1.4700129,103.6517649,marina live seafood & steamboat pte ltd,B,0.74796,5,FALSE,
hua zai roasted duck 华仔港式烧腊,ChIJ53QOXQAN2jERaZMYlhyl1yA,3.5,62,,1.4719091,103.6545454,guan chee hong kong roasted duck pte. ltd.,A,0.6838,5,FALSE,
diyaas cuisine,ChIJBTSmA24N2jERMUoZlGgRhMc,3.7,69,,1.4705726,103.6521973,imperial treasure cantonese cuisine pte. ltd.,A,0.6638,5,FALSE,
新晶晶烧腊面家,ChIJXf8EfLAM2jERrAjr_kcfM2k,4.2,51,,1.469041,103.6504401,,Unknown,0.50918,5,FALSE,
restoran jing chin,ChIJXf8EfLAM2jER1assy2jIxJo,4.6,17,,1.4691176,103.650461,three bond jing hua pte. ltd.,B,0.3779,5,FALSE,
sushi house bukit indah,ChIJX76pfLAM2jER1rxPvHFGYSM,4.6,2076,2,1.469079,103.6503879,yu kee duck and noodle house pte. ltd.,A,0.907,5,FALSE,
restoran thoong xin,ChIJXQjsXqIN2jERGTU-tuwLs6w,3.5,38,,1.468924,103.6502176,tang xin (claire love) pte ltd,A,0.75844,5,FALSE,
can colo burger,ChIJOVWbX6wN2jERAvytgIkbHFk,4.9,54,,1.4689128,103.6502049,burger king singapore pte. ltd.,A,0.48048,5,FALSE,
crab kee restaurant 蟹记饭店,ChIJU5yLPgAN2jERN0ezjikkrCk,4.8,855,,1.4689252,103.65021,yu kee duck and noodle house pte. ltd.,A,0.69636,5,FALSE,
hai ke kopitiam @ bukit indah 海客茶店,ChIJNQpn3IcN2jERCEu6t3QcWsQ,4.4,440,,1.4688998,103.6501784,tan hock hai chris,A,0.64468,5,FALSE,
品味小厨 pin wei,ChIJgy1RP50N2jERf0bKQDjgFXw,4.5,45,,1.4690116,103.6498512,shang pin pte. ltd.,A,0.64966,5,FALSE,
restoran fu man 馥满美食阁,ChIJ_7k4fpAN2jERRr0kz-fxf9U,4.1,112,,1.4724815,103.6546512,kang shi fu trading limited liability partnership,B,0.45324,5,FALSE,
yong yong dessert restaurant,ChIJDy6X_tMM2jERDVR3FljPJZM,3.9,322,2,1.4731785,103.6764866,imperial treasure fine dining restaurant pte. ltd.,A,0.68144,5,FALSE,
r.s.k at kolambrother,ChIJGWiBHLoN2jERQeFq3UI-Edg,,,,1.469594,103.6818775,lam's (singapore) culinary enterprise pte. ltd.,A,0,,FALSE,
burger houzzz(burger bakar homemade),ChIJ0zsP1dcM2jERtlY8Cj1XHw4,4.6,16,,1.4704941,103.6823844,omakase burger pte. ltd.,Unknown,0.24176,4,FALSE,
sis laksa nyonya,ChIJcaZKGAAN2jERGMY7fxhQgDI,5,1,,1.4710836,103.6853052,san laksa steamboat pte ltd,B,0,0,FALSE,
resepi qaisara,ChIJQeWab2QN2jERn-090jc3ON0,4,1,,1.4711121,103.685305,,Unknown,0.5719,1,FALSE,
restoran dapur mars - patin tempoyak,ChIJleiyHl0N2jERmJAB1LhNmHM,4.2,9,,1.4722432,103.6813905,mixes from mars pte ltd,A,0.47566,5,FALSE,
asam pedas iskandar,ChIJ5UB1qCkN2jERZh9EmITliSo,4.1,170,,1.4711252,103.6853111,mohamad iskandar bin mohd ali,B,0.35048,5,FALSE,
nasi lemak 6 petang,ChIJQdcTHgAN2jERq0QSMkpqAeM,5,2,,1.472297,103.6810829,kampong ria nasi padang pte ltd,B,0.28595,1,FALSE,
restoran jai bistro,ChIJ2XoVcNYM2jERch6eD5E4GZk,4.1,13,,1.4724038,103.6805101,26@marina bar & bistro pte ltd,B,0.4047,5,FALSE,
kak lily corner,ChIJodcbyRFz2jERPJ6ebudZkRw,5,1,,1.4723792,103.6768886,kampong corner pte. ltd.,Unknown,0,0,FALSE,
grill ‘n’ thrill chicken,ChIJEw7uMVoN2jERyj4XXfgNsy0,5,2,,1.4723924,103.6769248,liao fan hk soya sauce chicken rice & noodle (chinatown) pte. ltd.,A,0.8571,2,FALSE,
the bergegor bros,ChIJZU1UKTMN2jERnY3zLm9WepU,3.7,15,,1.4728366,103.6784016,the exchange asia square pte ltd,A,-0.23342,5,FALSE,
restoran tkr kitchen,ChIJYbLMUgAN2jERl9OpYcznjYc,,,,1.4729382,103.679555,crystal jade kitchen (s.c.) pte ltd,A,0,,FALSE,
asam pedas,ChIJn03_ntYM2jEReWkmmKzJxp4,,,,1.4728937,103.6784461,asam tree pte. ltd.,B,0,,FALSE,
dapur abah kita,ChIJjde_b9YM2jERnR-hnp6HSdM,4,77,,1.4729374,103.6784559,,Unknown,0.65704,5,FALSE,
lak'smana satu,ChIJz8PDINQM2jER6EwKl4ko-1U,3.7,53,,1.4730605,103.6786278,lee lak muay @lee lay muay,Unknown,0.68384,5,FALSE,
restoran tkr store&office,ChIJofbkegAN2jERjDslhbTnQj4,,,,1.4730833,103.6788507,chong hoe chinese medical store pte ltd,A,0,,FALSE,
tomyam sejati restaurant,ChIJo2xOQ9EM2jERNclhF6CFEAM,3.8,489,2,1.472451,103.675659,hyangtogol (korean restaurant) pte. ltd.,A,0.64672,5,FALSE,
sri karupan vilas,ChIJkwLpphEN2jERaymPw_2YQis,4.3,26,,1.4731458,103.6785905,sri sivanandhaya namaha pte. ltd.,B,0.28214,5,FALSE,
royal mollaga,ChIJ9QZbXBcN2jERuLln0JfG1m8,3.4,5,,1.4731458,103.6785905,royal t group pte. ltd.,A,0.28184,4,FALSE,
ali nasi daging ayaq asam no 1 utara,ChIJN0-GzEBz2jERWhNVFEM1sJE,5,1,,1.4729629,103.6827304,li na,Unknown,0.6369,1,FALSE,
imrina home kitchen,ChIJIyDIvuYN2jERHyotkOzGDZo,5,1,,1.4728121,103.6833805,rina,A,0,1,FALSE,
restoran al-safa • perling,ChIJLRuyVVgN2jERTTWmeRYhUEI,4,514,2,1.4731848,103.6785478,al borgo pte. ltd.,A,0.53254,5,FALSE,
burger d’ danga,ChIJGQUQJOMN2jERSO1YUYoV3os,4.5,2,,1.4657458,103.6919826,burger king singapore pte. ltd.,A,0.24635,1,FALSE,
寒舍 hanshe @perling,ChIJsT7z2NMM2jERpFBSYzbkUsI,4,284,2,1.4731469,103.6776211,li li,A,0.93448,5,FALSE,
sin yung kopitiam,ChIJT3fybAAN2jERm0kQmU5rzpc,3.6,67,,1.4732124,103.6772789,kopitiam investment pte ltd,B,0.67704,5,FALSE,
lai hing restaurant (利興坊海鲜小厨),ChIJTZEiANQM2jER1dIT4c7f5Ho,4,147,2,1.4731638,103.6769883,imperial treasure fine dining restaurant pte. ltd.,A,0.55244,5,FALSE,
mango float krabi (mfk) - perling,ChIJa3TXEn8N2jERuV4dRgOY9Wk,5,1,,1.465688,103.6922297,,Unknown,0.2023,1,FALSE,
鸿哥鱼头炉小厨 restoran hong gor,ChIJmw46KhQN2jERvzJQ5fUO0hY,4.3,39,,1.4731848,103.6766057,guan chee hong kong roasted duck pte. ltd.,A,0.7736,5,FALSE,
佛有缘素食餐厅you yen vegetarian restaurant,ChIJ6X8U_NMM2jERn8LtacARwBs,4.1,63,,1.4731724,103.6762826,leyau yen hong,A,0.51808,5,FALSE,
cuba rasa 佛有緣,ChIJ6aqu_dMM2jERKTnKSrV-SJ8,,,,1.4731851,103.676276,global rasa pte. ltd.,A,0,,FALSE,
restaurant thai food chotiroj,ChIJk1cyYjdz2jERE5rJZEaXnlM,4.2,324,,1.4731747,103.6760088,imperial treasure fine dining restaurant pte. ltd.,A,0.7118,5,FALSE,
d’burger,ChIJhWHDTAAN2jER84kPsXpYPro,5,4,,1.472497,103.674065,burger king singapore pte. ltd.,A,0.156225,3,FALSE,
fei zi seafood restaurant 肥仔,ChIJ01HT49MM2jERw3zH1V0ZVYM,3.4,125,,1.4732089,103.6757355,imperial treasure fine dining restaurant pte. ltd.,A,0.11704,5,FALSE,
al-maaida catring kitchen,ChIJFebPXO8N2jERPdQIN-eZNf4,3,1,,1.4707792,103.688956,ya - mahyuddin al jailani restaurant pte. ltd.,B,0,0,FALSE,
burgerawa,ChIJMayheNEM2jERoSObGLQOl2k,,,,1.4727117,103.6739133,,Unknown,0,,FALSE,
restoran perling 81,ChIJs-XqDZMN2jERV9bFMxYBt0k,4.1,158,1,1.4732516,103.6751286,hong kong street chen tek ji (81) pte. ltd.,Unknown,0.70084,5,FALSE,
ashvin kitchen,ChIJIU0JFAAN2jERCuXcbk48zBs,,,,1.4732759,103.6751873,kitchen language pte. ltd.,A,0,,FALSE,
restoran dai zhou,ChIJVW9F49MM2jERxjENK4Nl7g0,4.1,10,,1.473273,103.6744308,big family shi dai pte. ltd.,B,0.35188,2,FALSE,
junior western food,ChIJd0EfGwsN2jERQPNT8IZQ2ZM,5,1,,1.4732421,103.6740411,ho heng food & enterprise pte. ltd.,A,0,1,FALSE,
full time,ChIJJ4pbAD8N2jERlo6Q3KZH8pg,3.7,114,,1.4732421,103.6740411,incense full pot pte ltd,C,0.27132,5,FALSE,
tiga lok-lok station,ChIJP4bgL7xz2jERFxC86fbpmqs,5,2,,1.4732421,103.6740411,tung lok central restaurant pte. ltd.,A,0,1,FALSE,
satay cikgu & grill,ChIJ0_N3ukMN2jER1lzmYlPoBms,5,1,,1.4732421,103.6740411,syifa' satay limited liability partnership,Unknown,0,1,FALSE,
crispy bnm,ChIJFQloEwAN2jERljHCzklk664,5,6,,1.4732484,103.6740462,1a crispy puffs pte. ltd.,A,0.23134,2,FALSE,
"nasi, ayam berempah, perling",ChIJI6njnbsN2jERpmbLjZF3Tg4,,,,1.4733597,103.6740518,mount faber nasi lemak fast food shop pte ltd,A,0,,FALSE,
nasi ambeng rawa,ChIJ-9zfdEMN2jER0j-Va5Uzgus,5,1,,1.4727434,103.6720129,kampong ria nasi padang pte ltd,B,0,0,FALSE,
smart shop enterprise,ChIJq1VBJTcN2jERr56uzV4wC5Q,5,1,,1.4725996,103.6713873,ho heng food & enterprise pte. ltd.,A,0.9022,1,FALSE,
rawa chicken chop,ChIJBzE5tuUN2jERepv7JpslHQw,4.2,170,,1.472602,103.6713858,texas chicken restaurant pte. ltd.,A,0.59358,5,FALSE,
nasi kakwaa perling,ChIJozRv-aQN2jER7vOb9QNbPPQ,4.3,252,2,1.4733479,103.6725866,kampong ria nasi padang pte ltd,B,0.92114,5,FALSE,
warung samsiah sri danga,ChIJ_8qQR9gN2jERdw38geovabk,4.5,2,,1.4699702,103.691589,sri dwi astuti,A,0.354,2,FALSE,
burger piaw segamat,ChIJXUkQMwAN2jERE3t3jupEgnQ,4.3,7,,1.4731163,103.6720066,burger king singapore pte. ltd.,A,0.4518,3,FALSE,
takojalanan,ChIJkWSYWTgN2jERJPW6-yjA5KE,,,,1.473285,103.6721539,alan,B,0,,FALSE,
restoran beriani king,ChIJfYlh_dEM2jERzyEBUGc_s4c,4,450,2,1.472593,103.671013,seah king ming,A,0.8448,5,FALSE,
dr burger jb,ChIJtxLip4MN2jERYj6Ay7vqql4,4.5,6,,1.4710548,103.6691406,burger king singapore pte. ltd.,A,0.15968,4,FALSE,
tian tian cafe 天天茶餐室,ChIJo4FwTAsN2jER58b4CEmonwU,4.1,30,,1.473395,103.6721593,sarika connoisseur cafe pte ltd,A,0.47014,5,FALSE,
shahfil danga lekor selatan enterprise,ChIJu_b0tjoN2jER7QwvOSNo7rE,5,2,,1.4690053,103.6927844,dljc enterprise pte ltd,A,0,0,FALSE,
kohi gelato,ChIJ6YdiSQAN2jER7aE4e5_jA8Q,4.9,140,,1.4733767,103.6715958,wonder gelato llp,Unknown,0.97748,5,FALSE,
restaurant asli mutiara biru,ChIJDaF1vz8N2jERnMSajFPqeRw,3.9,793,,1.4603891,103.7049384,imperial treasure fine dining restaurant pte. ltd.,A,0.57146,5,FALSE,
alam seafood restaurant,ChIJB03Ffj8N2jER1Y7AzjnLwxs,4,407,2,1.461159,103.7056908,marina live seafood & steamboat pte ltd,B,0.92808,5,FALSE,
terrapong seafood restaurant,ChIJGRrdTwAN2jERBhmd8CLsIfc,2.5,10,,1.4601536,103.7042414,imperial treasure fine dining restaurant pte. ltd.,A,-0.19392,5,FALSE,
嘉林海蕃村海鲜,ChIJ1cDHwj8N2jERoqw8vV1JJsI,4,116,,1.4594031,103.704204,,Unknown,0.76864,5,FALSE,
restoran asli,ChIJOW0Odz8N2jERykV7zwWYOfs,3.3,30,,1.4613,103.7049091,asli village pte. ltd.,A,-0.05246,5,FALSE,
吃海鲜,ChIJSUWwJgAN2jERxPDnMXykz2o,,,,1.4611642,103.7056913,,Unknown,0,,FALSE,
warisan anjung petai,ChIJBacGup0N2jERZJlgRRkEeXQ,4.6,158,,1.4659507,103.6977721,,Unknown,0.9409,5,FALSE,
pondok lanun,ChIJt54IipMN2jERQVa2_Si2yk0,,,,1.4657135,103.6964227,pondok jawa timur pte. ltd.,A,0,,FALSE,
restoran d'laguna abibah tomyam,ChIJDchZlDkN2jERgyplyUGAFSg,4.2,77,,1.4668639,103.7011743,d&z life pte. ltd.,Unknown,0.6539,5,FALSE,
sate brother yusof,ChIJuSBhDwAN2jERfwGI55KZZSM,,,,1.4669659,103.7009698,norhafeeza binte mohamad yusof,Unknown,0,,FALSE,
gerai r&r danga,ChIJU72PakMN2jERTkYYJ1pePsU,5,3,,1.4671241,103.7010206,r e & s enterprises pte ltd,A,0,0,FALSE,
warong kg danga,ChIJbRaw7jkN2jERaEZQfNpczMg,4,50,1,1.4673573,103.7010039,warong nasi pariaman(1969) pte. ltd.,A,0.23158,5,FALSE,
warung kita (rahmat&rubiah),ChIJM_0jrI4N2jERxfg9OH1X804,4.8,23,,1.4661862,103.6952915,rubiah bte sahar,A,0.68532,5,FALSE,
warong tepian danga,ChIJO4Yq5OcN2jER3V_f5ya6sE4,,,,1.4676967,103.7010277,warong nasi pariaman(1969) pte. ltd.,A,0,,FALSE,
moksu cafe,ChIJgYJwuB8N2jER5vVmyW3hGAI,4.2,213,,1.4719421,103.6956406,bru cafe pte. ltd.,A,0.55048,5,FALSE,
warung kak sofie manis,ChIJD5lxgXMN2jERdJcdmXIv72s,4.7,3,,1.470823,103.6923679,warung k llp,A,0.5849,3,FALSE,
az olinzul,ChIJ09UvFJ8N2jERbLMAMc9Z2Go,4.5,4,,1.470823,103.6923679,az food impex pte. ltd.,Unknown,0,1,FALSE,
nasi ayam penyet sarang lebah,ChIJKdRmgUQN2jERYP4kls1_SgA,3.5,2,,1.470823,103.6923679,mount faber nasi lemak fast food shop pte ltd,A,0,1,FALSE,
damai seafood village,ChIJTZ8yNDwN2jERCuLQz7fAG6U,4,1004,2,1.4735277,103.6957753,marina live seafood & steamboat pte ltd,B,0.65192,5,FALSE,
albarakah fusion restaurant,ChIJU-4NmTpt2jERoj6SNQ7wsAI,4.4,511,,1.4649936,103.7301226,imperial treasure fine dining restaurant pte. ltd.,A,0.9359,5,FALSE,
marina seafood restaurant,ChIJ__8PV6IS2jERK4Mki51gIhA,4,342,2,1.4602039,103.7372188,rina,A,0.6335,5,FALSE,
ashhryshoshedap,ChIJg1lBJaly2jERxLUsFHa0ZfE,4.9,18760,2,1.46532,103.7367235,,Unknown,0.97944,5,FALSE,
marine beach bar,ChIJVe1NBssN2jERFA1h2no4Qys,2.8,216,,1.464453,103.7257982,26@marina bar & bistro pte ltd,B,0.35268,5,FALSE,
double trouble shisha lounge,ChIJxcxZexkN2jEReUIPCCr00QM,4.4,78,,1.4636552,103.7268218,lounge 7 pte. ltd.,Unknown,0.59074,5,FALSE,
936 kitchen,ChIJv0ul44QN2jERIMRBXyU_VdY,4.6,165,,1.4647771,103.7265374,kitchen language pte. ltd.,A,0.92872,5,FALSE,
waffle express,ChIJbQ1xJ5YN2jERF5zMoGGbWT4,2.7,7,,1.4651783,103.726777,sushi express group pte. ltd.,A,0.25002,5,FALSE,
caffe,ChIJd9DI5AYN2jEREGpued3ZdeM,3.7,11,,1.4650017,103.7271893,black & white caffebar pte. ltd.,A,0.53016,5,FALSE,
spice garden beletime danga bay,ChIJN15aTCdz2jERaubAjDsmjCs,4.6,58,,1.4638092,103.7279453,gardens by the bay,A,0.94214,5,FALSE,
times 2 eat cafe,ChIJ91GO9GEN2jERF3xR0ZBF-Ds,4.2,13,,1.4634314,103.7281414,hanis cafe & bakery pte. ltd.,A,0.7952,5,FALSE,
restoran syed ali country garden,ChIJfYTSnigN2jERtbJRM9s-hpM,4.4,504,,1.4647386,103.7274656,peach garden pte. ltd.,A,0.71116,5,FALSE,
grand golden coast,ChIJTxbo7FgN2jER-xJu6Fjf3Pw,,,,1.4649075,103.7273744,golden village multiplex pte ltd,A,0,,FALSE,
烟火小灶 yanhuo kitchen,ChIJt1nuQsoN2jERx8n6bPnHJoA,4.5,4,,1.4646085,103.7275882,the butcher's kitchen pte ltd,A,0.4859,3,FALSE,
country garden food center（大世界食尚餐厅）,ChIJ2T65xxkN2jERLuJOiFYmmiw,3.1,41,,1.4647443,103.727538,taster food pte. ltd.,A,0.21674,5,FALSE,
restoran nisha fattah,ChIJxReM8Q8N2jERkw5GlmuuTxs,3.9,30,,1.4649001,103.7275183,,Unknown,0.40822,5,FALSE,
squid hut,ChIJo8Z95Llz2jER5CBWfmKhbj4,5,7,,1.4632594,103.7283952,old tea hut (marina bay) pte. ltd.,A,0.92462,5,FALSE,
xiguan old town,ChIJPawyXgAT2jER6l2do9WeqUw,5,12,,1.4632635,103.7284037,hong kong street old chun kee pte. ltd.,B,0.89212,5,FALSE,
marrybrown @ beletime danga bay,ChIJJa2l-7oN2jER24COtJHE3A0,3.4,134,2,1.4638806,103.7281623,gardens by the bay,A,-0.37084,5,FALSE,
风采重庆转转火锅,ChIJkxIFS4gN2jER9tfmS-zojJ8,3.8,6,,1.4632175,103.7284485,,Unknown,0.31546,5,FALSE,
sister seafood soup (大姐鲜之味),ChIJv7rm3jMN2jERM3VEeDEt_9M,3.7,10,,1.4632684,103.7284531,marina live seafood & steamboat pte ltd,B,0.06944,5,FALSE,
the garden villa's கார்டன் வில்லாஸ்,ChIJh2wmKxgN2jERge-btC0ZDQw,3.5,85,,1.4648827,103.7277586,the soup spoon pte ltd,A,0.35458,5,FALSE,
jeonju bibimbap,ChIJ2YijBuIN2jERCpFwQ4E9HGk,3,31,,1.4637187,103.728395,k-cube bibimbap pte ltd,Unknown,0.34754,5,FALSE,
kafe tryces,ChIJT9PVAAAN2jERgM-4tCLxB4k,5,12,,1.4649051,103.7277775,mary's kafe by mary gomes private limited,A,0,1,FALSE,
qi ming huo guo奇明火锅,ChIJUaYg3MwN2jERqHyI_VkCzg0,3.6,9,,1.4651755,103.7279877,how kok ming,B,0.43202,5,FALSE,
大姐粿条汤(sister kuey teow soup),ChIJY-tPawAN2jERMyLHynfz3q0,4.7,43,,1.464673,103.7283369,soup fair pte. ltd.,A,0.95864,5,FALSE,
sang gerai beletime halal nasi ayam,ChIJIeq4k8kT2jER5L8xRlHZNG4,4.6,856,2,1.4645981,103.7284563,lee sang peng,A,0.70474,5,FALSE,
danga mee tarik,ChIJyyJ_OLUN2jERue_NwKk5fA8,3.4,59,,1.4648666,103.7284252,qiu lian ban mee pte ltd,B,0.0626,5,FALSE,
王姐福建拌面,ChIJoUUCSQAT2jERyhSSM0ly_Ko,4.6,12,,1.4649722,103.7283926,,Unknown,0.50504,5,FALSE,
79 bistro & lounge,ChIJnbcV8nsN2jER6yEOFJjE8Qs,4.5,42,,1.4656328,103.7280839,26@marina bar & bistro pte ltd,B,0.52338,5,FALSE,
s. ali bistro country garden,ChIJfRnXTscT2jERqU-cwZb6Z1A,4.5,80,,1.4627244,103.7295573,lam's (singapore) culinary enterprise pte. ltd.,A,0.70334,5,FALSE,
welovemookata,ChIJIbuUIgAN2jERNcQcAthjlKc,,,,1.4652072,103.7287973,,Unknown,0,,FALSE,
loka loka indonesian food,ChIJK19ZNwAN2jERou2OiF3D9TI,,,,1.4652072,103.7287973,best partners food management pte. ltd.,A,0,,FALSE,
grand chicken rice drive-thru,ChIJx-nTNrkT2jEReh5gn1AIAW0,4.3,16,,1.4644135,103.7294531,lau di fang scissors-cut curry rice pte. ltd.,A,0.59332,5,FALSE,
di' chops chops western asian food,ChIJnSu0ZgAT2jERXwFj0YGdNUg,5,1,,1.4637219,103.7299097,taster food pte. ltd.,A,0.886,1,FALSE,
spice villa restaurant,ChIJl49hmZ4T2jERfyceqHrYS0Q,4.8,18,,1.465226,103.7298902,texas chicken restaurant pte. ltd.,A,0.71216,5,FALSE,
thai seafood boat,ChIJZyjNht8N2jERvl2mQiO7nsM,1,2,,1.4652184,103.7301773,seafood paradise (s) pte. ltd.,A,-0.43125,1,FALSE,
melor house by nurul restaurant jb,ChIJ03ImFsIT2jERDD0Ek46x9io,4.1,199,,1.4651662,103.73137,gardens by the bay,A,0.97156,5,FALSE,
grand bayview seafood restaurant,ChIJFTAahlQN2jERW-1DHRhD8ro,4.2,1933,2,1.4740434,103.7240753,imperial treasure fine dining restaurant pte. ltd.,A,0.80966,5,FALSE,
seafood market,ChIJqTgNaVQN2jERhZQIK4Fmz60,4.1,100,,1.4741122,103.724096,seafood paradise (s) pte. ltd.,A,0.9614,5,FALSE,
traditional nasi le,ChIJSXDcOAAT2jER8zsNeoCUCcs,,,,1.4672601,103.7355957,jia jia le cuisine f & b pte. ltd.,A,0,,FALSE,
dapur el,ChIJk4RNtrQT2jERASyNdywY9Q4,,,,1.4672622,103.7356,el cubanos pte ltd,A,0,,FALSE,
海龙王海鲜酒楼,ChIJy9T2WqIS2jER6THKOCuRa3A,4.1,28,,1.4600741,103.737368,,Unknown,0.45404,5,FALSE,
nasi lemak seringgit,ChIJ9TauNAAT2jERGLgUagSvQ4s,,,,1.4672754,103.7358238,kampong ria nasi padang pte ltd,B,0,,FALSE,
mcc makan place,ChIJ7wD4u6US2jERWBh4nn9WlLY,5,1,,1.4665252,103.736228,makan by the bay pte ltd,B,0,0,FALSE,
89.7 super club,ChIJDdHDawAT2jERvZzDS1EOZVY,4.3,66,,1.4659576,103.7365278,republic plaza city club (singapore) pte ltd,A,0.87304,5,FALSE,
no.28 gerai makan dapur kak yam,ChIJO1AxTYkT2jERSY6xazuiWF8,3.9,7,,1.4612234,103.7375963,boh yam soon,B,0.45126,5,FALSE,
gerai wawasan 26,ChIJPe2GlqMS2jERBrX-gdgMOdI,3.6,14,,1.4612165,103.737639,26@marina bar & bistro pte ltd,B,0.33142,5,FALSE,
zikgu burger nong chik,ChIJra-8HHUT2jERQcF0_FWN1yQ,4.5,311,,1.4645112,103.7371101,nong gan,A,0.83226,5,FALSE,
gerai ayong,ChIJi4HoAKMS2jERWqbvHr5bc4o,4.3,245,,1.4612157,103.737657,,Unknown,0.47916,5,FALSE,
twirl & crumb bistro & bakes,ChIJD5aRHgcT2jERdli-Im6H9OA,,,,1.4616073,103.7376512,asia bistro llp,B,0,,FALSE,
din satay shellout old skool,ChIJlytFRIQT2jERqqbj4kFIMes,2.7,7,,1.4611044,103.7377495,syifa' satay limited liability partnership,Unknown,0.25562,5,FALSE,
mahgoub nong chik,ChIJK35e7sQT2jER_RCd6T6oi4E,3.9,318,2,1.4667757,103.736462,nong khai beer house pte. ltd.,B,0.61632,5,FALSE,
warisan qairah,ChIJ7flWYjEN2jERU4EPVWH_Jfc,,,,1.4773695,103.7240517,,Unknown,0,,FALSE,
sri dataran maju asam pedas a1 no. 32,ChIJQ8iRLegT2jERJo7-EwTa2VE,5,1,,1.4610893,103.7378157,sri dwi astuti,A,0,0,FALSE,
sedap corner,ChIJK5LSm7ES2jER6ePeGWyM8iU,4,2938,2,1.4633219,103.7447858,kampong corner pte. ltd.,Unknown,0.43854,5,FALSE,
dapor warisan,ChIJAQBAprwS2jERyKB016yNwTc,4,60,,1.4620524,103.7414888,,Unknown,0.59478,5,FALSE,
restoran selasih sri gelam,ChIJS_uo4bwS2jERbuaV8NVGObY,3.9,165,,1.4611111,103.7425,sri dwi astuti,A,0.67096,5,FALSE,
mcdonald's nong chik dt,ChIJ82OAaKMS2jEREsZcTRmbx1c,4.1,3659,2,1.4628561,103.7384954,lam's (singapore) culinary enterprise pte. ltd.,A,0.0599,5,FALSE,
kfc seri gelam dt,ChIJlUf0_7wS2jERaPJluHnubCk,3.9,2030,2,1.4607725,103.7432988,,Unknown,0.02236,5,FALSE,
buffet ramadan the cave @ malay village restaurant,ChIJa3lHi6US2jERn87K05jpO78,3.7,607,2,1.4676457,103.7362844,the exchange asia square pte ltd,A,0.48764,5,FALSE,
big food f&b (jm0686388-u),ChIJaXsp8q4S2jERfp7P4rqGZzU,4.2,2252,2,1.4711487,103.7369476,best partners food management pte. ltd.,A,0.76774,5,FALSE,
projek maging steakhub,ChIJo0hJub5y2jERRnlvhp5ygMM,4.2,336,2,1.4637819,103.7540226,,Unknown,0.1886,5,FALSE,
"zz sup tulang restaurant, kampung bahru, johor",ChIJAztnzL0S2jERci9tKvYHjYI,4.1,5335,2,1.468413,103.746685,restaurant majestic pte. ltd.,A,0.74596,5,FALSE,
chakra restaurant,ChIJJQgKE7cS2jERxq0a_aScH8U,4.1,930,2,1.4683524,103.7498929,texas chicken restaurant pte. ltd.,A,0.92496,5,FALSE,
top one bbq seafood ikan bakar,ChIJI9OBHaMS2jERcaDQPlMm6rI,4.2,34,,1.4609252,103.7384751,royal one pte. ltd.,A,-0.09118,5,FALSE,
yong yong ice kacang & rojak,ChIJPaCPHaMS2jERKSSRneSM4zs,3.9,110,,1.4609138,103.7384367,yong mei yee,A,0.83492,5,FALSE,
gerai adi,ChIJPe2GlqMS2jERbQ8HdU6SpHk,1.8,11,,1.460964,103.7383655,,Unknown,-0.4617,5,FALSE,
nasi beriyani pak abib,ChIJCVBLHaMS2jERtOkeS4-kwx8,5,7,,1.4609703,103.7383323,yanti nasi padang restaurant pte ltd,B,0.56176,4,FALSE,
tawakal seafood tepian tebrau,ChIJLQGxAqMS2jERveDb6P9wCK0,4.3,63,,1.4609599,103.738297,tian tian fisherman's pier seafood restaurant p l,B,0.71268,5,FALSE,
gerai is norman,ChIJ-xRuGYsT2jERTnzzhKyEG_8,4.3,7,,1.4609998,103.7382266,three is a company pte. ltd.,A,0.37568,5,FALSE,
ikan bakar mama - tepian tebrau,ChIJ76RKPagT2jERPgLuT6dCsBY,3.6,27,,1.4610174,103.7381455,mama mart pte ltd,Unknown,-0.29266,5,FALSE,
tip top bbq ikan bakar (gerai no 11),ChIJPe2GlqMS2jERIa-0HLPXr5s,4.2,512,2,1.4610384,103.738132,sg-11 holdings pte. ltd.,B,0.1943,5,FALSE,
arifsalam sate stall,ChIJhQKB_aIS2jERnYPwdtb38eo,5,1,,1.4610388,103.7380785,the ramen stall (nbr) ii pte ltd,A,0,0,FALSE,
burger kerajaan,ChIJdyEFRwAT2jERV5En3aAZIs0,3.2,6,,1.461052,103.7380801,burger king singapore pte. ltd.,A,0.03046,5,FALSE,
almizan tepian tebrau,ChIJ9evCA6MS2jER5buwHd4fns4,3,6,,1.4610885,103.7380067,,Unknown,0,1,FALSE,
asam pedas power,ChIJcUDsAqMS2jERUa0L0MyTbzI,4.4,187,,1.4611684,103.7379444,boon lay power nasi lemak pte ltd,Unknown,0.92276,5,FALSE,
gerai nor amin 23,ChIJzcc_PkYT2jER4qA_h0OI_D4,3.2,5,,1.4611215,103.7378176,nor azrina binte mohamed sidek,Unknown,0.4321,3,FALSE,
pisang goreng mawar,ChIJ6wuMwLwS2jERRZzs_KDKr_w,3.9,1448,2,1.4619544,103.7416267,mawar,A,0.8672,5,FALSE,
the straits house,ChIJwb8xQfIT2jERsHMHFuFdB0c,4.3,3,,1.4613005,103.7423031,the exchange asia square pte ltd,A,0.1405,1,FALSE,
lengkuas,ChIJW2iOMgAT2jERynSeciWiy8o,,,,1.4627933,103.738555,,Unknown,0,,FALSE,
zai bersatu,ChIJLc5UDgAT2jER7JSsnL9YLsc,,,,1.4636118,103.7399245,hua zai food holdings pte. ltd.,B,0,,FALSE,
ayam gepuk pak gembus nong chik,ChIJMzktP3wT2jERWCDNHG9esb8,3.8,844,2,1.4635809,103.7378159,nong gan,A,0.0541,5,FALSE,
mi empat musim,ChIJ0WNR6XgT2jERfh0unyYbBHE,4.9,68,,1.4638404,103.7375006,the banh mi club pte. ltd.,A,0.80646,5,FALSE,
four seasons noodle house,ChIJYxaDBgYT2jERGz1QYKtwPHY,3.5,2,,1.4638367,103.7374947,spicy house restaurant management (s) pte ltd,A,0.4283,1,FALSE,
restoran yasin,ChIJc1CPRbwS2jERVSPlSX3QLnA,3.9,2273,2,1.4613484,103.7444628,xiang tian restoran pte. ltd.,Unknown,0.46174,5,FALSE,
restoran sri perada,ChIJ2YKAyLwS2jERb7IrHD3GcXk,4.3,32,,1.4611808,103.744786,sri sivanandhaya namaha pte. ltd.,B,0.51382,5,FALSE,
habibi alibaba - popiah basah 3 abdul,ChIJdXDK8NYT2jERSPCuUzQkHX8,3.4,12,,1.461172,103.7447913,tower 3 pte. ltd.,A,0.30596,5,FALSE,
shawarma mahgoub kebab arab,ChIJOXq6D3oT2jERcesbGUPU1kI,4.2,210,1,1.4612768,103.7448013,,Unknown,0.85086,5,FALSE,
made on monday hq,ChIJseLnoUpt2jERpYSQGwFk-Z4,4.9,10392,2,1.4626824,103.7441978,ban on hoe medical store pte ltd,Unknown,0.96862,5,FALSE,
restoran zz,ChIJ1Z3pNbwS2jERE1TW6VbGOb4,4.1,176,2,1.4612694,103.7448263,xiang tian restoran pte. ltd.,Unknown,0.51436,5,FALSE,
yeyo cakoi,ChIJ_SXMPN8T2jERt8MGyX-e5pM,4,64,,1.4611485,103.7448588,,Unknown,0.38406,5,FALSE,
ong shun,ChIJ2bVnkLsS2jERZxfnFVVW4D0,4.1,2096,2,1.4638889,103.7441667,ong shun ping,A,0.73396,5,FALSE,
burger station @abda,ChIJOWJFo0wT2jERPuJR5QOXvRk,5,2,,1.4640327,103.7444321,burger king singapore pte. ltd.,A,0.46655,2,FALSE,
chaos burger hq,ChIJs5VR7CkT2jERKmkNGHDtKQ8,4.6,9,,1.4640706,103.7444008,burger king singapore pte. ltd.,A,0.30518,5,FALSE,
restoran abda,ChIJWWWxlrsS2jERWDPpxS-qycI,4,304,,1.4641279,103.7444249,xiang tian restoran pte. ltd.,Unknown,0.19354,5,FALSE,
anjung selatan buffet ramadhan,ChIJXyrHeAET2jERYcrbNwq4beo,5,1,,1.4649571,103.7436246,,Unknown,0,0,FALSE,
warung aroma aidil,ChIJsUgnH7wS2jERGREfjBb9Oj8,4.3,24,1,1.462184,103.745998,warung k llp,A,0.36212,5,FALSE,
transit burger nong chik,ChIJgaVPg4ET2jERS0c0dxvX8qY,4.9,20,,1.4659801,103.7371622,nong gan,A,0.52754,5,FALSE,
whisk & wink french fusion cafe,ChIJFWYLYrMT2jERkCs3Q_ETZn8,4.9,117,,1.4659047,103.7430314,bru cafe pte. ltd.,A,0.99204,5,FALSE,
nong chik corner,ChIJx47-dnwT2jER3IHn0xgmp0Q,4,13,,1.4660198,103.7371366,the corner house holdings pte. ltd.,A,0.55972,5,FALSE,
s&d kampung burger - kampung bahru,ChIJWUrkBAAT2jERNBcEjY-ji08,,,,1.4655872,103.7439039,s connexion pte ltd,A,0,,FALSE,
restoran al ajwa,ChIJ3aPG838T2jERYyBv8jnlsts,4.3,52,,1.4657243,103.7437527,al zouq foods & caterer pte ltd,B,0.72726,5,FALSE,
tulsi curry house,ChIJ4QdBDQAT2jERgnKqulF5KC0,4.5,23,,1.4657404,103.7437798,yu kee duck and noodle house pte. ltd.,A,0.86312,5,FALSE,
sambal house,ChIJH0K6ydwS2jERymCfatNAy0c,2.3,3,,1.462076,103.7638563,yu kee duck and noodle house pte. ltd.,A,0,0,FALSE,
shama suasana johor bahru,ChIJy37CnMQS2jER_L8lvX45owg,4.2,2031,,1.4633333,103.7616667,tiong bahru tian bo shui kueh pte. ltd.,A,0.8592,5,FALSE,
new hong kong restaurant (jb) 新香港,ChIJ1RRZS98S2jERVfG0W9BDv7A,3.5,515,3,1.4630245,103.7741353,leyau yen hong,A,-0.19526,5,FALSE,
subway johor bahru city square,ChIJIZEF0twS2jERxTI2QsUbLJY,3.5,63,2,1.4612374,103.7638534,s-city cafe pte ltd,B,0.31746,5,FALSE,
ak noodles house - city square,ChIJGUy6ydwS2jERD73PMGQT5Ps,3.9,224,,1.4619667,103.7634625,the noodles pte. ltd.,A,0.77142,5,FALSE,
shihlin taiwan street food,ChIJMSj0Lt0S2jER9nfQjgzsu5o,3.5,59,,1.4635616,103.7631732,aston food & beverage specialties pte ltd,A,0.59983,10,FALSE,
sushi king city square,ChIJBUm6ydwS2jERTZ_cePurKSc,4.3,2025,2,1.461346,103.7638135,hotel marina city private limited?,A,0.605,5,FALSE,
souper tang @ city square,ChIJMzB0zNwS2jERAe7cl7TupeQ,4.8,4229,2,1.461635,103.7638069,tang yaqi,B,0.94792,5,FALSE,
sds bakery & cafe @ city square,ChIJLTy6ydwS2jER_CkQoDl0LOo,3.2,233,2,1.4611489,103.7639213,bru cafe pte. ltd.,A,-0.24154,5,FALSE,
"great room, restaurant under holiday inn express & suites johor bahru",ChIJpXZYy8MS2jER07MtagaGevo,3.9,1319,,1.4610418,103.7591262,texas chicken restaurant pte. ltd.,A,0.81324,5,FALSE,
red tro cafe,ChIJbXauz8IS2jERV4orQUNNPco,4.5,4,,1.4603197,103.7630137,hanis cafe & bakery pte. ltd.,A,0,2,FALSE,
kfc galleria kota raya,ChIJv-CAscIS2jER8UADnTOH-cw,3.2,152,2,1.4595427,103.7630544,,Unknown,-0.03054,5,FALSE,
subway,ChIJ_e39ycIS2jERkwjgfUYlVZA,3.5,62,2,1.459647,103.763303,subway harbourfront pte ltd,A,0.178081667,239,FALSE,
amaya food gallery at amari johor bahru,ChIJk7Bq5OcS2jERadt6ATEguoY,4.1,172,,1.46334,103.7620547,mexican food corp pte. ltd.,A,0.46412,5,FALSE,
kimdo bbq (city square),ChIJ5_AazNwS2jER0OYBbvU4QZQ,4.3,94,,1.4619544,103.7638662,hotel marina city private limited?,A,0.86382,5,FALSE,
secret recipe @ city square mall,ChIJh2n_ytwS2jER0S38h5o6Yes,2.8,260,2,1.461799,103.7639603,s-city cafe pte ltd,B,0.7141,5,FALSE,
kfc,ChIJQQutTMMS2jERjKJCsISNmFI,2.6,431,2,1.4619775,103.7639839,,Unknown,0.207115238,105,FALSE,
oldtown white coffee @ city square,ChIJ-0IYzNwS2jERL8GxnTBMje4,4.7,4299,2,1.4626183,103.7637706,coffee n creme pte ltd,A,0.81046,5,FALSE,
thai express,ChIJXXbUUMMS2jERbXy5D4U71As,4.6,682,,1.4633476,103.7633268,aroy-dee thai express pte. ltd.,Unknown,0.53816,5,FALSE,
kfc,ChIJH0qIpcQS2jERurpJfBcB5-4,2.8,23,2,1.4638685,103.7627595,,Unknown,0.207115238,105,FALSE,
sushi zanmai komtar jbcc,ChIJ2wIXpsQS2jER9xsQndRkHxw,3.2,399,2,1.4639632,103.7627382,marui sushi japanese restaurant pte ltd,B,0.35904,5,FALSE,
kfc jb sentral,ChIJW8sPUtsS2jERgJZi_xAtb_M,2.7,401,2,1.463675,103.7640109,jb 101 seafood @ firewokz pte. ltd.,B,-0.1662,5,FALSE,
hwa mei bak kut teh,ChIJBV-WS9wS2jERQLcESVYliAA,4,379,2,1.4607877,103.7675821,old street bak kut teh (fn) pte. ltd.,A,0.81452,5,FALSE,
"kerala restaurant, johor bahru",ChIJq05iKc4S2jER9R7n5d9lRZ4,3.9,789,2,1.4709868,103.7574962,imperial treasure fine dining restaurant pte. ltd.,A,0.9124,5,FALSE,
baan &co. (formerly known as carabao thai restaurant - stulang),ChIJ-zRRstgS2jER_Odd4qgC6A4,4.1,499,2,1.4632147,103.7742448,texas chicken restaurant pte. ltd.,A,0.8165,5,FALSE,
village briyani cafe,ChIJV-TfK88S2jER10TvY2EDGws,4.1,577,2,1.4699239,103.7581727,sarika connoisseur cafe pte ltd,A,0.88488,5,FALSE,
it roo café,ChIJXfZNdugS2jERDVgNO7iVGb8,4.1,2283,2,1.4568052,103.7636001,vanilla bar & caf? pte ltd,A,0.7527,5,FALSE,
tan kee ice kacang,ChIJ61iBLrgT2jERMJ9wVa3ECVg,4.6,105,,1.4603415,103.7594475,tan chow yea,A,0.70358,5,FALSE,
jcs bistro,ChIJBbl2MVAT2jERpss00I6dMbk,4.7,48,,1.4605035,103.7591676,26@marina bar & bistro pte ltd,B,0.18386,5,FALSE,
m iqbal,ChIJKY9ZSgAT2jERu-e0QUriPw4,,,,1.4601591,103.7588822,m/s mandarin (s) int hotels p,A,0,,FALSE,
nasi ayam kee chup,ChIJ1ywhmLUT2jERVQsSXYyVJNU,4.4,1072,2,1.4611649,103.7608115,yu kee duck and noodle house pte. ltd.,A,0.91086,5,FALSE,
warung pokok cherry,ChIJU62L_cIS2jERdrYx80bz41k,4.1,1531,1,1.460751,103.7612337,cherry beans singapore pte. ltd.,A,0.71584,5,FALSE,
mee goreng pondok,ChIJw9YzAsMS2jERS9D9LT9EyjI,4,6,,1.4608999,103.7611989,chilli pan mee (batu rd) pte. ltd.,B,0.22824,4,FALSE,
johari tomyam,ChIJLwAvOUht2jERLzVXnCxeSvQ,4.4,15,,1.4609204,103.7612046,suhailah binte johari,A,0.65298,5,FALSE,
la familia restaurant,ChIJbSwdMV9z2jERQu33DfTs9NI,4.6,186,,1.461341,103.7612824,texas chicken restaurant pte. ltd.,A,0.95278,5,FALSE,
al damascus johor bahru,ChIJKZnlhKAT2jERUlt9STxGGas,3.8,216,,1.4613409,103.7612841,old tiong bahru bak kut teh pte ltd,B,0.5386,5,FALSE,
jb catering johor bahru,ChIJS3tyyRAT2jER_nlfW_Ken0c,4.6,34,,1.4613454,103.7612802,boon tat catering & supply pte. ltd.,A,0.75138,5,FALSE,
al damas restaurant الداماس,ChIJgZkVlfkT2jERYKMBUkng2F8,4.8,87,,1.4613529,103.7612748,imperial treasure fine dining restaurant pte. ltd.,A,0.72874,5,FALSE,
cafe selera ambok,ChIJZYtgezcT2jERK7A2AqQLHjI,4.9,9,,1.458064,103.7594204,hanis cafe & bakery pte. ltd.,A,0.76804,5,FALSE,
out station bistro,ChIJWxUatgYT2jERm8xTfKUs1rA,,,,1.4618635,103.7591095,26@marina bar & bistro pte ltd,B,0,,FALSE,
selasih cafe,ChIJL7fsDcMS2jERNhuvTcONwe0,3.8,98,,1.4614186,103.7621602,hanis cafe & bakery pte. ltd.,A,0.77518,5,FALSE,
decoupage by hma,ChIJw3eTLRht2jERvkR8_Kplx7U,5,1,,1.4591632,103.7626643,makan by the bay pte ltd,B,0,1,FALSE,
pizza hut,ChIJsQ-Yc7ET2jERtNsLPswHd0k,3.7,114,2,1.459374,103.7628512,pizza hut singapore pte ltd,A,0.586732,125,FALSE,
kopi mo fakat joho,ChIJ7TKqaAAT2jERsjo_qqoIv44,,,,1.4620583,103.7620993,kopi - o enterprise pte. ltd.,B,0,,FALSE,
lepak corner,ChIJQbzIlMwT2jERuBaeyPxUp9g,3.6,734,2,1.4628771,103.7615029,kampong corner pte. ltd.,Unknown,0.97038,5,FALSE,
goldy punjabi restaurant,ChIJb-1dh2gT2jERq19vlUc8QTM,4.6,1213,2,1.4622312,103.7624176,hyangtogol (korean restaurant) pte. ltd.,A,0.7987,5,FALSE,
kafe cendol & rojak,ChIJfQ1wd8MT2jERBbEMdA5blE4,3.6,5,,1.4594905,103.7633133,mary's kafe by mary gomes private limited,A,0.67194,4,FALSE,
kafe pantai lido,ChIJo_ToGgAT2jERjrz6_6zS7Og,,,,1.4592645,103.7632882,deluxe lido palace pte ltd,Unknown,0,,FALSE,
jb vegetarian,ChIJ2Uks3_cT2jERj6ohl_JzdaI,4,48,,1.4609518,103.7632416,nature vegetarian (suntec) pte. ltd.,A,0.3797,5,FALSE,
restoran al-nur,ChIJYxWOozYT2jERX9Oa-8oe4gE,3.6,14,,1.461383,103.7630868,al zouq foods & caterer pte ltd,B,0.18276,5,FALSE,
restoran asam pedas & ayam penyet kak nor,ChIJX4K6Mt0S2jERRzqiZmYmX6I,4.5,2,,1.4605071,103.7634787,penyet king pte. ltd.,A,0,0,FALSE,
restaurant sayam,ChIJNQ_VTCkT2jERnxATZDnuYmw,3.9,931,2,1.4700081,103.781776,texas chicken restaurant pte. ltd.,A,0.28448,5,FALSE,
tai son seafood restaurant,ChIJK17GUikT2jERfuA3GjRQvLY,4,664,3,1.4701556,103.7836768,marina live seafood & steamboat pte ltd,B,0.68644,5,FALSE,
kfc,ChIJdXywTiYT2jERSirE80zM9ec,4,3336,2,1.4664343,103.7788006,,Unknown,0.207115238,105,FALSE,
freedom ultimate club,ChIJp6F0r9gS2jERScR_u4UEbLQ,4.2,290,,1.4710616,103.7836532,republic plaza city club (singapore) pte ltd,A,0.86632,5,FALSE,
san low seafood restaurant,ChIJMdluB9YS2jERAZrjq8PdQKg,3.5,2608,2,1.4724501,103.7748445,marina live seafood & steamboat pte ltd,B,0.84804,5,FALSE,
core jb,ChIJ-RLBoCMT2jER9BkPii_UglY,4.8,17,,1.4630856,103.774071,jb 101 seafood @ firewokz pte. ltd.,B,0.60088,5,FALSE,
muiz hot chicken stulang laut,ChIJm2SvDwAT2jERC6BQATy6EbI,1,1,,1.4668367,103.7777984,liao fan hk soya sauce chicken rice & noodle (chinatown) pte. ltd.,A,-0.0572,1,FALSE,
"老渔夫海鲜汤 old fisherman restaurant - stulang, johor bahru",ChIJrfEdMgAT2jERPiyYEIbaZ7o,4.5,411,,1.4668367,103.7777984,texas chicken restaurant pte. ltd.,A,0.9726,5,FALSE,
snr kiosk enterprise,ChIJY2MkP7gT2jERpuDiStW2DXo,4.5,2,,1.4668663,103.7777263,ho heng food & enterprise pte. ltd.,A,0,0,FALSE,
railway briyani station,ChIJg_Xkg1UT2jERoF_13oi7NyI,4.7,2712,,1.467161,103.7780507,east japan railway company singapore branch,A,0.9265,5,FALSE,
cathay restaurant vantage bay,ChIJhzTVj04T2jERAIpQcLAZ0-k,4.1,194,,1.467248,103.7782744,gardens by the bay,A,0.69114,5,FALSE,
mcdonald's stulang laut dt,ChIJ-0CianIT2jERwM2DD3nWbVQ,3.5,1270,2,1.4673875,103.7785798,lam's (singapore) culinary enterprise pte. ltd.,A,-0.01898,5,FALSE,
restoran causeway nasi padang ina,ChIJYfr5zdgS2jER1_kiUKcU_SM,3.3,3,,1.4633535,103.7731644,padang boys 2 pte ltd,A,0.286366667,1,FALSE,
vantage bay stulang,ChIJDakyK40T2jERHz9Bwb0XpK0,5,5,,1.467042,103.7770459,sea cuisine (marina bay) pte. ltd.,A,0.11988,1,FALSE,
kasii on kitchen,ChIJAwmDP_4T2jERF-KqNtanlII,4.2,63,,1.4634291,103.7730953,kitchen language pte. ltd.,A,0.09036,5,FALSE,
al sayf kitchen,ChIJHXK9AwAT2jERwJwGtz7EpXM,5,1,,1.4675838,103.7777091,kitchen language pte. ltd.,A,0,0,FALSE,
cendol,ChIJZaNFEgAT2jERyHlWDcjj0GY,5,1,,1.467668,103.777676,cendol mama taste pte. ltd.,B,0,0,FALSE,
char kuey teow,ChIJ0cmmeAAT2jERLqBndNwrN7E,,,,1.4677025,103.7777507,authentic hock lam street popular beef kuay teow pte ltd,A,0,,FALSE,
fanbees pizza jb,ChIJuRk0-acT2jER9GaiYeMMnIs,,,,1.4678881,103.7781281,extra virgin pizza pte. ltd.,A,0,,FALSE,
stulang laut night hawker,ChIJFSoVGQAT2jERejXVCoC9qto,4.8,5,,1.4678933,103.777875,filling station night club and cafe pte. ltd.,A,0.1168,2,FALSE,
passicha vange,ChIJLTsI408T2jERmjkjaweyrjQ,5,1,,1.4636167,103.7725482,,Unknown,0,0,FALSE,
mkr bistro,ChIJ01QCztsT2jERS3nektCRyvc,4.7,156,,1.457707,103.7720054,26@marina bar & bistro pte ltd,B,0.9261,5,FALSE,
sober bites (jb),ChIJ81tjMwAT2jERVB5V24gejlY,3.1,20,,1.4681436,103.7780779,bytes & bites gourmet pte. ltd.,Unknown,0.89244,5,FALSE,
開張海鮮館 restoran khye cheang,ChIJo79T8q0T2jERZcYFv9PUnhs,4,20,,1.4684978,103.780224,chin shen khye,B,0.19944,5,FALSE,
rf bistro,ChIJIVw_EwAT2jERgE5xuRxzN2U,2.7,28,,1.4574326,103.7718139,26@marina bar & bistro pte ltd,B,-0.12134,5,FALSE,
restoran siu wei 928,ChIJsQA4nRUT2jERuo0hwd93HNg,3.4,18,,1.4686047,103.7802904,ma wei,B,0.68452,5,FALSE,
mayda naseeha corner,ChIJM2uKv70T2jERFANNiO4Ds9o,3.9,22,,1.4686177,103.7806118,the corner house holdings pte. ltd.,A,0.40916,5,FALSE,
老王头铁锅炖x东北菜/lao wang northeast iron pot stew,ChIJ22BbmrMT2jERk1aIGqCIqgo,5,7,,1.4573543,103.7717702,wang cher chiang,A,0.57276,3,FALSE,
lao wang northeast iron pot stew,ChIJFeNWTgAT2jERUWKTwfQFEpE,4.5,4,,1.4573834,103.7717177,wang cher chiang,A,0.45715,2,FALSE,
afrah food corner pte ltd,ChIJE6YwdhcT2jERJNvnawHWMVs,3,2,,1.4558518,103.7878021,abc food corner pte ltd,B,0.07385,1,FALSE,
paksoh tomyam,ChIJp_nvtCcT2jERR6Ig6W0PLec,3.5,396,2,1.4688571,103.7806426,,Unknown,0.50774,5,FALSE,
seasprite bistro,ChIJ7eeHItoT2jERITc03cGa6FE,4.6,5,,1.4689191,103.7806199,26@marina bar & bistro pte ltd,B,0.32786,3,FALSE,
财叶鱼头米粉 restoran choi ngiap,ChIJQei7JdkS2jEREcrirVCrfUs,3.9,64,,1.463732,103.7716558,tan choi hoon,A,0.007,5,FALSE,
restoran e&y maju,ChIJb15WOtkS2jERdC7s2u4zUVY,3.6,536,,1.4637043,103.7714419,r e & s enterprises pte ltd,A,0.7549,5,FALSE,
indoguna singapore,ChIJyW9yAEQT2jERFf6NqU2_YpA,4.6,38,,1.4630661,103.8043112,cold storage singapore (1983) pte ltd,A,0.68144,5,FALSE,
hup heng poultry industries pte ltd,ChIJ25-aekQT2jERbG_FBf9eldU,3.8,24,,1.463274,103.8065079,royal t group pte. ltd.,A,0.26744,5,FALSE,
stamfles dining concept pte ltd,ChIJoQ0XGEIT2jERstaSwV8URrY,2.3,3,,1.45926,103.804911,stamfles dining concept pte. ltd.,A,-0.267333333,1,FALSE,
loy kee,ChIJVVVVVQwZ2jERWZIWZ-uUiJk,,,,1.4629057,103.8141061,yu kee duck and noodle house pte. ltd.,A,0,,FALSE,
sofnade catering,ChIJs4uoElwT2jERqdxovIHI4uo,5,844,,1.4629971,103.8142723,chilli api catering pte. ltd.,A,0.95732,5,FALSE,
soon yuan,ChIJXeeWjFsT2jERwVRay0whXdM,,,,1.4631296,103.8142734,goh soon chwee,B,0,,FALSE,
paradise restaurant & catering pte ltd,ChIJuwGl9FsT2jERum2ojbWbKiw,2.5,2,,1.463053,103.814437,paradise restaurant & catering pte. ltd.,B,0,0,FALSE,
jeewa catering services,ChIJ7xyJpE892jERsVOzRmGyy5o,,,,1.4626177,103.8145833,reverse age health services pte. ltd.,A,0,,FALSE,
nury dian xin delight pte. ltd.,ChIJQ6frzW0Q2jERs7aQiG-daxw,5,5,,1.4630794,103.8147431,wise&honest pte. ltd.,A,0.9474,5,FALSE,
食為先麵家 (shi wei xian noodles house),ChIJrdJLQCsT2jERGz9Ptk_TrbY,4.4,5,,1.4582561,103.7996355,the noodles pte. ltd.,A,0.63874,5,FALSE,
soon heng chicken duck rice,ChIJWRCIJTQT2jERh7W3ZtcDEb4,5,1,,1.4582203,103.7996368,guan chee hong kong roasted duck pte. ltd.,A,0,0,FALSE,
handmade mee hoon kueh (22 senoko loop ),ChIJmX0QqfoT2jER9mnCdcxzUBk,,,,1.4582451,103.7994848,qiu lian ban mee pte ltd,B,0,,FALSE,
zam zam indian special food,ChIJJ4z3bUIT2jERwiPiW04PmGs,4.3,51,,1.4581489,103.799549,quik food pte. ltd.,B,0.33948,5,FALSE,
lim's hainanese chicken rice (林‘s海南鸡饭）,ChIJbwya1gwT2jER3GZxdN-9DDw,5,6,,1.455904,103.7996199,tatsu sushi (s) pte ltd,A,0.61304,4,FALSE,
taste asia,ChIJk5QnQWoT2jERCQji-j9i6WQ,2.4,11,,1.4566992,103.8026368,the exchange asia square pte ltd,A,-0.76308,5,FALSE,
universal dining pte. ltd.,ChIJk5QnQWoT2jERvTLqoY-7tEM,,,,1.4566992,103.8026368,universal dining pte. ltd.,B,0,,FALSE,
wen ji braised duck,ChIJB-RBUf4T2jER1t7yuUgEdF0,5,5,,1.4558101,103.7994038,yu kee duck and noodle house pte. ltd.,A,0.80886,5,FALSE,
golden dragon,ChIJH9TZBmoT2jERqWsPmdWluhs,5,1,,1.4581158,103.8038183,golden village multiplex pte ltd,A,0,0,FALSE,
artisanal pastries by koichi izumi,ChIJVbe_T2oT2jERIm9iwMCIre8,,,,1.456323,103.802164,gardens by the bay,A,0,,FALSE,
kaki makan,ChIJk5QnQWoT2jEREq19R5DIqFA,3,1,,1.4574926,103.8035085,kaki makan pte. ltd.,B,0.7923,1,FALSE,
hakka fat moi lei cha rice,ChIJYb8mL94T2jER9YydJ0CYbsk,4.7,19,,1.4555342,103.7989468,lau di fang scissors-cut curry rice pte. ltd.,A,0.76084,5,FALSE,
远东面食-传统炒福建虾面,ChIJK4tVzRQT2jER9LpCbbWHTrA,4.5,17,,1.4555228,103.7988926,,Unknown,0.83816,5,FALSE,
makanpow,ChIJLe_wYZgT2jERJLnyAMKcWKs,4.5,4,,1.4554573,103.7988599,,Unknown,0.447375,3,FALSE,
leo s'pore food pte ltd,ChIJKzwpqGsT2jERo88-6NgHbUg,,,,1.4553053,103.801431,cold storage singapore (1983) pte ltd,A,0,,FALSE,
juewei food (singapore) pte. ltd.,ChIJq6pqGEIT2jERamwQdlHplZg,,,,1.4592491,103.8048721,singapore g.food pte. ltd.,A,0,,FALSE,
new makkal vilas,ChIJi-eHDQAT2jERKb2vkd9wyG8,5,1,,1.4551799,103.79799,new style (lps) pte. ltd.,Unknown,0,0,FALSE,
new palani indian food,ChIJJb1OuVgT2jERRZkz3HVVBRE,4,4,,1.4551799,103.79799,alan,B,0.19575,2,FALSE,
food yo cafe,ChIJV72Fj6kT2jERaGkeuHqLQbk,4.3,92,,1.4578643,103.8049353,hanis cafe & bakery pte. ltd.,A,0.72244,5,FALSE,
indoguna back entrance,ChIJVeQWRQAT2jERUyBKMk3d9LM,,,,1.4626049,103.804863,tay khiam back,A,0,,FALSE,
h & d fresh n frozen foods supplier,ChIJxf-mcEQT2jERvxDmr3_Hm7s,,,,1.463178,103.8064,gloria foods pte. ltd.,A,0,,FALSE,
twin hong seafood agency,ChIJY-1RNzkT2jERdUKQw6TM9vY,,,,1.461703,103.792447,marina live seafood & steamboat pte ltd,B,0,,FALSE,
chin soon fish agent,ChIJH1oAITwT2jERQb6OCHdGgsk,,,,1.461703,103.792447,san teck soon medical hall pte. ltd.,Unknown,0,,FALSE,
the carpenters bar,ChIJy-OrtEEX2jER3ldP20jfM4U,4.5,1128,2,1.4612794,103.808044,the exchange asia square pte ltd,A,0.83896,5,FALSE,
united pte ltd,ChIJE4R7hhMT2jERV6_wMpEjZjI,5,1,,1.4532281,103.7952401,united f&b pte. ltd.,Unknown,0,0,FALSE,
saladroom,ChIJSXBSwkUT2jERe1YDgLPMA2U,3.4,46,,1.4531899,103.7947487,,Unknown,-0.05352,5,FALSE,
bhandari food,ChIJKcxE3xIT2jERBi8JcLNzQZY,1,1,,1.451108,103.7972959,ho heng food & enterprise pte. ltd.,A,-0.4767,1,FALSE,
sri bistari cafe,ChIJn6cHOa8V2jERHskp31SHSlU,3.5,40,,1.4526002,103.7936421,hanis cafe & bakery pte. ltd.,A,0.6222,5,FALSE,
micron f10a canteen gate 4 6th floor,ChIJZ-aZdAAT2jER8jgken8ggL4,5,4,,1.4595329,103.790095,4 addicts pte ltd,A,0,0,FALSE,
ssdc food hub,ChIJ25Ko6BMT2jEROGMipN3Y6Gw,1,1,,1.4526063,103.7933867,ho heng food & enterprise pte. ltd.,A,0,1,FALSE,
briyani house,ChIJ9T6Rr0sT2jERMuM64Dm3ewU,3.6,8,,1.4506575,103.7963528,aayisha briyani house pte ltd,B,-0.24194,4,FALSE,
al habib indian muslim food,ChIJIaqj5BIT2jERyXC76l8ANIc,3.8,39,,1.4504546,103.7965604,quik food pte. ltd.,B,0.34665,10,FALSE,
restoran goldy punjabi restoran,ChIJkZ1YhmgT2jERcipo7JPo4Xo,,,,1.4555732,103.8094904,,Unknown,0,,FALSE,
aishwarya kitchen,ChIJ7VRkwTsT2jERp9BAAZVdQDg,3.4,56,,1.4523114,103.7928739,the butcher's kitchen pte ltd,A,0.47188,5,FALSE,
ah ma kitchen,ChIJVX2nT7UT2jERyze6IOUwXws,5,8,,1.4493507,103.7991151,kitchen language pte. ltd.,A,0.84794,5,FALSE,
sheng fa mala hotpot,ChIJ0XH2OAAT2jERm4LNS1zrRas,1,2,,1.4493507,103.7991151,lee wei sheng,B,-0.6173,2,FALSE,
nasi padang singgalang,ChIJY2cIdAAT2jER126U6gCfmFg,,,,1.4493507,103.7991151,alan,B,0,,FALSE,
eat what pte ltd,ChIJO6V_YtgT2jERCEXjO35nr7E,,,,1.4635484,103.810215,eat what pte. ltd.,Unknown,0,,FALSE,
jj foods,ChIJ1e5mtasT2jERHG8HbdvOuAU,5,2,,1.4492286,103.7986239,artemis fine foods a.s. pte ltd,A,0,1,FALSE,
malaysian cuisine,ChIJtW4LBS8T2jERd7zDiYGcRFE,4,1,,1.4521554,103.7924287,imperial treasure cantonese cuisine pte. ltd.,A,0,1,FALSE,
wan yuan vegetarian stall woodlands spectrum 1,ChIJrdwWzmcT2jERbXKecHCdDLk,3.1,11,1,1.4549668,103.8098691,1-soleil pte. ltd.,A,0.00674,5,FALSE,
ridrash cuisine,ChIJESL3QhoT2jER4Jiun3oTzYA,5,2,,1.4489461,103.7993204,imperial treasure cantonese cuisine pte. ltd.,A,0,0,FALSE,
kin arai thai food,ChIJWUlfg0AT2jER23c8cxmFoXI,5,9,,1.452132,103.7921948,ho heng food & enterprise pte. ltd.,A,0.8527,5,FALSE,
fragrance penang prawn mee,ChIJu9Txa_oT2jERA_1HOqUPLac,4,1,,1.452132,103.7921948,ling chui mee,B,0.3612,1,FALSE,
beaulieu house (sembawang seafood paradise),ChIJlxNcmrsU2jERcdtppYe_HcU,4.3,909,3,1.4633719,103.836923,canton paradise pte. ltd.,A,0.57486,5,FALSE,
woody family peranakan cafe,ChIJ7aVN870U2jERZxv7mqebINo,3.5,1106,2,1.4581461,103.8377431,bru cafe pte. ltd.,A,0.92422,5,FALSE,
angeles city bistro & restaurant (src),ChIJdU8q2KwZ2jERIyO_vn2nJxw,4.1,15,,1.4585179,103.821852,qi ji bistro pte. ltd.,A,0.54384,5,FALSE,
dock yard cafe by eat what,ChIJeXLtuDoV2jERQSK0dCSJ_ZQ,3.9,72,,1.459944,103.822894,bru cafe pte. ltd.,A,0.51736,5,FALSE,
a-one f&b group pte ltd,ChIJV94oIVwT2jERNMMA382vAOg,,,,1.4613395,103.8156311,a-one f&b group pte ltd,A,0,,FALSE,
ren he vegetarian 人和素食 齋,ChIJf3soUvYT2jERp6kGuIjjuqI,4,11,,1.4621273,103.8158189,ci yan vegetarian health food pte ltd,C,0.75042,5,FALSE,
grandma's place,ChIJwZFqjtIT2jERXz5XOynD9M4,3.8,37,,1.4621273,103.8158189,seafood paradise (s) pte. ltd.,A,0.58098,5,FALSE,
hua seafood,ChIJcVi6HlwT2jERBqhHHDRoxxk,4,8,,1.4618535,103.8155209,seafood paradise (s) pte. ltd.,A,0.46404,5,FALSE,
thai happy mookata / hotpot buffet,ChIJi_IpXgAT2jEREJ9iSzS8QMU,3.2,6,,1.4626867,103.8147615,thai affair pte. ltd.,A,0.79238,5,FALSE,
big eater restaurant pte ltd,ChIJS9LDN8gT2jERIi1pLvCsCAc,,,,1.4630794,103.8147431,great-eater restaurant pte. ltd.,A,0,,FALSE,
buey tahan see food,ChIJI0VWm2oT2jERN7eZiVtZ0iU,2.8,6,,1.4630794,103.8147431,ho heng food & enterprise pte. ltd.,A,0.67616,5,FALSE,
gozen,ChIJmwfqzMgZ2jERQ3D7Ybs-AJY,1.6,5,,1.4630794,103.8147431,,Unknown,-0.11194,2,FALSE,
yi jia shi pin pte ltd,ChIJHUnEbAAT2jERhUYMJPdkWn0,,,,1.4621736,103.8142854,yi jia shi pin pte. ltd.,B,0,,FALSE,
idly kadai,ChIJNWtdTw8T2jERvo18_M_5Xo8,4.3,33,,1.4619745,103.8141637,,Unknown,0.87262,5,FALSE,
chang cheng chinese mixed rice,ChIJiU-lj2ET2jERQzxM1HsR9FY,2,5,1,1.4538337,103.8195883,loy kok cheng,B,-0.02768,4,FALSE,
restaurant wonderful,ChIJ3aQEC3AT2jER6fS0-Jk02ZA,3.6,8,,1.462622,103.8143085,wonderful restaurant pte. ltd.,A,-0.07868,5,FALSE,
mcdonald's sembawang mart,ChIJnxzZVQAT2jERdY0oLxkHzOA,1.9,54,,1.4537391,103.8195287,lam's (singapore) culinary enterprise pte. ltd.,A,-0.69548,5,FALSE,
fish soup & ban mian,ChIJ_6IAj2ET2jERJM6thxUNNTY,2.1,7,,1.4537238,103.8195431,soup restaurant singapore pte. ltd.,A,-0.44492,5,FALSE,
poon resources pte. ltd. @ admiralty street,ChIJQwCl9FsT2jER4L3-ZiMVlQM,,,,1.4630534,103.814437,poon resources pte. ltd.,A,0,,FALSE,
cms restaurants & catering pte. ltd.,ChIJQwCl9FsT2jERVuhZgoxWo5g,1,1,,1.4630534,103.814437,cms restaurants & catering pte. ltd.,B,-0.9387,1,FALSE,
ahjuma korean & japanese,ChIJiQouRwAT2jERMLn9CNYDT6U,5,1,,1.4536523,103.8195589,hyangtogol (korean restaurant) pte. ltd.,A,0.9713,1,FALSE,
heng ji soup & western,ChIJnX74agAT2jER72CBzRSnLd8,4,1,,1.4536181,103.819522,ho heng food & enterprise pte. ltd.,A,0.5106,1,FALSE,
indonesian panggang food enterprise,ChIJJwpVi1sT2jERi3HLsB4kmLA,,,,1.463076,103.81437,dljc enterprise pte ltd,A,0,,FALSE,
loving hut (s) pte ltd,ChIJJwpVi1sT2jERt4GJf37ahNI,,,,1.463076,103.81437,loving hut (s) pte ltd,A,0,,FALSE,
de esperto kitchen pte ltd,ChIJJwpVi1sT2jERTn9clF4vGtQ,4.8,4,,1.463076,103.81437,de esperto kitchen pte. ltd.,C,0.22655,1,FALSE,
friends alley restaurants pte ltd,ChIJJwpVi1sT2jERAuunAzUKwr8,,,,1.463076,103.81437,gs restaurants pte. ltd.,Unknown,0,,FALSE,
boon heng atas roasted delight,ChIJGUGTOwAT2jERQr0-SF6M9bE,,,,1.4535958,103.819542,tan boon chai,Unknown,0,,FALSE,
hong yu kitchen,ChIJk82ZbgAT2jERSzV0zUZ5yPs,1.7,9,,1.4535795,103.8195363,kitchen language pte. ltd.,A,-0.0194,5,FALSE,
卤乙己/卤味熟食,ChIJC8arm6kT2jERUnhabRW6kKQ,,,,1.4629971,103.8142723,,Unknown,0,,FALSE,
tingkat delivery | best healthy tingkat meals in singapore,ChIJAQAAAHET2jERnwrE68Nmx5k,4,264,,1.4629971,103.8142723,cold storage singapore (1983) pte ltd,A,0.78472,5,FALSE,
dao xiang claypot 稻香砂煲,ChIJ13dDQQAT2jERCWtiiUQuS8E,2.7,3,,1.4535618,103.8195579,jia xiang kuching food supplies pte. ltd.,A,0.356466667,3,FALSE,
habib's express,ChIJFcI4dAAT2jERnT9TVn1pCGo,1,3,,1.4535308,103.8195357,seafood paradise (s) pte. ltd.,A,0.22582,14,FALSE,
karaikkudi subham restaurant,ChIJc7S4CQAT2jER85e-rHGCboc,5,2,,1.4619708,103.8137673,imperial treasure fine dining restaurant pte. ltd.,A,0.2202,1,FALSE,
jega food,ChIJZxv6JgAT2jERoA45wbbnn2A,,,,1.4626314,103.8138572,ho heng food & enterprise pte. ltd.,A,0,,FALSE,
restoran yx 渔香百年海鲜村 (kampung teluk jawa),ChIJH2iXbjVr2jERjivpqqO97h4,3.7,473,2,1.4769654,103.844913,kampung pte. ltd.,A,0.7666,5,FALSE,
the patio sg,ChIJRf-S_QUV2jERUh1VRRUHtDo,4.2,826,2,1.459041,103.8439529,the exchange asia square pte ltd,A,0.95484,5,FALSE,
n&n nasi padang corner,ChIJZVJ6-5kU2jERuPN41dhGS3M,4.1,240,2,1.4536695,103.8328682,the corner house holdings pte. ltd.,A,0.9284,5,FALSE,
nur adam’s delights,ChIJM7yzrngV2jERzWvcC6RiJVI,3.5,11,,1.453652,103.832875,seafood paradise (s) pte. ltd.,A,0.51052,5,FALSE,
lai sun eating house,ChIJGWZ0_JkU2jERDfAHJXbTttM,3.5,2,,1.453652,103.832875,yu kee duck and noodle house pte. ltd.,A,0.31845,1,FALSE,
blue heaven bar,ChIJ7XGG-5kU2jER7PaJMVvXMY4,3.8,53,,1.453652,103.832875,26@marina bar & bistro pte ltd,B,0.41572,5,FALSE,
kmh catering,ChIJzypLGgAV2jERsVKrLOaNyi8,,,,1.453593,103.8328817,chilli api catering pte. ltd.,A,0,,FALSE,
js bar & grill,ChIJEx16_JkU2jEROHhcIMj1Joc,4,69,2,1.453621,103.832834,j c tapas bar pte. ltd.,A,0.3628,5,FALSE,
al capone's sembawang,ChIJ0WD6SO0V2jER0tiqfLJZFK8,4.1,296,2,1.4535783,103.8327177,lam's (singapore) culinary enterprise pte. ltd.,A,0.17524,5,FALSE,
nelson bar & restaurant (sembawang),ChIJVVN5-ZkU2jERtx2kPosqNo4,4.3,89,,1.4533759,103.8327361,j c tapas bar pte. ltd.,A,0.85032,5,FALSE,
pieter hendrikus joosten,ChIJfzic-ZkU2jEREqbYxx0_-xA,4,2,,1.4534437,103.8326386,,Unknown,0,2,FALSE,
mr uncle,ChIJNWGAsrkV2jER63eAuHIfXQ8,4.1,552,2,1.4534609,103.832519,mr bap pte. ltd.,A,0.8118,5,FALSE,
charcoal mookata 1018 sembawang - the addiction bistro,ChIJlU1sIyYV2jERZ_plMDpdCcU,4.8,1654,,1.4533182,103.8323377,the exchange asia square pte ltd,A,0.77676,5,FALSE,
pawland café,ChIJh614SwAV2jERDIzm8Suw1r4,5,5,,1.4591044,103.8274172,vanilla bar & caf? pte ltd,A,0.76922,4,FALSE,
simply hainanese chicken rice,ChIJW8KnXQAV2jERJiKPCDovdKM,1.8,6,,1.4488354,103.8323588,simply can pte ltd,A,-0.25406,5,FALSE,
香港街城記,ChIJ6bUp-k8V2jERiO53lMhU5PY,2.4,199,,1.4488354,103.8323588,,Unknown,0.55662,5,FALSE,
food leaf,ChIJtw5x3pgV2jER88Zia0PcW7M,1.8,37,,1.4484873,103.8325991,ho heng food & enterprise pte. ltd.,A,-0.1379,5,FALSE,
rasa sayang western food,ChIJC5lEWAAV2jERl9agSH3s3nY,2.2,23,,1.4485044,103.8325717,chang cheng food & beverage pte. ltd.,A,-0.30424,5,FALSE,
koo kee yong tow foo mee,ChIJOSCrcgAV2jERUrivA12xdgs,2.4,19,1,1.4484515,103.8325914,yu kee duck and noodle house pte. ltd.,A,-0.08274375,16,FALSE,
mata thai (105 canberra street),ChIJEeuPV_8V2jEREnlnrT4_2nc,2.2,23,,1.4484515,103.8325914,thai affair pte. ltd.,A,-0.43698,5,FALSE,
al habib indian muslim food,ChIJhY2BcQAV2jERlcURIbGhonQ,2.6,10,,1.4484035,103.8325227,quik food pte. ltd.,B,0.34665,10,FALSE,
fong hup koka noodle - 126 canberra,ChIJMWYIQIIV2jERXv_nBwvl6UI,2.6,59,,1.4462178,103.8344626,pan thock fong,A,0.45856,5,FALSE,
fulee rice 富俐菜饭,ChIJtc-MFQAV2jERlhmHy4eFQyk,4.5,4,,1.446307,103.8342329,lau di fang scissors-cut curry rice pte. ltd.,A,0.538,4,FALSE,
selemak pagi,ChIJ527lAwAV2jERtyyEmjyHsgk,3.7,21,,1.4461798,103.834442,pagi sore indonesian restaurant pte ltd,B,0.20054,5,FALSE,
tenderbest,ChIJl775JpkV2jEReHhdkopa3Lg,2.7,34,,1.4461701,103.8344469,,Unknown,-0.005613333,15,FALSE,
fulee seafood 富俐海鮮,ChIJw5mZR5wV2jERAboY0s_e-3s,3.8,71,2,1.446057,103.8344207,seafood paradise (s) pte. ltd.,A,0.57562,10,FALSE,
hidden garden by the sea,ChIJZSqo0RgV2jERN8vY_egDKNA,3.5,367,,1.4754981,103.8464606,the coffee bean & tea leaf (singapore) pte ltd,A,0.95354,5,FALSE,
yu pan kway teow soup fish soup 御品粿条汤鱼汤 @ canberra,ChIJwWqQWLAV2jERoQI7Ver-Mog,3.8,75,,1.4454081,103.8312192,the soup spoon pte ltd,A,0.35858,5,FALSE,
hai liang mala hotpot mala xiang guo,ChIJ91wkKwAV2jERV6l_fqywEcY,3.2,9,,1.445391,103.8311578,ma la guo wang pte. ltd.,B,0.25722,5,FALSE,
百家乐海鲜,ChIJ58cVOwAV2jERmLEFtn_89oQ,4.7,3,,1.4454031,103.8310592,,Unknown,0.631,3,FALSE,
yume bakery - dessert & instagrammable cafe in johor bahru (jb),ChIJ7eYB0GMV2jER-8SR-xoKdeU,5,5,,1.4758445,103.8464957,the bakery depot pte ltd,A,0.46566,4,FALSE,
品尝鸡饭,ChIJr7wfVgAV2jERqDhtbnqnBW0,4.7,3,,1.4453367,103.8311243,,Unknown,0.438466667,3,FALSE,
太平洋菜饭,ChIJbSKnUAAV2jERHzxxrrqgDqc,4,2,,1.4453672,103.8310629,,Unknown,0.1591,2,FALSE,
chicken rice,ChIJWbKqrekV2jERTCKsZNoVs5k,4.6,22,,1.4452909,103.8311748,liao fan hk soya sauce chicken rice & noodle (chinatown) pte. ltd.,A,0.76268,5,FALSE,
joyful seafood at 120 canberra crescent,ChIJB48WBPYV2jER5yTLU4aiLoo,3.5,31,,1.4452932,103.8310951,tao seafood asia (pte ltd),A,0.51834,5,FALSE,
dragon fish seafood,ChIJRTajI2MV2jERwGYmFCZyS9k,4.1,611,,1.4763604,103.8458077,seafood paradise (s) pte. ltd.,A,0.6665,5,FALSE,
tepi pantai • 海滨海鲜村,ChIJuWNtskpr2jERiYsGLnc3-dQ,3.7,226,2,1.4769309,103.8440009,,Unknown,0.6246,5,FALSE,
chop nam seng,ChIJQSAbVDVr2jERE0rLZqUOHJ8,,,,1.4769619,103.8451252,neo yew seng stephen,B,0,,FALSE,
heng heng western,ChIJFUCpG48V2jERYO5PROPP39I,,,,1.4463236,103.8284695,ng heng,A,0,,FALSE,
chi liu xiang klang claypot herbal bak kut teh,ChIJcUrT3n8V2jERjapc_nojyLM,2.6,14,,1.4460972,103.8286826,oriental herbal tea pte. ltd.,A,0.11112,5,FALSE,
leva leur cafe (sierra),ChIJU8QMRNUU2jERZ6zzU_awkCc,4.3,603,2,1.4761228,103.8663899,lucky cafe & restaurant private limited,B,0.88046,5,FALSE,
kak mala kitchen,ChIJsc0pDwAV2jERrfl4DNj45Wk,4.8,12,,1.4714442,103.8697263,kitchen language pte. ltd.,A,0.46724,5,FALSE,
ground floor canteen,ChIJRdmP-B4V2jERt80gbnw9tBM,5,1,,1.4741799,103.8662774,new ubin seafood canteen pte. ltd.,Unknown,0,0,FALSE,
咖喱皇咖喱鱼头专卖店 fish head curry huang,ChIJEZDOVAAV2jERyRtJ3L0Webw,5,11,,1.4737291,103.8673158,s.v. curry pte. ltd.,B,0.66564,5,FALSE,
kedai aunty yin 茶餐室,ChIJ20J-NNAV2jERtRFChXxHVS8,,,,1.4743573,103.8660941,wong sin yin,A,0,,FALSE,
mb corner restaurant,ChIJWzDGpA4V2jERwBD4bSCdHIU,,,,1.4741337,103.866615,texas chicken restaurant pte. ltd.,A,0,,FALSE,
bm spicy asia sdn bhd.,ChIJxYb47kEV2jER23VBjNZaGgs,,,,1.4742922,103.8664899,the exchange asia square pte ltd,A,0,,FALSE,
capati delicious,ChIJE6pASAAV2jERRi1jXDQoiKs,5,8,,1.4732877,103.8685496,delicious goods company pte. ltd.,A,0.76002,5,FALSE,
restoran al alif,ChIJ1YSiTjkV2jERlqFFPem5kfI,5,4,,1.4743839,103.8669152,al zouq foods & caterer pte ltd,B,0.209,2,FALSE,
masakan padang,ChIJw92UBAAV2jERr9JEjrIBUaM,,,,1.4743839,103.8669152,kampong ria nasi padang pte ltd,B,0,,FALSE,
jxry noodle house,ChIJu34Z61YV2jER_zLWymEaqDk,4.8,5,,1.474505,103.8668469,yu kee duck and noodle house pte. ltd.,A,0.50868,3,FALSE,
mama seafood thai food,ChIJbaHYBQ4V2jERwPhOG4cXgsM,3.5,6,,1.4733298,103.8691145,ho heng food & enterprise pte. ltd.,A,0.10252,5,FALSE,
shell,ChIJW3SWGNUU2jERwT24XmtrXVQ,4,125,2,1.47513,103.865689,,Unknown,0.194250769,65,FALSE,
s & c satti sorru cuisine,ChIJ17NFKwAV2jERvKGYInZFuGo,5,6,,1.4749092,103.8663172,imperial treasure cantonese cuisine pte. ltd.,A,0.54546,4,FALSE,
saranyabkkfood,ChIJBdmZYAAV2jERFOc4xBRj4Pc,,,,1.4734865,103.8692954,,Unknown,0,,FALSE,
kedai makan sumber rezeki uni ratu,ChIJpw8GjLYV2jERFfuTcTRgZxs,5,1,,1.4758051,103.8658117,makan 7 pte ltd,A,0,0,FALSE,
restoran dapur barat,ChIJqx5vcwAV2jEReJbv2EMXYwI,4.1,16,,1.4752527,103.8675918,,Unknown,0.63238,5,FALSE,
2menkitchen,ChIJE4-pZjsV2jERLLrJdvM51Ys,4.7,41,,1.4753897,103.8676819,,Unknown,0.5119,5,FALSE,
restoran beriani mat2u,ChIJc5Y_jioV2jERLy1Fmjh4xD8,4.1,114,2,1.4744744,103.8693336,,Unknown,0.25262,5,FALSE,
andalif seafood (andalif tomyam),ChIJwZodDh8V2jER06TyuCnoDw8,4.8,17,,1.4750331,103.8684317,tian tian fisherman's pier seafood restaurant p l,B,0.52634,5,FALSE,
restoran hj taha catering,ChIJJ8G6ddlq2jER8F_3Pgg3QeU,4.3,9,,1.4750331,103.8684317,wan nian food catering services pte. ltd.,A,0.79548,5,FALSE,
miza dessert,ChIJybRoHVoV2jERBVtU3QOmV5I,3.2,37,,1.475518,103.8675268,vons dessert pte. ltd.,A,0.04872,5,FALSE,
yn kitchen,ChIJJWKsYjoV2jERImE1zjutyKs,,,,1.4750451,103.8684381,kitchen language pte. ltd.,A,0,,FALSE,
box48,ChIJXUPaYOgV2jERqOE7eS3H1hg,3.9,14,,1.4753773,103.8678368,,Unknown,0.27446,5,FALSE,
yobel curry house,ChIJP7mKyaYV2jERqi0RkvlifHo,3.6,157,,1.4757247,103.867142,yu kee duck and noodle house pte. ltd.,A,0.58202,5,FALSE,
restoran kesinambungan wak radol,ChIJW-WURtUU2jER7R2yscS3WAw,4.1,616,2,1.4758603,103.8668617,,Unknown,0.59452,5,FALSE,
vintage village,ChIJw5AESNUU2jERsjjl-bhfZuM,4,2,,1.4759762,103.8666423,golden village multiplex pte ltd,A,0.31845,1,FALSE,
nasi ayam 7 rasa,ChIJf0ys9_EV2jERbtdCFcyXvIQ,,,,1.4759593,103.8667471,kampong ria nasi padang pte ltd,B,0,,FALSE,
the thai council สภาไทย,ChIJsTEPzwYV2jERnR3QOLXUKE4,,,,1.4761358,103.8663398,the coffee bean & tea leaf (singapore) pte ltd,A,0,,FALSE,
km galaxy curry house,ChIJhQ8tM4MV2jERi4GvMs5yKMw,3.5,6,,1.4764425,103.8657381,yu kee duck and noodle house pte. ltd.,A,0.1865,4,FALSE,
d'sierra tomyam,ChIJG2g4ETQV2jERd7z3ES4gL8Y,4,10,,1.476683,103.8653427,stuff'd ventures pte. ltd.,A,0.35888,5,FALSE,
santai latte cafe,ChIJmRL6MtUU2jERSFP1867N6S4,2.3,20,,1.4767473,103.8652031,hanis cafe & bakery pte. ltd.,A,0.05592,5,FALSE,
devisa cafe (sup power jb),ChIJfdbbEuRr2jERLwVGjN73P7Q,3.5,167,,1.4769749,103.8648675,fun cafe pte ltd,A,0.63136,5,FALSE,
kantin mmhe,ChIJvV7pcj0V2jERtqKkvUmtkAo,4.5,16,,1.4581452,103.8812581,,Unknown,0.25006,5,FALSE,
bsi,ChIJPxB0RiwV2jERT9rxvgEEF2U,4,2,,1.4582344,103.8884099,absinthe artisan llp,Unknown,0,0,FALSE,
sarapan pagi / kuih muih inshaallah sedap ahad closed,ChIJjaToz5oV2jERvPb0UySo3eU,5,6,,1.4717594,103.8788186,shahrizan bin ahad,B,0.26092,3,FALSE,
wada man,ChIJYZOCEwAV2jERK3s_KNUQrXM,,,,1.4710275,103.8860581,man ting fang f00d pte ltd,B,0,,FALSE,
restoran pg,ChIJW5jQdwAV2jER01JpTID3sac,4.9,11,,1.4726519,103.8816008,xiang tian restoran pte. ltd.,Unknown,0.11438,1,FALSE,
asam pedas kak ano,ChIJqefCTzIV2jERfQj-tSFrBz8,4.8,12,,1.4733665,103.8820638,,Unknown,0.5697,5,FALSE,
warung makan lina dewi,ChIJ1yhVb9IV2jERy_GYhDShA58,5,6,,1.4716832,103.8876676,lina,B,-0.09176,1,FALSE,
kedai makan nelayan pasir gudang baru,ChIJKZfcfi0V2jERBBJ9P52r3cU,4.2,69,,1.4743041,103.8792973,makan by the bay pte ltd,B,0.61992,5,FALSE,
kedai makan asam pedas paguba,ChIJ7_kGdX0V2jERtLSF04uzwE8,4.8,8,,1.4745033,103.8796203,makan 7 pte ltd,A,0.47068,3,FALSE,
medan ikan bakar dan asam pedas,ChIJqYy0QgAV2jER37C3z95neMk,5,2,,1.4745891,103.8802265,dalila bte abu bakar,B,0.148,1,FALSE,
santapan kampung,ChIJb45Htf4V2jER--4rQ-aEwvw,4.1,17,,1.4635878,103.8956524,al ameen kampung seafood restaurant pte ltd,B,0.72128,5,FALSE,
wonderbeat restaurant,ChIJGy2ippRr2jERWDowmJS6KG4,4.3,4,,1.46349,103.8956801,texas chicken restaurant pte. ltd.,A,0,1,FALSE,
masakan lemak cili padi d'mawar cafe,ChIJAyHmoooV2jER_MKvro8Gzjs,3.3,21,,1.4634273,103.8957634,mawar,A,0.10622,5,FALSE,
al-farhan tomyam,ChIJyaxglkYV2jER02Otvc1e2Iw,,,,1.4636355,103.895725,al zouq foods & caterer pte ltd,B,0,,FALSE,
restoran peghentan (patin tempoyak),ChIJ4auGv0YV2jERszJFkuw7YeY,3.5,8,,1.4633737,103.8958552,,Unknown,0.25764,5,FALSE,
ambeng d’ mawar,ChIJfwXruZEV2jERPVR5PJjeZbM,5,1,,1.4634067,103.89591,mawar,A,0,0,FALSE,
kafe dapur mama siti,ChIJA6IS24UV2jERhFPvVgG8sco,5,1,,1.4633836,103.8960431,siti rohanah binti haji mohdar,Unknown,0,0,FALSE,
m&k bistro (24 jam),ChIJu6YaHwAV2jERkR53HJuE-j4,,,,1.4652862,103.8966326,26@marina bar & bistro pte ltd,B,0,,FALSE,
aa asam pedas tomyam,ChIJvwU5eP8V2jERIJTICSSnASk,3.6,38,,1.4652003,103.896773,aa 1 pte. ltd.,B,0.26906,5,FALSE,
quechos taman mawar,ChIJuxV-fd9q2jER5ACdNy-4YTg,4.7,149,,1.4653971,103.8968634,mawar,A,0.6578,5,FALSE,
burger d’chelop l,ChIJ3_hJQgAV2jERSs-bPSQI9Iw,5,1,,1.4753409,103.8707579,burger king singapore pte. ltd.,A,0,0,FALSE,
herryson's pizza tmiyc pasir gudang,ChIJPU9w5Klv2jER3fbWlOckXE8,4.8,60,,1.4611827,103.897937,tatsu sushi (s) pte ltd,A,0.65516,5,FALSE,
lwl seafood restaurant龙记海鲜煮炒,ChIJGenfIVp12jERca_NcTgck5Q,3.9,70,2,1.4808436,103.6008529,tian tian fisherman's pier seafood restaurant p l,B,0.46306,5,FALSE,
bubur ayam kongee taman nusabayu,ChIJLULJNTV12jERe8P96Mz7gQk,3.6,5,,1.4813648,103.5994223,sri bistari changi village famous ayam penyet pte. ltd.,Unknown,0.0672,2,FALSE,
88 spicy corner,ChIJpfX8_3h12jERb3Y4XnoOtAk,4.3,6,,1.4814067,103.5995182,kampong corner pte. ltd.,Unknown,0.58822,5,FALSE,
restoran tomyam nusabayu jahri,ChIJV-nNSNJ02jERcBnFakK5GU8,3.7,62,,1.4814325,103.5992081,,Unknown,0.49258,5,FALSE,
agk street food,ChIJEzP-dwB12jERvQSQ35k60gU,,,,1.4816397,103.5994525,ho heng food & enterprise pte. ltd.,A,0,,FALSE,
bayu lok lok,ChIJo5dZsTd12jERKUs66NTSEO4,4.6,27,,1.4814922,103.5989454,shiok lok pte. ltd.,B,0.85822,5,FALSE,
bayu ceria,ChIJn4dLIAB12jERcs5TPiagTcc,4.4,5,,1.4804931,103.6017817,,Unknown,0.49062,4,FALSE,
faisaru bentobox,ChIJn2rp8Dx12jERz7AUx4jTijk,,,,1.4800012,103.5980694,,Unknown,0,,FALSE,
teo chew seafood restaurant,ChIJqyG-STF12jERhE_FDNwkXio,3.9,16,,1.480246,103.602182,imperial treasure fine dining restaurant pte. ltd.,A,0.16472,4,FALSE,
official street burger (osb) @ nusabayu,ChIJdYmFxRh12jERXWSE5iilNmY,3.3,4,,1.4817389,103.5985401,soma street pte. ltd.,A,-0.07205,2,FALSE,
restoran al-alamin,ChIJy5ZwXgB12jER5xkK87nxRm4,,,,1.4817065,103.5984588,al zouq foods & caterer pte ltd,B,0,,FALSE,
81 aachi caters,ChIJM1iDGkB12jERF-kGS8tCtMY,,,,1.4798131,103.6022867,sri aachi aappakadai pte ltd,Unknown,0,,FALSE,
ayu tomyam,ChIJ8a9zP1x12jERZZUHQSKiJdI,4.3,32,,1.4818538,103.5983954,mas-ayu restaurant pte. ltd.,B,0.57028,5,FALSE,
boo burger,ChIJIRXaYgB12jER23Y5BN2L_i8,5,8,,1.4826147,103.5963126,burger king singapore pte. ltd.,A,0.44268,5,FALSE,
stall burger antarabangsa jb,ChIJcXbaTat12jEREFHWKqw0I9A,5,1,,1.4824156,103.5946624,,Unknown,0.7717,1,FALSE,
jom singgah food stall nusabayu,ChIJWS1e2tJ02jERyZ6dmX5zx9Q,4.2,73,,1.4822895,103.5945129,taster food pte. ltd.,A,0.78092,5,FALSE,
ayam goreng rm1,ChIJ9Rrqy1h12jERRNbs3Qw4lUI,,,,1.4826773,103.594247,ayam penyet ria pte ltd,A,0,,FALSE,
kirthi bhavan,ChIJK50krBB12jERerFnlg5E-0o,4.6,19,,1.4819191,103.593856,saravana bhavan pte ltd,A,0.7225,5,FALSE,
restaurant eluvan,ChIJLyMxQAB12jER9snCFIhzWVA,4.1,14,,1.4817271,103.5937,texas chicken restaurant pte. ltd.,A,0.05128,5,FALSE,
268 lucky food court,ChIJ9RAteAAH2jERnCT60Senhb0,5,2,,1.4805574,103.5933411,ho heng food & enterprise pte. ltd.,A,-0.20095,1,FALSE,
mkak south indian cuisine,ChIJazXAolF12jERhb5b6x6zbSk,3.8,229,2,1.4814538,103.5934202,imperial treasure cantonese cuisine pte. ltd.,A,0.6103,5,FALSE,
古早味烧蜡坊kohzhabee restaurant,ChIJA39TU9R02jERFgldVHStebw,4.4,96,,1.4809974,103.5929176,hyangtogol (korean restaurant) pte. ltd.,A,0.66722,5,FALSE,
nasi dagang lampu kelip-kelip,ChIJz1RGk2J12jERdbQVoREnMzg,,,,1.4810863,103.5927973,sa'yah binte lampu,B,0,,FALSE,
nasi lemak,ChIJQ4XI22d12jERvTdbu-LjGXY,4,2,,1.483797,103.591893,hot & spicy nasi lemak pte. ltd.,B,0,0,FALSE,
kak zaza nasi lemak sedap,ChIJM6eucgB12jERJJvct3YGQ_8,,,,1.4837498,103.5916888,mount faber nasi lemak fast food shop pte ltd,A,0,,FALSE,
restoran abang deen,ChIJk3IR_uh12jERy8TO0gsgI9Y,,,,1.4816198,103.5909829,,Unknown,0,,FALSE,
smash burger by osb burger,ChIJR5cqEgAL2jERXALZ5Bkx4Gw,5,7,,1.4746927,103.5913775,by andco pte. ltd.,A,0.43546,5,FALSE,
nasi lemak abe li,ChIJz-XjRzwL2jER40JqkntpEeI,,,,1.4750744,103.5907983,kampong ria nasi padang pte ltd,B,0,,FALSE,
noura sambal lesong,ChIJuefNKqYL2jER9uJQxEZwNkM,,,,1.4729359,103.5920183,,Unknown,0,,FALSE,
rumah makan pariwisata,ChIJuyAPii4L2jERTwwu0fDQi2A,4,6,,1.4753992,103.5900735,shaik abdul kader al-jailani makan place pte. ltd.,Unknown,0.07224,1,FALSE,
laksam cheyah,ChIJR-p_fHtr2jER-JPLwPhIYYI,,,,1.4773509,103.6107367,,Unknown,0,,FALSE,
tok din's corner,ChIJtdm0VdAL2jERzp_xJICqz3I,3,4,,1.4734582,103.5910284,seafood paradise (s) pte. ltd.,A,0,0,FALSE,
restoran d'selera kita,ChIJq8CITw0L2jERPav4okAJmnU,4,4,,1.4725972,103.5914364,palaniyayee@palainayee d/o sathappa velar,B,0,1,FALSE,
rumah makan nusantara,ChIJZ7YXVgAL2jERUuKXEBsah1Y,5,4,,1.4744658,103.5900342,shaik abdul kader al-jailani makan place pte. ltd.,Unknown,0.271725,2,FALSE,
郑记传统面家 全蛋云吞面,ChIJM-U7aD8L2jER_3FOqDUQn2k,4.3,102,1,1.4740803,103.5898958,,Unknown,0.60074,5,FALSE,
acme taslim restaurant,ChIJ588sfQAL2jERKbp-bA1qEko,3.7,6,,1.4721753,103.5909465,texas chicken restaurant pte. ltd.,A,0,1,FALSE,
aziezam citarasa anda,ChIJcSJCnSYL2jERlNRLt6BAgVk,4.2,5,,1.477461,103.6116943,fang anda,B,0.28322,3,FALSE,
teratak nusantara restaurant,ChIJhbYOSgAL2jERmF-3V2C6d0M,3.3,6,,1.4716605,103.5913254,imperial treasure fine dining restaurant pte. ltd.,A,0,0,FALSE,
restoran rimba asap ( borneo taste),ChIJlaAbm1ML2jERnHbuYTmCdgQ,4.8,12,,1.4737243,103.5890137,good old taste pte ltd,B,0.6703,5,FALSE,
nits fresh chicken (m) sdn bhd,ChIJmfK1MOUL2jERtf_NK0pqtc4,,,,1.4750558,103.588224,liao fan hk soya sauce chicken rice & noodle (chinatown) pte. ltd.,A,0,,FALSE,
malalal hotpot,ChIJ8YvpaQAL2jERDs3e-XwrDSM,4.8,30,,1.4751922,103.5881407,chicken hotpot (s) pte. ltd.,A,0.93048,5,FALSE,
tropical cuisine restaurant,ChIJvbkyrLl12jERSyadb5fl2ZI,4.2,11,,1.4830081,103.6133011,imperial treasure cantonese cuisine pte. ltd.,A,0.08808,2,FALSE,
kopitiam wr rosse,ChIJ4WOx4xAL2jER6siwGgarJx8,4.3,351,,1.4744343,103.5867284,kopitiam investment pte ltd,B,0.59724,5,FALSE,
cafe saliha,ChIJZ2HYGPUL2jERjiWGvnF6-ts,4,44,,1.4768403,103.6140138,bru cafe pte. ltd.,A,0.27948,5,FALSE,
dapur merah restaurant,ChIJe3On3t0K2jERKL1Ylj5I8e4,4.2,524,1,1.4754706,103.5862989,texas chicken restaurant pte. ltd.,A,0.68754,5,FALSE,
kedai makan seri chandan,ChIJMb8qFFoL2jERKpt8vB2ikOI,4.3,7,,1.476695,103.6141492,makan 7 pte ltd,A,0.81148,5,FALSE,
kome thai nusantara,ChIJYXFC_68L2jERKor6gwOcSNA,3.4,175,2,1.4746395,103.5860718,thai village express pte. ltd.,A,0.38246,5,FALSE,
mummylicious,ChIJD4Np2EUL2jERFBRKAhuvozU,5,1,,1.4761336,103.6144789,li li,A,0.0258,1,FALSE,
kfc iskandar puteri,ChIJF_lrTvoK2jERpnTgPWu8DmQ,3.5,850,2,1.4732789,103.5861531,mohamad iskandar bin mohd ali,B,-0.18534,5,FALSE,
sarifah kitchen steamboat and grill,ChIJ32a_BgAL2jERXou78VMbMCI,3.9,95,,1.4733389,103.5860545,java kitchen pte. ltd.,Unknown,0.72346,5,FALSE,
pisang goreng mawafa • pisang cheese double layer,ChIJJarpv-QL2jER_axGBvhlQuI,5,2,,1.4768123,103.6151793,sandwitch by double u llp,A,0.6457,2,FALSE,
foodie cafe(gelang patah),ChIJmyE58LgL2jERon8j8XTDt_M,4,1,,1.478053,103.584505,fun cafe pte ltd,A,0,0,FALSE,
restoran sakinah,ChIJleDMIkoL2jERw0a0g_gLzO4,,,,1.4740244,103.6146905,xiang tian restoran pte. ltd.,Unknown,0,,FALSE,
hana tomyam thai seafood,ChIJx1QLvOYL2jERbdeCra1ynD4,4,10,,1.4740243,103.6147951,marina live seafood & steamboat pte ltd,B,0.49028,5,FALSE,
33 tomyam dan kopitiam,ChIJYT3gWiEL2jERh-LLRaY2Mw8,4.1,170,,1.4735624,103.6148244,xixiang kaya kopitiam (robinson road) pte. ltd.,A,0.61532,5,FALSE,
爱之家扁型猪肉丸粉sweet home noodles,ChIJyQiYWFIL2jERvQyyv6AwQu0,5,25,,1.4735682,103.6148314,the home pte ltd,A,0.7327,5,FALSE,
33kopitiam xiaochao,ChIJHcOhlo0L2jERkPNOoiLe5nE,4.4,14,,1.4734767,103.6148497,,Unknown,0.60594,5,FALSE,
mama machan cafe,ChIJWTZcbwB12jERfXEXcPhxDws,4.1,262,,1.4860618,103.6152292,hanis cafe & bakery pte. ltd.,A,-0.1383,5,FALSE,
papa kopitiam,ChIJiWpWifgL2jER6TcxnbdyDk0,1,1,,1.4731311,103.61493,kopitiam investment pte ltd,B,0,1,FALSE,
restoran cafe columbia,ChIJBznw6Fdz2jERRPsiZ_r2wgE,4.4,101,,1.4787921,103.6373125,lucky cafe & restaurant private limited,B,0.7953,5,FALSE,
wan chay gou restaurant,ChIJ4dzgMaJ02jERMsyWeANclPk,3.8,518,2,1.495036,103.6297303,misaki japanese restaurant pte. ltd.,A,-0.18532,5,FALSE,
subway @ sultan ibrahim stadium,ChIJW3YQ8Xx12jERYmE1dTpG314,4.2,15,,1.4808818,103.6196417,rosni binti ibrahim,A,0.96204,5,FALSE,
woodfire stadium sultan ibrahim,ChIJeS9oVm512jER_z6wiynIDp8,4.6,1165,2,1.4811828,103.6200188,rosni binti ibrahim,A,0.94876,5,FALSE,
kfc stadium jdt,ChIJMV3qEeN12jERQvdqn12h9ss,4.8,486,2,1.4817841,103.6203111,,Unknown,0.7069,5,FALSE,
swedish café ikea,ChIJYVa7HQB12jERpA6Mqp3_kP8,3.5,11,,1.4816798,103.6192496,vanilla bar & caf? pte ltd,A,0.6429,5,FALSE,
sai lmk food corner,ChIJg2YjZPB12jERG_M1gA54p5k,,,,1.4853643,103.6157375,ho heng food & enterprise pte. ltd.,A,0,,FALSE,
a&c sofia burger,ChIJu2p-KZl12jER1doJkQn8ivE,,,,1.4875739,103.619346,artemis fine foods a.s. pte ltd,A,0,,FALSE,
mama macha cafe,ChIJ6bzc6tV12jERd6b6ffqqnOU,4,98,,1.4860571,103.6152737,hanis cafe & bakery pte. ltd.,A,-0.50254,5,FALSE,
sezo group,ChIJcz1G7sJ12jER_61-Q3bl1oA,,,,1.4877193,103.6194891,royal t group pte. ltd.,A,0,,FALSE,
tuk's tuk's corner,ChIJ01q5YwB12jERSfhZYNgZaPA,3.5,34,,1.4877193,103.6194891,seafood paradise (s) pte. ltd.,A,0.40178,5,FALSE,
lazy dumpling,ChIJzViCEU132jERb1_kTGxL6DI,,,,1.4869316,103.6249239,house of rice dumpling pte. ltd.,A,0,,FALSE,
tomyam putri seafood,ChIJ82_cj7d02jERUaIh2G9uvh8,,,,1.4869925,103.6151807,marina live seafood & steamboat pte ltd,B,0,,FALSE,
burger stall fazrol,ChIJ3WCvDAB12jERutEuHI7bDiM,,,,1.4886132,103.6192275,burger king singapore pte. ltd.,A,0,,FALSE,
warong mak jabit kampung pisang,ChIJK6BAxUwL2jERsugR0oSbscg,4.1,17,,1.4724803,103.6150827,kampung pte. ltd.,A,0.13406,5,FALSE,
928 kopitiam 茶餐室,ChIJIwWIvEkL2jERA0R7uXH2FCg,4.6,5,,1.4721039,103.6151885,kopitiam investment pte ltd,B,0.12738,1,FALSE,
burger cempaka,ChIJM7ueMFUL2jERXzaflzyiSeo,4,1,,1.4760561,103.6284592,burger king singapore pte. ltd.,A,-0.9544,1,FALSE,
din satay classic stall,ChIJTctTNzYL2jERKULsQ5irbYw,4.6,5,,1.4759341,103.6284334,syifa' satay limited liability partnership,Unknown,0.27256,2,FALSE,
warung dapur mek cun,ChIJ_0Y54dsL2jERJmd82cfVDBI,3.8,60,,1.475962,103.6284578,warung k llp,A,0.5646,5,FALSE,
warung abang long,ChIJYblAUAAL2jERhj-iWOY102c,4.9,13,,1.4759929,103.6284801,shuang long food enterprise pte. ltd.,A,0.70524,5,FALSE,
restoran mehfil nusa sentral,ChIJ3T64R-cL2jERslSskczQe8U,3.9,69,,1.4700634,103.6209199,,Unknown,0.49438,5,FALSE,
kt laksa (kt 叻唦),ChIJSYiW90gL2jERkzoUHMyapMA,3.7,70,,1.4704276,103.6161305,san laksa steamboat pte ltd,B,0.24198,5,FALSE,
小富婆越南春卷xiiao_food_pro,ChIJF_hzcW0L2jER4PLQCydkuYc,,,,1.4698218,103.6225963,,Unknown,0,,FALSE,
signature solution,ChIJC-0c5k8L2jEREBG6MQRE2b8,5,1,,1.4695814,103.6240748,tian wei signature pte. ltd.,B,0,0,FALSE,
santhi indian cuisine,ChIJgzGjfScL2jER-VLiL69hAug,4.3,83,,1.4695246,103.6239929,imperial treasure cantonese cuisine pte. ltd.,A,0.55548,5,FALSE,
handmade tofu kitchen,ChIJUca9UwAL2jERNxJYDrEcETI,3.8,4,,1.4695607,103.6241324,crystal jade kitchen (s.c.) pte ltd,A,0.18935,3,FALSE,
kinglyのwagyu house japanese barbecue,ChIJSaByx_0L2jER0ALeppJwzAc,4.6,629,,1.471752,103.6278068,indian house pte. ltd.,B,0.04488,5,FALSE,
sentral vibe kitchen,ChIJQ-JBx2oL2jERWFXtEh76fbE,,,,1.4694142,103.624234,crystal jade kitchen (s.c.) pte ltd,A,0,,FALSE,
tong dim sum restaurant 同心圆港式点心楼,ChIJZ1xg57IM2jERPA1jy3YZMiE,3.6,445,2,1.4768227,103.6503417,imperial treasure fine dining restaurant pte. ltd.,A,0.48378,5,FALSE,
tea garden • æon bukit indah,ChIJl4Il0ktz2jERN2EBqDAQkKA,4.5,629,2,1.481475,103.655754,the coffee bean & tea leaf (singapore) pte ltd,A,0.764,5,FALSE,
oldtown white coffee aeon bukit indah,ChIJ3_c8wktz2jERcpZZoEKnqLM,4.7,1232,2,1.481052,103.65579,coffee n creme pte ltd,A,0.44818,5,FALSE,
sushi king aeon bukit indah,ChIJg-jbx0tz2jERq5ds1seOfAo,3.7,883,2,1.4815139,103.6557835,kopi king pte. ltd.,A,-0.00848,5,FALSE,
subway @ aeon bukit indah,ChIJZfgu0ktz2jERd9t1YSA5H_s,3.5,37,2,1.4817523,103.6557625,kim san leng food centre (bukit timah) llp,Unknown,0.80956,5,FALSE,
sds@ aeon mall bukit indah,ChIJVRbRuUtz2jERPuEBv688ZV0,3.3,133,2,1.4817523,103.6557625,kim san leng food centre (bukit timah) llp,Unknown,0.37102,5,FALSE,
kfc,ChIJt0xtwktz2jERLdngTEKi_oc,2.9,629,2,1.4811688,103.6560629,,Unknown,0.207115238,105,FALSE,
lavender bakery,ChIJqwIq_klz2jERKZ8AQKe1u7c,3.5,103,2,1.4819553,103.6561508,the bakery depot pte ltd,A,0.83922,5,FALSE,
best bbq chicken (bandar perda) sdn. bhd.,ChIJl4Il0ktz2jERBPgdt_3R83c,,,2,1.4815639,103.6559894,aiman seafood bbq pte. ltd.,B,0,,FALSE,
vivo pizza,ChIJl4Il0ktz2jERMEKuLZoZY-Y,4.7,1790,2,1.4816567,103.6562285,extra virgin pizza pte. ltd.,A,0.9462,5,FALSE,
secret recipe aeon bukit indah,ChIJZzOu20tz2jERYDspkEoDDks,3.4,192,2,1.4821522,103.6562031,,Unknown,-0.032,5,FALSE,
arashi shabu-shabu,ChIJWVBh0Utz2jERvYF2xKcM4dI,4.9,1236,,1.482208,103.65615,,Unknown,0.77941,10,FALSE,
nando's aeon bukit indah,ChIJK9kT0Utz2jERAELjIuVeFVo,4,676,2,1.4820311,103.6565197,lam's (singapore) culinary enterprise pte. ltd.,A,0.64242,5,FALSE,
daorae korean bbq restaurant,ChIJ5az-UEpz2jERMVQHwRLTn60,4.2,505,2,1.4805777,103.6571188,imperial treasure fine dining restaurant pte. ltd.,A,0.29668,5,FALSE,
jeju korea restaurant,ChIJFW_cQUpz2jER--pXKivo79E,4.2,982,2,1.4803491,103.6574401,texas chicken restaurant pte. ltd.,A,0.91566,5,FALSE,
"face to face noodle house 面对面 (bukit indah, johor)",ChIJ5YtigjZz2jER92lkITwumgk,3.9,605,,1.4807504,103.6575228,han's cafe & cake house pte. ltd.,A,0.47112,5,FALSE,
woodfire bukit indah,ChIJd4SpSV5z2jERe4eEtIxbIl0,4.6,2327,2,1.4785259,103.6389236,kim san leng food centre (bukit timah) llp,Unknown,0.3734,5,FALSE,
restoran syed ali iskandar puteri,ChIJixeSUVpz2jERhXayIpK8OfI,4.4,72,,1.4787085,103.6380748,mohd ali bin mohammad,B,0.84982,5,FALSE,
jana's curry house,ChIJb4k7JoFz2jERdjl3Dv3kUTI,5,1,,1.4787083,103.6380745,seafood paradise (s) pte. ltd.,A,0.4404,1,FALSE,
ikan bakar nazz's dan masakan panas,ChIJw-TszMoN2jERk7siDII8MpI,5,2,,1.4765069,103.6407129,tatsu sushi (s) pte ltd,A,0,1,FALSE,
kedai makan d&t,ChIJTVVEc1Zz2jERNU4X73IaSAw,4.2,5,,1.4830632,103.6378038,makan by the bay pte ltd,B,0,1,FALSE,
d'lalla avina seafoo,ChIJHQy3IkcN2jERqThOxr4vxGM,4,1,,1.4761061,103.6407307,palaniyayee@palainayee d/o sathappa velar,B,0,0,FALSE,
肥仔板面,ChIJI1315ppz2jERC-wEc1m5z8Y,4,93,,1.4807117,103.6440553,,Unknown,0.12138,5,FALSE,
restoran mikayla,ChIJ1e2N9FVz2jERKDbXyPq3aCg,4,1,,1.4833627,103.6376391,xiang tian restoran pte. ltd.,Unknown,0,0,FALSE,
restoran sin hock wan,ChIJEfmHE1Zz2jER_zpeUI0xGGA,4.5,2,,1.4835717,103.6375293,gan hock lim,A,0,0,FALSE,
rnj baru • restoran nusajaya #2,ChIJ-fD_nasM2jER-YiizIkdVLA,3.7,143,,1.4756285,103.6409774,o bread 2 pte. ltd.,Unknown,0.6232,5,FALSE,
muiz hot chicken nusa idaman,ChIJLSYfrQ1z2jERVgHkVppYSB0,3.9,54,,1.4752517,103.6409468,liao fan hk soya sauce chicken rice & noodle (chinatown) pte. ltd.,A,0.31086,5,FALSE,
apro (ramly) burger,ChIJ37sVnKsM2jER6VtO1eIuFKo,4.1,69,,1.4752517,103.6409468,burger king singapore pte. ltd.,A,0.3538,5,FALSE,
restoran tuzra cafe,ChIJ1x-cmqsM2jERhXPk0cvr4Ns,,,,1.4750542,103.6412232,sarika connoisseur cafe pte ltd,A,0,,FALSE,
restoran fong sheng,ChIJQSuTI3UN2jERYDby47c_rgk,3.9,197,,1.4748804,103.6411276,fong yew ban,A,0.36,5,FALSE,
昤妈妈炒粿條,ChIJfz-_iwEN2jERoNFT3_WiQFw,5,3,,1.474879,103.6411291,,Unknown,0.745066667,3,FALSE,
qy 8888 ikan bakar,ChIJy-ykfQAN2jER1um3_M8FDfA,5,1,,1.474879,103.6411291,mariam bee binte abu bakar sidik,A,0,0,FALSE,
118鸡饭烧腊,ChIJedvuDo8N2jER1pnShBOemm8,2.6,5,,1.474879,103.6411291,,Unknown,-0.14924,3,FALSE,
penang fried kuey teow • 槟城炒粿条,ChIJ0UieOp4N2jERey7cZYUzZkM,3.8,5,,1.474879,103.6411291,authentic hock lam street popular beef kuay teow pte ltd,A,0.11414,2,FALSE,
kodi spice corner johor bahru,ChIJRXrB83EL2jERbdmXwtrVNMs,5,6,,1.474879,103.6411291,nan hwa chong fish-head steamboat corner pte ltd,Unknown,0.89788,5,FALSE,
ratatouille spicy corner,ChIJq8PMPgAN2jER1F43CFkJazM,4.9,17,,1.474879,103.6411291,spicy house restaurant management (s) pte ltd,A,0.64606,5,FALSE,
döner-dark @fongsheng nusa idaman,ChIJy-nZbgAN2jERkWPNN0GIV-w,5,1,,1.474879,103.6411291,dark horse pte ltd,Unknown,0,0,FALSE,
顺肉骨茶,ChIJAaeXxOYN2jERnNnx0exkmQY,,,,1.4748676,103.6411248,,Unknown,0,,FALSE,
泰国小炒,ChIJfcJ05MoN2jERYnsStr4TNGI,,,,1.4748676,103.6411248,,Unknown,0,,FALSE,
ah how's pork burgers 阿壕汉堡,ChIJzTf4tMNz2jERpkP3OSnl41E,4.1,9,,1.4748587,103.6411292,lam's (singapore) culinary enterprise pte. ltd.,A,0.45866,5,FALSE,
mee bandung udang galah kak ida,ChIJLwPcylFt2jERHrx5J_8i-5k,5,2,,1.4841037,103.6365103,ling chui mee,B,0.4801,2,FALSE,
roti john sedap,ChIJdYS3w1cL2jERdAUhwtnHd5Y,,,,1.477294,103.6352768,kopi roti holdings pte ltd,A,0,,FALSE,
putu piring miss aini,ChIJL8E_KAAN2jER4mQiCNpG6cc,,,,1.474354,103.6405083,aini bte amat,B,0,,FALSE,
restoran hijau daun katering,ChIJpZQCsHgN2jERpVJ-LoEDsxo,4.3,354,,1.474354,103.6405083,katering pte. ltd.,B,0.81528,5,FALSE,
der chop & grill nusa idaman,ChIJrSWniWkN2jER-nL8jWoZJ6o,4.8,76,,1.4742605,103.640372,the chop chop guys limited liability partnership,A,0.92474,5,FALSE,
the official roti canai bam,ChIJqUFG0p0N2jERrvm5MzNoOl8,5,8,,1.474225,103.640201,gardens by the bay,A,0.39042,5,FALSE,
eh marvelous char kuey teow nusa idaman,ChIJGRlKSgAN2jERIxFTv9uyRSU,,,,1.4742712,103.6415165,ash & char pte. ltd.,A,0,,FALSE,
restoran idamans,ChIJT-ozwasM2jERCQ6qiiWWtpA,3.9,290,,1.4740487,103.640295,xiang tian restoran pte. ltd.,Unknown,0.76772,5,FALSE,
halal lok lok rm1,ChIJ00soOUYN2jERKfBdPDfGaBA,2.5,2,,1.4742696,103.6417578,tung lok central restaurant pte. ltd.,A,0.41055,2,FALSE,
kluangman burger,ChIJm1MbSQBz2jERXsRDvug0jj4,5,1,,1.4859072,103.6386325,burger king singapore pte. ltd.,A,0.4404,1,FALSE,
restaurant wan kee,ChIJkT9dawVz2jER4VMLVbCIigE,3.6,12,,1.4860556,103.6392262,texas chicken restaurant pte. ltd.,A,0.27792,4,FALSE,
"burger bakar abang burn @ presint 1, nusa idaman",ChIJFTZb26sM2jERsBV0a1F89KI,,,,1.4738199,103.6402075,burger king singapore pte. ltd.,A,0,,FALSE,
restoran nur wana,ChIJq6W00fIL2jERk4F9iKmLcLg,4.2,37,,1.4738038,103.639885,nur sharrimah binte mohamad noor,Unknown,0.36947,9,FALSE,
restoran nasi lemak kambing sri,ChIJTRfHT-cN2jERTJRbEKnnf-Y,3.7,31,,1.4740181,103.6418083,sri dwi astuti,A,0.6903,5,FALSE,
the garden villas,ChIJBbrIEBAN2jER9B93HsWQioA,4.4,395,,1.4736996,103.6397902,the exchange asia square pte ltd,A,0.98856,5,FALSE,
paper restaurant,ChIJ4ULMbzRz2jERtkLw389oQwQ,3.7,559,2,1.481002,103.664469,texas chicken restaurant pte. ltd.,A,0.30724,5,FALSE,
tea garden • bukit indah,ChIJw_m36TVz2jERrhkoKCiOtC8,4.3,2681,2,1.4814469,103.6606514,the coffee bean & tea leaf (singapore) pte ltd,A,0.87744,5,FALSE,
e pin restaurant,ChIJ80mi6DVz2jERSG6yiqDoyzE,3.8,121,,1.4819529,103.6605929,texas chicken restaurant pte. ltd.,A,0.65736,5,FALSE,
the marco polo kitchen,ChIJFYJL4jVz2jERz0QZO5M8Usk,4.3,2860,2,1.4823306,103.6604111,the coffee bean & tea leaf (singapore) pte ltd,A,0.93182,5,FALSE,
olla restaurant,ChIJGc58HUpz2jERKM8Lw6nwz88,4.4,20,,1.4819594,103.657933,texas chicken restaurant pte. ltd.,A,0.41402,5,FALSE,
the spice kitchen,ChIJxbAW6TVz2jERFQ0nNRmFImU,4.1,1795,2,1.4831347,103.6619766,the exchange asia square pte ltd,A,0.9557,5,FALSE,
adm cafe,ChIJDVzJTAVt2jERZwK7tRIzpa4,5,1,,1.478325,103.6650516,bru cafe pte. ltd.,A,0,1,FALSE,
changman dim sum 常满,ChIJwYdHkzNz2jER9ko1clbTSH0,4.4,2429,2,1.4838318,103.6649958,low hui sum,Unknown,0.77812,5,FALSE,
restoran kah kah loke @tmn nusa bestari,ChIJr78DPTFz2jERTooBQI0vVZY,4.1,157,,1.4840931,103.6650694,yat kah fatt pte. ltd.,A,0.8886,5,FALSE,
starry sky marina hotpot 星空码头豚骨火锅,ChIJ37PF6DNz2jER5FActeicbNc,4.8,1071,2,1.4818773,103.6662513,palace marina pte. ltd.,Unknown,0.95088,5,FALSE,
鼎记牛腩粉 din kee beef noodle (bukit indah branch),ChIJPfa0zlFz2jERfDfE6tWZxdA,4.2,806,2,1.4860207,103.6634936,hock kee f&b pte. ltd.,A,0.82354,5,FALSE,
kfc nusa bestari,ChIJ90vFcGpz2jERQdV8O1IRmEg,3.6,955,2,1.4969984,103.6557305,,Unknown,0.2096,5,FALSE,
pizza hut,ChIJgUjRCUFz2jERHb3XAe32zgk,4.2,576,2,1.4941156,103.6558834,pizza hut singapore pte ltd,A,0.586732,125,FALSE,
domino's nusa bestari,ChIJq_tiqkFz2jERPf1acOTCvvA,3.1,504,2,1.4943893,103.6564508,lam's (singapore) culinary enterprise pte. ltd.,A,0.20394,5,FALSE,
dcg membership,ChIJR-7q4zVz2jERf_wt0lR1SD0,5,1,,1.4823386,103.6604299,,Unknown,0,0,FALSE,
al-mubin,ChIJef1hEWpz2jERAm9YX2ZrcXQ,3.7,26,,1.4972655,103.6549788,al zouq foods & caterer pte ltd,B,0.2662,5,FALSE,
restaurant loon sing,ChIJiep80Utz2jERuIVYIiGQkWw,4,1590,2,1.482329,103.6592142,texas chicken restaurant pte. ltd.,A,0.98722,5,FALSE,
mcdonald's bukit indah dt,ChIJe-t0NTRz2jERNHwaYae3QDg,3.9,3165,2,1.4816677,103.6577487,lam's (singapore) culinary enterprise pte. ltd.,A,0.40476,5,FALSE,
qhouse,ChIJE2QjEABz2jERppTkTwENBFs,5,5,,1.4809204,103.6608184,,Unknown,0.25054,3,FALSE,
好一家海鲜火锅餐厅 good family bukit indah,ChIJQ5KgJ01z2jERntR8xXYGUI4,4.3,411,,1.4811982,103.6610758,good old taste pte ltd,B,0.9578,5,FALSE,
restoran ipoh claypot chicken rice,ChIJ8b_E8DVz2jERVrREXS5_bWI,4.2,352,2,1.4817747,103.6598273,liao fan hk soya sauce chicken rice & noodle (chinatown) pte. ltd.,A,0.6844,5,FALSE,
bukit indah药材猪脚海鲜饭店群皇大港,ChIJV6klzzBz2jERxBzLlksd8xI,4.3,11,,1.481773,103.6597848,kim san leng food centre (bukit timah) llp,Unknown,0.16998,4,FALSE,
xiang ma nasi lemak seafood 香妈海鲜椰浆饭,ChIJ7V4V9WFz2jERZXvGH8K7YGw,3.5,91,,1.4817742,103.6597914,ma la guo wang pte. ltd.,B,0.62544,5,FALSE,
大树下炸年糕,ChIJBTj-XgBz2jERCs5JxwTnzcM,5,1,,1.4817822,103.6597151,,Unknown,0.6866,1,FALSE,
fen fang tasty trading 芬芳小食,ChIJR3_d91Nz2jERKbQ2xGYXVhI,,,,1.4817822,103.6597151,lau di fang scissors-cut curry rice pte. ltd.,A,0,,FALSE,
bella noodles 鸡丝河粉，虾面,ChIJoTfB9XIN2jERy3yGHJtQG88,,,,1.4817822,103.6597151,ella,B,0,,FALSE,
the bierhaus bukit indah,ChIJ0xED5DsJyzERS91-VLq75TY,4.3,351,2,1.4812401,103.6613046,the coffee bean & tea leaf (singapore) pte ltd,A,0.86188,5,FALSE,
林玉梅sarawak kolo mee,ChIJ061iTABz2jERFdnOmGgdd-8,5,1,,1.4818086,103.6597576,chilli pan mee (batu rd) pte. ltd.,B,0.5719,1,FALSE,
vg mart,ChIJNcQUgjNz2jERjaNZe01GCVE,4.2,133,2,1.4814161,103.6611588,mart boulevard pte. ltd,A,0.79858,5,FALSE,
restoran indah ramyun,ChIJa2jM8DVz2jERonCDuC-IOJs,5,1,,1.4818849,103.659803,,Unknown,0,0,FALSE,
海皇粿条仔(分店) restoran hi wan,ChIJ1eKBoEVz2jERjAeKOkhmVJ8,3.3,37,,1.4815686,103.6610605,wan nian food catering services pte. ltd.,A,0.41588,5,FALSE,
顺之德 long jiang饭店,ChIJGdlNgYdz2jERpgedgl40PkI,,,,1.4817666,103.6607631,shuang long food enterprise pte. ltd.,A,0,,FALSE,
sab thai mookata restaurant,ChIJ1YsxwDVz2jEROVSK_G-2wqA,4,86,,1.481784,103.6607814,imperial treasure fine dining restaurant pte. ltd.,A,0.65196,5,FALSE,
老王loklok,ChIJhR0e-eJz2jER4HFizAuHMFQ,5,1,,1.4819533,103.6602234,,Unknown,0,0,FALSE,
大侠上上签 - daxia skewers,ChIJacoF1Mpz2jERRUILdR4uUXU,4.7,742,,1.4819246,103.6605298,,Unknown,0.82012,5,FALSE,
the dream healthy breakfast (nutrition club),ChIJ2S8M2r1z2jERMpXIvIUHPLM,3,2,,1.4813621,103.6584483,the flying bread pte ltd,B,0,0,FALSE,
fuqi restaurant,ChIJcyPDM_Nz2jER8En9yB1wsUU,4.1,307,,1.4821424,103.6600239,texas chicken restaurant pte. ltd.,A,0.3627,5,FALSE,
笨珍云吞面（换钱）,ChIJ717X8zVz2jERVBREV4I4odc,3.5,77,,1.4815206,103.6584287,,Unknown,0.66424,5,FALSE,
restoran 31,ChIJI_2uX0pz2jERQC5KMCIpt6A,4,87,,1.480349,103.6578299,oberstrasse 31 pte. ltd.,B,0.93544,5,FALSE,
domino's taman perling,ChIJ72UzdCpz2jERswuHJstI_R0,3.9,422,2,1.4809969,103.6823699,lam's (singapore) culinary enterprise pte. ltd.,A,-0.29234,5,FALSE,
tong yuen,ChIJ7QsEmylz2jERxUEPEbBd5tI,4.1,223,2,1.4821739,103.6809437,tong le private dining pte. ltd.,A,0.31688,5,FALSE,
shun fa bkt 顺发肉骨茶,ChIJ58Rv3jFz2jER0bW1IE9RpsU,3.8,18,,1.4811253,103.6821142,song fa bak kut teh food pte. ltd.,B,0.4281,5,FALSE,
leena corner,ChIJK6Y8Xclz2jERBhbjysbDEhI,,,,1.482227,103.6810024,kampong corner pte. ltd.,Unknown,0,,FALSE,
allace taman perling jb,ChIJgaR2LgBz2jERv9uqQo5a6K0,4.7,862,,1.481224,103.6821386,li li,A,0.33782,5,FALSE,
restaurant yong cheng,ChIJodaYcypz2jERyzQmDctXVb0,4.6,9,,1.4811748,103.6821956,texas chicken restaurant pte. ltd.,A,0.5754,5,FALSE,
restoran masala tea,ChIJqXqD0Lxz2jERvqXnOZbJhX4,5,63,,1.479541,103.6826259,the coffee bean & tea leaf (singapore) pte ltd,A,0.53944,5,FALSE,
restoran sin chen,ChIJNbpteNVy2jEROu_R_ZtMVD0,4.8,9,,1.4826166,103.6806241,huang chen corporation private ltd.,A,0.5551,4,FALSE,
lima saga,ChIJb9i8YtVy2jERIzNoMpe_vEc,,,,1.4794211,103.6826346,li li,A,0,,FALSE,
kedai aiskrim malaysia cik yatie,ChIJ8ft_yOtz2jERK02WLINOioY,4,2,,1.478169,103.6779386,,Unknown,0,0,FALSE,
restoran perling soon lee,ChIJzYAA1Cdz2jERMAFkfreFNaY,4.1,98,,1.48077,103.682654,lee poh keong,A,0.18826,5,FALSE,
wanza thai seafood & sup gear box power,ChIJByupjilz2jERYlO2e8783P4,4.5,29,,1.4827584,103.6807546,tao seafood asia (pte ltd),A,0.51284,5,FALSE,
farmhouse chicken rice,ChIJHQONBSpz2jERWxVzfbE3-do,3.9,174,,1.481886,103.6821757,texas chicken restaurant pte. ltd.,A,0.58084,5,FALSE,
kedai makanan mwx,ChIJgctP1NVy2jER7KO5eZlYevI,4.1,261,,1.4798707,103.682893,makanan bollywood  restaurant pte. ltd.,B,0.5303,5,FALSE,
golden spoon cafe,ChIJgfbHDQBz2jER4aDdOOMtNwU,4.4,72,,1.4825426,103.6814565,hanis cafe & bakery pte. ltd.,A,0.9332,5,FALSE,
restoran tomyam kasih sayang,ChIJLwWoHCpz2jERTgfAjYeLUe4,3.8,219,,1.4822229,103.681961,,Unknown,0.53838,5,FALSE,
卤小生,ChIJa432OQBz2jEReRX6W-DC8ok,3.7,3,,1.481217,103.6827079,,Unknown,0.248966667,1,FALSE,
nasi ambeng normah,ChIJRTBwl3Jz2jERVJfuqbyKP2U,,,,1.481217,103.6827079,kampong ria nasi padang pte ltd,B,0,,FALSE,
周保记小炒,ChIJ-1uRQ7tz2jERqw_l7oJ2qxc,,,,1.4827698,103.6811975,,Unknown,0,,FALSE,
聯姐果條子,ChIJ0fHrCL1z2jERPdOEx9smWRE,3.8,9,,1.4827698,103.6811975,,Unknown,0.32898,5,FALSE,
kim ling food court,ChIJtdEd8ylz2jERGsbEnV022RA,3.9,499,2,1.4827698,103.6811975,ho heng food & enterprise pte. ltd.,A,0.67992,5,FALSE,
啊哇哪糯米冰淇淋,ChIJPZ2Jg59z2jER2MQWvwpJ3Lo,,,,1.4816092,103.6826122,,Unknown,0,,FALSE,
muazss burger,ChIJNzgyYQBz2jERCg1eJ_n_HP4,5,1,,1.4813631,103.6827572,burger king singapore pte. ltd.,A,0.9698,1,FALSE,
right place,ChIJP0Xlmilz2jERON2YcSU-gjQ,3.8,156,,1.4831794,103.6802027,old tea hut (raffles place) pte. ltd.,A,0.77464,5,FALSE,
restoran d'qaseh thai seafood,ChIJbeaSgtVy2jERKwNBwRoSquY,4.2,494,2,1.4801378,103.683183,tian tian fisherman's pier seafood restaurant p l,B,0.90722,5,FALSE,
hau kopitiam hua sheng,ChIJaQ1s89Vy2jERzLeFLr52tAw,3.8,310,,1.4812717,103.6829486,lee wei sheng,B,0.5429,5,FALSE,
old skool burger,ChIJZyoKJXpz2jERsoocKTwoI5k,4.1,7,,1.4802534,103.6832795,burger king singapore pte. ltd.,A,0.6623,5,FALSE,
toast ‘n’ toast taman perling,ChIJC229BNly2jERHDKLQZGsDZ0,3.8,457,2,1.4793404,103.6832431,fun toast pte ltd,A,0.86292,5,FALSE,
太公祖传药膳肉骨茶 tai gong bakkutteh,ChIJ_W_WsXZz2jERJ5SpJOldeJM,3.4,13,,1.4832674,103.6808464,tai fu lou pte ltd,A,-0.29372,5,FALSE,
nyonya treats cuisine restaurant,ChIJPy6RYtVy2jER4jKcTcuCoQg,4.3,639,2,1.4833779,103.680155,imperial treasure fine dining restaurant pte. ltd.,A,0.95666,5,FALSE,
pizza hut,ChIJicNppb9z2jERXlSZYeM8MUk,4.1,361,2,1.4834003,103.6807396,pizza hut singapore pte ltd,A,0.586732,125,FALSE,
gobok malaysia,ChIJ7abEcNVy2jERzhuQQKuWNCw,1,1,,1.4795469,103.6835221,malaysia dairy industries pte ltd,B,0.1471,1,FALSE,
warung krabi,ChIJCV2eAwtz2jERCZKm7w9pAXo,4.4,9,,1.4764158,103.6798098,warung ahbamas pte ltd,A,0.81324,5,FALSE,
azliza tomyam,ChIJ1zhpnNVy2jERe7qHuOWhTjk,3.3,15,,1.4797129,103.6835764,li li,A,0.24344,5,FALSE,
the top bistro,ChIJ87SacdVy2jERRuuF5XRFKMk,3.5,18,,1.479593,103.6836259,the exchange asia square pte ltd,A,0.29736,4,FALSE,
restoran ps indah,ChIJ573DkNVy2jERIOYvBrvkriE,4,135,,1.4806596,103.6835937,amir sultan s/o ps noordhin,Unknown,0.56698,5,FALSE,
restoran nur wana,ChIJu8Kweo5z2jERs2RiILYSECA,3.2,24,,1.4836683,103.6799859,nur sharrimah binte mohamad noor,Unknown,0.36947,9,FALSE,
kafe selatan,ChIJg4hXcdVy2jERDcah1YQO0k0,4.5,183,,1.4797367,103.6836633,mary's kafe by mary gomes private limited,A,0.61806,5,FALSE,
lucky come kopitiam好运来咖啡店,ChIJBzrEU1xz2jER07_16fOfzUs,4.7,6,,1.4837033,103.6805746,lucky cafe & restaurant private limited,B,0.4246,3,FALSE,
nasi lemak ayam berempah,ChIJOVkhCUZz2jERstAYyIHSjeA,,,,1.4814731,103.6834714,yanti nasi padang restaurant pte ltd,B,0,,FALSE,
restoran lau liew,ChIJpwpu8NVy2jERsIAzcYNKCPs,3.6,7,,1.4817616,103.6834236,lau di fang scissors-cut curry rice pte. ltd.,A,0.02652,5,FALSE,
hua zai hong kong barbecue restaurant,ChIJoyEkYgBz2jERNrbipQYxrV8,3.8,45,,1.4838849,103.6804488,leyau yen hong,A,0.45306,5,FALSE,
badzzz-corner,ChIJwy5G4Pdz2jERMU0PlzXiTgg,,,,1.4790278,103.6761833,kampong corner pte. ltd.,Unknown,0,,FALSE,
rull burger,ChIJE9bYfQAN2jERUGhBWcxPOLY,,,,1.475931,103.6793106,burger king singapore pte. ltd.,A,0,,FALSE,
hunter cafe,ChIJA3gJ5l5z2jER2FV_bfpWC2w,4.5,49,,1.4802369,103.6841686,bru cafe pte. ltd.,A,0.8446,5,FALSE,
da shi xi restaurant 大四喜美食閣,ChIJ26VOAV1z2jERjTcEXel583s,4.1,73,,1.4820726,103.6836477,imperial treasure fine dining restaurant pte. ltd.,A,0.73478,5,FALSE,
de ji chicken rice,ChIJuwmU5tVy2jERFcpA1J1dvIY,3.9,8,,1.4820675,103.6836649,texas chicken restaurant pte. ltd.,A,0.0116,3,FALSE,
restoran perling coffee shop,ChIJnQCzFyBz2jERrATpmI2i2pA,3.8,50,,1.4842069,103.680362,the coffee bean & tea leaf (singapore) pte ltd,A,0.50622,5,FALSE,
restoran lima ratus wanton mee,ChIJI2es5tVy2jERCWnFFyro1L0,3.5,59,1,1.482087,103.6836755,wanton pte. ltd.,A,0.09202,5,FALSE,
伍佰美食馆,ChIJnUSa5tVy2jERCRviTfs17jg,3.7,24,,1.4820264,103.6837098,,Unknown,0.49746,5,FALSE,
kedai makan tech kee,ChIJMY5a5tVy2jERPc6JSvquETs,4.2,17,,1.4819475,103.6838037,yu kee duck and noodle house pte. ltd.,A,0.41622,5,FALSE,
warong wak min,ChIJZ9qGfRBz2jER8lgg2BcnerA,,,,1.4783,103.675927,min investments pte. ltd.,A,0,,FALSE,
dian tapai pulut daun pisang,ChIJc0Ermqpz2jER8f4oS0pFy_c,,,,1.4806694,103.6844966,loy boon dian,A,0,,FALSE,
kfc,ChIJ12N1dcBy2jERFpd0fPJEN0Q,4.6,885,2,1.495057,103.7054656,,Unknown,0.207115238,105,FALSE,
marrybrown angsana,ChIJ12N1dcBy2jEROwa2NaZBavg,3.4,142,2,1.495073,103.705666,,Unknown,0.80624,5,FALSE,
domino's uda,ChIJVS7Qu75y2jERkCyM0192R2w,3.5,721,2,1.4923224,103.7104028,seafood paradise (s) pte. ltd.,A,-0.46332,5,FALSE,
mcdonald's ice cream kiosk,ChIJXzFVc8By2jERhYWpTbabOM4,5,1,2,1.49522,103.70538,lam's (singapore) culinary enterprise pte. ltd.,A,0,0,FALSE,
restaurant lanna,ChIJ92-o-b5y2jERIneBp-Op3Ds,,,,1.4936628,103.709259,texas chicken restaurant pte. ltd.,A,0,,FALSE,
seoul garden @ plaza angsana,ChIJYYgvCcBy2jERbqPr1swUbHk,4.6,1965,2,1.4957523,103.7054029,republic plaza city club (singapore) pte ltd,A,0.2463,5,FALSE,
secret recipe angsana plaza,ChIJPcP0B8By2jERm2VEX8Wukag,2.8,155,2,1.4959323,103.7055299,republic plaza city club (singapore) pte ltd,A,0.19842,5,FALSE,
subway angsana,ChIJ-bRO7r9y2jERSFzdIuTKbXM,3.6,47,2,1.4959909,103.7055713,subway harbourfront pte ltd,A,-0.00998,5,FALSE,
wadi doan ( medikleen equi chem trading & service ),ChIJ79IjUr5y2jERsGdFO6xlvSc,3.6,9,,1.4944582,103.709012,satoyu trading pte ltd,B,0.11438,5,FALSE,
kenny rogers roasters plaza angsana,ChIJAQAAQJdt2jERNQq8rN4Hxjc,2,53,2,1.4961197,103.7058697,angsana primary school,Unknown,0.45374,5,FALSE,
restoran anjung selatan,ChIJoQJV1ucS2jER8l_LSEX7xbc,4.1,1113,2,1.4939998,103.7102401,,Unknown,0.46508,5,FALSE,
kedai bak kut teh hin hock,ChIJ18hzfeVy2jER3hzn-GUHOrY,4.3,1388,2,1.4973697,103.7018825,gan hock lim,A,0.94906,5,FALSE,
nasikotak johor bahru,ChIJKbvZVApz2jERcRw_yamJL0s,,,,1.482818,103.692119,tiong bahru yong tao hu pte. ltd.,Unknown,0,,FALSE,
loka loka indonesian food • sutera branch,ChIJp9EuegC52jERMCy5qhQj6Zk,5,2,,1.482874,103.692119,mexican food corp pte. ltd.,A,0.91375,2,FALSE,
restoran d'syaz seafood,ChIJz0daCkQN2jERnwcHDiddkc8,,,,1.4764678,103.6912258,marina live seafood & steamboat pte ltd,B,0,,FALSE,
怡保人鸡丝河粉,ChIJt4GPSABz2jERI12qYo1uN_A,,,,1.4865974,103.6923588,,Unknown,0,,FALSE,
kuali nusantara cafe,ChIJZ5i9AVlz2jERiyycmuXfva4,5,16,,1.4787758,103.6891879,sarika connoisseur cafe pte ltd,A,0.7405,5,FALSE,
restoran azman bin a rahman,ChIJ1UUXFAtz2jER8YkYjSHWmdk,5,1,,1.48999,103.705399,norazad bin dilar,B,-0.296,1,FALSE,
restoran an nizam,ChIJdf1eY8dy2jERf5xinvZUfSs,5,1,,1.48999,103.705399,xi an mian zhuang pte. ltd.,B,0,0,FALSE,
restoran j kebab & beriyani,ChIJRxbWVwBz2jERLOOtxFEEwDo,,,,1.4900952,103.705555,j.i.@.k pte. ltd.,Unknown,0,,FALSE,
ayam korea skudai kiri,ChIJ2YwCTwBz2jER0W8YjaKOCNU,4.5,2,,1.4875667,103.7089232,sri bistari changi village famous ayam penyet pte. ltd.,Unknown,0.3629,1,FALSE,
ayam bakar vanjava/restocafe,ChIJZR0k5E9z2jERBmUKOoYrzsI,4,1,,1.4790092,103.6881955,sri bistari changi village famous ayam penyet pte. ltd.,Unknown,0.4404,1,FALSE,
burger baby,ChIJN9T5RJNz2jERHxtGswc_LAw,,,,1.492164,103.7016149,burger king singapore pte. ltd.,A,0,,FALSE,
warung seri batu puteh nani,ChIJRR7ZaABz2jER3K-9WbE07L8,1,1,,1.4920763,103.7023341,warung k llp,A,0,1,FALSE,
umie noor lontong jdt,ChIJqQ5LZbxz2jEReS_Eh1IaUJQ,5,5,,1.4921743,103.7017905,nur sharrimah binte mohamad noor,Unknown,0.15974,2,FALSE,
mee bandung muar,ChIJuUnoN8Fy2jERwhT69lDtqL0,4.3,119,1,1.4922365,103.7014606,qiu lian ban mee pte ltd,B,0.39516,5,FALSE,
pengkalan 15,ChIJd5bp1Zhv2jERYPpTsEXnCPU,4.8,6,,1.4924767,103.7004784,alan,B,0.2226,2,FALSE,
nasi lemak pink @ pengkalan 15,ChIJz_rTLApz2jERERMQDCU6hm0,5,2,,1.4924767,103.7004784,cherry pink pte. ltd.,Unknown,0.8798,2,FALSE,
din seafood@yongtauhu,ChIJ5RN-0MNy2jER3gDKi6SYRWI,3.8,213,,1.4924326,103.7012061,marina live seafood & steamboat pte ltd,B,0.67298,5,FALSE,
yaman yong taufu,ChIJcSOA2sNy2jERF77N5EYtW1Q,4.1,28,,1.4924419,103.7011886,tan yong boon (chen yongwen),Unknown,0.36914,4,FALSE,
warong pak bujang,ChIJgcG6RMFy2jERi0fuudMhHbU,4,5,,1.492563,103.7007343,warong nasi pariaman(1969) pte. ltd.,A,0.12738,1,FALSE,
ikan bakar perling 柏林烧鱼,ChIJRUuMWtdz2jER-ggMtPHprJ4,4.4,232,,1.4795279,103.6871412,li li,A,0.9221,5,FALSE,
mknburger,ChIJUTaI779z2jERfTJe_XikaNk,,,,1.4907971,103.7069972,,Unknown,0,,FALSE,
warung siput sedut pengkalan rinting,ChIJM7qOYMFy2jERnifqgr2YaWM,4.3,636,2,1.4929213,103.6999355,warung ahbamas pte ltd,A,0.68464,5,FALSE,
warung cik gunong,ChIJP-e-3UBz2jER5EFSO3wI_78,4.5,80,,1.492979,103.6999384,warung m nasir f&b pte ltd,A,0.7061,5,FALSE,
fuyoo burger,ChIJN58q5bly2jERhRx27SVIoAk,,,,1.4873922,103.7107224,burger king singapore pte. ltd.,A,0,,FALSE,
satay mos,ChIJ-wP_0iFz2jERCq8I1Vmyfm4,,,,1.4893212,103.709149,mos foods singapore pte. ltd.,A,0,,FALSE,
sarifah jb catering,ChIJRZRGwdRz2jERzON8-sqH3sA,4.3,37,,1.4846094,103.7125207,iss catering services pte. ltd.,A,0.5173,5,FALSE,
durian corner ayam panggang,ChIJPdGuaKhz2jER7JyhMYSv4GQ,4.8,5,,1.4934716,103.699563,campers' corner outdoor outfitters pte. ltd.,A,0.40546,3,FALSE,
satay fighter amani cafe,ChIJc-MsuO572jEReYpwjRgmCuQ,4,1,,1.4935252,103.6996123,syifa' satay limited liability partnership,Unknown,0,0,FALSE,
tempong bali 2,ChIJLZfeMqBz2jER3E4Kj2KrFUM,4.2,5,,1.4935491,103.6995296,paradise inn (2) pte. ltd.,A,0.23506,3,FALSE,
w see s,ChIJA_Z4DABz2jERAaDnM6wpcbg,,,,1.4906158,103.7085738,seafood paradise (s) pte. ltd.,A,0,,FALSE,
warung mak yam,ChIJp6asOQBz2jERZA6Iv1PSqfY,4.7,3,,1.4936281,103.6991273,warung ahbamas pte ltd,A,0,1,FALSE,
cendol ibu nor power!,ChIJ9ZB2c9tz2jERukec_jx6jNc,5,2,,1.4936226,103.6989698,nor azrina binte mohamed sidek,Unknown,0.4729,2,FALSE,
abang burger & haura signature,ChIJWxv8XQBz2jERqrWjHGagRtk,5,1,,1.4916713,103.7072415,jas burger pte. ltd.,B,0,1,FALSE,
see you coffee house,ChIJLaVAStFz2jER2pg6_37cd08,5,5,,1.4881675,103.7111227,starbucks coffee singapore pte. ltd.,A,0,0,FALSE,
d'futsal corner,ChIJkyejIl5z2jERbnrfxqgAm2s,,,,1.4881675,103.7111227,kampong corner pte. ltd.,Unknown,0,,FALSE,
7 spice,ChIJOfR_R65y2jERDsghx1zuLq8,4.4,3310,3,1.4840821,103.7183952,food & spice co pte ltd,A,0.8849,5,FALSE,
asam pedas tasek,ChIJ46Wxpahy2jERsHbH7FmSiEQ,4,388,2,1.4864164,103.7238725,,Unknown,0.66252,5,FALSE,
shell,ChIJw98giady2jERzxur4l1Gmjs,3.7,63,2,1.488377,103.728386,,Unknown,0.194250769,65,FALSE,
george & dragon cafe,ChIJZxAszady2jERUmJX5kHFSAc,4.3,770,3,1.4875693,103.7260182,sarika connoisseur cafe pte ltd,A,0.96466,5,FALSE,
old street coffee sdn bhd (beletime mall),ChIJIUSwqHZz2jERPuAvvoypcd8,4,1,,1.478883,103.7197951,coffee n creme pte ltd,A,0.296,1,FALSE,
je meals,ChIJHWvGbwBz2jERlNK5W81Y2ng,,,,1.48132,103.7196234,je schmear pte ltd,A,0,,FALSE,
restoran akrd danga bay,ChIJ4yzOoZFz2jEReLotLWhZZVI,3,1,,1.4832757,103.719032,bay sieu lin,B,0,1,FALSE,
jot kitchen danga bay,ChIJUUQc4j1z2jEREG2IgDxlYFM,4,193,,1.4835947,103.719163,sea cuisine (marina bay) pte. ltd.,A,0.94484,5,FALSE,
restoran bfc,ChIJPX_YPq5y2jERMjqoWHXLSiQ,3.6,84,1,1.4835263,103.7186985,xiang tian restoran pte. ltd.,Unknown,0.4409,5,FALSE,
ema's kitchen,ChIJMWeujFYN2jERUvHLPSULa2s,4.2,46,,1.4838054,103.7188537,seafood paradise (s) pte. ltd.,A,0.37928,5,FALSE,
restoran tok ayah bistro,ChIJM2eujFYN2jERQ2LwJrtPV4c,4.4,17,,1.48361,103.7182893,tok cai wei,A,0.31456,5,FALSE,
al aly maju restaurant,ChIJ2Y5ZCQBz2jERQZMUN18B-zU,4.2,18,,1.4839479,103.7186629,texas chicken restaurant pte. ltd.,A,0.73824,5,FALSE,
hainan super cafe,ChIJXX8dIABz2jER4_5EeWx71fo,,,,1.4842948,103.7180329,hanis cafe & bakery pte. ltd.,A,0,,FALSE,
gerai selera a tasek,ChIJaY6b-0tz2jERimKq-3Kdk5A,4.6,17,,1.4854988,103.7226678,artemis fine foods a.s. pte ltd,A,0.38706,5,FALSE,
taman tasek keuy tiao kia 南滨园粿条仔,ChIJPT-PNq9y2jERUYVumZEzp64,4.2,589,1,1.4855064,103.7226775,kopi kia pte. ltd.,B,0.58778,5,FALSE,
gerai makanan 树下美食,ChIJvVKoPtpz2jER01IYk3gtqnw,3,1,,1.4855487,103.7226651,makanan bollywood  restaurant pte. ltd.,B,0.2732,1,FALSE,
nasi ayam sambal tasek,ChIJEw4n61pz2jERpdh7GiEnFRU,3.7,3,,1.4855637,103.7226733,yanti nasi padang restaurant pte ltd,B,-0.083333333,2,FALSE,
restoran choon kong长江饭店,ChIJDQLvRK9y2jERe4jbmpv2xyg,4.2,108,,1.4862256,103.7221201,lim sin choon,Unknown,0.83604,5,FALSE,
me’nate steak hub jb (johor bahru),ChIJx6d1oF5z2jERnJ1pD5qcOGk,4.4,3957,3,1.4862182,103.722269,mel's hub pte. ltd.,A,0.9368,5,FALSE,
nasi lemak sambal bilis goreng,ChIJEw2I5VFz2jER-juDRegq2U0,4,1,,1.4868414,103.7226534,mount faber nasi lemak fast food shop pte ltd,A,0,1,FALSE,
old trafford kitchen & bar,ChIJsSyqIgAT2jEREA-O_Dz4cSg,5,24,,1.4865558,103.7242138,frost bar pte ltd,B,0.79608,5,FALSE,
nasi kandar shafina restaurant,ChIJu6z9A6Zy2jERXWtMheY71V4,3.4,649,2,1.4871813,103.7235414,imperial treasure fine dining restaurant pte. ltd.,A,0.18552,5,FALSE,
pak jang legend cafe,ChIJO3Eq8klz2jERLosZ-0yH-bg,5,2,,1.4864489,103.7150715,sarika connoisseur cafe pte ltd,A,0.67465,2,FALSE,
lauk,ChIJS7-xzllz2jERxZUEzBgfdmw,4.9,850,,1.4867077,103.7245645,,Unknown,0.88318,5,FALSE,
shwarma king,ChIJIZvxk4ht2jERqusr2ijA2q0,3.6,18,,1.487855,103.7221063,kopi king pte. ltd.,A,0.29052,5,FALSE,
arabic shisha bistro,ChIJkcw7s4dt2jERpSSbXMBbej4,5,2,,1.4877156,103.7225862,26@marina bar & bistro pte ltd,B,0.47115,1,FALSE,
nasi kandar songkok,ChIJazIHQbpz2jERObBYI4ObbM4,3.5,255,,1.4877156,103.7225862,kampong ria nasi padang pte ltd,B,0.6125,5,FALSE,
restaurant al-quds,ChIJSUzTPP9z2jER6718FhDJtvk,4.5,2,,1.4878979,103.7221868,texas chicken restaurant pte. ltd.,A,0,0,FALSE,
satey budget 65 sen,ChIJTx1kTtlz2jERBwdurvsx17g,5,1,,1.4877188,103.7227608,wong kok sen,B,0.8357,1,FALSE,
r&r bristo,ChIJseUzPKFz2jERAOFoOcPpfiM,4.3,25,,1.4878517,103.7223783,r e & s enterprises pte ltd,A,-0.22872,5,FALSE,
m3 corner,ChIJSx6cewBz2jERp4ORiZz94gg,5,3,,1.4876353,103.7230948,kampong corner pte. ltd.,Unknown,0.367133333,3,FALSE,
kapten steamboat and grill,ChIJS2yKEKZy2jERrpYLIhYzWg0,4.2,1086,2,1.4873287,103.7239616,marina live seafood & steamboat pte ltd,B,0.78008,5,FALSE,
nasi ayam uncle rashid,ChIJJQswzzVt2jERBTkTbL-yNJs,4.5,8,,1.4879713,103.7228012,yanti nasi padang restaurant pte ltd,B,0.6561,5,FALSE,
gerai as ikan bakar,ChIJOYLeh8lz2jERHp_OdokdvyM,,,,1.4880434,103.722615,mariam bee binte abu bakar sidik,A,0,,FALSE,
takoyaki anna,ChIJcWsYAHdz2jER9cYi3e4kOdY,4,2,,1.4855999,103.7130756,anna tay,A,0,0,FALSE,
arab shisha,ChIJodt_cABz2jERAYaQWMaV-4c,,,,1.4870907,103.7254115,,Unknown,0,,FALSE,
zaituna restaurant مطعم زيتونة,ChIJvR7GKKZy2jER3_wCX6CzZSk,4.5,3519,2,1.4870907,103.7254115,imperial treasure fine dining restaurant pte. ltd.,A,0.92848,5,FALSE,
otak-otak tebing,ChIJAXBCfypz2jERQjXU1akj4YY,5,1,,1.486349,103.7131722,,Unknown,0,1,FALSE,
restoran sri rosmerah,ChIJ-zOELaZy2jERp5Kx3ihi6vs,4,1,,1.4874239,103.7258069,sri sivanandhaya namaha pte. ltd.,B,0.5719,1,FALSE,
burger mhp,ChIJCYacBwBz2jERuiSKYxS9zu0,,,,1.4874556,103.7258071,burger king singapore pte. ltd.,A,0,,FALSE,
bns food & catering,ChIJB6yCd7py2jERYmYjeH1Rbsk,3,1,,1.4870932,103.7136401,ho heng food & enterprise pte. ltd.,A,0,0,FALSE,
gee's kitchen,ChIJ4_Iw17py2jERLZd-E8jOAKc,,,,1.4890215,103.7167428,seafood paradise (s) pte. ltd.,A,0,,FALSE,
nasi ayam penyet asli,ChIJ6wzUZKZy2jERoYIA4pSvYek,,,,1.488798,103.7238658,yanti nasi padang restaurant pte ltd,B,0,,FALSE,
warong thai dan western,ChIJgeTxNdZz2jERuWpkQBmvuBk,5,1,,1.4891821,103.7233869,lotus thai restaurant (kpt) pte. ltd.,B,0.7697,1,FALSE,
restaurant al-waheed bistro,ChIJcyTVh6Zy2jERWwT9kiIFWxA,3,2,,1.4893305,103.7237936,imperial treasure fine dining restaurant pte. ltd.,A,0,0,FALSE,
ayam hijau norwan,ChIJjdog_6pz2jERfXQ4vJ_GliA,4.5,67,,1.4869261,103.7125755,sri bistari changi village famous ayam penyet pte. ltd.,Unknown,0.47778,5,FALSE,
johor cultural and sports club,ChIJ-0y7_qdy2jERMtzqc8yf9bg,4.1,304,2,1.4867861,103.7284017,coffee club pte ltd,A,0.84404,5,FALSE,
drastik dinamik sdn bhd,ChIJo-Q2X-hz2jERoFSX_omC9qs,,,,1.4882255,103.7129435,,Unknown,0,,FALSE,
jb style burger,ChIJ_TqSFSBt2jERn1JDyReglVo,4,3,,1.4905253,103.7165737,burger king singapore pte. ltd.,A,-0.117366667,2,FALSE,
bfc fried chicken,ChIJdTOwPbpy2jERPnIjRsRCiaY,3.8,12,,1.4882225,103.7125148,texas chicken restaurant pte. ltd.,A,-0.08064,4,FALSE,
masala grill cuisine,ChIJHxO3eVpz2jERSNJkkEE8if8,4.7,305,,1.4869401,103.7287106,imperial treasure cantonese cuisine pte. ltd.,A,0.97598,5,FALSE,
pakyad bistro,ChIJpRO1PgBz2jERoeBt3nNw5r8,4.5,2,,1.4879749,103.7120795,26@marina bar & bistro pte ltd,B,0,0,FALSE,
jcsc senorita grill & bar,ChIJDZz12kdz2jERuGSP6shpxh8,3.5,2,,1.487204,103.7285898,porters restaurant bar private limited,A,0,0,FALSE,
cupchai cafe resto,ChIJP82UxL5y2jERSIK_W3mj1To,3.8,848,2,1.4851296,103.7465463,hanis cafe & bakery pte. ltd.,A,0.37648,5,FALSE,
rasamas,ChIJjewIg0Jt2jER185e8xE80NQ,1,1,,1.495933,103.742847,,Unknown,0,0,FALSE,
subway @ larkin sentral,ChIJtbSfg0Jt2jERYX4148pHyoY,3.4,145,2,1.495929,103.742862,subway @ tampines west cc private limited,A,0.22806,5,FALSE,
medan selera cenderawasih,ChIJY4Qp8mdt2jERdfJRXhVhpYE,4.1,88,,1.4966124,103.7395462,enak selera hongkong tea house pte. ltd.,B,0.07988,5,FALSE,
cendrawasih corner,ChIJk_1c8Gdt2jERr3V3oS5SBfE,3.9,227,1,1.4966667,103.7394444,the corner house holdings pte. ltd.,A,0.57468,5,FALSE,
secret recipe dataran larkin,ChIJf-e9OWht2jERsxbyuHePRtM,4,295,2,1.497174,103.7424392,,Unknown,0.47664,5,FALSE,
yummy nasi lemak house johor bahru,ChIJRfEEsDZt2jERarP2kU9N-4w,4.3,513,2,1.4826058,103.7572882,yummy venture pte. ltd.,A,0.79318,5,FALSE,
marrybrown (mb cafe),ChIJnyHCmLIS2jERn1GRqQ0qU6c,3.3,38,2,1.4762361,103.7408254,sarika connoisseur cafe pte ltd,A,0.48906,5,FALSE,
sajian derasa,ChIJoWS0m7ES2jERfvJWrcRcPBc,3.7,3,,1.4761555,103.7412999,,Unknown,0,0,FALSE,
mb cafe,ChIJJXOVWgAT2jER4iBGF_cC5wA,4,1,,1.4762123,103.7415167,bru cafe pte. ltd.,A,0,1,FALSE,
green quba,ChIJy0Zy7Rdz2jERv3UT0ehfs9s,4.2,55,,1.4761493,103.7420198,the green bar pte. ltd.,A,0.3241,5,FALSE,
"the ""van kitchen""",ChIJ_fq-Pu8T2jER2YPJ2Rs8SSw,4.9,12,,1.4752836,103.74185,the exchange asia square pte ltd,A,0.61962,5,FALSE,
warung tujoh pagi (hutan bandar),ChIJodxQNQBt2jERDdpFa2gyUB8,4.5,4,,1.4809568,103.7450889,warung k llp,A,0.1616,4,FALSE,
mee bandung hutan bandar,ChIJXZ295cZt2jERe9T96eBSglE,,,,1.480982,103.7452071,ling chui mee,B,0,,FALSE,
mee kolok,ChIJRxCV8uZt2jERSZY6sy7NdBs,3.6,86,,1.4808167,103.7453002,qiu lian ban mee pte ltd,B,0.13606,5,FALSE,
onn kitchen,ChIJXW7sZLMS2jERn973NhWdOLE,4.2,2296,1,1.4757999,103.7453698,kitchen language pte. ltd.,A,0.86784,5,FALSE,
murtabak singapura sungai chat kolam air,ChIJFVP2XM4T2jEROgL4VbrKOpk,4.1,745,2,1.4738481,103.7367811,han chat chay,B,0.68602,5,FALSE,
restoran maadesh,ChIJqaotP6wS2jERd5v7H4d8eyw,4.1,112,,1.4736921,103.7364724,xiang tian restoran pte. ltd.,Unknown,0.09224,5,FALSE,
korea house restaurant,ChIJg0bsR7oS2jERjKs1d2RqdgE,4.3,248,,1.4733679,103.7370221,texas chicken restaurant pte. ltd.,A,0.86726,5,FALSE,
ww laksa house 水塘。辣沙,ChIJc6JlJapy2jERMHoi1LccAu8,4.1,1356,2,1.4715039,103.7365606,yu kee duck and noodle house pte. ltd.,A,0.78798,5,FALSE,
rasa rasa tmiyc,ChIJjxtuCgBt2jERtSXQ2I3F0Ck,4,2,,1.4850516,103.7465723,rasa rasa catering services pte. ltd.,Unknown,0.66125,2,FALSE,
meklokal's,ChIJZbptXABt2jERd0rHvBW5Hss,4,72,,1.4850751,103.7468084,seafood paradise (s) pte. ltd.,A,0.63882,5,FALSE,
bumbu asli kolam ayer,ChIJt4rshK4S2jERxhwHhteqRXo,3.9,151,,1.4715841,103.7365118,li li,A,0.57214,5,FALSE,
kc breakfast (kcb) larkin,ChIJRV_6YiBt2jERAzlHehyn0L0,4,4,,1.4869111,103.7462983,kc mega pte. ltd.,A,0.0193,2,FALSE,
petals & bakes,ChIJtebZ864S2jERGKcPHP7EWUA,4.2,121,2,1.4710263,103.7370921,,Unknown,0.90664,5,FALSE,
restoran jepun ikan bakar,ChIJtccWXqET2jERRGrPpNSejJM,4.6,3198,2,1.4723725,103.7456007,,Unknown,0.76524,5,FALSE,
zuru zuru,ChIJaWN_kOQT2jER0dGd_ls89E4,3.9,142,,1.4709351,103.7369663,,Unknown,0.94094,5,FALSE,
mak teh restaurant,ChIJv_AI_q4S2jER57HHfI5Fa2E,3.9,1411,2,1.470839,103.7369499,texas chicken restaurant pte. ltd.,A,0.48504,5,FALSE,
the king's murtabak idaman desaku,ChIJPfXbQZUT2jERGGedE0VpqhI,4.3,13,,1.4707636,103.7369435,the soup spoon pte ltd,A,0.57454,5,FALSE,
warong tokyah @the kuarters,ChIJTUI9lWht2jERZv-vm-UkK9E,3.9,593,2,1.4756522,103.7486935,gardens by the bay,A,0.51728,5,FALSE,
dapoq campoq ayam gepuk nong chik branch,ChIJkVWpj4ET2jERK6MwXe6qqco,3.7,207,,1.4706217,103.7369995,wild olive branch pte ltd,A,0.78338,5,FALSE,
restoran penyec jb,ChIJWYz1G9sT2jERtFFEh5VGJes,5,2,,1.4700723,103.7409338,xiang tian restoran pte. ltd.,Unknown,0.6919,2,FALSE,
dapur claypot jbee,ChIJEy0V9lUT2jERlgsvvqLn3PE,4.3,19,,1.4700616,103.7409318,geylang claypot private limited,Unknown,0.58798,5,FALSE,
rumah makan haji sendot,ChIJIbMpRAAT2jER3ZkgyXAsVGc,4,132,,1.4699984,103.7406973,makan 7 pte ltd,A,0.7776,5,FALSE,
nasi ayam ganu,ChIJL6BTBWMT2jERtZmd8Z7-lb0,5,1,,1.470247,103.7376233,kampong ria nasi padang pte ltd,B,0.9544,1,FALSE,
mu cloud kitchen,ChIJ1yYoev5t2jEREEfL7wbjZes,5,1,,1.4836496,103.7495194,kitchen language pte. ltd.,A,0,0,FALSE,
hpm foodtruck,ChIJgzatIABt2jERvLnWSO8TmRs,,,,1.4838594,103.749592,,Unknown,0,,FALSE,
mee na mi,ChIJ15-ks0UT2jERAMBgh97vt5Q,4.7,79,,1.4699116,103.736985,qiu lian ban mee pte ltd,B,0.64108,5,FALSE,
spizecottage restaurant,ChIJ7bNUuQsT2jER2XZTpYEpbw0,5,9,,1.4842957,103.7497551,misaki japanese restaurant pte. ltd.,A,0.89836,5,FALSE,
pedas kdo catering,ChIJr06K9URt2jERIMDzltgiZrE,4,72,,1.490312,103.7431498,chilli api catering pte. ltd.,A,0.4397,5,FALSE,
nasi ayam zidd,ChIJv7Cob0Nt2jERpvfEH0v1eC8,5,1,,1.4848211,103.7496809,kampong ria nasi padang pte ltd,B,0,0,FALSE,
restoran az catering,ChIJ6Zy7UUht2jER58_J_yw3Ai4,4.3,35,,1.4847175,103.7498701,iss catering services pte. ltd.,A,0.40436,5,FALSE,
the melting pot eatery,ChIJ9cMU7X1t2jERF5aBWpJJ18A,1.5,2,,1.4904361,103.7433081,the coffee bean & tea leaf (singapore) pte ltd,A,0.27055,2,FALSE,
kaara saaram claypot johor - jln susur,ChIJNxP3JwBt2jERNN7BZh9Pn1I,4.1,521,,1.484815,103.7498657,,Unknown,0.57664,5,FALSE,
virunthu sapadu,ChIJa3gstGFt2jERMnOZGRvOZ_k,,,,1.4847339,103.7499261,,Unknown,0,,FALSE,
suka thai restaurant,ChIJuROHikRt2jERzA-V1z-DJFw,4.3,81,,1.4905057,103.7433319,texas chicken restaurant pte. ltd.,A,0.54138,5,FALSE,
restoran tepian cita rasa tawakal,ChIJPWaZMrQS2jEReNTcbB-40mw,3.7,128,,1.4734506,103.7489391,global rasa pte. ltd.,A,0.3172,5,FALSE,
durai nanbenda curry house,ChIJf2BkTkht2jERkE2XQjjYddI,,,,1.4846922,103.7500684,lau di fang scissors-cut curry rice pte. ltd.,A,0,,FALSE,
ak mumtaz,ChIJJZSOTkht2jERfpCepX0t9tY,5,6,,1.484697,103.7501258,mumtaz enterprise pte ltd,B,0.26684,2,FALSE,
gerai limapuluh,ChIJMwFNaQ0L2jERwsL7Kr2xXHs,3.7,234,2,1.4843052,103.7503103,li li,A,0.96946,5,FALSE,
warakuya japanese restaurant,ChIJ2-niGy1t2jERLVOoqhOSm9I,4,1956,2,1.4778502,103.7675247,imperial treasure fine dining restaurant pte. ltd.,A,0.90924,5,FALSE,
砂锅饭 piao xiang claypot chicken rice,ChIJCW4E8CVt2jERMoDx97zv3XE,3.8,110,,1.487039,103.7688469,fu xiang f&b pte. ltd.,A,0.831,5,FALSE,
shell,ChIJyXB8cylt2jER-qcGFEBiZII,3.8,178,2,1.486847,103.768495,,Unknown,0.194250769,65,FALSE,
infusion café | restaurant,ChIJMyn6DTBt2jERVlmisU0zgJ4,3.7,288,2,1.4863279,103.7622141,hyangtogol (korean restaurant) pte. ltd.,A,0.70438,5,FALSE,
joo foon,ChIJcW6T5C5t2jERNUAEAvZFw50,4.3,22,,1.4838179,103.767504,lee joo huat,Unknown,0.59356,5,FALSE,
sushi king ksl city,ChIJuwjDFDBt2jERaGS8iM0Hdjs,4.2,1548,2,1.4858456,103.762422,burger king singapore pte. ltd.,A,-0.14206,5,FALSE,
banafee village,ChIJuWSaBDNt2jERzyJH1hdcjc0,3.8,3740,2,1.4791819,103.7589653,golden village multiplex pte ltd,A,0.57118,5,FALSE,
tanba japanese bbq 炭马烧肉专门店(twin galaxy),ChIJa4vbxjJt2jERXRA3ImkIKlc,4.4,946,,1.4779433,103.7624985,ho heng japanese pte. ltd.,A,0.97488,5,FALSE,
rh corner,ChIJs_0Zmi1t2jERdOn3Wd3bWrc,2,1,,1.4802099,103.7646596,kampong corner pte. ltd.,Unknown,0,1,FALSE,
arabian nights,ChIJlWcDvy1t2jERRLKGSv1UQbc,4.3,230,2,1.4797013,103.7648387,,Unknown,0.9075,5,FALSE,
restoran at chiang mai,ChIJLZolDy5t2jEREnVjRMbqXQE,4.4,185,,1.4822424,103.7645487,ng hong chiang,B,0.82136,5,FALSE,
arashi shabu-shabu,ChIJAQ6FFTBt2jERT8JX_0wTCHM,4.5,19,,1.485479,103.762446,,Unknown,0.77941,10,FALSE,
sds bakery & cafe @ ksl city,ChIJzYo5cjBt2jERqV9w_FRg_Kg,3.6,168,2,1.4859609,103.7621342,bru cafe pte. ltd.,A,0.46152,5,FALSE,
d laksa ksl city mall,ChIJxy0oEDBt2jERPP23Qh7IA_Q,3.7,239,,1.4856868,103.7628302,hotel marina city private limited?,A,0.44526,5,FALSE,
"kfc ksl city mall, johor",ChIJz2IqczBt2jERdBSEHRyc7lQ,3.8,831,2,1.4860898,103.7620094,republic plaza city club (singapore) pte ltd,A,-0.59144,5,FALSE,
b.o.d 包栈 @ ksl city mall,ChIJZSpvOzBt2jERLL1DL8C73uI,3.4,66,,1.486164,103.7625934,loh s+b pte. ltd.,A,0.9305,5,FALSE,
arashi shabu-shabu ksl city,ChIJv0WcJjJt2jEROSY6t2JN31M,4.8,990,,1.4862859,103.7626945,republic plaza city club (singapore) pte ltd,A,0.90804,5,FALSE,
flanagan’s irish restaurant (pelangi) f1,ChIJQdwRxSxt2jERHfAcGVw2IIw,4.4,241,,1.4779954,103.7672876,s&n international pte. ltd.,A,0.92284,5,FALSE,
"l.table, taman pelangi",ChIJ0yYw1C5t2jERkc-8pOvWpyY,4.8,1151,,1.4840027,103.769165,the table barbeque people pte ltd,A,0.94194,5,FALSE,
jin wei seafood,ChIJT4ZU8yVt2jERTGFIkK6snPQ,4,29,,1.4868109,103.768043,seafood paradise (s) pte. ltd.,A,0.90776,5,FALSE,
fat fish 肥鱼,ChIJ0-DMSTtt2jERX_MOeIcWkGw,4.6,1175,,1.4902129,103.7631832,arcade fish soup pte. ltd.,A,0.93024,5,FALSE,
digio bridal cafe,ChIJFyGh1iht2jERqi2RJbuGJUU,4,5,,1.4846007,103.7700176,hanis cafe & bakery pte. ltd.,A,0.14006,1,FALSE,
foodie foodie,ChIJu_A0vpBu2jERNY5xupSsAWo,4.5,444,,1.484689,103.770102,jjh foodie pte. ltd.,A,0.9315,5,FALSE,
restoran lc catering sdn bhd,ChIJ1wF_YCRt2jER7-rqraoq6uQ,4,1058,2,1.4901136,103.7665865,asia ghani restaurant and catering pte. ltd.,B,0.44204,5,FALSE,
friendscino,ChIJtUJS7yht2jERvXyV6mPQ-0M,3.9,192,2,1.4847258,103.7713386,,Unknown,0.70092,5,FALSE,
domino's taman melodies,ChIJ96LBBiNt2jERD_PZ3cgjlkI,2.9,573,2,1.4910678,103.7672125,lam's (singapore) culinary enterprise pte. ltd.,A,0.16922,5,FALSE,
nam moon korean bbq 南门 bbq,ChIJUzIeiylt2jERs6JrGTbMDAE,4,614,2,1.4820268,103.7737072,hyangtogol (korean restaurant) pte. ltd.,A,0.65612,5,FALSE,
bar wang rice 霸王饭 - taman pelangi,ChIJs-s0iilt2jERQ4JtYfG-ZEU,3.9,569,,1.4819694,103.7734613,j c tapas bar pte. ltd.,A,0.575,5,FALSE,
new tokugawa,ChIJQUn1ISpt2jERRqMZZY16vy8,4.1,216,,1.4815218,103.7738243,new style (lps) pte. ltd.,Unknown,0.94084,5,FALSE,
restoran ayub,ChIJgYzRhypt2jERrUwlRwiPfUs,3.6,639,2,1.4792714,103.774637,mohammad ayub bin mukhtar ahmad,B,0.16358,5,FALSE,
northeast blackland restaurant,ChIJb4LO_Slt2jERfdTi2Wb1fSw,4.2,130,,1.4822106,103.7751229,imperial treasure fine dining restaurant pte. ltd.,A,0.73128,5,FALSE,
restoran swee ang,ChIJeXHQKiht2jERhIE8wEGmjis,4.2,429,2,1.4841798,103.7750196,ang koon hoe @ heng mui teck,Unknown,0.81556,5,FALSE,
roslin beriani house,ChIJ87M_kD1t2jERjsBhI3fDwmU,4,622,2,1.4956548,103.7602167,yu kee duck and noodle house pte. ltd.,A,0.65096,5,FALSE,
gianni's trattoria,ChIJZ-SK3yht2jERvQr2ZmF2HCY,4.1,620,3,1.4841339,103.77068,seafood paradise (s) pte. ltd.,A,0.5582,5,FALSE,
oloiya sentosa,ChIJWZRm1yNt2jERVGmgxAnVLLo,4.4,35,,1.4931693,103.7692073,resorts world at sentosa pte. ltd.,A,0.55722,5,FALSE,
ah meng kue teow,ChIJyShIlyJt2jERqL6iQxTcMC0,4,1111,2,1.4953539,103.7654494,ng ah sio investments pte. ltd.,A,0.7101,5,FALSE,
chez papa • french bistro & wine bar,ChIJ11WWdC5t2jERjNWM50SaAQY,4.5,775,3,1.4817151,103.7650698,j c tapas bar pte. ltd.,A,0.90006,5,FALSE,
b.o.d 包栈 @ taman sentosa,ChIJ80sqECFt2jERn54vLnKe-Us,4.1,69,,1.492961,103.7715135,loh s+b pte. ltd.,A,0.86876,5,FALSE,
seoul garden @ ksl city mall,ChIJn2BAFTBt2jERaNHayl71hu0,4.3,480,2,1.4857971,103.7622921,republic plaza city club (singapore) pte ltd,A,0.95676,5,FALSE,
kimchi & bbq,ChIJHc1gHypt2jERRv3cfVfbyKI,4.2,503,2,1.4820862,103.7739477,penyet & bbq culinary pte ltd,A,0.83984,5,FALSE,
rosmarino italian restaurant,ChIJUztqtNcS2jERIVsilnacAXg,4.3,1011,3,1.4774014,103.7681228,imperial treasure fine dining restaurant pte. ltd.,A,0.93892,5,FALSE,
new lucky seafood restaurant,ChIJ_zCRmyVt2jERHE3TyCo_C48,3.9,1720,2,1.4872034,103.7674467,imperial treasure fine dining restaurant pte. ltd.,A,0.59612,5,FALSE,
徐師傅master hsu taiwan restaurant hq,ChIJCSQfOvxr2jERTpvGzK3-dWY,4.3,530,2,1.48098,103.7671077,foc restaurant pte ltd,A,0.59706,5,FALSE,
sweetwater mediterranean,ChIJLaQSHilt2jERIeWsrK7ckM0,4.2,405,,1.4842111,103.770875,,Unknown,0.90146,5,FALSE,
restoran ah kaw 亚九咖喱鱼头店,ChIJj68piylt2jERUPj3uDjK2qU,3.8,511,2,1.4820375,103.7737652,hong ah mui,Unknown,0.71864,5,FALSE,
grill bar steakhouse,ChIJJV-pQCpt2jER5KbJBvuhbfk,4.3,390,3,1.4806891,103.7735741,26@marina bar & bistro pte ltd,B,0.9587,5,FALSE,
kinnokura izakaya japanese restaurant 金の藏居酒屋,ChIJqaqftS9t2jERMPriPH2CqnA,4.4,204,2,1.4843617,103.7652234,restaurant majestic pte. ltd.,A,0.97232,5,FALSE,
restaurant pekin,ChIJHYQ6WNxs2jERKl8EZlzOGnQ,4.2,2237,2,1.4928607,103.7839206,texas chicken restaurant pte. ltd.,A,0.93416,5,FALSE,
restoran habib (pasir pelangi),ChIJKfVy79xs2jERRH8ui7UqO4o,3.7,688,2,1.49329,103.7845491,rasa istimewa restaurant @ pasir ris pte. ltd.,A,0.72354,5,FALSE,
restaurant sin win 欣运,ChIJg1D1QSpt2jERFP7QLWhPBvE,4.2,78,2,1.4804083,103.7737874,texas chicken restaurant pte. ltd.,A,0.67622,5,FALSE,
restoran zorro,ChIJpXehvNRs2jERIwZYnidW26A,4,225,2,1.4781232,103.780435,xiang tian restoran pte. ltd.,Unknown,0.46786,5,FALSE,
old times recipe 老臣子,ChIJsyOlnU1t2jER4ILKgTxSqR8,4.4,147,2,1.4782059,103.7764246,hong kong street old chun kee pte. ltd.,B,0.75906,5,FALSE,
pin wei (pelangi) | 品味 美食,ChIJk4rna9Vs2jERtWIqw7R3kCg,4.4,155,,1.4782113,103.7764059,ma wei,B,0.93346,5,FALSE,
kopitiam s99,ChIJ00c2adVs2jERpRf0OENrlzY,4,65,1,1.4781227,103.7763156,kopitiam investment pte ltd,B,0.42508,5,FALSE,
restoran s sembilan sembilan,ChIJO_JsQtVs2jERCdqp3P0lpSQ,5,1,,1.4782068,103.7762555,lam's (singapore) culinary enterprise pte. ltd.,A,0,0,FALSE,
mingtian thai empire,ChIJIyFN445t2jER8yQvlG5I5CU,4.8,4,,1.478571,103.7759585,blue waves food empire pte. ltd.,A,0.253075,3,FALSE,
ah hong yong dau fu - taman pelangi,ChIJa45CcwBt2jERz3E3aqqE8vU,,,,1.478658,103.7758779,fu lin group pte. ltd.,A,0,,FALSE,
xiao shu shrimp noodles,ChIJ1XIBWwBt2jER9-rPZfe9cNM,,,,1.478658,103.7758779,yechun xiao jiang nan restaurant group pte. ltd.,A,0,,FALSE,
港式豬暘粉,ChIJ_eJYegBt2jERwuPoQ54mhTE,,,,1.4782804,103.7757092,,Unknown,0,,FALSE,
canton chee cheong fun (push cart),ChIJC8R31HNt2jERpUqC08jHWFI,4.6,7,,1.4782431,103.7757011,chicky fun pte. ltd.,A,0.79394,5,FALSE,
大山肉骨茶,ChIJn5nWdl1t2jERftAkrs_hmE0,,,,1.4782934,103.7755003,,Unknown,0,,FALSE,
asam pedas padu port black,ChIJY8W8xRZt2jERquR01Nkcivw,,,,1.4826535,103.7759764,,Unknown,0,,FALSE,
kian huat chicken rice 怡保仔燒雞飯咖啡店,ChIJrTZ7oCpt2jERh8Zj-KqvWe0,4.2,145,,1.478242,103.7753793,lim bee kian annie,A,0.88508,5,FALSE,
"ayam penyet taman pelangi,49jalankuning爱加倍美食中心旁的棚子",ChIJW9Pp1O9t2jERaS99ZwvyHmA,4.8,22,,1.4822108,103.7755794,penyet king pte. ltd.,A,0.88868,5,FALSE,
sha ling char kway teow,ChIJJ0h0ZwBt2jERWHKxpgflF-0,5,2,,1.4788896,103.7751409,authentic hock lam street popular beef kuay teow pte ltd,A,0.41785,1,FALSE,
rocketman noodles,ChIJmzosaQBt2jERClcIUeYRxBg,3.5,23,,1.4782218,103.7753417,red place's beef noodles pte. ltd.,B,0.5821,5,FALSE,
爱加倍美食中心,ChIJ--JCG9Zs2jERKGzRWmxpnp4,3.9,193,1,1.4825747,103.7756619,,Unknown,0.75242,5,FALSE,
senibong big seafood,ChIJWQruX01t2jERtVrtS_Nu92o,4.6,5,,1.4866577,103.8092723,marina live seafood & steamboat pte ltd,B,0.27436,3,FALSE,
little nyonya food court,ChIJ7WhF2TZt2jERNRETwJzOGco,2,1,,1.4872175,103.8088561,chang cheng food & beverage pte. ltd.,A,0.9028,1,FALSE,
chew seafood 老洲瓦煲海鲜粥(烧鱼),ChIJASPPLAJt2jERkkbJACFDcTQ,,,,1.4865166,103.8094986,marina live seafood & steamboat pte ltd,B,0,,FALSE,
grand seafood senibong seafood restaurant 海霸王海鲜楼,ChIJVwuzZUht2jERUhBmyJdG-0g,4.3,519,2,1.4864386,103.8096615,seafood paradise (s) pte. ltd.,A,0.8714,5,FALSE,
shell,ChIJq-JIHrxs2jERtrCmS4Pd-mo,3.5,46,2,1.492203,103.804195,,Unknown,0.194250769,65,FALSE,
senibong bay seafood,ChIJSxjYpaxt2jERgU7Zk3HrOaI,4.4,4334,2,1.4865293,103.8129702,marina live seafood & steamboat pte ltd,B,0.96358,5,FALSE,
restoran bara ikan bakar (pak akob kolam pancing),ChIJd4BiMHET2jERh98EiJNhISA,4.6,545,,1.4859719,103.8132777,noor khaizah bte abu bakar,A,0.96312,5,FALSE,
warong beriyani pengantin,ChIJYeK8GwBt2jERJA6UZJl-on0,,,,1.4861445,103.8132312,,Unknown,0,,FALSE,
nasi kandar kota lama,ChIJP8ENfsRs2jERycVEaReWuto,3.8,38,,1.4908928,103.7897708,yanti nasi padang restaurant pte ltd,B,0.33516,5,FALSE,
restoran loong chuan yen,ChIJa_8hgcRs2jERQblAJRbLdJo,5,5,,1.4909096,103.7895443,leyau yen hong,A,0,0,FALSE,
asam pedas selera johor,ChIJGc1NGKdt2jERte7xUO44iSs,4.3,41,,1.4910986,103.7892544,enak selera hongkong tea house pte. ltd.,B,0.63948,5,FALSE,
好味坊,ChIJuxmRcXdt2jERwBP05QN-mmo,3.7,3,,1.4944753,103.8060051,,Unknown,0.221933333,3,FALSE,
mulligans straits view,ChIJ1y_Ck6Rs2jERsszUoaons3U,4.5,11,,1.4900757,103.8123257,straits chinese nonya restaurant pte. ltd.,B,0.8013,5,FALSE,
发哥烧烤蒸汽麻辣火锅 fa ge steamboat,ChIJGaX6WiVt2jERMtwBaXemPlk,4.3,471,2,1.4891473,103.7867287,marina live seafood & steamboat pte ltd,B,0.74484,5,FALSE,
nasi lemak 第一小桥,ChIJY0Quabpt2jERW8TX9cHffxg,,,,1.4853733,103.8155501,kampong ria nasi padang pte ltd,B,0,,FALSE,
amgisk cafe & amg burger house,ChIJk8BFcwBt2jERqFIpy_xuSLM,5,1,,1.4912133,103.787876,bru cafe pte. ltd.,A,0,0,FALSE,
dodo seafood treats,ChIJtfIL8XkZ2jERIc-4xPUTFjU,3.9,17,,1.468364,103.8118159,seafood paradise (s) pte. ltd.,A,0.0049,5,FALSE,
along ruby corner,ChIJ-3DULABt2jERRtDrhyfhuNg,5,2,,1.4932323,103.7898206,the corner house holdings pte. ltd.,A,0,0,FALSE,
sawadi tomyam thai seafood,ChIJ5bCKTABt2jERNWRTOAH3g5M,5,1,,1.4932323,103.7898206,marina live seafood & steamboat pte ltd,B,0,1,FALSE,
nabila rozi cafe,ChIJkxQ0kNdt2jERqsTQN0JZHgw,4.4,5,,1.4932323,103.7898206,hanis cafe & bakery pte. ltd.,A,0.4257,3,FALSE,
restoran selera satay 3 abdul,ChIJ8aOTPyRt2jERotxglr0M-4U,,,,1.4932072,103.7897653,tower 3 pte. ltd.,A,0,,FALSE,
ss glamour seafood,ChIJ2c4VE7Ft2jERlhXUoEgHY0U,4.6,74,,1.4932832,103.7897749,seafood paradise (s) pte. ltd.,A,0.26006,5,FALSE,
roti canai warisan melayu,ChIJYYPwMABt2jERwlJItIQ-n_s,,,,1.4933958,103.7897936,roti mum pte ltd,A,0,,FALSE,
soon heng kopitiam 顺兴咖啡店,ChIJgbjkXtts2jERoIisbmF7LrY,3.6,16,,1.4898567,103.7862647,goh soon chwee,B,0.29686,5,FALSE,
snow star rating house,ChIJeYaYN9ts2jER532Ds3mzW3I,,,,1.4898309,103.7862355,yu kee duck and noodle house pte. ltd.,A,0,,FALSE,
"gtr burger taman sri stulang,jb",ChIJka2ooi5t2jERITdy4aKM4ks,4.8,18,,1.4936462,103.7898742,sri dwi astuti,A,0.70404,5,FALSE,
nasi lemak dean kancil,ChIJZ1sWT75t2jERaK0eKeGdmDM,,,,1.49374,103.789842,yanti nasi padang restaurant pte ltd,B,0,,FALSE,
koperasi warisan kampung senibong,ChIJCXrst6hs2jERF4twkewFoIc,4.3,452,2,1.485114,103.8165096,kampung pte. ltd.,A,0.49992,5,FALSE,
jamil catering (the jc kitchen),ChIJP-QZAKUT2jERIoLSlUZuufo,5,3,,1.4682894,103.8127562,gardens by the bay,A,0.9707,3,FALSE,
keong kee,ChIJG5YEq9xs2jERXS9WCABqQQU,3.9,193,,1.4913689,103.7867364,yu kee duck and noodle house pte. ltd.,A,0.74632,5,FALSE,
shell,ChIJaf_7rMRs2jERF4AiD87llKo,3.8,267,2,1.49058,103.78597,,Unknown,0.194250769,65,FALSE,
de rose restaurant,ChIJKQ_jNwBt2jERsg4lGF1QKD8,5,2,,1.488543,103.8153955,texas chicken restaurant pte. ltd.,A,0.3953,1,FALSE,
warung roti canai wak leman,ChIJHYLsNABt2jERox9BiCjPTsg,,,,1.4852296,103.816935,warung k llp,A,0,,FALSE,
doña bakery (sourdough flagship) / poké twins tiara,ChIJb-FLIV9t2jER6CdVM68DyPs,4.5,369,,1.4897804,103.7852146,the bakery depot pte ltd,A,0.84824,5,FALSE,
restoran nasi padang selera bersama,ChIJ586eqdxs2jERoI8HXArK9f0,3.8,38,,1.4913829,103.7863952,padang boys 2 pte ltd,A,0.28144,5,FALSE,
warung singgah senibong,ChIJ5y8vVgBt2jERc20J4NEJ_xU,5,1,,1.4852192,103.8169916,warung k llp,A,0,0,FALSE,
restoran amira kitchens,ChIJ2SIqvDht2jERNoKq3DxQVUE,5,2,,1.4914339,103.7863502,da paolo kitchens singapore pte. ltd.,A,0.41125,1,FALSE,
nasi lemak berlauk malam indah senibong,ChIJreXlwKhs2jERkXQ3Pf_ACTc,3.7,181,,1.4852052,103.8170487,abc nasi kandar pte. ltd.,B,0.6362,5,FALSE,
kafe selera iskandar (restoran),ChIJ_38F5jkT2jERpU5Mt8XKBR0,2.6,10,,1.4710816,103.7844924,selera nasu pte ltd,B,-0.17096,5,FALSE,
gerai abah selatan,ChIJ124megVt2jERrTxhyCWjxSU,5,1,,1.4947417,103.7897919,,Unknown,0,0,FALSE,
avenue zon,ChIJUZPIYy4T2jERKKOu3KSdf9U,3.9,83,,1.4715589,103.784176,hrvst avenue pte ltd,A,0.35452,5,FALSE,
swee hing restaurant,ChIJt8zRocRs2jERPd7JmSYTaRk,3.7,3,,1.4914562,103.7861254,texas chicken restaurant pte. ltd.,A,0.4196,2,FALSE,
harvests bar & grill,ChIJW1mhPlBr2jERoMQodERd0uA,4.3,803,2,1.4848214,103.8321402,26@marina bar & bistro pte ltd,B,0.95292,5,FALSE,
yew's cafe & bistro - senibong cove,ChIJtR2tPVBr2jERXAHmysiQqJk,4.3,685,3,1.4849045,103.8322753,bru cafe pte. ltd.,A,0.9342,5,FALSE,
d'shanghai dimsum permas jaya,ChIJ9evMrl9r2jERYA5CZQU61MM,4,823,2,1.4936968,103.8224653,d&z life pte. ltd.,Unknown,0.5279,5,FALSE,
mcdonald's permas jaya,ChIJsaSCA6Js2jERia13MiANdDs,3.6,2196,2,1.4952381,103.815591,lam's (singapore) culinary enterprise pte. ltd.,A,0.3901,5,FALSE,
褔記蘭花覇王鴨 okid barbecue house,ChIJL7WTeaJs2jER5XP0SS1-7ys,4.2,338,2,1.4954715,103.8135685,spicy house restaurant management (s) pte ltd,A,0.6329,5,FALSE,
café bld,ChIJ6TLi86Js2jERCfv2bn6gFGU,4.1,933,,1.4951958,103.8128104,vanilla bar & caf? pte ltd,A,0.74836,5,FALSE,
tea garden permas jaya,ChIJ72P-r5hs2jERExO-ECW1vWg,4.4,1865,2,1.4961881,103.8151624,the coffee bean & tea leaf (singapore) pte ltd,A,0.54994,5,FALSE,
meadow restaurant,ChIJ519gmphs2jERbfOYHwgPBzM,3,4,,1.49615,103.813742,texas chicken restaurant pte. ltd.,A,0.1101,1,FALSE,
costa beach bistro,ChIJJzLox7Fr2jER_Wg6kfXKqU0,3.2,195,,1.4832759,103.8221378,26@marina bar & bistro pte ltd,B,0.58226,5,FALSE,
6th corner senibong seafood,ChIJVfn9x5Vt2jERuTVMf_q2vYE,3.6,198,,1.4844635,103.8186052,forum seafood village restaurant pte. ltd.,B,0.88578,5,FALSE,
restoran senibong wattiini,ChIJLe9-ghxt2jERWD00zKoETZY,3.7,3,,1.4846967,103.8182373,,Unknown,-0.098666667,1,FALSE,
senibong grand seafood,ChIJ6VDC1bdt2jERve4GXg1_-dE,5,2,,1.4846998,103.818244,marina live seafood & steamboat pte ltd,B,0.92285,2,FALSE,
restaurant tanjong nong,ChIJoeNELlZr2jERAj5CUrro7Fc,3.1,7,,1.4848507,103.8186498,misaki japanese restaurant pte. ltd.,A,0.25386,3,FALSE,
restoran duyong seafood,ChIJ9XoV7qhs2jERhnzdNWO7NAQ,3.6,16,,1.4847347,103.8179097,marina live seafood & steamboat pte ltd,B,0.54358,5,FALSE,
anjung senibong restaurant,ChIJx0CylKhs2jERHH14JYPUh_M,3.7,459,2,1.484816,103.81774,hyangtogol (korean restaurant) pte. ltd.,A,0.8464,5,FALSE,
selera senibong seafood (sss),ChIJcRmG7qhs2jERdDX40NGD38c,4,4542,2,1.4849026,103.8178017,tian tian fisherman's pier seafood restaurant p l,B,0.554,5,FALSE,
gk empire,ChIJN7dot65t2jERtp31jQHMUXk,,,,1.4859686,103.817578,empire eats pte. limited,A,0,,FALSE,
d'dapo kampong,ChIJ0QRPEPxt2jERbnW0Cu2GUus,,,,1.4859686,103.817578,kampong corner pte. ltd.,Unknown,0,,FALSE,
oishi food cafe,ChIJ-TK5aABt2jER8k0fx18Qwyw,4.9,7,,1.4895263,103.8189302,hanis cafe & bakery pte. ltd.,A,0.05456,1,FALSE,
restoran ah ma si ya chi,ChIJD_is4aZs2jERhpfO1-_qO0Y,3.1,7,,1.489631,103.8185501,ma wei,B,0.20786,5,FALSE,
da shun restaurant 大顺菜馆,ChIJzXTm5qZs2jERfmIAKxuMnUI,3.8,93,2,1.4896179,103.8182534,misaki japanese restaurant pte. ltd.,A,0.48764,5,FALSE,
hidangan yee sang,ChIJfyAU56Zs2jERwsbb5PFgmbo,4,2,,1.4897052,103.8182588,chan ai yee,A,-0.15445,1,FALSE,
ku-kai izakaya,ChIJYTaNEBYT2jERSQwCZF79OUM,3.8,493,,1.4697376,103.8198033,kuro izakaya pte. ltd.,A,0.884,5,FALSE,
flora by the sea,ChIJ3xyCWQgT2jERyogS9oNq1iQ,4.2,145,,1.4696248,103.8195686,the exchange asia square pte ltd,A,0.96148,5,FALSE,
kin kao mai thai restaurant sembawang,ChIJHenLA_ET2jERbOlUI2JLLOc,4.5,255,,1.4694763,103.8194072,thai affair pte. ltd.,A,0.91124,5,FALSE,
muara steamboat & grill,ChIJr6FN1s1r2jERblynb-8gOPo,4.7,2014,,1.4831522,103.8304628,marina live seafood & steamboat pte ltd,B,0.9685,5,FALSE,
roberto's at senibong cove jb,ChIJ44aXFABr2jERmA6P_Nr-ZPA,4.6,89,,1.4831761,103.8310477,s connexion pte ltd,A,0.9524,5,FALSE,
chang9 thai cuisine,ChIJWVZHcLpt2jERJ4GAA3wMblM,4.2,182,,1.483341,103.8310553,imperial treasure cantonese cuisine pte. ltd.,A,0.43862,5,FALSE,
청춘비비큐cheong chun korea bbq. k global t&m s/b,ChIJo6l7fv1r2jERx9gwvd5pmNw,5,19,,1.483504,103.8310139,royal t group pte. ltd.,A,0.7868,5,FALSE,
la olla tapas bar,ChIJiyROvbRr2jERHGtfJJmiGA4,4.8,934,,1.4834763,103.8310878,26@marina bar & bistro pte ltd,B,0.857,5,FALSE,
the bierhaus senibong cove,ChIJMz9Eg6dr2jER5OUcJiXMON4,4.1,462,2,1.4837168,103.8310623,the coffee bean & tea leaf (singapore) pte ltd,A,0.55614,5,FALSE,
mr biryani @ senibong,ChIJiW8feVNr2jERpS17GY73AYk,4.8,645,,1.4837907,103.831246,mr restaurant & catering pte. ltd.,B,0.9815,5,FALSE,
delicious 8,ChIJXfdC6Vpr2jERXQfR8ogn0Us,4.1,929,,1.4844084,103.831569,palace 8 marina pte ltd,Unknown,0.96044,5,FALSE,
sho yakitori genka sakaba 原価酒蔵,ChIJEemliAJr2jERxf0wdziche8,4.6,565,,1.4847222,103.8318921,,Unknown,0.907,5,FALSE,
cove cafe senibong,ChIJJU8s8WVr2jERLqVYx69kP2s,4.9,543,,1.4848039,103.8322029,hanis cafe & bakery pte. ltd.,A,0.93218,5,FALSE,
limda kitchen,ChIJTeabjO1t2jERNmRA1kaM8ZA,4.2,9,,1.4935144,103.8215884,kitchen language pte. ltd.,A,0.63986,5,FALSE,
fifty.ii,ChIJp-pIYXBr2jERvW1bQCvQOV0,4.7,127,,1.4936833,103.8222692,li & lees ii pte. ltd.,A,0.93014,5,FALSE,
pfivetwo,ChIJqSugZQBr2jERF1B95rTvuLM,,,,1.4936833,103.8222692,,Unknown,0,,FALSE,
ayam gepuk papa jon jb,ChIJn4mgXwBr2jERR4Vpc2Dl7Pw,4.6,122,,1.4937274,103.8220607,sri bistari changi village famous ayam penyet pte. ltd.,Unknown,0.77586,5,FALSE,
包你爱 baotasty,ChIJQb8rXBNt2jERC2A9qTExqvw,4.5,190,,1.4938661,103.8210855,,Unknown,0.96238,5,FALSE,
川湘粤私房菜 datang fenghuangyuan,ChIJZw2jWxZt2jERuJy_bLINCyg,3.8,25,,1.4937032,103.8227162,,Unknown,0.28716,5,FALSE,
restoran todak • orang asli,ChIJFXvYlUpr2jERvWKL8bKgcvQ,3.9,5861,2,1.4776179,103.8436768,li li,A,0.77022,5,FALSE,
牛魔王,ChIJ0yYs4Zhs2jER7YjjVhJhS5M,3.5,14,,1.489429,103.849452,,Unknown,0.3612,4,FALSE,
moonu velli murugesu villas,ChIJG_mcUQ1r2jERTcvBFsxdzQ4,,,,1.4897925,103.8408754,pub villas pte ltd,Unknown,0,,FALSE,
dedaru gowh,ChIJNdUqcgBr2jERRKxDU2iYTr4,,,,1.4884906,103.8454495,,Unknown,0,,FALSE,
ikan segar endau,ChIJp5GTd75r2jERKBGxOqA0gjs,5,2,,1.4898766,103.8447019,segar restaurant pte ltd,A,0,0,FALSE,
htc haji tahir corner,ChIJMeaCRbZr2jERhPQA1g2JFag,4.3,83,,1.489961,103.8445765,the corner house holdings pte. ltd.,A,0.52042,5,FALSE,
铭记烧肉,ChIJc7V3sTlr2jERW-UIrcaVs-E,5,2,,1.4875122,103.8479778,,Unknown,0,0,FALSE,
新旺來茶餐室,ChIJoUKKV_5r2jERhNDTOJyInbA,,,,1.4901559,103.8442438,,Unknown,0,,FALSE,
restoran melodi ria,ChIJ2wz-pjhr2jERwxpQMuPe8fs,5,1,,1.49005,103.845,kampong ria nasi padang pte ltd,B,0,0,FALSE,
嘉丰美食中心,ChIJ02fJOgBr2jER2OuvE7xphOY,4.2,43,,1.487776,103.8481139,,Unknown,0.44132,5,FALSE,
四海香,ChIJ4S0Z8zxr2jERDZQUsvsT9oo,,,,1.4876105,103.8484106,,Unknown,0,,FALSE,
"restoran top curry, taman megah ria",ChIJyayhtzlr2jERPwn0BcCqXXQ,4,206,2,1.4875811,103.8484927,s.v. curry pte. ltd.,B,0.8656,5,FALSE,
you yee restaurant 友谊美食坊,ChIJL_iNKABr2jERhxzke-iu_Ao,4.2,18,,1.4908932,103.843385,ting yee wah,A,-0.01688,5,FALSE,
ejall burger legend,ChIJ52yPKnhr2jERZpqSnE92aTQ,5,2,,1.4874799,103.8486572,burger king singapore pte. ltd.,A,0.4061,1,FALSE,
airizara burger,ChIJ1U1yieRr2jERR6HzJbpjkCM,5,1,,1.4874596,103.8486837,burger king singapore pte. ltd.,A,-0.0511,1,FALSE,
原味素食苑 yuan wei veggie house,ChIJSYMxvzlr2jER7F7bWSMVtV8,3.9,269,2,1.4874486,103.8487121,ma wei,B,0.54662,5,FALSE,
restoran gemilang sinar,ChIJv7Kzsjhr2jERHa7IJxE_GCk,4,7,,1.4906188,103.8443658,,Unknown,0,0,FALSE,
ayam goreng singgit padu kota puteri,ChIJHwRYp9Br2jER1zwogV3Vwag,,,,1.4910719,103.8431551,putera puteri pte ltd,B,0,,FALSE,
老五榴莲,ChIJvYvxmldr2jERDDvNd7chO6Q,,,,1.4908072,103.8440845,,Unknown,0,,FALSE,
sri budi seafood,ChIJkdJXskBr2jERrYw89-6iWxM,4.1,50,,1.4908865,103.8439663,seafood paradise (s) pte. ltd.,A,0.66942,5,FALSE,
xing yan restaurant 星言小菜馆,ChIJM4-KCThv2jERi4B6RqUhBEA,4.7,17,,1.4911603,103.8434773,hyangtogol (korean restaurant) pte. ltd.,A,0.66204,5,FALSE,
restaurant tangren town,ChIJRSWpePtr2jERB3BNJ-H4s5w,3,2,,1.4882051,103.8483786,misaki japanese restaurant pte. ltd.,A,0.31845,2,FALSE,
kedai bawah pokok,ChIJ-2AHwDlr2jERVG9A4fF0yps,4.1,123,1,1.4872594,103.8492185,,Unknown,0.58726,5,FALSE,
jane noodle house,ChIJzVvpI8Zr2jERcWAqDlWk6jE,4.6,7,,1.4912827,103.8435988,yu kee duck and noodle house pte. ltd.,A,0.65926,5,FALSE,
kedai makanan wan li,ChIJUTXlqDlr2jERrSEbovfMlfI,4.3,157,,1.4882752,103.8484674,li mei,B,0.78172,5,FALSE,
restoran hee fook chew 喜记茶餐室,ChIJA4FQ0kZr2jERz9Any1DBCdw,4.1,102,,1.4877167,103.8490033,chew kee pte. ltd.,Unknown,0.62716,5,FALSE,
big world,ChIJcyt_tEBr2jERLaf2TFKvhDk,3.9,613,1,1.4912741,103.8437104,big bang olivia & co. pte. ltd.,A,0.54888,5,FALSE,
nasi lemak kukus budak selatan,ChIJ-0yIVgBr2jERj6Wc2doWp1E,3.3,4,,1.4916218,103.8424613,mount faber nasi lemak fast food shop pte ltd,A,0.470975,4,FALSE,
万里香小食閣,ChIJI62WcQBr2jER7kau5L7U_Xw,4.8,4,,1.4882601,103.8485358,,Unknown,0.179275,1,FALSE,
liu liu d eating house,ChIJWxc3nftr2jER_d_1ku-8v4A,5,6,,1.4913934,103.8434598,liu li,B,0.6331,5,FALSE,
好好雲吞麵,ChIJhzx-41Br2jER7am_EQiGDwk,4.3,7,,1.4913604,103.8435878,,Unknown,0.60876,4,FALSE,
fu man city seafood 福满城海鲜煮炒,ChIJr52Q5cNr2jERGoB5qDzQE-o,4.4,148,,1.4906062,103.8454345,guo fu  pte ltd,A,0.78378,5,FALSE,
restoran yummylicious 99 restaurant,ChIJmbEWj0Br2jERY6f33fC4yko,4,3,,1.4916232,103.8426492,foc restaurant pte ltd,A,0.325733333,2,FALSE,
ramly burger,ChIJ9yvGuTFr2jERVu-CNQubD6I,5,1,,1.4911781,103.844175,burger king singapore pte. ltd.,A,0.7906,1,FALSE,
restoran jin du,ChIJ2eFKrkBr2jERyAZdKZ_pIxw,4.5,11,,1.491229,103.8442104,jin fine dining pte. ltd.,A,0.55426,5,FALSE,
homerest kitchen by guice,ChIJb03Xx1Br2jER4dkFldb702U,5,50,,1.4914674,103.8435382,crystal jade kitchen (great world) pte. ltd.,A,0.88668,5,FALSE,
西门町卤肉饭 xi mending braised pork rice @ masai,ChIJWWDnDwBr2jERJbKrkCPHTTY,4.6,168,,1.4914885,103.8434939,thunder tea rice pte ltd,B,0.70928,5,FALSE,
yichu 一厨手工酿豆腐#山芭菜园鸡#jb,ChIJi4qEXwBr2jERYMqU0ZyGM6k,4.4,8,,1.4915872,103.8431789,jb 101 seafood @ firewokz pte. ltd.,B,0.5665,4,FALSE,
warung salai chicken spices jb,ChIJTZEa-Opr2jERcA6ue_BO6Ho,4.8,4,,1.4855266,103.8506679,liao fan hk soya sauce chicken rice & noodle (chinatown) pte. ltd.,A,0.39605,3,FALSE,
aling restoran (makanan indonesia) (halal),ChIJmTtoqUBr2jERxpRptf6f7Fk,5,3,,1.491127,103.8445984,taste of indonesia llp,B,0,0,FALSE,
海鲜兄弟 haixin food sdn. bhd. - megah ria,ChIJLTRnmGNr2jER0rCIsaNs8_o,3.8,8,,1.4919185,103.8419875,taster food pte. ltd.,A,0.38146,5,FALSE,
sasha corner,ChIJwy-nRCdr2jERFOf246bSNnw,4.4,168,,1.4899456,103.8673092,kampong corner pte. ltd.,Unknown,0.88886,5,FALSE,
marrybrown,ChIJy9RVtCBr2jERMmLffgnx4tA,3.9,232,2,1.490818,103.8667579,,Unknown,0.38309,10,FALSE,
restoran al hanin,ChIJf2yynyBr2jERDMJT_G66nSk,4.2,1612,2,1.4901044,103.8697038,al zouq foods & caterer pte ltd,B,0.5519,5,FALSE,
restoran beriani hj ismail,ChIJH8SYgBdr2jERY2rRAD7I3WE,4.3,151,2,1.4975234,103.8563665,hj star pte. ltd.,A,0.14114,5,FALSE,
hanmok burger,ChIJq9IPHgBr2jERnDlT-w8_y6E,,,,1.4832511,103.8606705,burger king singapore pte. ltd.,A,0,,FALSE,
burger kakak chomel,ChIJ0_mzBtNr2jERSMMdFbrTXIo,5,2,,1.4775374,103.864549,burger king singapore pte. ltd.,A,0,0,FALSE,
edynap warung,ChIJqWcia_Vr2jERUvDaa5sXbAk,5,3,,1.4850362,103.8585279,warung ahbamas pte ltd,A,0.461766667,2,FALSE,
teh ais cincau leleh,ChIJucq8mi9r2jER7lsMmt1e7fc,,,,1.4853644,103.8586283,old street bak kut teh (fn) pte. ltd.,A,0,,FALSE,
restaurant atas ( nasi campur melayu ),ChIJLcc0ZENr2jERjadwHTeutaw,4.3,3,,1.4862936,103.8584489,mouth restaurant pte ltd,A,0.299233333,1,FALSE,
mhr burger jb,ChIJ3wkxyGhr2jER2Z42_kaAfRg,4.5,13,,1.4820455,103.866287,burger king singapore pte. ltd.,A,0.78896,5,FALSE,
sp one burger sierra perdana,ChIJnScLANZq2jERoqqgeW9ljwI,4.8,84,,1.4819855,103.866328,royal one pte. ltd.,A,0.9114,5,FALSE,
kuali panas by qarl n co,ChIJ685-mF9r2jER5lU0ug1bfzw,5,10,,1.4819142,103.8664394,coca international singapore co pte. ltd.,Unknown,0.2571,5,FALSE,
restoran ho b,ChIJqQhYbyVr2jERtBE8UUjLpqA,,,,1.4866031,103.8582685,ho heng food & enterprise pte. ltd.,A,0,,FALSE,
food street sierra perdana,ChIJn_p0ly9r2jERRd6iBaP3srE,3.5,2,,1.4816515,103.8668208,aston food & beverage specialties pte ltd,A,0,0,FALSE,
warisan gemilang nusantara,ChIJS-G6XCVr2jERT9J0dft2onQ,,,,1.4865619,103.8575477,,Unknown,0,,FALSE,
masakan padang,ChIJA0OJotpr2jERKd0iYG8mND4,,,,1.481718,103.8669159,kampong ria nasi padang pte ltd,B,0,,FALSE,
nasi sup cikgu,ChIJoW_SQgBr2jERKwGxcGpe5Qo,5,6,,1.4868815,103.858209,kampong ria nasi padang pte ltd,B,0.3086,3,FALSE,
waliq seafood,ChIJ5_DDayVr2jERa1u3M5EbOTc,4.3,23,,1.4869493,103.8581089,seafood paradise (s) pte. ltd.,A,0.5792,5,FALSE,
dapor mama ani,ChIJmzNKPwBr2jERc3yq91GsIiE,,,,1.4826016,103.8669183,mama thai kitchen pte. ltd.,A,0,,FALSE,
nasi bajet shida rm3.80,ChIJeZrjxSlr2jERRD6OO4niwG4,4.5,11,,1.482986,103.8668459,yanti nasi padang restaurant pte ltd,B,0.17238,4,FALSE,
joe air balang,ChIJN899Qzxr2jERDnZ9rLwSzHM,5,1,,1.4872326,103.8575742,alan,B,0,0,FALSE,
sedapo,ChIJAzrKPihr2jERhfJEtstVRWE,3,2,,1.4846002,103.8669388,,Unknown,0.0155,2,FALSE,
restoran ayam geprek tok yam masai johor,ChIJXzmOvoNr2jERKjywnxnuxKI,4,31,,1.4815189,103.8682295,tom yam kungfu pte. ltd.,B,0.16112,4,FALSE,
makan2 station cafe,ChIJfZ2K_dVq2jERgBtO5fwCLW4,3.8,57,,1.481111,103.8684005,sarika connoisseur cafe pte ltd,A,0.2111,5,FALSE,
hakka village food,ChIJra5hB9Zq2jERWOCzNQvJ3hg,,,,1.4812558,103.8684705,ho heng food & enterprise pte. ltd.,A,0,,FALSE,
jumeirah nasikandar,ChIJQ4BQUABr2jER3xld_U58s7c,4.5,10,,1.481154,103.8685468,,Unknown,0.28854,4,FALSE,
nasi ambeng brader j,ChIJE7LUARFr2jERMYROVYiVNi4,4,25,,1.4808856,103.868789,c & j investment holdings pte. ltd.,A,0.1684,5,FALSE,
five's family restaurant,ChIJ-x265NVq2jER1qaBigjzT1k,3.9,11,,1.4808856,103.868789,hyangtogol (korean restaurant) pte. ltd.,A,0.33888,3,FALSE,
restoran al-al amin,ChIJ1zlFKdZq2jERfADRSGCOOtY,,,,1.4833042,103.8683156,al zouq foods & caterer pte ltd,B,0,,FALSE,
kopi hitam pahang,ChIJz6J5aftr2jERak9tWcG6lvw,,,,1.4877069,103.8650036,kopi roti holdings pte ltd,A,0,,FALSE,
restoran qm,ChIJkx0LZ7Rr2jERkXeh6qlIXC4,4.9,15,,1.4830384,103.8687884,xiang tian restoran pte. ltd.,Unknown,0.65968,5,FALSE,
amoi dessert.nasi lemak妹子糖水.椰浆饭,ChIJhYt8N51r2jERwKyVlOQgZgg,,,,1.4800385,103.8695944,dessert bowl llp,A,0,,FALSE,
marrybrown taman bukit dahlia,ChIJLRl0_bVq2jERZCHx3IHHFgQ,3.1,119,2,1.4821084,103.8912278,li li,A,0.36594,5,FALSE,
kfc pasir gudang dt,ChIJw74rqrVq2jERwLlrem5nY3A,3.8,1475,2,1.4817951,103.8922126,ngt confectionary (potong pasir) pte. ltd.,B,0.29448,5,FALSE,
kedai ayamas,ChIJq6qq6rZq2jERJsfhHhJS2MY,4.2,86,2,1.4791589,103.8936152,,Unknown,0.74296,5,FALSE,
subway bukit dahlia,ChIJQ5Cw3LVq2jER1A2MBPNsez0,4.2,382,2,1.478309,103.8943309,kim san leng food centre (bukit timah) llp,Unknown,-0.44326,5,FALSE,
bucida garden bbq & steamboat,ChIJiapR691q2jERf7ZJjB-5Gw0,4.1,1822,2,1.4944193,103.8750829,lim's bbq pte ltd,B,0.6039,5,FALSE,
secret recipe,ChIJaej76rRq2jERlVl1cj38J-g,3.8,364,2,1.4778738,103.8954772,secret recipe international pte. ltd.,A,0.500106667,15,FALSE,
osman (seri alam),ChIJ2xPZ_N1q2jERrBnNmQWNAXw,3.7,1387,2,1.4947914,103.873936,mohamed younus s/o s s shaik osman,B,0.4531,5,FALSE,
marrybrown today's market,ChIJzdiJFd5q2jERqw1eVd78M4w,3.3,100,2,1.4945585,103.8724209,lam's (singapore) culinary enterprise pte. ltd.,A,0.11316,5,FALSE,
kopitiam cawan emas,ChIJybCaL95q2jERe1sYWDjghRA,3.6,52,,1.4948856,103.8716927,xixiang kaya kopitiam (robinson road) pte. ltd.,A,0.49966,5,FALSE,
"jn burger, taman bukit dahlia",ChIJ13mKi7Nq2jER5RJ8kpi8M-0,4,1,,1.4796793,103.8973609,jas burger pte. ltd.,B,0,0,FALSE,
kfc seri alam dt,ChIJ81DRNudq2jERRaQLa7DB4u4,3.7,1456,2,1.4967649,103.8743343,to alam,A,0.77654,5,FALSE,
burger king seri alam,ChIJJZyahuBq2jERPLfc_am2IRY,4,1230,2,1.4956902,103.871371,seah king ming,A,0.08724,5,FALSE,
warung pak jabit rinting,ChIJUYbrnXVr2jERIWTKBJyNlw0,4.2,5,,1.479197,103.8783371,warung k llp,A,0.15608,3,FALSE,
town boy restaurant,ChIJ98LpYoNr2jERvAg2xnzMGtA,4.3,4,,1.4834958,103.8820728,texas chicken restaurant pte. ltd.,A,0,0,FALSE,
ayam penyet banjir masai utama,ChIJMZwF52Vr2jERZbrmJv3U64k,3.5,15,,1.4836157,103.8818743,penyet king pte. ltd.,A,0.19966,5,FALSE,
restoran selera kampung,ChIJbaeQHQBr2jER5t7Wz2bqZEw,5,2,,1.4835333,103.8820289,enak selera hongkong tea house pte. ltd.,B,0.48255,1,FALSE,
nice veggie station 蔬食小栈,ChIJK6kDr4lr2jER9JiuAsNh_ws,5,3,,1.4830507,103.8828048,so nice pte. ltd.,B,0.5125,2,FALSE,
rm stall jb,ChIJZYwDzvVr2jEROYtBKK5x-BE,4.7,3,,1.4829027,103.8831126,he jia food stall pte. ltd.,Unknown,0.332233333,1,FALSE,
restaurant des@masai,ChIJ0wkPaXtr2jERhMnLqDEVH4A,3.9,51,,1.4830083,103.8830642,texas chicken restaurant pte. ltd.,A,0.08456,5,FALSE,
gerai nasi lemak 2 jam,ChIJ2X-_a9Jr2jERximIkmWwFUg,,,,1.4834185,103.8827294,yanti nasi padang restaurant pte ltd,B,0,,FALSE,
ikey burger,ChIJX4K6cNFq2jEREDg-N-S4Ma0,4.8,6,,1.483659,103.8771634,burger king singapore pte. ltd.,A,0.2901,4,FALSE,
nasi ayam syawal,ChIJPTRWhBlr2jERmYIeK1EGCHE,4.7,63,,1.4823722,103.8840308,kampong ria nasi padang pte ltd,B,0.59618,5,FALSE,
gerai kuih kak ruby,ChIJc9u6H0hr2jERVEgjwevZcvw,4.6,5,,1.4835642,103.8769233,red ruby pub and cafe pte. ltd.,Unknown,0.2381,2,FALSE,
suriati nasi kukus,ChIJMVT1EVmH0DERDUOGygTuRBY,3.8,12,,1.482314,103.8841771,kampong ria nasi padang pte ltd,B,0.29794,5,FALSE,
mom's hola cafe,ChIJe2IwXhlr2jERNa8HBmb-lEM,,,,1.482314,103.8841771,seafood paradise (s) pte. ltd.,A,0,,FALSE,
abu station by gmc rezeki enterprise,ChIJ-3xfKABr2jERmkRZ_qjOP5k,,,,1.4840163,103.8770732,dljc enterprise pte ltd,A,0,,FALSE,
warung kadir,ChIJuXuIRuhr2jERItN1aGF9bHs,,,,1.4841336,103.8769395,warung ahbamas pte ltd,A,0,,FALSE,
marsya nasi selambak,ChIJfy_pWQBr2jERnDsXbbH9J3Y,4.3,3,,1.4843203,103.8766353,kampong ria nasi padang pte ltd,B,-0.035733333,2,FALSE,
gulai kambing mak yam,ChIJ62IggbNr2jERSgBi3_Kt6ls,4,1,,1.4849909,103.8764733,boh yam soon,B,0.6249,1,FALSE,
samsi cafe,ChIJq7rBi9Bq2jERqvwsyuDOKk0,4.1,436,2,1.4850445,103.8764151,bru cafe pte. ltd.,A,0.31096,5,FALSE,
nuha cafe,ChIJG40bj9Bq2jERIx6a-ZooV0s,4.2,75,,1.4851733,103.8762341,bru cafe pte. ltd.,A,0.1331,5,FALSE,
nasi lemak kukus datin (chombicoffee),ChIJ60Y2f55r2jERaRLTtExdCpg,5,3,,1.4852072,103.8762058,abc nasi kandar pte. ltd.,B,0.453233333,2,FALSE,
华山烧腊,ChIJazMDf8Vq2jERtOcj09_IMzA,3.4,47,,1.4860436,103.8823353,,Unknown,0.12096,5,FALSE,
hwa sun restaurant,ChIJBw8Xf8Vq2jERwMIM1_FEaJw,3.7,3,,1.4860473,103.8823675,texas chicken restaurant pte. ltd.,A,0.204133333,2,FALSE,
happy garden 快乐园肉骨茶,ChIJW5-6gcVq2jER02fYt1izaeg,4.1,176,,1.4859607,103.882609,chuan garden steamboat pte. ltd.,B,0.83664,5,FALSE,
restoran neptune,ChIJY14ddsVq2jERkyrnkCCIOcY,5,1,,1.4859669,103.8826113,xiang tian restoran pte. ltd.,Unknown,0,0,FALSE,
warong boyan obek,ChIJwRmlXwBr2jERe1carin7i-k,,,,1.4800177,103.8734537,warong nasi pariaman(1969) pte. ltd.,A,0,,FALSE,
warung mak lijah,ChIJS7mebsVq2jER2kZTbHfu2v8,4.7,3,,1.486711,103.8814914,mak hong kee (hk) kitchen pte. ltd.,A,0.480233333,2,FALSE,
masakan padang ayang lena,ChIJD3kjVBRr2jERQoZ7Ht9DL3s,,,,1.4858317,103.8838033,lena marlena,B,0,,FALSE,
restoran ming ji,ChIJF_43g8Vq2jERhHGnQoBzZX8,3.7,40,,1.4865421,103.8826793,chuan yang ji mutton soup steamboat pte. ltd.,B,0.2764,5,FALSE,
restoran chee yong soh,ChIJ5ztwdMVq2jER6yYiAmLXRcM,,,,1.486847,103.88218,guan chee hong kong roasted duck pte. ltd.,A,0,,FALSE,
milkri masala magic cafe,ChIJqaxOo9Vr2jERuq2jyCiGssk,5,11,,1.4865086,103.8831142,fun cafe pte ltd,A,0.6516,5,FALSE,
a masyhur,ChIJHdfTncVq2jER3-qauD75mCM,3.8,10,,1.4867139,103.8826607,artemis fine foods a.s. pte ltd,A,0.152,5,FALSE,
restoran foo too,ChIJS87Lddpq2jERHdWcasv1C5Q,4.1,307,2,1.485794,103.8756509,fong yong tau foo pte ltd,Unknown,0.61102,5,FALSE,
shun xin you cha kuih 顺兴油条,ChIJrQ_z1tRr2jERKRxklGIVuSw,1,1,,1.4864951,103.8833893,shan cha pte ltd,A,0,1,FALSE,
sambal lado restaurant,ChIJuztfyANr2jER4TylyfsYMBc,4.8,5,,1.4864836,103.8835315,texas chicken restaurant pte. ltd.,A,0.18366,1,FALSE,
mysuri,ChIJ-UuQkcVq2jER5UzxIuhTvT8,,,,1.4864836,103.8835315,,Unknown,0,,FALSE,
restoran wong geh than (curryfish head) 黄日社餐室,ChIJ-zVxksVq2jERUO-yTfXni4M,4,38,,1.4864836,103.8835315,wong oi choo,B,0.51292,5,FALSE,
wei mun economy rice,ChIJG0OkoQpr2jERs1O9mSehGqo,5,2,,1.4855742,103.8848489,lau di fang scissors-cut curry rice pte. ltd.,A,0.33525,2,FALSE,
sheila briyani house,ChIJb_TAUfxr2jERoEtD30BI0qI,4.9,16,,1.4867616,103.8830314,yu kee duck and noodle house pte. ltd.,A,0.83282,5,FALSE,
chuan hiang kopitiam,ChIJib5ymcVq2jERb3lzDNbD3bQ,3.6,5,,1.4867616,103.8830314,chuan yang ji mutton soup steamboat pte. ltd.,B,0.4949,3,FALSE,
kedai makanan dan minuman j & s,ChIJyYaqn8Vq2jER3aRTChnBFFY,2.6,44,,1.4869349,103.8827199,s connexion pte ltd,A,-0.02472,5,FALSE,
