Restaurant Name,place_id,Address,Country,Region,Price,Cuisine,Longitude,Latitude,Phone Number,Michelin Guide Post Link,Google Website Link,Michelin Award,Facilities And Services,Description,SFA Hygiene Grade,Safety Penalty,Review Count,Average Rating,value_tier,value_score,service_tier,service_score,taste_tier,taste_score,value_tier_numeric,service_tier_numeric,taste_tier_numeric
168 CMY Satay,ChIJFQJEK4YZ2jERrEB-quqh42s,"Chinatown Complex Market & Food Centre, #02-168, 335 Smith Street, 050335, Singapore",Singapore,Central,1,Street Food,103.8430927,1.2823914,No Phone Number Listed,https://guide.michelin.com/en/singapore-region/singapore/restaurant/168-cmy-satay,https://maps.app.goo.gl/bbmh26E4yChddHZcA,Selected Restaurants,"Dine-in,Takeaway","Two shops share the same venue, so be sure you order from the right one. The grilled-to-order satay comes in pork, chicken and lamb varieties (or an assortment). The nutty, tangy sauce is tasty and you can order rice on top.",A,0,23,4.43,good,0.7117,good,0.5845,good,0.8738,3.78,4.0,4.04
545 Whampoa Prawn Noodles,ChIJP-gkM78Z2jERkC39WJ-_Ysk,"Tekka Centre, #01-326, 665 Buffalo Road, 210665, Singapore",Singapore,Central,1,Street Food,103.8504528,1.3059012,No Phone Number Listed,https://guide.michelin.com/en/singapore-region/singapore/restaurant/545-whampoa-prawn-noodles,https://maps.app.goo.gl/w5T7TMGEh61anLCB8,Selected Restaurants,"Dine-in,Takeaway,Coffee,Wheelchair accessible","The stall dates back to 1920s. Dry noodles dressed in sambal sauce are topped with bean sprouts, prawns and pork, and served with umami-laden prawn soup. Or opt for the noodle soup version. Add fried shallots and lard on top.",A,0,22,4.32,good,0.6826,excellent,0.4803,good,0.9233,3.5,4.18,3.95
91 Fried Kway Teow Mee,ChIJQSRJirMZ2jERdDBG58T_4Lg,"Golden Mile Food Centre, #01-91, 505 Beach Road, 199583, Singapore",Singapore,Central,1,Street Food,103.8638813,1.3029121,No Phone Number Listed,https://guide.michelin.com/en/singapore-region/singapore/restaurant/91-fried-kway-teow-mee,https://maps.app.goo.gl/mttKRfX87LiH6HYn8,Selected Restaurants,"Dine-in,Takeaway","Their fried kway teow boasts exceptional wok hei and is pork free. Topped with leafy greens, cockles, egg, bean sprouts, deep-fried anchovies and a prawn, the noodles are perfectly seasoned. It closes when sold out.",A,0,28,2.89,poor,0.7598,excellent,0.4776,good,0.8293,2.82,3.07,3.36
A Noodle Story,ChIJacz6ujYZ2jERUPwcjKRR_ws,"Amoy Street Food Centre, #01-39, 7 Maxwell Road, 069111, Singapore",Singapore,Central,1,Street Food,103.8464494,1.2790364,No Phone Number Listed,https://guide.michelin.com/en/singapore-region/singapore/restaurant/a-noodle-story,https://maps.app.goo.gl/NUp4vE9VWeuQ7HKG8,Bib Gourmand,"Dine-in,Takeaway,Delivery,NFC payments,Wheelchair accessible","The stall has an interesting look and sells local, traditional noodles cooked in an innovative way.",A,0,23,4.52,good,0.7562,excellent,0.5588,good,0.8794,3.7,4.3,4.04
Adam Rd Noo Cheng Big Prawn Noodle,ChIJv4Mk4QYa2jER04PXfccoZvo,"Adam Food Centre, #01-27, 2 Adam Road, 289876, Singapore",Singapore,Central,1,Street Food,103.814139,1.324031,No Phone Number Listed,https://guide.michelin.com/en/singapore-region/singapore/restaurant/adam-rd-noo-cheng-big-prawn-noodle,https://maps.app.goo.gl/DHAUuJ6fGnGSQaqCA,Bib Gourmand,"Dine-in,Takeaway,Wheelchair accessible","The prawn mee cooked à la minute is a recipe from the owner’s father. Opt for “dry” noodles tossed in prawn paste of your desired level of heat, alongside a bowl of prawn soup. Toppings like pig skin add contrasting textures.",A,0,28,2.86,good,0.8026,good,0.5377,good,0.8996,3.07,3.21,3.39
Ah Heng Duck Rice,ChIJC29QQQsZ2jERZrpeI5PiF1w,"Hong Lim Market and Food Centre, #02-64, Blk 531A, Upper Cross Street, 051531, Singapore",Singapore,Central,1,Street Food,103.8457572,1.2851653,No Phone Number Listed,https://guide.michelin.com/en/singapore-region/singapore/restaurant/ah-heng-duck-rice,https://maps.app.goo.gl/s89XdqZibM6edZpQA,Selected Restaurants,"Dine-in,Takeaway,Wheelchair accessible","The taste of duck meat blends with the spice marinade, each boasting a rich flavour. Snacks like duck liver and dried tofu are also offered.",A,0,29,4.21,good,0.645,good,0.5258,good,0.8695,3.69,4.34,3.86
Ah Hock Fried Hokkien Noodles,ChIJBdZY5_8W2jERaQD-f879OKY,"Chomp Chomp Food Centre, #01-27, 20 Kensington Park Road, 557269, Singapore",Singapore,North-East,1,Street Food,103.8665402,1.3642542,No Phone Number Listed,https://guide.michelin.com/en/singapore-region/singapore/restaurant/ah-hock-fried-hokkien-noodles,https://maps.app.goo.gl/oefgsADm4b2PEgtH6,Selected Restaurants,"Dine-in,Takeaway,Outdoor seating",Serves fried Hokkien noodles with shrimp and squid.,B,1,28,2.68,poor,0.811,good,0.5831,good,0.9122,2.82,3.0,3.07
Ah Ter Authentic Teochew Fish Ball Noodles,ChIJUxLPXw0Z2jER33huBPvJbpk,"Amoy Street Food Centre, #01-14, 7 Maxwell Road, 069111, Singapore",Singapore,Central,1,Street Food,103.8466829,1.2794786,No Phone Number Listed,https://guide.michelin.com/en/singapore-region/singapore/restaurant/ah-ter-teochew-fish-ball-noodles,https://maps.app.goo.gl/eJsrNmFTpbbKXd7g6,Selected Restaurants,"Dine-in,Takeaway,Delivery,Wheelchair accessible","Now run by the third generation, this family-run stall is famous for its fish ball noodle soup topped with ground pork, pork liver, seaweed and pork rinds. Pork ribs are simmered for hours resulting in a broth rich in gutsy flavours.",B,1,26,3.96,good,0.7257,excellent,0.4927,good,0.883,3.65,4.19,3.85
Allauddin's Briyani,ChIJP-gkM78Z2jERA5DuOx0ChII,"Tekka Centre, #01-229/232, 665 Buffalo Road, 210665, Singapore",Singapore,Central,1,Street Food,103.8508753,1.3060542,No Phone Number Listed,https://guide.michelin.com/en/singapore-region/singapore/restaurant/allauddin-s-briyani,https://maps.app.goo.gl/4g5BbBEv6iStBbLj8,Selected Restaurants,"Dine-in,Takeaway,Delivery,NFC payments","The family has been selling its famous biryani since the 1950s. The set comes with yellow basmati rice enhanced by a spice mix; mutton, chicken or fish curry; and papadums. The mutton sambal is tender and tasty.",C,3,24,3.5,good,0.6504,excellent,0.4589,good,0.869,3.33,3.58,3.67
Alliance Seafood,ChIJu3wK9-sZ2jERz3jrVfP4sWM,"Newton Food Centre, #01-27, 500 Clemenceau Avenue North, 229495, Singapore",Singapore,Central,1,Street Food,103.8395393,1.3121151,No Phone Number Listed,https://guide.michelin.com/en/singapore-region/singapore/restaurant/alliance-seafood,https://maps.app.goo.gl/aaHPNDZRvGH7bVbi9,Bib Gourmand,"Takeaway,Outdoor seating,Beer,Wheelchair accessible","Come here for cooked-to-order seafood at a range of prices. Barbecue is hugely popular, but you can also opt for sambal, black pepper sauce or salted egg yolk. Don’t miss the cereal butter prawns.",A,0,28,3.79,good,0.635,excellent,0.5639,good,0.7997,3.32,3.93,3.68
Ammakase,ChIJHUoAagAZ2jER6NJwt-Dpn7M,"#04-48, One Raffles Place, 048616, Singapore",Singapore,Central,3,Fine Dining,103.851094,1.284513,8898 5275,https://guide.michelin.com/en/singapore-region/singapore/restaurant/ammakase,https://www.ammakase.com/,Selected Restaurants,"Dine-in,Reservations,Beer,Wine,Cocktails,Coffee,Credit cards,NFC payments,Wheelchair accessible","In case you're curious about the name (or perhaps you guessed), this place serves a 6- to 10-course omakase-style tasting menu, showcasing diverse flavours from across India. Chef Robin champions a refined take on Indian cuisine, using solid French techniques and ingredients from West Bengal, Gujarat and Sri Lanka. Elegant smaller dishes are meticulously prepared for a balance of flavours. Perfectly paired with their Indian-inspired cocktails.",A,0,33,4.61,good,0.6122,excellent,0.8174,good,0.9564,4.18,4.7,4.06
Anglo Indian (Shenton Way),ChIJ2atmAhIZ2jERQplFzS1Yits,"#01-08, 1 Shenton Way, 068803, Singapore",Singapore,Central,2,Cafe,103.85043,1.279361,6636 9411,https://guide.michelin.com/en/singapore-region/singapore/restaurant/anglo-indian-shenton-way,https://www.angloindian.com.sg,Bib Gourmand,"Dine-in,Takeaway,Delivery,Reservations,Outdoor seating,Beer,Wine,Cocktails,Coffee,Credit cards,NFC payments,Wheelchair accessible","If there is one dish that customers expect to find in a restaurant called Anglo Indian, it is chicken tikka masala, and, sure enough, it is a bestseller in this simply decorated eatery in the heart of the CBD. The dining room may only seat 20, but there is a large outdoor terrace that is often packed. Other popular choices from the sensibly priced menu include butter chicken and mutton dum biryani. The weekday lunch is a steal.",A,0,26,3.69,good,0.7806,excellent,0.6454,good,0.884,3.38,3.69,3.38
Ann Chin Handmade Popiah,ChIJEZhVk2sZ2jERgg4cqj4gPGY,"Chinatown Complex Market & Food Centre, #02-112, 335 Smith Street, 050335, Singapore",Singapore,Central,1,Street Food,103.8433404,1.2820232,8189 4699,https://guide.michelin.com/en/singapore-region/singapore/restaurant/ann-chin-handmade-popiah,https://www.annchinpopiah.com.sg/,Selected Restaurants,"Takeaway,Delivery,Cash only","Popiah filled with ingredients such as eggs, shrimp, carrot, peanuts, etc. affords rich, varied flavours. The deep-fried spring rolls are crispy on the outside, juicy on the inside and loaded with big-boned oomph.",A,0,25,4.32,good,0.6892,excellent,0.5956,good,0.8942,3.56,4.44,3.88
Ar Er Soup,ChIJnT901Fsb2jERwaVDhPWcI9o,"ABC Brickworks Market & Food Centre, #01-141, Blk 6 Jalan Bukit Merah, 150006, Singapore",Singapore,Central,1,Street Food,103.8081238,1.2868701,No Phone Number Listed,https://guide.michelin.com/en/singapore-region/singapore/restaurant/ar-er-soup,https://maps.app.goo.gl/6FztKkd8GW78jJEP8,Bib Gourmand,"Dine-in,Takeaway,Wheelchair accessible","Eight kinds of MSG-free slow-boiled soups, including the signature ginseng Silkie chicken soup that boasts a mild herbal taste are on the menu here. All are served with pumpkin rice or steamed rice. Come early to beat the crowds.",A,0,26,4.35,good,0.7325,excellent,0.5725,good,0.8344,3.69,4.42,3.96
Araya,ChIJZXWDPcYZ2jERTnbzNEZ_hDE,"Mondrian Duxton, #01-08, 83 Neil Road, 089813, Singapore",Singapore,Central,4,Chilean,103.841816,1.278868,8870 0871,https://guide.michelin.com/en/singapore-region/singapore/restaurant/araya,https://arayarestaurant.com/,1 Star,"Dine-in,Reservations,Beer,Wine,Cocktails,Coffee,Credit cards,NFC payments,Wheelchair accessible","Chilean chefs Araya and Guerrero worked at the same restaurant in China. Their ingenious creations – deeply influenced by Araya's time in Spain and Japan – use an eclectic mix of Chilean and Japanese produce, with a South Pacific theme. Japanese favourites such as kinki and cod milt are jazzed up by aji amarillo and merkén from Chile, served alongside French pigeon and caviar. They even ferment and roast their own cacao to use in sauces.",A,0,29,4.48,good,0.6188,excellent,0.7493,good,0.8317,3.9,4.48,4.03
Aunty Oats Pancake,ChIJv08VTj8Y2jERmNIY1jFBOZU,"51 Old Airport Road Food Centre, #01-110, 51 Old Airport Road, 390051, Singapore",Singapore,Central,1,Street Food,103.8857344,1.3083574,No Phone Number Listed,https://guide.michelin.com/en/singapore-region/singapore/restaurant/aunty-oats-pancake,https://maps.app.goo.gl/LiEpg7oioG2w78338,Selected Restaurants,"Dine-in,Takeaway,Coffee","Fluffy and spongy pancakes are made to order with a wheat flour batter and no eggs. Vegan fillings include shredded coconut, red bean paste, and peanuts. Lacto vegetarians may go for cheese or chocolate filling.",A,0,26,4.54,good,0.7413,good,0.6045,good,0.9109,3.69,3.96,3.69
Bahrakath Mutton Soup,ChIJv4Mk4QYa2jER3mvQRS4vAMA,"Adam Food Centre, #01-10, 2 Adam Road, 289876, Singapore",Singapore,Central,1,Street Food,103.814139,1.324031,No Phone Number Listed,https://guide.michelin.com/en/singapore-region/singapore/restaurant/bahrakath-mutton-soup,https://maps.app.goo.gl/PVkpb3YZ4YvAzLacA,Bib Gourmand,"Dine-in,Takeaway,Wheelchair accessible","Since 1973, this stall has been serving its secret mutton soup recipe. The broth is rich, dense, and full of herbal flavours. Apart from the popular leg, also try other lamb cuts. Order bread to mop up the broth.",B,1,23,3.7,good,0.6311,good,0.3714,good,0.8602,3.48,4.09,3.96
Bar-Roque Grill,ChIJKZoOX2sZ2jERhJqFXCG1oAw,"165 Tanjong Pagar Road, 088539, Singapore",Singapore,Central,2,Steak House,103.843511,1.2755732,6444 9672,https://guide.michelin.com/en/singapore-region/singapore/restaurant/bar-roque-grill,https://www.stefanandnico.com,Selected Restaurants,"Dine-in,Takeaway,Delivery,Reservations,Outdoor seating,Beer,Wine,Cocktails,Credit cards,NFC payments,Wheelchair accessible","The Alsace-born chef takes diners on a culinary journey to his homeland with authentic regional specialties such as choucroute garnie and tarte flambée aux escargots. International dishes are also popular, like Malaysian rotisserie free-range chicken and a selection of beefsteaks dry aged in-house and chargrilled to perfection. Service is attentive and helpful. Start or end the night with a drink on the terrace or at the bar.",A,0,28,5.0,good,0.7173,excellent,0.8672,good,0.9297,4.29,4.57,4.11
Beach Road Fish Head Bee Hoon,ChIJpf2Iv9kZ2jER87KuaXAPp84,"Whampoa Makan Place, #01-46, 90/91 Whampoa Drive 91, 320091, Singapore",Singapore,Central,1,Street Food,103.8548346,1.3232442,No Phone Number Listed,https://guide.michelin.com/en/singapore-region/singapore/restaurant/beach-road-fish-head-bee-hoon,https://maps.app.goo.gl/xQ9Y2vCFYYsEreuz8,Bib Gourmand,"Dine-in,Takeaway,Wine","The sliced fish bee hoon (rice vermicelli) comes in a flavourful, milky fish stock, with fried garlic bits for extra fragrance and crunch. Also worth trying are the tom yam soup, seafood soup and fried fish head bee hoon.",A,0,27,4.44,good,0.6289,good,0.4403,good,0.8356,3.63,4.07,3.7
Bedok Chwee Kueh,ChIJFyWmOLMi2jER5cArXeh7JHQ,"Bedok Interchange Hawker Centre, #01-19, 208 New Upper Changi Road, 460208, Singapore",Singapore,East,1,Street Food,103.9306756,1.3249411,No Phone Number Listed,https://guide.michelin.com/en/singapore-region/singapore/restaurant/bedok-chwee-kueh,https://maps.app.goo.gl/gAS9v82FrjsFWuNi6,Selected Restaurants,"Dine-in,Takeaway,Wheelchair accessible","The freshly steamed chwee kueh rice cakes are soft and velvety and the sauce on top made with preserved radish, scallion, dried shrimps and chilli is simply irresistible. May be closed without prior notice.",A,0,29,2.9,good,0.6749,good,0.5532,good,0.7127,3.03,3.07,3.07
Belimbing,ChIJTb3JFDIZ2jERUA_GspxrHpk,"Level 2, 269A Beach Road, 199546, Singapore",Singapore,Central,2,Singaporean,103.8601196,1.3008122,8869 7243,https://guide.michelin.com/en/singapore-region/singapore/restaurant/belimbing,https://www.lobehold.com/concepts/belimbing/,Selected Restaurants,"Dine-in,Reservations,Beer,Wine,Cocktails,Coffee,Credit cards,NFC payments","Belimbing refers to ""starfruit"", a versatile ingredient in Asian cooking. The bustling open kitchen is set against sage green walls and wood trims that impart serenity. The menu features traditional Singaporean fare with creative twists. Corn salat is a nod to kueh salat, reimagined with sweet corn and brown butter for nutty, toasty sweetness. Paired with assam pedas and white pepper sauce, the silky clam custard boasts layers of flavour.",B,1,28,4.64,good,0.6372,excellent,0.5976,good,0.9309,3.82,4.5,4.11
Bhoomi,ChIJGcjOMWcZ2jERj5AHsaL4zGE,"#01-05, 1 Claymore Drive, 229594, Singapore",Singapore,Central,2,Indian,103.829378,1.307339,6225 4221,https://guide.michelin.com/en/singapore-region/singapore/restaurant/bhoomi-1218260,https://bhoomi.sg,Selected Restaurants,"Dine-in,Takeaway,Delivery,Reservations,Beer,Wine,Cocktails,Coffee,Credit cards,NFC payments","Solid wood furniture, rattan pendant lamps and wagon wheel chandeliers impart modern boho chic in this bright, cosy space with two levels. The chef recounts his memories and personal story through a menu that encompasses meat dishes, as well as vegetarian, gluten-free and vegan options. Inspired by Indian street food, the signature Indori beetroot tikki is big on flavours with a hint of sweetness from the corn.",B,1,24,4.96,excellent,0.7125,excellent,0.8571,good,0.9499,4.42,4.88,4.12
Birds Of Paradise (Katong),ChIJm-8AiHIY2jERf0IR8Y0-SNo,"#01-05, 63 East Coast Road, 428776, Singapore",Singapore,Central,1,Street Food,103.9035725,1.3052429,9678 6092,https://guide.michelin.com/en/singapore-region/singapore/restaurant/birds-of-paradise,https://birdsofparadise.sg,Selected Restaurants,"Takeaway,Delivery,Credit cards,NFC payments,Wheelchair accessible","A mesmerising array of top-quality gelato and sorbet is served in house-made thyme-scented waffle cones. Sea salt hojicha, white chrysanthemum, and raspberry lychee are some of its outstanding offerings.",B,1,21,4.57,good,0.6548,excellent,0.7004,good,0.8243,3.62,4.48,3.9
Bismillah Biryani (Little India),ChIJ_Zh0qbkZ2jERUOVEa0m0ahs,"50 Dunlop Street, 209379, Singapore",Singapore,Central,1,Street Food,103.8536,1.304989,6935 1326,https://guide.michelin.com/en/singapore-region/singapore/restaurant/bismillah-biryani,https://www.bismillahbiryani.com/,Bib Gourmand,"Dine-in,Takeaway,Delivery,Coffee,NFC payments","Biryani is the standout dish in this place specialising in North Indian food. The lamb shank biryani is recommended for its fork-tender texture and meaty flavour. Haleem, mutton nihari and aloo gobi are also good choices.",B,1,28,4.11,good,0.6981,excellent,0.5674,good,0.8729,3.57,4.11,3.71
Bistro Gaston,ChIJ7agS6l8Z2jERr8aASVBKXtw,"25 Keong Saik Road, 089132, Singapore",Singapore,Central,2,French,103.8414273,1.2798386,6909 8120,https://guide.michelin.com/en/singapore-region/singapore/restaurant/gaston,https://www.bistrogaston.sg,Selected Restaurants,"Dine-in,Takeaway,Reservations,Outdoor seating,Beer,Wine,Cocktails,Coffee,Credit cards,NFC payments","This relaxing, inviting bistro serves classic French fare that impresses with its mindful preparation, solid skills and exceptional quality. A Burgundian himself, the friendly owner fashions a menu that captures the best-known recipes of his home region, including oeuf en meurette, beef bourguignon and pôchouse, alongside classic sweets such as profiteroles and Paris-Brest. The well-curated wine list covers a wide selection of Burgundian labels.",A,0,23,4.61,good,0.7295,excellent,0.7763,good,0.9893,3.83,4.52,3.91
Boon Tong Kee (Balestier Road),ChIJ7wTBRt8Z2jERQO-YNjVAXyI,"399, 401, 403 Balestier Road, 329801, Singapore",Singapore,Central,1,Chinese,103.8495,1.3255796,6254 3937,https://guide.michelin.com/en/singapore-region/singapore/restaurant/boon-tong-kee-balestier-road,https://boontongkee.com.sg/,Bib Gourmand,"Dine-in,Takeaway,Delivery,Reservations,Outdoor seating,Beer,Coffee,Credit cards,NFC payments","You won’t have any trouble finding this enduringly popular restaurant – its colourful neon sign will guide you in from afar. The group may have expanded over the years but this is the original branch, opened in 1983. Their signature boiled chicken, which boosts succulent and tender meat, is still the biggest draw and comes in three different sizes, but those looking for a full zi char feast won’t be disappointed. Avoid peak times if you’re not prepared to queue.",A,0,18,3.44,good,0.6959,excellent,0.4154,good,0.7327,3.0,3.56,3.56
Boon Tong Kee Kway Chap,ChIJDcuaEYMZ2jERI9lM6fTySWM,"Zion Riverside Food Centre, #024, 70 Zion Road, 247792, Singapore",Singapore,Central,1,Street Food,103.8311181,1.2924249,No Phone Number Listed,https://guide.michelin.com/en/singapore-region/singapore/restaurant/boon-tong-kee-kway-chap%E2%80%A7braised-duck,https://maps.app.goo.gl/gX5tm4LSWJVkK5LQ6,Selected Restaurants,"Dine-in,Takeaway,Outdoor seating,Wheelchair accessible","Boon Tong Kee prides itself on its spiced soy marinade made with aromatic Chinese herbs. With its springy skin and tasty meat, the signature braised duck is a hit. The braised pork trotter and taro rice are also popular.",A,0,29,3.9,good,0.6412,excellent,0.5187,good,0.8016,3.28,3.59,3.72
Brasserie Astoria Singapore,ChIJz467uSEZ2jERd6bgM7zCILo,"Victoria Concert Hall, #01-01, 11 Empress Place, 179558, Singapore",Singapore,Central,2,European,103.85171,1.28801,9619 1567,https://guide.michelin.com/en/singapore-region/singapore/restaurant/brasserie-astoria-1209987,https://www.brasserieastoria.sg/,Selected Restaurants,"Dine-in,Takeaway,Reservations,Beer,Wine,Cocktails,Coffee,Credit cards,NFC payments","An outpost of its namesake in Stockholm, this is the brainchild of the Swedish owner-chef Björn Frantzén. Nestled in the historical Victoria Concert Hall (1800s), its retro glamour complements the chef's new spin on brasserie classics, some with trolley or tableside service. Try the råraka, a Swedish potato cake topped with vendace roe, crème fraîche, chives and red onion. Toast Astoria with prawn, king crab and wasabi aioli is also unmissable.",A,0,25,4.36,good,0.703,excellent,0.8261,good,0.8509,3.68,4.32,3.88
Buko Nero,ChIJ5cofIm0Z2jERz8SqoZropF0,"126 Tanjong Pagar Road, 088534, Singapore",Singapore,Central,2,Italian,103.84357,1.277667,6324 6225,https://guide.michelin.com/en/singapore-region/singapore/restaurant/buko-nero,https://www.bukonero.com.sg/,Selected Restaurants,"Dine-in,Takeaway,Reservations,Wine,Cocktails,Coffee,Credit cards,NFC payments,Wheelchair accessible","Diners flock to this small neighbourhood joint and it’s easy to understand why: the bubbly, charming hostess works seamlessly with her husband chef from Veneto, who in turn delivers simple, delicious Italian fare with subtle Asian twists. Try his tau kwa tower – an appetising mix of sautéed Italian-style greens and Singaporean dried tofu salad in a tangy Asian dressing. Hand-made pasta is another highlight, as are the weekly specials.",A,0,29,4.69,good,0.7367,excellent,0.7886,good,0.9004,3.69,4.62,4.03
Buona Terra,ChIJJfTNnu0Z2jERbnACwz4zeuk,"29 Scotts Road, 228224, Singapore",Singapore,Central,3,Italian,103.8348231,1.3107414,9456 3147,https://guide.michelin.com/en/singapore-region/singapore/restaurant/buona-terra,https://www.buonaterra.com.sg,1 Star,"Dine-in,Takeaway,Delivery,Reservations,Beer,Wine,Cocktails,Coffee,Credit cards,NFC payments","The entrance to this intimate restaurant in a refurbished colonial house is flanked by an imposing display of wine bottles, including many interesting Italian vintages. The interior is elegantly furnished with refined contemporary charm. They serve set menus comprising impeccably executed dishes. Signatures include house-made tagliatelle with freshly shaved and intensely aromatic white truffle. Wine list comes with options of Italian labels, natural wine and whisky flyer.",A,0,25,4.2,good,0.7225,excellent,0.8014,good,0.9306,3.68,4.08,3.72
Burnt Ends,ChIJLZ9DYnIZ2jERQ51Am7WzJLM,"#01-04, 7 Dempsey Road, 249671, Singapore",Singapore,Central,3,Barbecue,103.8086664,1.3048886,6224 3933,https://guide.michelin.com/en/singapore-region/singapore/restaurant/burnt-ends-1200777,https://burntends.com.sg,1 Star,"Dine-in,Reservations,Beer,Wine,Cocktails,Coffee,Credit cards,NFC payments","Years ago, the Aussie owner-chef David Pynt opened a pop-up in London called Burnt Enz to great acclaim. Then his refined barbecue food cooked in a wood-fire brick kiln was taken up a notch with Burnt Ends in Singapore. In 2021, it moved to this location, twice as big as its previous space. The small but interesting snack menu is worth exploring. Meats and fish are well complemented by the Australian wines on offer. Book ahead to secure a table.",B,1,27,3.81,good,0.6835,excellent,0.7153,good,0.875,3.52,3.93,3.85
Butcher's Block,ChIJxa9_D1cZ2jERvqas0i6h4oY,"Raffles Arcade, #02-02, 328 North Bridge Road, 188719, Singapore",Singapore,Central,3,Steak House,103.8538526,1.2953284,6412 1816,https://guide.michelin.com/en/singapore-region/singapore/restaurant/butcher-s-block,https://www.butchersblock.com.sg,Selected Restaurants,"Dine-in,Takeaway,Delivery,Reservations,Beer,Wine,Cocktails,Coffee,Credit cards,NFC payments,Wheelchair accessible","Wood-fire cooking is the speciality of this dark and handsome restaurant within Raffles hotel. Head straight to the tasting menu if you want to experience a variety of top-quality fish and meat dishes, all expertly prepared using American wood and supplemented with Asian flavours. The moodily lit room ensures your gaze never wanders too far from the open kitchen. A restaurant to appeal to the hunter-gatherer in all of us.",A,0,30,4.7,excellent,0.6738,excellent,0.9045,good,0.9284,4.07,4.73,4.1
CUT by Wolfgang Puck,ChIJnWdQKQQZ2jERxH3g-HsHchE,"The Shoppes at Marina Bay Sands, Galleria Level, #B1-71, 10 Bayfront Avenue, 018972, Singapore",Singapore,Central,3,Steak House,103.8597843,1.2857261,6688 8517,https://guide.michelin.com/en/singapore-region/singapore/restaurant/cut,https://wolfgangpuck.com/restaurants/cut-singapore/,1 Star,"Dine-in,Takeaway,Delivery,Reservations,Beer,Wine,Cocktails,Coffee,Credit cards,NFC payments,Wheelchair accessible","Synonymous with quality steaks with big flavours, celebrity chef Wolfgang Puck is a seal of confidence for this outpost of his famed namesake in LA. Here steaks are expertly seasoned, chargrilled and finished off under a 1200-degree broiler to leave them juicy and tender. Don’t forget to order the amazing onion rings with your steak. The wine list offers over 650 labels and a cocktail at the bar while waiting for your table adds to the experience.",B,1,26,4.54,good,0.7154,excellent,0.818,good,0.869,3.77,4.5,4.12
Candlenut,ChIJ5ySHC3IZ2jERu-xiMMTjAVE,"17A Dempsey Road, 249676, Singapore",Singapore,Central,2,Peranakan,103.8100724,1.3058588,No Phone Number Listed,https://guide.michelin.com/en/singapore-region/singapore/restaurant/candlenut,https://www.comodempsey.sg/restaurant/candlenut,1 Star,"Dine-in,Takeaway,Reservations,Outdoor seating,Beer,Wine,Cocktails,Coffee,Credit cards,NFC payments,Wheelchair accessible","The lofty room feels airy, while bamboo and rattan details impart serenity. Influenced by his mother and grandma, the chef cooks traditional Peranakan fare with a creative twist and an Indonesian touch. In addition to à la carte dishes that are served communal style, the tasting menu features 10+ courses that change every two months; many are one-bite dishes with unique flavours and textures.",A,0,27,4.15,good,0.689,excellent,0.7255,good,0.895,3.7,4.04,3.78
Ce Soir,ChIJDXnRsjcb2jERiBydCxYnw1E,"#01-03, 5B Portsdown Road, 139311, Singapore",Singapore,Central,3,Fine Dining,103.7960641,1.2942933,9177 9993,https://guide.michelin.com/en/singapore-region/singapore/restaurant/ce-soir,https://cesoir.com.sg,Selected Restaurants,"Dine-in,Reservations,Beer,Wine,Cocktails,Coffee,Credit cards,NFC payments","Ce Soir wins kudos not only for its impossibly romantic floral theme and all things botanical, but also for its deftly crafted French fare with distinct Asian notes. Inspired by the chef's childhood memories, a recent iteration of the menu prominently featuring Japanese produce is presented as a scrapbook. Each and every course of the lunch set and dinner tasting menus is visually stunning, with seafood being a definite highlight.",A,0,28,4.89,excellent,0.5739,excellent,0.8236,good,0.9435,4.11,4.64,4.29
Chai Chuan Tou Yang Rou Tang,ChIJmf03430Z2jERDoCj3LvUSQw,"115 Bukit Merah View Market & Hawker Centre, #01-51, Blk 115 Bukit Merah View, 151115, Singapore",Singapore,Central,1,Street Food,103.8220326,1.2856243,No Phone Number Listed,https://guide.michelin.com/en/singapore-region/singapore/restaurant/chai-chuan-tou-yang-rou-tang,https://maps.app.goo.gl/oEvT477kWRpCq5wZ8,Bib Gourmand,"Dine-in,Takeaway,Wheelchair accessible","The mutton soup here can be paired with tripe, meatballs, tendon or even brain. The mutton boasts the right mix of fatty and lean meat, without tasting gamey. The broth has a mildly herbal flavour. Come early as they tend to sell out.",A,0,24,4.5,good,0.6569,excellent,0.5495,good,0.9229,3.83,4.5,3.96
Chef Kang's Noodle House,ChIJWwDgCSwX2jERf0TwOrbK2xA,"Blk C, #01-34, Jackson Square, 11 Lorong 3 Toa Payoh, 319579, Singapore",Singapore,Central,1,Street Food,103.8485929,1.3372466,8280 2782,https://guide.michelin.com/en/singapore-region/singapore/restaurant/chef-kang-s-noodle-house,https://www.chef-kang.com/noodle-house,Bib Gourmand,"Dine-in,Takeaway,Outdoor seating,Coffee,Wheelchair accessible","This joint specialises in noodle soup with wontons and char siu – the springy noodles are shipped from Hong Kong; the lightly charred pork has layers of fat and lean meat. For extra texture and flavour, order shredded abalone on top.",A,0,26,4.0,good,0.6062,excellent,0.43,good,0.9157,3.77,4.31,3.96
Cheng Heng Kway Chap and Braised Duck Rice,ChIJ7SUpBGoa2jERf87hnXTrMCY,"Holland Drive Market & Food Centre, #02-05, 44 Holland Drive, 270044, Singapore",Singapore,Central,1,Street Food,103.7924893,1.3081707,No Phone Number Listed,https://guide.michelin.com/en/singapore-region/singapore/restaurant/cheng-heng-kway-chap-and-braised-duck-rice,https://maps.app.goo.gl/ayxwevx5j1aDdGYK9,Selected Restaurants,"Dine-in,Takeaway","The name reveals the two signature dishes – the braised duck is tender, has robust flavours and is accompanied by a perfectly seasoned, spiced soy marinade. The kway (rice noodles) are silky smooth and the soup is moreish.",A,0,28,3.75,good,0.6606,good,0.5243,good,0.8276,3.29,3.71,3.61
Cheok Kee,ChIJwa2_nSwY2jERqr9kqOaN5O0,"Geylang Bahru Market & Food Centre, #01-35, 69 Geylang Bahru, 330069, Singapore",Singapore,Central,1,Street Food,103.870173,1.32144,No Phone Number Listed,https://guide.michelin.com/en/singapore-region/singapore/restaurant/cheok-kee,https://maps.app.goo.gl/TPcaZmd5H8xnTQNu5,Bib Gourmand,"Dine-in,Takeaway,Wheelchair accessible","Its famous soy-marinated duck boasts velvety flesh on a bed of steamed rice perfumed by duck scents. It comes with chilli vinegar that aptly cuts through the richness, plus an aromatic duck soup made with Chinese herbs.",B,1,28,3.25,good,0.7499,good,0.5236,good,0.874,2.96,3.18,3.21
Chey Sua Carrot Cake,ChIJE69i1WkX2jERoghAB9OcsYI,"127 Toa Payoh West Market & Food Centre, #02-30, Blk 127, Lorong 1 Toa Payoh, 310127, Singapore",Singapore,Central,1,Street Food,103.8447178,1.3380791,No Phone Number Listed,https://guide.michelin.com/en/singapore-region/singapore/restaurant/chey-sua-carrot-cake,https://maps.app.goo.gl/2nh7NLbLwpEjZxyN8,Bib Gourmand,"Dine-in,Takeaway,Delivery,Outdoor seating,Coffee,Wheelchair accessible","The pan-fried radish cake is hugely popular. Fried on one side until golden, it allows you to taste the caramelised crispy bits and the soft moist cake at the same time. The cakes are fried to order, so expect a longer waiting time.",A,0,27,1.93,poor,0.635,terrible,0.5611,good,0.5986,2.41,2.15,2.59
Chomp Chomp Satay,ChIJx-Df2KMZ2jERwzqHPGryf9E,"Chomp Chomp Food Centre, #01-34, 20 Kensington Park Road, 557269, Singapore",Singapore,North-East,1,Street Food,103.8664665,1.3642842,No Phone Number Listed,https://guide.michelin.com/en/singapore-region/singapore/restaurant/chomp-chomp-satay,https://maps.app.goo.gl/2iMHT5PjfG3gqD8c8,Selected Restaurants,"Dine-in,Takeaway,Credit cards,NFC payments,Wheelchair accessible","Opt for pork, chicken, mutton or ketupat served with pineapple sauce.",B,1,25,4.36,good,0.6419,excellent,0.5437,good,0.8603,3.68,4.2,3.88
Chuan Kee Boneless Braised Duck,ChIJ-eXK8mga2jER47OPcbdMYCY,"20 Ghim Moh Road Market & Food Centre, #01-04, Blk 20, Ghim Moh Road, 270020, Singapore",Singapore,Central,1,Street Food,103.788126,1.3110244,No Phone Number Listed,https://guide.michelin.com/en/singapore-region/singapore/restaurant/chuan-kee-boneless-braised-duck,https://maps.app.goo.gl/8N5c6qDWhY5NwQuX9,Bib Gourmand,"Dine-in,Takeaway,Wheelchair accessible","Juicy and flavoursome braised duck is served with rice, congee, kway teow or noodles, plus optional extras such as duck gizzard, duck liver or marinated egg. The ""set"" comes with a bowl of bak kut teh.",A,0,26,4.23,good,0.7286,excellent,0.6252,good,0.8836,3.69,4.15,3.62
Chung Cheng,ChIJSwYWdLQZ2jERrzmOTYRJGw4,"Golden Mile Food Centre, #01-59, 505 Beach Road, 199583, Singapore",Singapore,Central,1,Street Food,103.8639165,1.3033256,No Phone Number Listed,https://guide.michelin.com/en/singapore-region/singapore/restaurant/chung-cheng,https://maps.app.goo.gl/zqqcKMgaorWGqsgd9,Selected Restaurants,"Dine-in,Takeaway,Outdoor seating,Cash only,Wheelchair accessible","Three options feature on the menu of this stall – chilli mee, prawn mee and laksa. Go for chilli mee: yellow egg noodles topped with tangy chilli sauce, pork ribs, prawns, hard-boiled egg, fish cake and tofu puffs.",A,0,27,4.04,good,0.6488,good,0.3948,good,0.8899,3.48,3.96,3.63
Claudine,ChIJ-zvlIDQZ2jERQmjhYTdSKMg,"39C Harding Road, 249541, Singapore",Singapore,Central,2,French,103.8134286,1.3048538,6265 2966,https://guide.michelin.com/en/singapore-region/singapore/restaurant/claudine,https://www.claudinerestaurant.com,Selected Restaurants,"Dine-in,Reservations,Beer,Wine,Cocktails,Coffee,Credit cards,NFC payments","From chef Julien Royer of Odette fame comes this classic French brasserie, named after his mother. It's housed in a lovely converted 1930s chapel with an open kitchen at one end and a bar at the other. Those with a fondness for comforting French classics will find the roll call of favourites highly appealing, from foie gras terrine to vol-au-vents and soufflé. The wine list is thoughtfully curated and by-the-glass choices abound.",A,0,24,4.33,good,0.7597,excellent,0.6988,good,0.8607,3.5,4.12,3.92
Cloudstreet,ChIJox0yPU8Z2jERHKePRm932o0,"84 Amoy Street, 069903, Singapore",Singapore,Central,4,Fine Dining,103.8470099,1.280977,6513 7868,https://guide.michelin.com/en/singapore-region/singapore/restaurant/cloudstreet,https://cloudstreet.com.sg/,2 Stars,"Dine-in,Reservations,Beer,Wine,Cocktails,Coffee,Credit cards,NFC payments","In addition to naming his venture after the Tim Winton book, Sri Lankan chef Rishi Naleendra pays homage to Australia where he honed his skills. His food embodies balance and harmony, making the best use of top-quality ingredients and well thought-out flavours. Highlights include Sri Lankan curry with blue marron and coconut broth, and Murray cod with fermented bell pepper and almonds. The savvy front-of-house team delivers slick service and the perfect vibe.",A,0,26,4.77,good,0.6483,excellent,0.8636,good,0.9254,4.15,4.92,4.12
Come Daily Fried Hokkien Prawn Mee,ChIJiQQGOWgX2jERXmFkXdKaogI,"127 Toa Payoh West Market & Food Centre, #02-27, Blk 127, Lorong 1 Toa Payoh, 310127, Singapore",Singapore,Central,1,Street Food,103.8447186,1.3381846,No Phone Number Listed,https://guide.michelin.com/en/singapore-region/singapore/restaurant/come-daily-fried-hokkien-prawn-mee,https://maps.app.goo.gl/ExxeGuWmdzKJmLsf7,Selected Restaurants,"Dine-in,Takeaway,Delivery,Coffee,Cash only,Wheelchair accessible","The signature Hokkien prawn mee is made with yellow egg noodles, rice vermicelli and squid, topped with fried crispy lard that adds an extra layer of texture and flavours.",A,0,26,4.15,good,0.6707,good,0.5213,good,0.8765,3.42,3.96,3.77
Cumi Bali,ChIJDw5_RG0Z2jERl-F--4zrv6E,"50 Tras Street, 078989, Singapore",Singapore,Central,2,Indonesian,103.8442371,1.2781933,6220 6619,https://guide.michelin.com/en/singapore-region/singapore/restaurant/cumi-bali,https://www.cumibali.com,Bib Gourmand,"Dine-in,Takeaway,Delivery,Reservations,Beer,Coffee,Credit cards","This friendly restaurant serves authentic Indonesian fare in a setting adorned with artefacts and bamboo-styled furnishings. The signature whole grilled squid Cumi Bali – succulent and springy in texture – is the restaurant’s namesake and is even more delicious in their renowned house-made sauce that features a myriad of natural spices. Nasi Kunyit is a rice dish jazzed up with 11 spices, including turmeric, cinnamon and pandan leaves. The portion sizes are perfect for sharing.",B,1,26,4.31,good,0.7084,excellent,0.6228,good,0.9336,3.31,4.27,3.65
Da Po,ChIJ6xioi7MZ2jERUUldfIsqDH0,"Golden Mile Food Centre, #B1-53, 505 Beach Road, 199583, Singapore",Singapore,Central,1,Street Food,103.8639417,1.3029969,9848 9949,https://guide.michelin.com/en/singapore-region/singapore/restaurant/da-po,https://maps.app.goo.gl/Ku5ZTao1geiG3iXq7,Selected Restaurants,"Dine-in,Takeaway,Outdoor seating","This stall serves only curry chicken noodles and Hainanese chicken rice. The latter comes in three portion sizes. Choose between roast or steamed chicken. The steamed one boasts meaty flavour, springy skin and silky flesh.",A,0,28,4.71,good,0.7261,excellent,0.694,good,0.9537,3.82,4.57,4.04
Da Shi Jia Big Prawn Mee,ChIJn7jj_5kZ2jERdhZzwXgi41Q,"89 Killiney Road, 239534, Singapore",Singapore,Central,1,Ramen,103.8389954,1.298469,8908 6949,https://guide.michelin.com/en/singapore-region/singapore/restaurant/da-shi-jia,https://maps.app.goo.gl/VzyzzA9irkjssw9k7,Bib Gourmand,"Dine-in,Takeaway,Outdoor seating,Beer,Coffee,Credit cards,NFC payments","Guests are spoiled for choices here. First, pick between prawn noodle soup and fried prawn bee hoon. For prawn mee, specify the size of these wild-caught marine crustaceans – from regular to XXL. Then pick your noodles –the yellow variety, kway teow, bee hoon, or any combination of those. For real big eaters, choose extra toppings of fish cake, pork ribs or sliced pork. Don’t forget about snacks like tofu skin prawn rolls and fried prawn balls on the side.",A,0,19,3.37,good,0.6654,excellent,0.5245,good,0.7622,3.21,3.58,3.53
Delhi Lahori,ChIJwcCP1psZ2jERI3RNOOXzMjs,"Tekka Centre, #01-266, 665 Buffalo Road, 210665, Singapore",Singapore,Central,1,Street Food,103.8507102,1.3064407,No Phone Number Listed,https://guide.michelin.com/en/singapore-region/singapore/restaurant/delhi-lahori,https://maps.app.goo.gl/7gCjWBffUzJE4DBN9,Bib Gourmand,"Dine-in,Takeaway,Delivery,NFC payments","The experienced tandoor master knows his clay oven inside out. His fluffy, crispy naans have a loyal following. His grilled-to-order seekh kebab and chicken tikka masala are also exceptional and come in generous portions.",B,1,27,3.81,good,0.6111,excellent,0.4544,good,0.8303,3.48,3.93,3.59
Dill,ChIJ8yh3oeMZ2jERgfHcowGUFIY,"33 Duxton Road, 089497, Singapore",Singapore,Central,2,Scandinavian,103.8434029,1.2790267,8791 1876,https://guide.michelin.com/en/singapore-region/singapore/restaurant/dill-1244891,https://www.dill.sg,Selected Restaurants,"Dine-in,Reservations,Beer,Wine,Cocktails,Coffee,Credit cards,NFC payments,Wheelchair accessible","Warm beige, wood tones and soft lighting make for a calm and soothing space. Similarly, dishes created by the Norwegian chef are simple and honest, with a touch of Nordic charm. At lunchtime, light meals such as toast, sandwiches and waffles are served. To experience his culinary vision in full, try his dinner set, which may include the unmissable ""cod, kohlrabi, celeriac"" – fresh, perfectly cooked fish finessed by solid technique.",A,0,28,4.93,good,0.6953,excellent,0.9264,good,0.9933,4.07,4.93,4.25
Dudu Cooked Food,ChIJu2nZw9wP2jERIJCbMLtYXCc,"Jurong West 505 Market & Food Centre, #01-19, Blk 505, Jurong West Street 52, 640505, Singapore",Singapore,West,1,Street Food,103.71848,1.3494,9685 8694,https://guide.michelin.com/en/singapore-region/singapore/restaurant/du-du-shou-shi,https://maps.app.goo.gl/TdHXiLKt6fn6EwAf6,Bib Gourmand,"Dine-in,Takeaway,Wheelchair accessible","This stall carries two varieties of tu tu kueh – coconut and peanut. The steamed rice cake is chewy and springy on the outside; both fillings are nutty, sweet and aromatic. Best enjoyed piping hot!",A,0,27,4.33,good,0.6247,excellent,0.4402,good,0.8282,3.85,4.19,3.81
Eminent Frog Porridge & Seafood (Lor 19),ChIJh9mEGc4Z2jERGye7UfBopck,"Geylang Lorong 19, 323 Geylang Road, 389359, Singapore",Singapore,Central,1,Street Food,103.8792564,1.3127778,9842 2941,https://guide.michelin.com/en/singapore-region/singapore/restaurant/eminent-frog-porridge-seafood-lor-19,https://maps.app.goo.gl/UCAwVTepaoKq6o2C9,Bib Gourmand,"Dine-in,Takeaway,Delivery,Outdoor seating,Beer,Coffee,Cash only","Frog is certainly big on the menu – besides the famous frog porridge, try frog fried with ginger and scallion or tossed in Kung Pao sauce. A favourite spot among locals for late-night supper, this place is always packed, so be prepared to wait.",B,1,16,2.62,good,0.7898,good,0.5078,good,0.7076,2.75,2.75,3.19
Esquina,ChIJe8_wgHIZ2jERzHYmjtT4fpI,"16 Jiak Chuan Road, 089267, Singapore",Singapore,Central,2,Spanish,103.8420297,1.2799309,6222 1616,https://guide.michelin.com/en/singapore-region/singapore/restaurant/esquina,https://esquina.com.sg,Selected Restaurants,"Dine-in,Takeaway,Delivery,Reservations,Outdoor seating,Beer,Wine,Cocktails,Coffee,Credit cards,NFC payments","The main dining room of this shophouse just off Keong Saik Road is upstairs, but the best place to sit is at the ground-floor counter in front of the open kitchen, watching the chef and his team at work. The dishes are as flavoursome as they are colourful and creative. Order anchovy sticks with bottarga aioli while you peruse the menu’s sections: ‘snacks’, ‘soil’, ‘sea’ and ’land’. Octopus and suckling pig are the house signatures and the set menu is also worth trying.",A,0,26,4.88,good,0.6488,excellent,0.768,good,0.9443,3.96,4.54,4.04
Fatty Ox HK Kitchen,ChIJ3z2MH3MZ2jER5VZxwFfXs1A,"Chinatown Complex Market & Food Centre, #02-84, 335 Smith Street, 050335, Singapore",Singapore,Central,1,Street Food,103.8432932,1.2822034,No Phone Number Listed,https://guide.michelin.com/en/singapore-region/singapore/restaurant/fatty-ox-hk-kitchen,https://maps.app.goo.gl/jh68oWASNvP83c7o6,Selected Restaurants,"Dine-in,Takeaway,Wheelchair accessible","Offers a wide array of noodles, including pork trotter and barbecue meats. The fresh yam noodles are handmade and available for take away only.",A,0,28,4.18,good,0.7282,good,0.4822,good,0.8915,3.57,3.96,3.82
Fei Fei Roasted Noodle,ChIJZZZoqxkQ2jERUlm9TCW5lj4,"Yuhua Village Market and Food Centre, #01-28, Blk 254, Jurong East Street 24, 600254, Singapore",Singapore,West,1,Street Food,103.7376562,1.3436537,No Phone Number Listed,https://guide.michelin.com/en/singapore-region/singapore/restaurant/fei-fei-roasted-%E2%80%A2-noodle,https://maps.app.goo.gl/pTrRHQXDMCdkTVhP9,Bib Gourmand,"Dine-in,Takeaway,Outdoor seating,Coffee",Popular stall for roasted meat and dumplings. Duck leg with shrimp wonton noodles is recommended. Come early before the food runs out.,A,0,34,4.56,good,0.6963,excellent,0.5071,good,0.927,3.65,4.53,4.06
Feng Zhen Lor Mee,ChIJX9KCDfsP2jERiI4IUgJDkn4,"Taman Jurong Market & Food Centre, #03-146, 3 Yung Sheng Road, Jurong West, 618499, Singapore",Singapore,West,1,Street Food,103.7213881,1.3349205,No Phone Number Listed,https://guide.michelin.com/en/singapore-region/singapore/restaurant/feng-zhen-lor-mee,https://maps.app.goo.gl/w4JrF7kS4Ywn2E5D7,Selected Restaurants,"Dine-in,Takeaway,Coffee,Cash only,Wheelchair accessible","This popular stall offers lor mee with generous toppings like meatballs and fish flakes. The noodles are springy and the broth is tasty and flavoursome. Also, try their deep-fried prawn rolls with a crispy skin and juicy filling.",B,1,26,3.77,good,0.6898,excellent,0.4894,good,0.8429,3.15,3.81,3.88
Fiamma,ChIJEWNnq5of2jER69_bjd4nzlg,"Capella Hotel, 1 The Knolls, Sentosa Island, 098297, Singapore",Singapore,Central,3,Italian,103.8242699,1.2494097,6591 5046,https://guide.michelin.com/en/singapore-region/singapore/restaurant/fiamma,https://capellahotels.com/en/capella-singapore/dining/fiamma,Selected Restaurants,"Dine-in,Takeaway,Reservations,Outdoor seating,Beer,Wine,Cocktails,Coffee,Credit cards,NFC payments,Wheelchair accessible","This restaurant in an ultra-luxury beach resort boasts a rustic chic room, complete with an open kitchen, wood-fired oven (hence the name) and a terrace overlooking the pool and garden. Here, the chef offers a good range of Italian classics, embodying his personal history and childhood memories. His tiramisu, generous enough for two to share, is topped with a crispy caramelised sugar shell, a perfect finale to the refined dining experience.",A,0,24,4.71,good,0.6749,excellent,0.9237,good,0.9274,4.12,4.71,4.17
Fico,ChIJ04fGxckj2jERlkiNn_xBbbM,"1300 East Coast Parkway, 468964, Singapore",Singapore,East,2,Italian,103.9463853,1.3105224,8121 7208,https://guide.michelin.com/en/singapore-region/singapore/restaurant/fico-1213088,https://www.ficomasseria.com,Bib Gourmand,"Dine-in,Takeaway,Reservations,Outdoor seating,Beer,Wine,Cocktails,Coffee,Credit cards,NFC payments,Wheelchair accessible","This white house styled after a masseria in Puglia is sited within East Coast Park. The sprawling lawn, spectacular ocean views and sound of the waves all exude a soothing vibe. The Pugliese chef is keen to bring authentic cuisine from his homeland to Singapore, of which focaccina and pasta made from scratch are the highlights. Try his San Marzano tomato focaccina with mozzarella and fresh basil, bursting with intense flavours.",A,0,22,4.55,good,0.6947,excellent,0.7038,good,0.8833,3.59,4.18,3.86
Fleur de Sel,ChIJp2UFL20Z2jERJC_y2icO1kg,"#01-01, 64 Tras Street, 079003, Singapore",Singapore,Central,2,French,103.84417,1.2777778,6222 6861,https://guide.michelin.com/en/singapore-region/singapore/restaurant/fleur-de-sel,https://www.fleurdesel.com.sg/,Selected Restaurants,"Dine-in,Takeaway,Delivery,Reservations,Beer,Wine,Coffee,Credit cards,NFC payments","In this stylish eatery with a bar and an open kitchen, you’ll find the eponymous artisanal French salt on each table – but you won’t need it thanks to the owner-chef’s spot-on sense of seasoning. At this ‘bistro de luxe’ he delivers classical French cuisine with a light, modern spin – making it easy to save room for his signature Baba. Two set menus - we recommend the tasting menu for a global experience.",A,0,28,4.39,good,0.7582,excellent,0.7939,good,0.9181,3.68,4.46,3.75
Foc (Central),ChIJSSqJZm0Z2jERuHaJHZH3bnE,"32 Keong Saik Road, 089139, Singapore",Singapore,Central,2,Spanish,103.8416179,1.2803032,6206 5810,https://guide.michelin.com/en/singapore-region/singapore/restaurant/foc-clarke-quay,https://focrestaurant.com,Selected Restaurants,"Dine-in,Takeaway,Reservations,Beer,Wine,Cocktails,Coffee,Credit cards,NFC payments","You can’t miss the huge papier mâché caricatures of the owner and chef hanging from the ceiling. The food is equally fun as the chef melds Catalonian flavours with modern techniques to create original and exciting tapas-style dishes such as smoked Cantabrian anchovies on charcoal brioche, and patatas bravas FOC style. Always busy and buzzing with a cheerful vibe. Ask for a seat at the counter to enjoy the experience to the full.",A,0,27,4.48,good,0.6489,excellent,0.7877,good,0.9401,3.96,4.7,4.0
Food Street Fried Kway Teow Mee,ChIJL-iGGXMZ2jERo589VVCGp74,"Chinatown Complex Market & Food Centre, #02-173, 335 Smith Street, 050335, Singapore",Singapore,Central,1,Street Food,103.8432905,1.2821551,No Phone Number Listed,https://guide.michelin.com/en/singapore-region/singapore/restaurant/food-street-fried-kway-teow-mee,https://maps.app.goo.gl/bXjg4kzbcP4kmiw4A,Selected Restaurants,"Dine-in,Takeaway,Beer,Cash only","Loaded with wok hei, their kway teow mee is ribbon rice noodles, egg noodles, bean sprouts and scrambled egg tossed in a secret sauce. For toppings, choose clams only, or a mix of seafood with fish, squid, shrimps and clams.",A,0,26,3.04,good,0.7236,good,0.4075,good,0.7855,3.15,3.27,3.31
Fu He Turtle Soup,ChIJrwB2KhgZ2jERsRlRqpjXCrM,"Berseh Food Centre, #02-40, 166 Jalan Besar, 208877, Singapore",Singapore,Central,1,Street Food,103.8568638,1.3075565,No Phone Number Listed,https://guide.michelin.com/en/singapore-region/singapore/restaurant/fu-he-turtle-soup,https://maps.app.goo.gl/ErBDbFqbiBVHamm38,Selected Restaurants,"Cash only,Food center","There is an array of Cantonese soups to choose from here. The eponymous soft-shelled turtle soup emits rich herbal aromas, served with plain steamed rice or taro rice.",A,0,29,3.52,good,0.6919,excellent,0.4028,good,0.7494,2.93,3.34,3.28
Fu Ming Cooked Food,ChIJ-7LfbdQb2jERJZ6s7i4dobc,"Redhill Market, #01-49, 85 Redhill Lane, 150085, Singapore",Singapore,Central,1,Street Food,103.8183732,1.2874936,No Phone Number Listed,https://guide.michelin.com/en/singapore-region/singapore/restaurant/fu-ming-cooked-food,https://maps.app.goo.gl/Meiegs9nPRhFBsRX8,Bib Gourmand,"Dine-in,Takeaway,Wheelchair accessible",Homemade black and white carrot cake is served. The black one with dark soya sauce is crispy and tasty.,A,0,28,4.21,good,0.6217,excellent,0.4157,good,0.868,3.54,4.04,3.82
Garibaldi Italian Restaurant & Bar,ChIJjeS1cqUZ2jERG8Hwz6rwZ3w,"#01-02, 36 Purvis Street, 188613, Singapore",Singapore,Central,2,Italian,103.855,1.296564,6837 1468,https://guide.michelin.com/en/singapore-region/singapore/restaurant/garibaldi,https://garibaldi.com.sg,Selected Restaurants,"Dine-in,Takeaway,Delivery,Reservations,Beer,Wine,Cocktails,Coffee,Credit cards,NFC payments,Wheelchair accessible","Ossobuco, costoletta alla Milanese and tiramisu are some of the signature dishes here, at one of the city’s best known Italian restaurants. The affable owner, though, wants everyone to be able to find their favourite dish which is why he offers such a large, all-encompassing menu. The impressive wine list, featuring around 7000 labels, is another feature for which this cosy and contemporary-styled restaurant is celebrated.",A,0,27,4.52,good,0.784,excellent,0.8225,good,0.9549,3.81,4.56,4.0
Ghim Moh Chwee Kueh,ChIJM72d7Wga2jERGul5fBo4dsI,"20 Ghim Moh Road Market & Food Centre, #01-54, Blk 20, Ghim Moh Road, 270020, Singapore",Singapore,Central,1,Street Food,103.7882915,1.3110349,9176 6850,https://guide.michelin.com/en/singapore-region/singapore/restaurant/ghim-moh-chwee-kueh,https://maps.app.goo.gl/xvZeFfBsx6ownt3B9,Selected Restaurants,"Dine-in,Takeaway,Wheelchair accessible",This stall founded in 1959 is a household name! Its lovingly hand-made chwee kueh – toothsome rice cakes topped with dried radish and mildly spicy sambal – are hugely popular among locals. Minimum order of four pieces.,A,0,29,3.21,poor,0.7388,poor,0.5145,good,0.8403,2.97,3.24,3.34
Ginza Sushi Ichi Singapore,ChIJhw9kfo0Z2jERQvBMA2bcwP8,"Marriott Tang Plaza Hotel, #01-04, 320 Orchard Road, 238865, Singapore",Singapore,Central,4,Japanese,103.8324,1.305105,6235 5514,https://guide.michelin.com/en/singapore-region/singapore/restaurant/sushi-ichi,http://ginza-sushiichi.jp/english/shop/singapore.html,1 Star,"Dine-in,Reservations,Beer,Wine,Credit cards,NFC payments,Wheelchair accessible","The silky smooth and tactile counter was fashioned from a 300-year-old cypress and the wooden ornaments on the wall were handmade by a famous carpenter in Nara. Traditional Edomae sushi is made with seasonal seafood and vegetables from Japan. Only the best rice, marinated with red or white vinegar, makes it to the counter. Even the sauces are shipped from their flagship store in Japan to maintain consistency. The omakase menu is recommended.",A,0,26,4.77,good,0.7096,excellent,0.7796,good,0.9296,3.92,4.58,4.08
Gordon Grill,ChIJ1S7ASO0Z2jERhP38R8TQodk,"Goodwood Park Hotel, 22 Scotts Road, 228221, Singapore",Singapore,Central,2,Steak House,103.8343348,1.3088935,6730 1744,https://guide.michelin.com/en/singapore-region/singapore/restaurant/gordon-grill,https://www.goodwoodparkhotel.com/dining/gordon-grill,Selected Restaurants,"Dine-in,Takeaway,Reservations,Beer,Wine,Cocktails,Coffee,Credit cards,NFC payments","A feature of Goodwood Park hotel since 1963, the restaurant is famed for its meat trolley service which is wheeled over to each table. Along with the meat and plentiful supplies of seafood from the grill, you can expect French-inspired classic dishes like lobster bisque, braised beef cheek, or Crêpes Suzette flambéed tableside. It’s a good choice for a quiet business lunch, a romantic dinner or weekend family outings.",A,0,27,4.96,good,0.7749,excellent,0.9312,good,0.95,4.11,4.78,4.07
Gunther's,ChIJ0Wkqc6UZ2jERmam6mzVinfg,"#01-03, 36 Purvis Street, 188613, Singapore",Singapore,Central,3,French,103.8549,1.296602,9010 3075,https://guide.michelin.com/en/singapore-region/singapore/restaurant/gunther-s,https://www.gunthers.com.sg/,Selected Restaurants,"Dine-in,Takeaway,Delivery,Reservations,Wine,Cocktails,Coffee,Credit cards,NFC payments,Wheelchair accessible","This owner-chef worked in some famous restaurants in his native Belgium and France before coming to Singapore. He describes his cooking as ""simple, honest and down-to-earth"", though a number of sumptuous dishes are to be had. Try his cold angel hair with a 6g quenelle of Oscietra caviar – one of his proudest creations, served since 2005. In addition to the timeless classics, check out seasonal offerings such as white asparagus.",A,0,28,4.14,good,0.7888,excellent,0.7709,good,0.9139,3.43,3.93,3.68
Hai Nan Xing Zhou Beef Noodle,ChIJqfRKpHoX2jER2DBjukNp6O0,"Kim Keat Palm Market & Food Centre, #01-06, 22 Lorong 7 Toa Payoh, 310022, Singapore",Singapore,Central,1,Street Food,103.857018,1.3355032,No Phone Number Listed,https://guide.michelin.com/en/singapore-region/singapore/restaurant/hai-nan-xing-zhou-beef-noodle,https://maps.app.goo.gl/tmFGeqTRRTjjsAMa6,Bib Gourmand,"Dine-in,Takeaway,Delivery,Cash only,Wheelchair accessible","Choose between blanched rice noodles tossed in a thick gravy, or soup noodles in a deeply flavourful ox bone broth. Then top with sliced beef, beef tripe, tendon, beef balls, or a combination.",A,0,21,4.05,good,0.6127,excellent,0.5441,good,0.8535,3.43,4.05,3.81
Hai Nan Zai,ChIJe38Z9c0V2jERZV-xPhThdjY,"Chong Pang Market and Food Centre, #01-129, 105 Yishun Ring Road, 760105, Singapore",Singapore,North,1,Street Food,103.8279671,1.4318206,No Phone Number Listed,https://guide.michelin.com/en/singapore-region/singapore/restaurant/hainan-zi,https://maps.app.goo.gl/vYNSFLrfhxLqPa4EA,Bib Gourmand,"Dine-in,Takeaway,Delivery","Singaporean food such as oyster omelettes, fried prawn mee and carrot cakes. Fried kway teow with cockles and Chinese sausage are cooked-to-order.",A,0,30,2.8,poor,0.7384,excellent,0.4691,good,0.7963,2.97,3.0,3.3
Hamamoto,ChIJL0GR3AIZ2jER0yJEIL0jQGE,"58 Tras Street, 078997, Singapore",Singapore,Central,4,Sushi,103.8441838,1.2779413,9672 7110,https://guide.michelin.com/en/singapore-region/singapore/restaurant/hamamoto,https://hamamoto.com.sg,1 Star,"Dine-in,Delivery,Reservations,Beer,Wine,Credit cards,NFC payments","Sourcing the finest ingredients is something of an obsession for Kyoto-born Kazuhiro Hamamoto. It's not just his nigiri, whether nodoguro or chutoro, that show his careful craftsmanship – the preceding dishes, such as the uni or smoked tuna course, prove just as memorable. Fish is paired with sushi rice dressed in either red or rice vinegar to accentuate its natural flavours. There is just one sitting at lunch and one at dinner, so book well ahead.",B,1,27,4.96,good,0.6845,excellent,0.8226,good,0.9568,4.04,4.7,4.04
Han Kee,ChIJ642LmRIZ2jERuJkC1M3zWF0,"Amoy Street Food Centre, #02-129, 7 Maxwell Road, 069111, Singapore",Singapore,Central,1,Street Food,103.8467276,1.2796254,No Phone Number Listed,https://guide.michelin.com/en/singapore-region/singapore/restaurant/han-kee,https://maps.app.goo.gl/1iAzyhcZKhF19XK5A,Bib Gourmand,"Dine-in,Takeaway,Cash only","There is always a queue at this stall famous for umami-laden soup made with mackerel. Enjoy the soup on its own, or use it as a rich base for porridge or bee hoon with sliced fish or fish head. Come early to beat the crowd.",A,0,28,3.11,good,0.7095,good,0.5765,good,0.7831,3.0,3.11,3.29
Hayop,ChIJI334k48Z2jERRuGSfOS78ww,"104 Amoy Street, 069924, Singapore",Singapore,Central,2,Filipino,103.8474694,1.2817671,8028 9012,https://guide.michelin.com/en/singapore-region/singapore/restaurant/hayop,https://hayopnimanam.com,Selected Restaurants,"Dine-in,Reservations,Beer,Wine,Cocktails,Coffee,Credit cards,NFC payments","Hayop serves modern Filipino fare in a wood-rich space with a subtle maritime theme, a reference to the country's fishing industry. The signature dish is Wagyu and watermelon sinigang, a tangy broth with fall-off-the-bone braised beef short ribs – best enjoyed with steamed rice. Pre-order the roast suckling pig 48 hours ahead; known as ""lechon de leche"", it is copious enough for a few to share. Try their Asian-inspired fruity cocktails, too.",A,0,28,4.21,good,0.7856,excellent,0.7305,good,0.9353,3.64,4.11,3.86
Heng,ChIJx3TNyV8Z2jERAFrgrjj3HVA,"Newton Food Centre, #01-28, 500 Clemenceau Avenue North, 229495, Singapore",Singapore,Central,1,Street Food,103.8393122,1.3120674,No Phone Number Listed,https://guide.michelin.com/en/singapore-region/singapore/restaurant/heng,https://maps.app.goo.gl/rt3DMW9sRqVwtAWb9,Bib Gourmand,"Dine-in,Takeaway,Beer,Credit cards,NFC payments,Wheelchair accessible",The owner has 50+ years-experience serving sweet and savoury carrot cakes. Fried oysters and oyster omelettes are also worth a try.,A,0,26,3.15,good,0.6521,good,0.4515,good,0.8208,3.38,3.65,3.5
Heng Gi Goose and Duck Rice,ChIJ66_bzLgZ2jERYsSC2gZv8jQ,"Tekka Centre, #01-335, 665 Buffalo Road, 210665, Singapore",Singapore,Central,1,Street Food,103.8505645,1.3056875,No Phone Number Listed,https://guide.michelin.com/en/singapore-region/singapore/restaurant/heng-gi-goose-and-duck-rice,https://maps.app.goo.gl/5h4EP191LVpCNmdx8,Selected Restaurants,"Dine-in,Takeaway,Delivery,Cash only",The soya sauce duck is very popular.,A,0,52,3.9,good,0.7298,excellent,0.4448,good,0.8656,3.58,4.04,3.67
Heng Heng Cooked Food,ChIJZZZoqxkQ2jERWiP5Vfg2uDY,"Yuhua Village Market and Food Centre, #01-12, Blk 254, Jurong East Street 24, 600254, Singapore",Singapore,West,1,Street Food,103.7380985,1.343566,No Phone Number Listed,https://guide.michelin.com/en/singapore-region/singapore/restaurant/heng-heng-cooked-food,https://maps.app.goo.gl/CZH5RsSahiaoDnAa9,Bib Gourmand,"Dine-in,Takeaway","Both the laksa and prawn mee are made to order and come in three sizes. Their hallmark laksa is doused in a rich aromatic broth and topped with prawns, fried fish cake, fried tofu and cockles.",B,1,29,3.93,good,0.7474,excellent,0.5569,good,0.9509,3.66,4.31,3.76
Heng Kee,ChIJS07AMK0Z2jERaZQaE5AaREQ,"Hong Lim Market and Food Centre, #01-58, Blk 531A, Upper Cross Street, 051531, Singapore",Singapore,Central,1,Street Food,103.8457218,1.2851492,9278 0415,https://guide.michelin.com/en/singapore-region/singapore/restaurant/heng-kee,https://maps.app.goo.gl/22zu35obngZSAbLq9,Bib Gourmand,"Dine-in,Takeaway,Cash only,Wheelchair accessible","This stall, founded in the 1970s, is now run by the second-generation owner. Its hallmark dishes are mild, well-balanced curry broth, custom-made tofu puffs and fish cakes, as well as generous helpings of velvety chicken.",A,0,26,3.92,good,0.6871,excellent,0.4659,good,0.8528,3.27,3.92,3.81
Heng Long BBQ Chicken Rice,ChIJ6ZflFTQa2jERlvANsLsNVCc,"Mei Ling Market & Food Centre, #02-42, 159 Mei Chin Road, 140159, Singapore",Singapore,Central,1,Street Food,103.8028365,1.2932654,No Phone Number Listed,https://guide.michelin.com/en/singapore-region/singapore/restaurant/heng-long-bbq-chicken-rice,https://maps.app.goo.gl/iQRZtkS4YNAaxqR17,Selected Restaurants,"Dine-in,Takeaway,Wheelchair accessible","The BBQ chicken rice is an absolute must, but the honey-glazed char siew and roast pork are also popular. Or opt for their brine-poached chicken – succulent, perfectly seasoned and with a wonderful velvety texture.",A,0,28,3.39,good,0.7844,excellent,0.3644,good,0.8699,3.21,3.5,3.46
Hill Street Fried Kway Teow,ChIJ-TAXb7Yi2jERW5xWGXUUDXo,"Pasar 16@Bedok (Bedok South Food Centre), #01-41, 16 Bedok South Road, 460016, Singapore",Singapore,East,1,Street Food,103.9355949,1.3203783,No Phone Number Listed,https://guide.michelin.com/en/singapore-region/singapore/restaurant/hill-street-fried-kway-teow,https://maps.app.goo.gl/VqikW3TPtivbJrrFA,Selected Restaurants,"Dine-in,Takeaway,Cash only,Wheelchair accessible","This stall serves a single dish that is drop-dead perfect every time. Full-bodied wok hei, irresistible aromas and generous toppings like cockles, Chinese sausage, chives and bean sprouts justify the often hour-long wait.",A,0,26,3.85,good,0.7179,excellent,0.4769,good,0.8216,3.12,3.42,3.5
Hill Street Tai Hwa Pork Noodle,ChIJuYHZKrQZ2jERuAMG3qVN5pk,"Blk 466, #01-12, Crawford Lane, 190466, Singapore",Singapore,Central,1,Street Food,103.8624,1.3052,9272 3920,https://guide.michelin.com/en/singapore-region/singapore/restaurant/hill-street-tai-hwa-pork-noodle,https://www.taihwa.com.sg,1 Star,"Dine-in,Takeaway,Outdoor seating,Beer,Coffee,Cash only,Wheelchair accessible","Noodles are cooked-to-order with nicely layered flavours and textures in every bite. Crispy dried plaice, fluffy cracklings, and tender pork liver are all meticulously prepared. Expect to queue any time of the day.",B,1,25,3.16,poor,0.71,excellent,0.5657,good,0.7454,3.04,3.52,3.48
Hock Hai (Hong Lim) Curry Chicken Noodle,ChIJrTWOw8oi2jER-Xg648zFOWU,"Bedok Interchange Hawker Centre, #01-58, 208 New Upper Changi Road, 460208, Singapore",Singapore,East,1,Street Food,103.9306401,1.324642,No Phone Number Listed,https://guide.michelin.com/en/singapore-region/singapore/restaurant/hock-hai-hong-lim-curry-chicken-noodle,https://maps.app.goo.gl/HwUeX74pTqQbQz4N8,Selected Restaurants,"Dine-in,Takeaway","The curry broth may be only mildly hot, but its flavours are deep. The chicken is tender; potato and tofu puffs soak up the sauces. Besides curry, there is satay chicken served on your choice from three varieties of noodles.",A,0,29,3.55,good,0.716,excellent,0.5845,good,0.8692,3.41,3.9,3.38
Hock Seng Choon Fish Ball Kway Teow Mee,ChIJLxMAbrYi2jERJb6FkfTSYPk,"Pasar 16@Bedok (Bedok South Food Centre), #01-50, 16 Bedok South Road, 460016, Singapore",Singapore,East,1,Street Food,103.9351611,1.3203827,9789 6160,https://guide.michelin.com/en/singapore-region/singapore/restaurant/hock-seng-choon-fish-ball-kway-teow-mee,https://maps.app.goo.gl/vDCRqnaCZR6GuP8R8,Selected Restaurants,"Dine-in,Takeaway,Wheelchair accessible",Fish balls are tender and rich. The al dente noodles marry well with the fresh broth.,B,1,25,3.04,poor,0.7588,excellent,0.4817,good,0.8496,2.76,3.0,3.28
Hoe Kee Kitchen,ChIJD8NML3UQ2jERbi7NYhPn8Fo,"Jurong West 505 Market & Food Centre, #01-39, Blk 505, Jurong West Street 52, 640505, Singapore",Singapore,West,1,Street Food,103.7184122,1.3499648,No Phone Number Listed,https://guide.michelin.com/en/singapore-region/singapore/restaurant/hoe-kee-kitchen,https://maps.app.goo.gl/i6DrgdYMRLantxr4A,Selected Restaurants,"Delivery,Credit cards,NFC payments,Wheelchair accessible",There is always a queue at this popular stall. Steamed chicken rice with tender meat and flavourful rice perfumed with chicken oil is the must-try. Char siew and roasted pork are also good – order a combo of either.,A,0,28,3.46,good,0.7177,excellent,0.4439,good,0.8292,3.29,3.57,3.5
Hokkien Man Hokkien Mee,ChIJJYEuIakX2jERrp1i8kWG54I,"Blk 19, Toa Payoh 7, #01-264, Kim Keat Palm, 310019, Singapore",Singapore,Central,1,Street Food,103.8565087,1.3352503,No Phone Number Listed,https://guide.michelin.com/en/singapore-region/singapore/restaurant/hokkien-man-hokkien-mee,https://maps.app.goo.gl/CDLyj7HL2X2zUFyw9,Selected Restaurants,"Dine-in,Takeaway,Reservations,Outdoor seating,Coffee,NFC payments,Wheelchair accessible","As its name suggests, this stall specialises in Hokkien fried noodles in a garlicky broth made with prawn heads. Besides the typical toppings of prawns and squid, you may order others, like egg or abalone, at an additional cost.",A,0,29,3.38,good,0.7472,good,0.3982,good,0.8951,3.0,3.69,3.76
Hokkien Street Bak Kut Teh,ChIJ6-6lXwsZ2jERrepaW896uQE,"Hong Lim Market and Food Centre, #01-66, Blk 531A, Upper Cross Street, 051531, Singapore",Singapore,Central,1,Street Food,103.8457225,1.2853017,No Phone Number Listed,https://guide.michelin.com/en/singapore-region/singapore/restaurant/hokkien-street-bak-kut-teh,https://maps.app.goo.gl/8yKwyMxxFidqs5277,Selected Restaurants,"Dine-in,Takeaway","The dark amber coloured bak kut teh from this stall is loaded in herbal goodness. Pair with pork knuckle, pork intestines, steamed fish, pork tail, pork kidney or pork liver on the side, as you prefer.",A,0,27,3.78,good,0.6931,excellent,0.4846,good,0.7778,3.37,3.74,3.44
Hong Heng Fried Sotong Prawn Mee,ChIJpYrj9nkZ2jERukAeUr04fDo,"Tiong Bahru Market, #02-01, 30 Seng Poh Road, 168898, Singapore",Singapore,Central,1,Street Food,103.8327193,1.2849649,No Phone Number Listed,https://guide.michelin.com/en/singapore-region/singapore/restaurant/hong-heng-fried-sotong-prawn-mee,https://maps.app.goo.gl/9XzWYsCVD6S2Ncia9,Bib Gourmand,"Dine-in,Takeaway,Beer,Cash only,Wheelchair accessible","Cooked-to-order, the noodles stir-fried with sliced fish, squid and prawn and served with homemade chilli sauce is a favourite.",A,0,27,4.0,good,0.6768,good,0.4424,good,0.8525,3.56,3.93,3.7
Hong Kong Yummy Soup,ChIJvxqnd8wb2jERj-4hBXZC0g4,"Alexandra Village Food Centre, #01-51, Blk 120 Bukit Merah Lane 1, 150120, Singapore",Singapore,Central,1,Street Food,103.8044992,1.2863998,No Phone Number Listed,https://guide.michelin.com/en/singapore-region/singapore/restaurant/hong-kong-yummy-soup,https://maps.app.goo.gl/cqa3rWs8nGxEJq8dA,Bib Gourmand,"Dine-in,Takeaway,Wheelchair accessible","Offers six kinds of soups, like lotus root pork ribs & winter melon pork ribs. Also try steamed pork patty with pumpkin or steamed spare ribs.",A,0,25,3.4,good,0.6923,good,0.5073,good,0.7124,3.28,3.44,3.4
Hong Peng La Mian Xiao Long Bao,ChIJpbdDzQoZ2jEREtY7MxwsQs8,"People's Park Complex Food Centre, #01-1064, 32 New Market Road, 050032, Singapore",Singapore,Central,1,Street Food,103.8425969,1.2852868,No Phone Number Listed,https://guide.michelin.com/en/singapore-region/singapore/restaurant/hong-peng-la-mian-xiao-long-bao,https://maps.app.goo.gl/cuQx1PLtAto7R1PA8,Selected Restaurants,"Dine-in,Takeaway,Delivery,Beer","Offers xiao long bao, dumplings and hand-pulled noodles.",A,0,26,3.88,good,0.7586,excellent,0.5148,good,0.8562,3.81,4.35,3.81
Hong Wen Mutton Soup,ChIJL9AwKQAR2jERK9WSRwb4MKQ,"Beauty World Food Centre #04-20, 144 Upper Bukit Timah Road, 588177, Singapore",Singapore,Central,1,Street Food,103.7762553,1.3423709,9889 8948,https://guide.michelin.com/en/singapore-region/singapore/restaurant/hong-wen-mutton-soup,https://maps.app.goo.gl/ekDqYH1A9sBbkFQE7,Selected Restaurants,"Dine-in,Takeaway","In operation for over half a century, this stall is now run by the second-generation owner and his wife. Their signature soup comprises mutton, tripe or tendon in a garlicky and peppery broth with strong herbal accents.",B,1,24,2.96,poor,0.7417,excellent,0.4215,good,0.8123,2.79,2.96,2.96
Hoo Kee Bak Chang,ChIJQXlEtdYb2jER4FOim96HPcM,"Amoy Street Food Centre, #01-18, 7 Maxwell Road, 069111, Singapore",Singapore,Central,1,Street Food,103.8466824,1.2789952,No Phone Number Listed,https://guide.michelin.com/en/singapore-region/singapore/restaurant/hoo-kee-rice-dumpling,https://maps.app.goo.gl/X4JbZJ1xHED55wPd6,Bib Gourmand,"Takeaway,Reservations",Glutinous rice mixed with salted duck egg yolk pork and chestnut wrapped with bamboo leaf.,A,0,25,3.8,good,0.6829,excellent,0.497,good,0.8495,3.64,3.84,3.52
Hougang Traditional Famous Wanton Noodle,ChIJd7jlHQAZ2jERF4WnTbOvJ3c,"51 Old Airport Road Food Centre, #01-35, 51 Old Airport Road, 390051, Singapore",Singapore,Central,1,Street Food,103.8855917,1.3083056,No Phone Number Listed,https://guide.michelin.com/en/singapore-region/singapore/restaurant/hougang-traditional-famous-wanton-noodle,https://maps.app.goo.gl/DTLmWVXGWHSqe7YV7,Selected Restaurants,"Dine-in,Takeaway,Wheelchair accessible","The traditional wanton here is generously filled with pork, either blanched and served in noodle soup or deep-fried. The noodles, cooked to order, boast bouncy texture. The yellow shrimp broth is loaded with flavour.",A,0,26,3.69,good,0.524,excellent,0.3859,good,0.7792,3.42,3.65,3.38
Hua Xing Bak Kut Teh,ChIJfx17mB8Q2jER2vE_Un6WhAo,"Yuhua Market & Hawker Centre, #01-171, Blk 347, Jurong East Avenue 1, Jurong East, 600347, Singapore",Singapore,West,1,Street Food,103.7313194,1.3452792,No Phone Number Listed,https://guide.michelin.com/en/singapore-region/singapore/restaurant/hua-xing-bak-kut-teh,https://maps.app.goo.gl/StxkbDmXsUegsqEJ7,Selected Restaurants,"Dine-in,Takeaway,Coffee,Wheelchair accessible","Bak kut teh with a strong, peppery flavour and aromatic pork ribs. Add rice, pork organs, pork trotter, or vegetable soup for a complete meal.",B,1,29,3.83,good,0.7233,excellent,0.6025,good,0.8911,3.41,3.97,3.66
Huat Heng Fried Oyster,ChIJlzd2wNkZ2jERjawHnd4K2fg,"Whampoa Makan Place, #01-26, 90/91 Whampoa Drive 90, 320091, Singapore",Singapore,Central,1,Street Food,103.8549835,1.3231563,No Phone Number Listed,https://guide.michelin.com/en/singapore-region/singapore/restaurant/huat-heng-fried-oyster,https://maps.app.goo.gl/Gp4TGgi8WQrs3ucW6,Selected Restaurants,"Dine-in,Takeaway","The oyster omelette is fried to order until the crust is nicely browned, while the oysters remain plump and juicy. The house-made chilli sauce elevates the dish considerably. Various portion sizes are available.",B,1,28,2.14,poor,0.7627,poor,0.3668,good,0.7351,2.61,2.54,2.89
Hui Wei Chilli Ban Mian,ChIJOcv3nCwY2jERUGpvILySJgY,"Geylang Bahru Market & Food Centre, #01-58, 69 Geylang Bahru, 330069, Singapore",Singapore,Central,1,Street Food,103.870173,1.32144,No Phone Number Listed,https://guide.michelin.com/en/singapore-region/singapore/restaurant/hui-wei-chilli-ban-mian,https://maps.app.goo.gl/2M3AJwZfmoxFZ3ge8,Bib Gourmand,"Dine-in,Takeaway,Wheelchair accessible","Bouncy ribbon noodles made at the stall are served in soup or ""dry"" – tossed in house-made chilli sauce and topped with minced meat, meatballs, poached egg and fried lard. With limited availability, they tend to sell out early.",B,1,23,4.43,good,0.6455,excellent,0.5354,good,0.9191,3.91,4.52,3.96
Hup Hong Chicken Rice,ChIJZZZoqxkQ2jERyOhBMW_aXp8,"Yuhua Village Market and Food Centre, #01-51, Blk 254, Jurong East Street 24, 600254, Singapore",Singapore,West,1,Street Food,103.7376637,1.3436675,No Phone Number Listed,https://guide.michelin.com/en/singapore-region/singapore/restaurant/hup-hong-chicken-rice,https://maps.app.goo.gl/4NCkxaBkzkJpk91u6,Selected Restaurants,"Dine-in,Takeaway,Wheelchair accessible","The queue to get your roasted or boiled chicken rice may be long, but the wait is worthwhile for the silky-fleshed meat and the heady aromas of rice cooked in chicken stock and fat. Enjoy with char siew or roast pork.",A,0,27,4.07,good,0.7358,excellent,0.5351,good,0.9152,3.85,4.07,3.89
Hup Kee Teochew Fishball Noodles,ChIJKd8KPDQa2jERpv_obzYaAEk,"Mei Ling Market & Food Centre, #02-38, 159 Mei Chin Road, 140159, Singapore",Singapore,Central,1,Street Food,103.8028365,1.2932654,No Phone Number Listed,https://guide.michelin.com/en/singapore-region/singapore/restaurant/hup-kee-teochew-fishball-mee,https://maps.app.goo.gl/Db6kp5cW6UwxogzU8,Selected Restaurants,"Dine-in,Takeaway","This popular stall is always busy, even at off-peak times. There are different noodles to choose from, and these are topped with tasty fish balls, pork balls and fried fish cakes. A little of the hot sauce goes a long way!",B,1,30,4.2,good,0.7411,good,0.5035,good,0.9071,3.5,4.1,3.9
Ichigo Ichie,ChIJFxMUjxEZ2jERQ8yDshj-W3k,"Claymore Connect, #01-16/17, 442 Orchard Road, 238879, Singapore",Singapore,Central,3,Japanese,103.8285169,1.3075812,9018 2897,https://guide.michelin.com/en/singapore-region/singapore/restaurant/ichigo-ichie-1205515,https://ichigoichie.com.sg/,Selected Restaurants,"Dine-in,Reservations,Beer,Wine,Credit cards,NFC payments","After working in a kappo restaurant in Tokyo and helming a famous sushiya in Singapore, Chef Eno has brought to life her own fine-dining concept. At this address since 2024, she serves two set menus that change with the seasons. Her signature somen with kuruma ebi and uni bursts with seafood umami – the briny and sweet prawn broth clings nicely to the silky noodles. Reservations recommended, especially for the sought-after counter seats.",B,1,28,4.68,good,0.5893,excellent,0.6476,good,0.9327,4.29,4.71,4.11
Iggy's,ChIJFQYC8YwZ2jERaWLMF9m1AqM,"voco Orchard, Level 3, 581 Orchard Road, 238883, Singapore",Singapore,Central,3,Fine Dining,103.8293379,1.3059244,6732 2234,https://guide.michelin.com/en/singapore-region/singapore/restaurant/iggy-s,https://www.iggys.com.sg,1 Star,"Dine-in,Reservations,Beer,Wine,Coffee,Credit cards,Wheelchair accessible","A picture window in this elegantly furnished room gives diners a front-row view of the kitchen team in action. The tasting menu served at dinner features multiple courses that showcase top-notch produce from Japan and France, such as Miyazaki Wagyu and Bresse pigeon, deftly crafted with European techniques. There is also a plant-based menu for vegans. With thousands of labels from Burgundy, the wine list is worth perusing.",A,0,28,4.61,good,0.6818,excellent,0.7528,good,0.9342,3.71,4.64,3.93
Imperial Treasure Fine Teochew Cuisine (Orchard),ChIJn3KRuzgZ2jERq14svIz5O9g,"ION Orchard, #03-05, 2 Orchard Turn, 238801, Singapore",Singapore,Central,2,Chinese,103.83147,1.304144,6736 2118,https://guide.michelin.com/en/singapore-region/singapore/restaurant/imperial-treasure-fine-teochew-cuisine-orchard,https://www.imperialtreasure.com,1 Star,"Dine-in,Takeaway,Delivery,Reservations,Beer,Wine,Credit cards,NFC payments,Wheelchair accessible","Since 2016, this restaurant has been serving traditional Teochew fare with an emphasis on fresh seafood. Only 15 oversized swimmer crabs are steamed and served chilled each day, so order ahead to avoid disappointment. Teochew-style, chilled, steamed fish also impresses with irresistible briny-sweetness, tender flesh and buttery belly. Dip in the delicious Puning bean sauce for extra umami. Other classics, like the oyster omelette, are also worth trying.",A,0,28,4.32,good,0.7243,excellent,0.7163,good,0.8768,3.75,4.32,3.93
Imperial Treasure Super Peking Duck (Paragon),ChIJye26KJIZ2jERQ-cRCW2All0,"Paragon Shopping Centre, #05-42/45, 290 Orchard Road, 238859, Singapore",Singapore,Central,2,Cantonese,103.8354,1.303191,6732 7838,https://guide.michelin.com/en/singapore-region/singapore/restaurant/imperial-treasure-super-peking-duck-paragon,https://www.imperialtreasure.com/,Selected Restaurants,"Dine-in,Takeaway,Delivery,Reservations,Beer,Wine,Cocktails,Coffee,Credit cards,NFC payments,Wheelchair accessible","Considered the crown jewel of the group, this place stocks over 3 000 Peking ducks a month, yet still tends to sell out, so be sure to pre-order yours when booking your table. The restaurant is divided into three rooms and the roasted duck – a must-try with crispy skin and succulent meat – is carved tableside. Another signature dish is the velvety poached fish in shrimp stock on crispy rice; the roast pork and slow-boiled soups are also worth trying.",A,0,27,4.67,good,0.7614,excellent,0.8123,good,0.8694,3.78,4.3,3.89
Indocaf,ChIJx-CItu0Z2jER4Rmphah97F0,"35 Scotts Road, 228227, Singapore",Singapore,Central,2,Peranakan,103.8356878,1.3110605,9430 7307,https://guide.michelin.com/en/singapore-region/singapore/restaurant/indocafe-the-white-house,https://thehouseofindocafe.com/indocafe-peranakan-dining,Bib Gourmand,"Dine-in,Takeaway,Delivery,Reservations,Beer,Wine,Coffee,Credit cards,NFC payments","Dark wood furniture and antiques add to the elegant colonial spirit of this restaurant nestled in a bungalow, also known as ‘The White House’. The menu offers Peranakan cuisine and the dishes look deceptively simple, but involve subtly blended spices and seasoning. Wagyu beef rendang uses the cheek cut for tenderness, while spices, fermented shrimp paste, chilli and coconut milk underscore the rich, deep flavour.",A,0,32,4.34,good,0.752,good,0.7381,good,0.8594,3.69,4.06,3.69
Ingleside,ChIJxdvXlJAZ2jERZh44mGOrdRQ,"49 Tras Street, 078988, Singapore",Singapore,Central,2,European,103.8446191,1.2782014,8839 4393,https://guide.michelin.com/en/singapore-region/singapore/restaurant/ingleside,https://ingleside.com.sg/,Selected Restaurants,"Dine-in,Reservations,Beer,Wine,Cocktails,Coffee,Credit cards,NFC payments","Outfitted with marble flooring, leather banquettes and dark wood panelling, this place exudes warmth and sleekness. The owner-chef imbues European fare with creative twists in a menu that features fermented foods, chargrilled dishes and an array of meats aged in-house. When grilling carabineros, he throws in some beef fat to accentuate the richness of the tomalley, and his truffle brioche is paired with miso vinegar for deep, earthy umami.",A,0,30,4.73,good,0.6851,excellent,0.782,good,0.9645,4.0,4.7,3.97
Iru Den,ChIJj_WHjuoZ2jERiEtcZWVaZdY,"27 Scotts Road, 228222, Singapore",Singapore,Central,3,Taiwanese,103.8342928,1.3107446,8923 1127,https://guide.michelin.com/en/singapore-region/singapore/restaurant/iru-den,https://www.iruden.sg/,Selected Restaurants,"Dine-in,Takeaway,Reservations,Beer,Wine,Credit cards,NFC payments","A Singaporean chef and his Taiwanese wife opened this restaurant with 12 counter seats and a private room serving authentic Taiwanese fare using top-notch ingredients from the island. The chef’s creative vision and solid skills shine through in tiny details and subtle flavours. His kamameshi rice in a cast iron pot features seasonal catch from the sea and Taiwanese rice. Crispy, smoky rice on the bottom works magically with the fish and house-made pickles.",A,0,26,4.81,good,0.6027,excellent,0.6663,good,0.9622,3.92,4.62,4.19
Ishizawa,ChIJn5DWJbgZ2jERnO3vCMiVoD0,"Raffles Arcade, #01-11, 328 North Bridge Road, 188719, Singapore",Singapore,Central,4,Sushi,103.853512,1.2951613,9012 3938,https://guide.michelin.com/en/singapore-region/singapore/restaurant/ishizawa,https://www.ishizawa.sg,Selected Restaurants,"Dine-in,Reservations,Beer,Wine,Credit cards,NFC payments","This exclusive nine-seater in a prestigious hotel is helmed by experienced chef Takahiro Ishizawa. Informed by stints in some celebrated sushi-ya, he breaks away from his previous recipes to explore a new approach that truly reflects his vision. The four set menus served at dinner feature rice from Akita dressed in a unique blend of vinegars, and the freshest catch flown in from Japan four times a week. Reservations are a must.",A,0,24,5.0,good,0.6735,excellent,0.8072,good,0.9428,3.96,4.71,4.33
Ivy's Hainanese Herbal Mutton Soup,ChIJR7E98rsb2jERk6qvxDxRvtk,"Pasir Panjang Food Centre, #14, 121 Pasir Panjang Road, 118543, Singapore",Singapore,Central,1,Street Food,103.7914178,1.2759467,No Phone Number Listed,https://guide.michelin.com/en/singapore-region/singapore/restaurant/ivy-s-hainanese-herbal-mutton-soup,https://maps.app.goo.gl/24vzZKHZPXyMgBhc7,Selected Restaurants,"Dine-in,Takeaway,Outdoor seating,NFC payments","Herbal mutton soup, herbal tendon soup and herbal tulang soup are delicious.",A,0,25,4.56,good,0.6807,excellent,0.5383,good,0.927,3.68,4.44,3.88
J2 Famous Crispy Curry Puff,ChIJ642LmRIZ2jERkz20c4ECaYw,"Amoy Street Food Centre, #01-21, 7 Maxwell Road, 069111, Singapore",Singapore,Central,1,Street Food,103.8468008,1.2796129,9475 8425,https://guide.michelin.com/en/singapore-region/singapore/restaurant/j2-famous-crispy-curry-puff,https://maps.app.goo.gl/4EjiW4H2P4vasrPq7,Bib Gourmand,"Dine-in,Takeaway,Coffee","The curry puff comes in four flavours, all wrapped in a flaky, crispy pastry crust. As well as the classic chicken and potato curry, try the black pepper chicken, sweet taro or chilli sardine-filled pastry.",B,1,28,4.71,good,0.6022,excellent,0.4915,good,0.9341,3.75,4.5,3.96
Jaan by Kirk Westaway,ChIJZ9ocfqYZ2jERwF5WxOIqsLw,"Swissôtel The Stamford, Equinox Complex, Level 70, 2 Stamford Road, 178882, Singapore",Singapore,Central,3,European,103.85314,1.293387,9199 9008,https://guide.michelin.com/en/singapore-region/singapore/restaurant/jaan-by-kirk-westaway,https://www.jaan.sg,2 Stars,"Dine-in,Reservations,Wine,Cocktails,Coffee,Credit cards,NFC payments","Embodying the essence of fine dining, this romantic restaurant has it all – wonderful food, service and ambiance, and spectacular views. Chef Westaway makes good use of top-notch British produce and inspirations to turn out modern culinary creations that never fail to impress. A British classic, fish & chips, gets a posh makeover with sour cream, lemon zest and caviar. Even the alcohol-free gin and tonic palate cleanser is impeccably crafted.",A,0,28,4.04,good,0.6981,excellent,0.857,good,0.9439,3.71,4.57,3.93
Jade Palace Seafood Restaurant,ChIJQe8Ik4wZ2jER9k1PRfGqLy0,"Forum The Shopping Mall, #B1-13, 583 Orchard Road, 238884, Singapore",Singapore,Central,2,Cantonese,103.828514,1.3059609,6732 6628,https://guide.michelin.com/en/singapore-region/singapore/restaurant/jade-palace,https://maps.app.goo.gl/Pwgp8WKDA7Gt2dxr7,Selected Restaurants,"Dine-in,Takeaway,Reservations,Beer,Wine,Coffee,Credit cards,NFC payments,Wheelchair accessible","Both the décor and the menu show strong Hong Kong influences, all the more so as super-fresh seafood and veggies are shipped from the city twice a week. The must-tries (sautéed white eel with chives in black bean sauce and braised lobster with ginger and scallion in a claypot) boast exceptional wok hei and craftsmanship. You can also specify how you want your live seafood cooked – ask the friendly front-of-house staff for advice.",A,0,19,4.32,good,0.7574,excellent,0.7345,good,0.8549,3.32,4.0,3.53
Jalan Sultan Prawn Mee,ChIJYX-3IjQY2jERadH0LMeyM74,"2 Jalan Ayer, Lorong 1 Geylang, 389141, Singapore",Singapore,Central,1,Street Food,103.8727709,1.3111924,No Phone Number Listed,https://guide.michelin.com/en/singapore-region/singapore/restaurant/jalan-sultan-prawn-mee,https://maps.app.goo.gl/ACc5ejGy4jT962fWA,Bib Gourmand,"Dine-in,Takeaway,Outdoor seating,Coffee,Cash only","In operation for over 70 years, this place serves aromatic dry prawn mee in sambal with heaps of fried scallion and depth. The soup version has a prawn broth loaded with natural umami. Choose from three kinds of noodles.",B,1,25,4.2,good,0.7402,excellent,0.5785,good,0.8293,3.36,3.96,3.84
Jason Penang Cuisine,ChIJoyHTjcwb2jER9s6UdlhIe3k,"ABC Brickworks Market & Food Centre, #01-112, Blk 6 Jalan Bukit Merah, 150006, Singapore",Singapore,Central,1,Street Food,103.8081365,1.2869092,No Phone Number Listed,https://guide.michelin.com/en/singapore-region/singapore/restaurant/jason-penang-cuisine,https://maps.app.goo.gl/v7wTW77xnw6tXq6A9,Bib Gourmand,"Dine-in,Takeaway","Besides Penangese quick bites from char kway teow to prawn mee, this stall is famous for Penang assam laksa – the tangy, mildly hot yellowtail fish broth works magic with the noodles; but it's the fresh mint that makes it so distinctive.",A,0,27,3.48,good,0.7223,excellent,0.526,good,0.8859,3.3,3.7,3.52
Ji De Lai Hainanese Chicken Rice,ChIJpToFC4kX2jERtUcxbawUqvc,"Chong Pang Market and Food Centre, #01-152, 105 Yishun Ring Road, 760105, Singapore",Singapore,North,1,Street Food,103.8279349,1.4319385,9798 8788,https://guide.michelin.com/en/singapore-region/singapore/restaurant/ji-de-lai-hainanese-chicken-rice,https://maps.app.goo.gl/gDn1jMhdwJhc7UKz7,Bib Gourmand,"Dine-in,Takeaway,NFC payments,Wheelchair accessible","Hainanese chicken rice comes with options like roasted or steamed chicken. Sets with rice, soup and vegetables are reasonably priced.",A,0,30,2.53,poor,0.7127,good,0.5023,good,0.7492,2.9,2.87,3.43
Ji Ji Noodle House,ChIJR0K6RgsZ2jER-XL41wcfgh4,"Hong Lim Market and Food Centre, #02-48/49, Blk 531A, Upper Cross Street, 051531, Singapore",Singapore,Central,1,Street Food,103.8457399,1.2851692,No Phone Number Listed,https://guide.michelin.com/en/singapore-region/singapore/restaurant/ji-ji-noodle-house,https://maps.app.goo.gl/1Lv6mhTGndEZyvWK6,Bib Gourmand,"Dine-in,Takeaway,Cash only,Wheelchair accessible","Order the Ji Ji noodle bowl – noodle soup or ‘dry’ noodles are topped with char siew, deep-fried wonton and veggies and served with wonton soup. Pork crackling adds a lovely crunch. A dab of homemade chilli sauce is a must.",A,0,24,4.83,good,0.712,excellent,0.6014,good,0.8267,3.67,4.38,3.83
Jian Bo Shui Kueh (Tiong Bahru),ChIJe0hI93kZ2jERSGpNHUM_fD0,"Tiong Bahru Market, #02-05, 30 Seng Poh Road, 168898, Singapore",Singapore,Central,1,Street Food,103.83259,1.2846506,No Phone Number Listed,https://guide.michelin.com/en/singapore-region/singapore/restaurant/jian-bo-shui-kueh,https://maps.app.goo.gl/E4miB7duKmGzqG3D9,Selected Restaurants,"Dine-in,Takeaway,Delivery,Outdoor seating,Coffee,Cash only,Wheelchair accessible","Shui kueh is quintessential local street food: white rice cake with salted diced radish and a secret tung tsai sauce, packed with oomph. The house-made sambal, oozing in dried shrimp flavour, is perfect with the rice cake.",A,0,28,2.75,poor,0.6952,poor,0.5629,good,0.7951,2.82,3.0,3.11
Jian Bo Tiong Bahru Shui Kueh (Jurong West),ChIJu2nZw9wP2jERZtlEk2y-vno,"Jurong West 505 Market & Food Centre, #01-27, Blk 505, Jurong West Street 52, 640505, Singapore",Singapore,West,1,Street Food,103.7183594,1.3492969,9821 9880,https://guide.michelin.com/en/singapore-region/singapore/restaurant/jian-bo-tiong-bahru-shui-kueh,https://maps.app.goo.gl/ucQjhMSPfXzKYZFJ6,Bib Gourmand,"Dine-in,Takeaway,Delivery,Outdoor seating,Coffee,Cash only,Wheelchair accessible","The rice cake with a sauce of preserved vegetables, sesame, dried shrimp and chilli is spicy and delicious.",A,0,25,2.76,poor,0.7669,good,0.4793,good,0.7613,2.88,3.04,3.12
Jiang-Nan Chun,ChIJqbrxYIwZ2jER0nv6PClRe_I,"Four Seasons Hotel, Level 2, 190 Orchard Boulevard, 248646, Singapore",Singapore,Central,3,Fine Dining,103.8288,1.304937,6831 7220,https://guide.michelin.com/en/singapore-region/singapore/restaurant/jiang-nan-chun,https://www.fourseasons.com/singapore/dining/restaurants/jiang_nan_chun/,Selected Restaurants,"Dine-in,Takeaway,Delivery,Reservations,Beer,Wine,Cocktails,Coffee,Credit cards,NFC payments,Wheelchair accessible","This exquisite space, reached via a marble staircase, is warm and welcoming, with heavy leather chairs that are especially comfortable. The kitchen team excels in barbecue meats, double-boiled soups and seafood dishes that use the freshest ingredients of the best quality. Try wok-fried Australian beef tenderloin with portobello mushrooms. Set menus are a great way to sample the popular hits all at once.",B,1,27,4.22,good,0.6962,excellent,0.7348,good,0.9333,3.7,4.26,3.85
Jiao Cai Seafood,ChIJX7YQllkV2jER9K96284PNGk,"Yishun Park Hawker Centre, #01-39, 51 Yishun Avenue 11, 768867, Singapore",Singapore,North,1,Street Food,103.8446508,1.4251958,No Phone Number Listed,https://guide.michelin.com/en/singapore-region/singapore/restaurant/jiao-cai-seafood,https://maps.app.goo.gl/nPXdTbnnrGhB6NQZ6,Selected Restaurants,"Dine-in,Takeaway,Delivery,Wheelchair accessible",Cooked-to-order seafood dishes. Signature sambal stingray is spicy and delicious.,A,0,27,3.52,good,0.7234,good,0.5459,good,0.866,3.63,3.93,3.74
Jin Hua,ChIJi8yzSD8Y2jERk0sT8uN_4RE,"51 Old Airport Road Food Centre, #01-120, 51 Old Airport Road, 390051, Singapore",Singapore,Central,1,Street Food,103.8856982,1.3080902,No Phone Number Listed,https://guide.michelin.com/en/singapore-region/singapore/restaurant/jin-hua,https://maps.app.goo.gl/y7R9iDeSKTtkDMzJ6,Selected Restaurants,"Dine-in,Takeaway,Wine,Wheelchair accessible","Come here for flavourful made-to-order grouper broth with milk added for extra creaminess. Try the soup on its own or with bee hoon, sliced fish, fried fish meat and fried fish head. The spicy bean sauce and deep-fried shallot work magic with the broth.",A,0,29,3.93,good,0.6915,excellent,0.5465,good,0.8533,3.45,3.93,3.66
Jin Ting Wan,ChIJNRyXogUZ2jER6TJqkgATJmM,"Marina Bay Sands Hotel, Tower 1, Level 55, 10 Bayfront Avenue, 018956, Singapore",Singapore,Central,4,Cantonese,103.858496,1.2823222,6688 9969,https://guide.michelin.com/en/singapore-region/singapore/restaurant/jin-ting-wan,https://www.marinabaysands.com/restaurants/jin-ting-wan.html,Selected Restaurants,"Dine-in,Reservations,Beer,Wine,Credit cards,NFC payments","Perched atop the iconic Marina Bay Sands Hotel, the room affords gorgeous city and harbour views. Gold trim nicely contrasts with the muted dark blue walls in the Song Dynasty-inspired interior. Chef Albert Li is famous for his refined Cantonese fare, such as roasted pipa duck with black pepper sauce – the bird is deboned, minced and stuffed back into its own skin before being roasted to perfection. The predominantly Chinese wine list includes some rare gems.",B,1,29,4.17,good,0.6307,excellent,0.7969,good,0.8907,3.76,4.38,3.9
Joo Siah Bak Koot Teh,ChIJlS_61hgQ2jERtagY8-o8qb8,"Blk 349, #01-1215 Jurong East Avenue 1, 600349, Singapore",Singapore,West,1,Street Food,103.7313626,1.3445639,No Phone Number Listed,https://guide.michelin.com/en/singapore-region/singapore/restaurant/joo-siah-bak-koot-teh,https://maps.app.goo.gl/JTBh42tetPJ5x3VAA,Bib Gourmand,"Dine-in,Takeaway,Outdoor seating,Beer,Coffee,NFC payments,Wheelchair accessible",The signature dish here is pepper-flavoured bak kut teh. The soft pork rib goes well with chilli soy sauce. Earlier closing hours on Sunday.,B,1,27,4.11,good,0.648,good,0.5011,good,0.8965,3.48,3.93,3.89
Jungle,ChIJGdOLalsZ2jERi0P0spKHN0A,"10 Ann Siang Hill, 069789, Singapore",Singapore,Central,2,Thai,103.8453743,1.281413,8389 2258,https://guide.michelin.com/en/singapore-region/singapore/restaurant/jungle,https://jungle.sg/,Bib Gourmand,"Dine-in,Reservations,Outdoor seating,Beer,Wine,Cocktails,Coffee,Credit cards,NFC payments","The simple, cosy space with exposed beams and wooden furnishings exudes a warm feel. Balancing sweet, sour and salty notes with fiery heat, the chef turns fresh produce into modern Thai dishes that are packed with flavour. The small menu changes regularly but may include signatures such as smoky chargrilled pork jowl, or yellow crab curry with beautifully bold aromas. The friendly and dynamic service team is also a plus.",B,1,27,4.81,good,0.679,excellent,0.748,good,0.9339,4.11,4.85,4.07
KOK Sen,ChIJ1UPefHIZ2jERNw75Jntk0oM,"2/4 Keong Saik Road, 089112, Singapore",Singapore,Central,2,Singaporean,103.841681,1.2802718,6223 2005,https://guide.michelin.com/en/singapore-region/singapore/restaurant/kok-sen,https://maps.app.goo.gl/WFuJRmkfmjNH1apY7,Bib Gourmand,"Dine-in,Takeaway,Reservations,Outdoor seating,Beer,Credit cards,NFC payments","For over 50 years, Kok Sen has been feeding hungry diners with cze char classics, such as their stir-fries boasting exceptional wok hei. Look out for the colourful lightboxes with signature items like prawn paste chicken or fish cooked in various ways. Seating may be a bit cramped, but the round tables and green booth seats work well with a grey colour scheme and pale wood. Given the small number of tables, expect to queue.",B,1,24,3.04,good,0.6404,good,0.5943,good,0.7855,3.08,3.38,3.38
Kairyu Omakase,ChIJART8BSoZ2jERSA7Ewt6tKCo,"Wilkie Edge, #01-23/24, 8 Wilkie Road, 228095, Singapore",Singapore,Central,3,Sushi,103.8495012,1.301895,8031 3633,https://guide.michelin.com/en/singapore-region/singapore/restaurant/sushi-yuki,https://www.sushiyuki.com.sg/,Selected Restaurants,"Dine-in,Reservations,Beer,Wine,Credit cards,NFC payments","After helming a renowned sushiya in Singapore for 10 years, chef Yukinori Kawakami has brought his experience to Sushi Yuki. Omakase and kaiseki set menus, at different price points, feature fish flown in from Japan four times a week. Sushi rice from Yamagata Prefecture is dressed in a blend of two vinegars for a delicate taste that accentuates the natural flavours of the fish. There are just 13 counter seats and two private rooms, so booking is recommended.",A,0,21,4.76,good,0.8091,excellent,0.7891,good,0.943,4.05,4.62,4.14
Kang Le Fishball Noodles,ChIJ4_Wju9wP2jERPjT8rjcKIjs,"Jurong West 505 Market & Food Centre, #01-29, Blk 505, Jurong West Street 52, 640505, Singapore",Singapore,West,1,Street Food,103.7184954,1.3496779,No Phone Number Listed,https://guide.michelin.com/en/singapore-region/singapore/restaurant/kang-le-fishball-noodles,https://maps.app.goo.gl/b3GPxAt1YobHngRM7,Selected Restaurants,"Dine-in,Takeaway,Wheelchair accessible","Although the menu also offers laksa, pork balls and fish dumpling soup, the bouncy, flavoursome fishballs with noodles remain its speciality. Choose between wheat or rice noodles, served in a clear broth or tossed in sauces.",B,1,19,4.68,good,0.7355,good,0.5165,good,0.9059,3.68,3.95,4.0
Kang's Wanton Noodle,ChIJDcuaEYMZ2jEREIl_YTXSlKw,"Zion Riverside Food Centre, #06, 70 Zion Road, 247792, Singapore",Singapore,Central,1,Street Food,103.83122,1.29236,No Phone Number Listed,https://guide.michelin.com/en/singapore-region/singapore/restaurant/kang-s-wanton-noodle,https://maps.app.goo.gl/bSQm9CNcoQtvSuvo6,Selected Restaurants,"Dine-in,Takeaway,Wheelchair accessible","Alongside wanton or dumpling noodle soup, this stall serves deep-fried wanton and char siew. The springy noodles are best enjoyed with a dollop of chilli sauce, while the wantons encase a tasty filling in their paper-thin skin.",B,1,28,4.5,good,0.7099,good,0.5123,good,0.8771,3.57,4.0,4.0
Kelantan Kway Chap Pig's Organ Soup,ChIJX3bZ-7cZ2jERuW9hZD0FomE,"Berseh Food Centre, #02-39, 166 Jalan Besar, 208877, Singapore",Singapore,Central,1,Street Food,103.85674,1.3073595,No Phone Number Listed,https://guide.michelin.com/en/singapore-region/singapore/restaurant/kelantan-kway-chap-pig-organ-soup,https://maps.app.goo.gl/7vVVbPVpN5nfxDed9,Bib Gourmand,"Dine-in,Wheelchair accessible","Pork cuts and offal like belly, trotter, intestines and skin are cooked in a soy-based marinade with spices. The depth and rich flavours of the meat are the perfect accompaniment to the kway chap ribbon noodles.",A,0,30,3.6,good,0.776,excellent,0.5706,good,0.8174,3.17,3.73,3.4
Keng Eng Kee (Bukit Merah),ChIJu1Ef88sb2jER3Fc3W0QRoq8,"Blk 124, #01-136, Bukit Merah Lane 1, 150124, Singapore",Singapore,Central,1,Seafood,103.8037043,1.2857642,6272 1038,https://guide.michelin.com/en/singapore-region/singapore/restaurant/keng-eng-kee,https://www.kek.com.sg/,Selected Restaurants,"Dine-in,Takeaway,Delivery,Reservations,Outdoor seating,Beer,Coffee,Credit cards,NFC payments,Wheelchair accessible","This popular cze char restaurant may not be the most conveniently placed, but it does some great dishes, like fried salted egg crab, coffee pork ribs and claypot duck with sea cucumber. The setting and environment are not unlike a hawker centre, although there is a smaller inside area that’s air-conditioned. It provides mostly Hainanese cuisine, along with some Cantonese dishes – the stir-fries are particularly delicious.",B,1,20,4.3,good,0.7321,excellent,0.631,good,0.8268,3.15,3.8,3.75
Ki Su,ChIJOwdnq7cZ2jERSCAJQh3m_iY,"#01-01, 60 Tras Street, 078999, Singapore",Singapore,Central,2,Vegetarian,103.8441991,1.2778193,8522 6824,https://guide.michelin.com/en/singapore-region/singapore/restaurant/ki-su,https://www.kisu.com.sg/,Selected Restaurants,"Dine-in,Reservations,Credit cards,NFC payments","In a minimalistic room, the Taiwanese owner-chef serves an omakase menu of creative vegetarian courses in which Japanese and French culinary traditions converge. Modern cooking techniques like sous vide are used to imbue plant-based ingredients with meaty flavours and textures. Smoked capsicum and pumpkin purée are made to look like akami and uni in their nigiri sushi. The menu changes regularly to keep it fresh.",B,1,27,4.96,good,0.6948,excellent,0.8506,good,0.9402,4.04,4.85,4.22
Kitchenman Nasi Lemak,ChIJg1pOiD0Z2jERavAWxT7kZdU,"CT Hub, #01-08/13, 2 Kallang Avenue, 339407, Singapore",Singapore,Central,1,Malaysian,103.8628154,1.3120852,9142 6586,https://guide.michelin.com/en/singapore-region/singapore/restaurant/kitchenman-nasi-lemak,https://kitchenmannasilemak.oddle.me/en_SG,Bib Gourmand,"Dine-in,Takeaway,Delivery,Coffee,Cash only","The Malaysian owner opened this simple shop in 2024, specialising in authentic nasi lemak, often considered the national dish of his home country. The chef, who is also Malaysian, cooks rice in coconut milk with pandan leaves, and garnishes it with fried anchovies, peanuts, fried egg, sliced cucumber and spicy sambal. For a substantial meal, add sides such as ayam berempah (fried chicken leg), rendang chicken or ayam kunyit (turmeric chicken).",B,1,27,4.59,good,0.6894,excellent,0.5837,good,0.9488,3.56,4.59,3.89
Koh Brother Pig's Organ Soup,ChIJe0hI93kZ2jERhs27NdY2Wwc,"Tiong Bahru Market, #02-29, 30 Seng Poh Road, 168898, Singapore",Singapore,Central,1,Street Food,103.832764,1.2850432,No Phone Number Listed,https://guide.michelin.com/en/singapore-region/singapore/restaurant/koh-brother-pig-s-organ-soup,https://maps.app.goo.gl/STapB1bEkwtyVeQY8,Bib Gourmand,"Dine-in,Takeaway",Pork offal like tripe and liver is served with meatballs and sliced pork in a peppery broth with pickled mustard greens. Dip the pork into chilli sauce for an extra kick. Also try the sticky rice sausage stuffed with pork belly and chestnuts.,A,0,26,4.42,good,0.496,excellent,0.3908,good,0.8315,3.81,4.27,3.73
Koka Wanton Noodle,ChIJMRR_ybUZ2jER6KjgzH_w2v0,"North Bridge Road Market & Food Centre, #01-99, 861 North Bridge Road, 198783, Singapore",Singapore,Central,1,Street Food,103.8636367,1.3058048,No Phone Number Listed,https://guide.michelin.com/en/singapore-region/singapore/restaurant/koka-wanton-noodles,https://maps.app.goo.gl/ybbHp3mXcCkFTsUS8,Selected Restaurants,"Dine-in,Takeaway,Wheelchair accessible",Barbecue pork with wonton noodles is the signature. Deep-fried pork skin and chillies enrich the flavour.,B,1,26,3.04,poor,0.649,poor,0.5003,good,0.7376,2.96,2.92,3.15
Kotuwa,ChIJzRZB96IZ2jERED_QuYwPN8Q,"New Bahru, #01-03, 46 Kim Yam Road, 239351, Singapore",Singapore,Central,2,Sri Lankan,103.8388373,1.2929748,6518 4278,https://guide.michelin.com/en/singapore-region/singapore/restaurant/kotuwa,https://kotuwa.com.sg,Bib Gourmand,"Dine-in,Takeaway,Delivery,Reservations,Outdoor seating,Beer,Wine,Cocktails,Coffee,Credit cards,Wheelchair accessible","Moved to this spot in 2024, Kotuwa is named after the CBD of Colombo. From quintessential Sri Lankan street food to curries, every bite is loaded with big flavours. Seafood is their strong suit, especially crab prepared in myriad ways. With its balanced, layered flavours and the subtle warmth of cinnamon, the crab curry really stands out. Hoppers – crispy pancakes made with fermented rice – are perfect for mopping up the delicious curry sauce.",B,1,28,4.0,good,0.6621,excellent,0.7467,good,0.8536,3.64,4.18,3.82
Kwang Kee Teochew Fish Porridge,ChIJPbO-7-sZ2jER1zjzFT3nUyY,"Newton Food Centre, #01-20, 500 Clemenceau Avenue North, 229495, Singapore",Singapore,Central,1,Street Food,103.8393125,1.3118717,No Phone Number Listed,https://guide.michelin.com/en/singapore-region/singapore/restaurant/kwang-kee-teochew-fish-porridge,https://maps.app.goo.gl/W66nZE9BgJvBM62y9,Bib Gourmand,"Dine-in,Takeaway",Fish porridge and fried fish bee hoon. The porridge is sweet with abundant fish fillets.,B,1,26,3.77,good,0.7862,excellent,0.5721,good,0.9117,3.54,3.88,3.5
Kwee Heng,ChIJJczvxGIZ2jER4wtULz2lCbg,"Newton Food Centre, #01-13, 500 Clemenceau Avenue North, 229495, Singapore",Singapore,Central,1,Street Food,103.8395432,1.312026,No Phone Number Listed,https://guide.michelin.com/en/singapore-region/singapore/restaurant/kwee-heng,https://maps.app.goo.gl/1ya6G1iKBqypkWQ6A,Bib Gourmand,"Dine-in,Takeaway,Beer,Wheelchair accessible","With over 40 years of history, Kwee Heng makes boneless braised duck that is tender, juicy and flavoursome; it can be served with rice, congee or noodles. Other dishes such as Hainanese chicken and char siew are also available.",A,0,28,3.93,good,0.7435,good,0.5705,good,0.9048,3.46,3.64,3.46
L'antica Pizzeria Da Michele,ChIJp-p9TQAZ2jERsKCEh6lgKcQ,"Mercure ICON Hotel, #01-08, 8 Club Street, 069472, Singapore",Singapore,Central,2,Italian,103.846653,1.282597,9823 5724,https://guide.michelin.com/en/singapore-region/singapore/restaurant/l-antica-pizzeria-da-michele,https://maps.app.goo.gl/qTqSUx4UKSH7zCuR7,Selected Restaurants,"Dine-in,Takeaway,Delivery,Reservations,Beer,Wine,Cocktails,Coffee,Credit cards,NFC payments,Wheelchair accessible","This 150-year-old Neapolitan pizza chain opened their first Asian outpost in 2024 and offers 18 different toppings. All the pizzas are made to order and come in one size only – 15 inches (37cm). Piled high with freshly cooked tomato sauce and cheese, the thin crust is perfectly crisp and chewy at the same time. If you can’t make up your mind, opt for a Marita – half marinara half margherita. The menu also offers starters, pasta and desserts.",New,New Pending,26,4.31,good,0.7925,excellent,0.7902,good,0.8832,3.54,4.15,3.77
La D'Oro,ChIJdb-fzcQZ2jER8wqPLVAb8WI,"Mandarin Gallery, #01-16/17, 333A Orchard Road, 238897, Singapore",Singapore,Central,3,Italian,103.8361885,1.3022251,8382 6200,https://guide.michelin.com/en/singapore-region/singapore/restaurant/la-d-oro,https://www.ladoro.sg/ladoro,Selected Restaurants,"Reservations,Wine,Coffee,Wheelchair accessible","Hailing from Tokyo, Japan, chef-owner Sasaki honed his skills in Italy. His ambitious kappo-style cooking effortlessly blends Italian traditions with Japanese influences, delivering complex, original creations underpinned by modern techniques. His signature Hokkaido uni pasta seduces with its silky sauce; shavings of Sardinian bottarga add extra umami. Besides fixed à la carte choices, there is a regularly changing tasting menu to reflect seasonality.",A,0,25,4.56,good,0.8183,excellent,0.8646,good,0.9406,3.72,4.48,3.68
Lagnaa,ChIJM2Sm67gZ2jERh4FYSf0QQNo,"6 Upper Dickson Road, 207466, Singapore",Singapore,Central,2,Indian,103.8522508,1.306444,6296 1215,https://guide.michelin.com/en/singapore-region/singapore/restaurant/lagnaa,https://www.lagnaa.com,Bib Gourmand,"Dine-in,Takeaway,Delivery,Reservations,Outdoor seating,Beer,Wine,Cocktails,Coffee,Credit cards,NFC payments,Wheelchair accessible","You can specify the level of spiciness of your food at this three-storey restaurant in Little India, though many come for the Chilli Challenge on full moon nights simply to push their limit. But spiciness isn’t all that this chef has to offer – in fact, he balances it with sweet, sour, salty, bitter and astringent flavours. Choose between table seating downstairs and floor seating upstairs. Parties of two have a number of set menus to choose from.",New,New Pending,24,4.92,excellent,0.7157,excellent,0.8436,good,0.9577,4.38,4.79,4.33
Lai Heng Handmade Teochew Kueh,ChIJfx17mB8Q2jER9hWT9WvbLLs,"Yuhua Market & Hawker Centre, #01-218, Blk 347, Jurong East Avenue 1, Jurong East, 600347, Singapore",Singapore,West,1,Street Food,103.7310891,1.3452103,No Phone Number Listed,https://guide.michelin.com/en/singapore-region/singapore/restaurant/lai-heng-handmade-teochew-kueh,https://maps.app.goo.gl/wvvHqDMx7qdELDcu8,Bib Gourmand,"Takeaway,Delivery",Handmade Teochew kueh with various flavours. Steamed or pan-fried versions available.,B,1,27,4.52,good,0.6359,excellent,0.5513,good,0.8942,3.7,4.33,4.15
Lao Fu Zi Fried Kway Teow,ChIJnwUFUj8Y2jER_xSlaiOMoRI,"51 Old Airport Road Food Centre, #01-12, 51 Old Airport Road, 390051, Singapore",Singapore,Central,1,Street Food,103.8856982,1.3080902,No Phone Number Listed,https://guide.michelin.com/en/singapore-region/singapore/restaurant/lao-fu-zi-fried-kway-teow,https://maps.app.goo.gl/PWwidxaY8GhJTrov8,Bib Gourmand,"Dine-in,Takeaway,Wheelchair accessible","Fried kway teow comes in two portion sizes and black and white varieties. Both feature good wok hei and silky texture. Bean sprouts, egg, preserved sausage and blood clams provide extra flavours.",B,1,27,3.3,good,0.594,good,0.4312,good,0.8217,3.26,3.74,3.56
Lao Jie Fang,ChIJIf_JEwAb2jER9J63C_UKwtQ,"Mei Ling Market & Food Centre, #02-15, 159 Mei Chin Road, 140159, Singapore",Singapore,Central,1,Street Food,103.8028365,1.2932654,No Phone Number Listed,https://guide.michelin.com/en/singapore-region/singapore/restaurant/lao-jie-fang,https://maps.app.goo.gl/DFd4XtwQB8oeMrCWA,Selected Restaurants,Takeaway,"Cantonese-style noodles topped with beef brisket, pork ribs, pork knuckles or beef tendon are the name of the game here. The noodles are springy, and the pork knuckles are braised until gelatinous in a secret soy sauce.",B,1,13,4.54,good,0.6007,excellent,0.3867,good,0.9301,3.46,4.0,3.69
Latido,ChIJlZ3nbgAZ2jER3Q-uRXEsR74,"40 Tras Street, 078979, Singapore",Singapore,Central,2,Colombian,103.84433,1.27834,8961 8191,https://guide.michelin.com/en/singapore-region/singapore/restaurant/latido,https://latido.sg,Selected Restaurants,"Dine-in,Takeaway,Delivery,Reservations,Beer,Wine,Cocktails,Coffee,Credit cards,NFC payments","Chef Arévalo reinvents the traditional cuisine of his home country with modern, playful twists. His new spin on authentic Colombian flavours makes his dishes approachable even for first-timers. The arepa de chócolo y huevo – corn cake filled with eggs and grilled pork jowl – has a more mellow taste than the version typically served in his homeland. The bright room adorned with Colombian tribal art and masks exudes a cheerful, convivial vibe.",A,0,29,4.41,good,0.7595,excellent,0.7836,good,0.958,3.79,4.34,3.97
Lei Garden Restaurant (Chijmes),ChIJNfw8b6QZ2jERDj-WK2kAsPw,"Chijmes, #01-24, 30 Victoria Street, 187996, Singapore",Singapore,Central,2,Cantonese,103.85162,1.29538,6339 3822,https://guide.michelin.com/en/singapore-region/singapore/restaurant/lei-garden-501509,https://leigarden.hk,1 Star,"Dine-in,Takeaway,Reservations,Outdoor seating,Beer,Wine,Cocktails,Coffee,Credit cards,NFC payments,Wheelchair accessible","Unlike other branches in the group, this one has a European décor echoing the colonial style of the building that hosts it. That said, the menu remains the same as the others. Apart from the main menu, make sure you check out the chef’s selection menu. Double-boiled soups, flavourful and hearty, are unmissable. Deep-fried spare ribs marinated with shrimp paste are crispy and loaded with umami.",B,1,24,3.92,good,0.7378,excellent,0.7254,good,0.8422,3.5,3.96,3.71
Leon Kee Claypot Pork Rib Soup,ChIJB2Freswb2jERg_1RXtyFQyU,"Alexandra Village Food Centre, #01-18, Blk 120 Bukit Merah Lane 1, 150120, Singapore",Singapore,Central,1,Street Food,103.8044724,1.2863927,No Phone Number Listed,https://guide.michelin.com/en/singapore-region/singapore/restaurant/leon-kee-claypot-pork-rib-soup,https://maps.app.goo.gl/Dd4vPK9GVmoNp2yy8,Selected Restaurants,"Dine-in,Takeaway,Outdoor seating,Wheelchair accessible","The pork rib soup cooked with Chinese herbs is the signature dish; it also offers pig's tail soup, sesame oil chicken and claypot pork liver.",A,0,25,3.16,good,0.7252,excellent,0.6294,good,0.8345,3.16,3.44,3.2
Lerouy,ChIJbSjVgQ0Z2jER4D6B04Wg9tY,"7 Mohamed Sultan Road, 238957, Singapore",Singapore,Central,3,French,103.841922,1.293924,6970 9001,https://guide.michelin.com/en/singapore-region/singapore/restaurant/lerouy-1195638,https://lerouy.com,1 Star,"Dine-in,Reservations,Wine,Cocktails,Coffee,Credit cards,NFC payments","Sporting a brand-new image, Lerouy moved to this new address in 2024. Head to the cute little bar for a pre- or post-meal drink. The main dining area overlooks the open kitchen for a chef’s table-like vibe. As always, the food is served omakase style – choose the number of courses and tell the servers about your allergies and dislikes. The kitchen excels in unexpected food and flavour combinations that never fail to pleasantly surprise.",A,0,27,4.48,good,0.6704,excellent,0.791,good,0.9641,3.78,4.41,3.96
Les Amis,ChIJR5yDbY0Z2jER6GcsxL56OLk,"Shaw Centre, #01-16, 1 Scotts Road, 228208, Singapore",Singapore,Central,4,French,103.83204,1.30626,6733 2225,https://guide.michelin.com/en/singapore-region/singapore/restaurant/les-amis,https://www.lesamis.com.sg/,3 Stars,"Dine-in,Reservations,Beer,Wine,Cocktails,Coffee,Credit cards,NFC payments,Wheelchair accessible","Haute cuisine is increasingly about the chef embracing creative freedom and dictating the whole experience. At the longstanding, singularly sophisticated and world-renowned Les Amis, the choice is yours. The prix-fixe menus present a wide range of modern French classics with occasional Asian twists, in which simple ingredient combinations and seasoning highlight the natural flavours. Consider booking the chef's table for an intimate experience.",A,0,27,4.11,good,0.6198,excellent,0.754,good,0.8086,3.81,4.3,3.81
Les Ducs,ChIJ5xcXYSsZ2jERn6SbyJ5QVXw,"8 Ann Siang Hill, 069788, Singapore",Singapore,Central,2,French,103.8454053,1.2816591,9853 4710,https://guide.michelin.com/en/singapore-region/singapore/restaurant/les-ducs,https://lesducs.sg/,Selected Restaurants,"Dine-in,Reservations,Live music,Beer,Wine,Cocktails,Coffee,Credit cards,NFC payments","After some years in Singapore, the French owner-chef opened Les Ducs to honour the traditions of French cuisine. Expect authentic classics – from bouillabaisse to pâté en croute au foie gras – that showcase well-honed techniques and quality fresh ingredients. The Australian beef tenderloin with black pepper sauce boasts tender, juicy meat, and the flavours are spot on. Predominantly French, the wine list is also worth perusing. The lunch sets are great value.",A,0,30,4.6,good,0.702,excellent,0.7344,good,0.9188,4.07,4.57,4.1
Lian He Ben Ji Claypot,ChIJd0C-GXMZ2jER86P9gPkuyJk,"Chinatown Complex Market & Food Centre, #02-198/199, 335 Smith Street, 050335, Singapore",Singapore,Central,1,Street Food,103.8433055,1.2821566,No Phone Number Listed,https://guide.michelin.com/en/singapore-region/singapore/restaurant/lian-he-ben-ji-claypot,https://maps.app.goo.gl/vxJKWngDU3wNn4LR7,Bib Gourmand,"Dine-in,Takeaway,Reservations,Cash only","It takes 30 minutes to cook but is more than worth the wait. The rice, cooked in a claypot over charcoal, exudes smokiness with a crispy scorched crust on the bottom. For toppings, choose between chicken, preserved pork and/or sausage.",B,1,26,3.69,good,0.6286,good,0.4598,good,0.7506,3.19,3.62,3.46
Lixin Teochew Fishball Noodles,ChIJ68Bch38X2jERQSbqQZzhQwQ,"Kim Keat Palm Market & Food Centre, #01-20, Blk 19 Toa Payoh Lor 7, 310019, Singapore",Singapore,Central,1,Street Food,103.8569441,1.3352759,No Phone Number Listed,https://guide.michelin.com/en/singapore-region/singapore/restaurant/lixin-teochew-fishball-noodles,https://www.lixinfishball.com,Bib Gourmand,"Dine-in,Takeaway,Delivery,Cash only",The owner makes the fish balls by hand to ensure they are springy and bursting with umami. Blanched noodles tossed in chilli sauce with crispy cracklings are the perfect companion to the fish ball soup.,B,1,31,4.16,good,0.6195,good,0.454,good,0.8727,3.65,4.16,4.0
Long Kee Wanton Noodle,ChIJC9F9vtwP2jERbcUQLM-VtAk,"Jurong West 505 Market & Food Centre, #01-185, Blk 505, Jurong West Street 52, 640505, Singapore",Singapore,West,1,Street Food,103.7184486,1.349814,No Phone Number Listed,https://guide.michelin.com/en/singapore-region/singapore/restaurant/long-kee-wanton-noodle,https://maps.app.goo.gl/aairEMJNFsP56Ya99,Selected Restaurants,"Dine-in,Takeaway","The signature wonton noodles feature flavoursome bite-size dumplings, served either in soup or tossed in sauces. The noodles are cooked to perfect consistency with a lovely chew. Sliced char siew adds depth.",B,1,26,4.08,good,0.6158,good,0.4531,good,0.8372,3.85,4.08,3.92
Loong Kee Yong Tau Fu,ChIJTef7RswP2jERLBdovbIQSDo,"Jurong West 505 Market & Food Centre, #01-31, Blk 505, Jurong West Street 52, 640505, Singapore",Singapore,West,1,Street Food,103.7182191,1.3495894,No Phone Number Listed,https://guide.michelin.com/en/singapore-region/singapore/restaurant/loong-kee-yong-tau-fu,https://maps.app.goo.gl/7DXhdu7ZNb6Tu7pY7,Selected Restaurants,"Dine-in,Takeaway,Delivery,Wheelchair accessible","Serve yourself with the stuffed tofu or vegetables. You may also add soup, chee cheong fun, laksa, mee or rice.",A,0,28,3.29,good,0.6921,excellent,0.5541,good,0.8359,3.32,3.32,3.46
Lor 9 Beef Kway Teow,ChIJ2YGE1TYY2jEREUsfdsreYeY,"237 Lorong 9 Geylang, 389296, Singapore",Singapore,Central,1,Street Food,103.8767,1.312193,9388 0723,https://guide.michelin.com/en/singapore-region/singapore/restaurant/lor-9-beef-kway-teow,https://maps.app.goo.gl/JMqfR9Cv5gzqmjci6,Selected Restaurants,"Dine-in,Takeaway,Delivery,Outdoor seating,Beer,Coffee,Cash only",Cantonese and Fujian dishes prepared with local ingredients are tweaked to cater to local tastes. The beef kway teow is the main event. Comfort-food classics such as coffee pork ribs and sambal sweet potato leaves are also excellent.,A,0,26,3.92,good,0.7246,excellent,0.5044,good,0.8641,3.35,4.19,3.73
Lor Mee 178,ChIJbx7_8HkZ2jERjwsxnLS4lSo,"Tiong Bahru Market, #02-23, 30 Seng Poh Road, 168898, Singapore",Singapore,Central,1,Street Food,103.8326,1.2846377,No Phone Number Listed,https://guide.michelin.com/en/singapore-region/singapore/restaurant/lor-mee-178,https://maps.app.goo.gl/BtEgQXCiNLNYz94T8,Selected Restaurants,"Dine-in,Takeaway,Cash only,Wheelchair accessible","The rich, robust stock that clings to the egg noodles is the secret behind their tasty lor mee. Deep-fried fish nuggets, pork, and bean sprouts also make every bite satisfying. Grated garlic and cilantro add a zesty boost.",A,0,26,2.85,poor,0.7105,poor,0.4837,good,0.7907,2.92,3.12,3.04
Luke's Oyster Bar & Chop House,ChIJ-bpG_AwZ2jERskkgk4_Fwr8,"22 Gemmill Lane, 069257, Singapore",Singapore,Central,2,Steak House,103.8472284,1.282271,8125 5256,https://guide.michelin.com/en/singapore-region/singapore/restaurant/luke-s-gemmill-lane,https://www.lukes.com.sg,Selected Restaurants,"Dine-in,Takeaway,Reservations,Beer,Wine,Cocktails,Coffee,Credit cards,NFC payments","A favourite with local office workers, this steakhouse and oyster bar, run by a U.S. national, bustles with patrons all day long and is ideal for power lunches or after-work cocktails. It has acquired a faithful crowd of regulars thanks to high-quality food and friendly, slick service. Expect to see U.S. classics on the menu, such as New England clam chowder and Maryland crab cake. The generous portions make it a great venue for get-togethers.",A,0,26,4.12,good,0.709,excellent,0.6795,good,0.9269,3.54,4.15,3.96
MP Thai (Vision Exchange),ChIJH0snnuAR2jERsMxIrUCeYcc,"Vision Exchange, #02-41/42, 2 Venture Drive, 608526, Singapore",Singapore,West,2,Thai,103.744593,1.329991,9119 9710,https://guide.michelin.com/en/singapore-region/singapore/restaurant/mp-thai,https://mpthai.sg,Bib Gourmand,"Dine-in,Takeaway,Reservations,Outdoor seating,Beer,Cocktails,Coffee,Credit cards,NFC payments,Wheelchair accessible","This simple shop may not be the most atmospheric, but its tasty food in generous portions at affordable prices always attracts a crowd. With a Thai owner and all Thai kitchen team, rest assured that the food is as authentic as can be. The tom yum soup strikes a fine balance between sour, sweet, spicy and salty tastes; the BBQ squid is nicely grilled and loaded with umami, perfect with the hot and sour sauce. Reservation recommended.",New,New Pending,28,3.86,good,0.7194,excellent,0.5056,good,0.8031,3.07,3.79,3.5
Ma Cuisine,ChIJQwanoG0Z2jERsK-8U0ks7xw,"38 Craig Road, 089676, Singapore",Singapore,Central,3,French,103.8418934,1.2782652,6224 1838,https://guide.michelin.com/en/singapore-region/singapore/restaurant/ma-cuisine,https://www.macuisinesg.com,1 Star,"Dine-in,Reservations,Outdoor seating,Wine,Cocktails,Coffee,Credit cards,NFC payments","Candles in wine bottles and tables made from wine barrels are among the details that set the authentic small bistro scene here. Wine connoisseurs will be bowled over by the wine cellar and knowledgeable servers, who know every vintage inside out. Classic French recipes are made with local ingredients to cater to the local palate. Many dishes are meant to share, making this lively spot a great place for get-togethers.",A,0,27,4.44,good,0.7346,excellent,0.7729,good,0.8573,3.67,4.3,3.74
Magpie,ChIJ635ZHwAZ2jERHR3nTJ1D_ME,"#01-88, 57 Eng Hoon Street, 160057, Singapore",Singapore,Central,2,Contemporary,103.8332262,1.2849632,No Phone Number Listed,https://guide.michelin.com/en/singapore-region/singapore/restaurant/magpie-1244344,https://www.magpie.city,Selected Restaurants,"Dine-in,Reservations,Outdoor seating,Beer,Wine,Cocktails,Coffee,Credit cards,NFC payments","With mosaic tile flooring, warm wood tones and vintage knickknacks, the interior feels relaxing and modern; meanwhile, the patio beneath a canopy is perfect for al fresco dining. The chef champions borderless cuisine, melding eclectic influences from around the world – Indian, Chinese, European, LatAm and even Fijian touches feature in his ingenious creations that work like a charm. Try the tandoori bread with butter spread perfumed by citrus and pepper aromas.",A,0,30,4.6,excellent,0.6982,excellent,0.7824,good,0.9759,4.17,4.63,4.13
Maison Boulud,ChIJm7S44SYZ2jERBRt2tdzJ37s,"The Shoppes at Marina Bay Sands, #B1-15 & L1-83, 10 Bayfront Avenue, 018956, Singapore",Singapore,Central,2,French,103.8607,1.2852929,6688 6088,https://guide.michelin.com/en/singapore-region/singapore/restaurant/maison-boulud,https://www.marinabaysands.com/restaurants/maison-boulud.html?,Selected Restaurants,"Dine-in,Reservations,Outdoor seating,Wine,Coffee,Credit cards,NFC payments","Located in the shopping mall at Marina Bay Sands, Maison Boulud features a patio on the upper level – boasting stunning views, it is perfect for al fresco dining. The elegant main space (lower level) has an oversized wine cellar displaying impressive vintages. Classic French cuisine, with more sophisticated plating, dominates the menu, but they also have a signature seafood platter, plus dishes infused with Asian touches, such as durian ""royale"" soufflé.",A,0,25,4.36,good,0.7176,excellent,0.8732,good,0.919,3.84,4.4,3.88
Majestic Restaurant,ChIJ8_-PMBIZ2jERdzQvm7nWrHk,"Marina One, The Heart (East Tower) #04-01, 5 Straits View, 018935, Singapore",Singapore,Central,2,Chinese,103.8528577,1.2780668,6250 1988,https://guide.michelin.com/en/singapore-region/singapore/restaurant/majestic-560345,https://restaurantmajestic.com,Selected Restaurants,"Dine-in,Takeaway,Reservations,Beer,Wine,Credit cards,NFC payments,Wheelchair accessible","Laid out beneath a glass roof, the airy dining area overlooks a garden. The food, which draws on modern techniques and time-honoured traditions, is exquisite in both taste and appearance. The claypot chicken with glutinous rice wine, ginger and wood ear fungus boasts silky, free-range meat and spellbinding aromas. The business clientele can opt for items in individual servings. Booking a week ahead recommended.",A,0,26,4.38,good,0.776,excellent,0.7817,good,0.9345,3.81,4.31,3.96
Margaret Drive Sin Kee Chicken Rice,ChIJ_Zxf7kEa2jERao44l2hTwg4,"Block 40, Stall 5, #01-39, Holland Drive, 270040, Singapore",Singapore,Central,1,Street Food,103.7929491,1.3082682,No Phone Number Listed,https://guide.michelin.com/en/singapore-region/singapore/restaurant/margaret-drive-sin-kee-chicken-rice,https://maps.app.goo.gl/k3u1GMu1je4uRa9s6,Bib Gourmand,"Dine-in,Takeaway,Delivery,Outdoor seating,Coffee,Cash only,Wheelchair accessible","Since this stall opened on Margaret Drive years ago, their chicken rice has been made the same way. The juicy, tender meat is served with aromatic oil rice and an addictive ground ginger sauce. The gizzards are equally good.",A,0,26,3.54,good,0.6563,excellent,0.434,good,0.8405,3.23,3.62,3.38
Marguerite,ChIJa3HUZmgZ2jERrWFEDnAu24o,"Flower Dome, #01-09, Gardens by The Bay, 18 Marina Gardens Drive, 018953, Singapore",Singapore,Central,3,European,103.8639515,1.2849725,9788 5128,https://guide.michelin.com/en/singapore-region/singapore/restaurant/marguerite,https://marguerite.com.sg,1 Star,"Dine-in,Reservations,Beer,Wine,Cocktails,Coffee,Credit cards,Wheelchair accessible","Dining in the Flower Dome makes for a back-to-nature moment and Chef Wilson does it with a touch of class. In his tasting menu, gracefully presented courses are underpinned by solid techniques, packed with oomph and flavours bold enough to match the showy, colourful blooms. The wine list showcases some rare labels, including bottles from Lebanon and Morocco, while the temperance pairing is also interesting. Service is seamless and personable.",A,0,18,4.61,good,0.7197,excellent,0.8618,good,0.9314,3.78,4.67,4.11
Maxwell Fuzhou Oyster Cake,ChIJ3x7is3IZ2jERj5SRybs_E2Y,"Maxwell Food Centre, #01-05, 1 Kadayanallur Street, 069184, Singapore",Singapore,Central,1,Street Food,103.84473,1.28033,No Phone Number Listed,https://guide.michelin.com/en/singapore-region/singapore/restaurant/maxwell-fuzhou-oyster-cake,https://maps.app.goo.gl/5JV4AZkbZkn5gSZe7,Selected Restaurants,"Takeaway,Beer","The second-generation owner still fries oyster cakes à la minute as her mother did in the 1960s. They may be darker than usual, but the minced pork, oysters, prawns and coriander are still soft and juicy under the crispy crust.",B,1,27,3.59,good,0.7496,excellent,0.4748,good,0.847,3.15,3.74,3.52
Mellben Seafood (Ang Mo Kio),ChIJgxGXnNsW2jEReh6IGeC_1yI,"Block 232, #01-1222, Ang Mo Kio Avenue 3, 560232, Singapore",Singapore,North-East,2,Seafood,103.83717,1.36839,6285 6762,https://guide.michelin.com/en/singapore-region/singapore/restaurant/mellben-seafood-ang-mo-kio,https://www.mellbensignature.sg/mellben-seafood/,Selected Restaurants,"Dine-in,Takeaway,Reservations,Outdoor seating,Beer,Wine,Coffee,Credit cards,NFC payments,Wheelchair accessible","It may not be in the most convenient location but that doesn’t deter the crowds from descending on this open-air space. Nearly everyone is here for one thing: crab. The chef has 15 different ways to cook them, from black pepper crab to creamy butter crab and that, of course, includes the classic chilli crab. There’s also live seafood available, along with cze char dishes – and the claypot bee hoon soup is delicious.",A,0,25,3.68,good,0.6488,good,0.3762,good,0.7209,3.12,3.48,3.56
Meta Restaurant,ChIJ6WJrhG0Z2jERFtVbDrD08jM,"9 Mohamed Sultan Road, 238959, Singapore",Singapore,Central,3,Fine Dining,103.8417604,1.29391,6513 0898,https://guide.michelin.com/en/singapore-region/singapore/restaurant/meta-570540,https://metarestaurant.sg,2 Stars,"Dine-in,Delivery,Reservations,Beer,Wine,Coffee,Credit cards,NFC payments","Chef Sun Kim hails from Korea's Busan and his refined modern cooking combines Korean traditions and bold flavours with minimalist plating. The single tasting menu is dominated by seafood and vegetables, as seen in steamed Jeju abalone with gochujang seaweed risotto – the tender mollusc, creamy rice and crunchy lily bulbs feature contrasting textures. In addition to wine pairing, the non-alcoholic Korean drink flight is also worth trying.",A,0,27,4.26,good,0.6874,excellent,0.8223,good,0.9286,3.93,4.44,3.78
Min Jiang Dempsey,ChIJl67Rr1wa2jERh76IxLI5V3A,"7A & 7B Dempsey Road, 249684, Singapore",Singapore,Central,2,Chinese,103.8083222,1.3049401,6774 0122,https://guide.michelin.com/en/singapore-region/singapore/restaurant/min-jiang-at-dempsey,https://www.goodwoodparkhotel.com/dining/min-jiang-dempsey,Selected Restaurants,"Dine-in,Takeaway,Reservations,Outdoor seating,Beer,Wine,Cocktails,Coffee,Credit cards,NFC payments,Wheelchair accessible","Amidst lush greenery, the one-storey colonial structure houses an airy dining room done up in a yellow, gold and green palette, boasting floor-to-ceiling windows, wood details and rattan furniture. The menu is Cantonese and Sichuanese with a touch of finesse and subtlety. Must-try items include turbot fish two ways, Beijing duck grilled in a wood-fire oven and various dim sum. There are also many good choices for vegetarians.",A,0,26,4.77,good,0.7382,excellent,0.8533,good,0.9532,3.96,4.5,3.88
Mustard Seed,ChIJJYnqop4X2jERtrCj3InYydg,"75 Brighton Crescent, 559216, Singapore",Singapore,North-East,3,Singaporean,103.8711608,1.3630824,9772 4553,https://guide.michelin.com/en/singapore-region/singapore/restaurant/mustard-seed,https://www.mustardseed.sg,Selected Restaurants,"Dine-in,Reservations,Beer,Wine,Credit cards,NFC payments","Before you can experience the head chef’s unique take on Singaporean-Japanese fusion cooking, you have to book a table online months ahead. Punctuality is key as the food is only served after all the guests are seated at 7:30pm sharp. The 8- or 9-course omakase-style menu changes every two months, reinventing national dishes like rojak and laksa with clever Japanese twists. Everything is served by the chefs, who take the time to explain each dish.",B,1,26,4.54,good,0.7067,excellent,0.6635,good,0.9423,3.62,4.5,3.81
Mustard Singapore - Flavours of Bengal & Punjab,ChIJV9TVVMcZ2jERA8I-uRsV6ds,"32 Race Course Road, 218552, Singapore",Singapore,Central,2,Indian,103.850682,1.307995,6297 8422,https://guide.michelin.com/en/singapore-region/singapore/restaurant/mustard,https://www.mustardsingapore.com/,Selected Restaurants,"Dine-in,Takeaway,Delivery,Reservations,Outdoor seating,Beer,Wine,Cocktails,Coffee,Credit cards,NFC payments","This halal restaurant specialising in Bengali and Punjabi cuisines is christened Mustard because the spice is used extensively in both cuisines. For instance, mustard oil is often used in place of coconut oil in Bengali cooking. Try their maacher cutlet – deep-fried fish croquettes served with a house-made fermented mustard sauce called Kashundi, which tastes strong and spicy. All food is made to order, but is so worth the wait.",A,0,21,4.9,good,0.6921,excellent,0.6503,good,0.9268,3.95,4.57,4.05
Muthu's Curry,ChIJkYBwH8cZ2jERD6jfTNAFHMs,"#01-01, 138 Race Course Road, 218591, Singapore",Singapore,Central,2,Indian,103.85204,1.30965,6392 1722,https://guide.michelin.com/en/singapore-region/singapore/restaurant/muthu-s-curry-little-india,https://www.muthuscurry.com,Bib Gourmand,"Dine-in,Takeaway,Delivery,Reservations,Outdoor seating,Beer,Wine,Coffee,Credit cards,NFC payments,Wheelchair accessible","‘Muthu’ means pearl in Tamil, which befits this gem (with another branche) serving traditional dishes from both the Southern and Northern regions of India. Originally called Muthu Makkan, the owner expanded and renamed the restaurant in 1982. The signature fish head, South Indian-style, uses a secret blend of spices. Swimmer crabs, masala prawns, lamb rack and tandoori chicken are also big hits among diners. Ask about the monthly specials.",A,0,27,4.81,good,0.7111,excellent,0.8363,good,0.9515,4.11,4.67,4.07
Na Na Curry,ChIJmVCnyRgQ2jERWhojEMyNiEY,"115 Bukit Merah View Market & Hawker Centre, #01-47, Blk 115 Bukit Merah View, 151115, Singapore",Singapore,Central,1,Street Food,103.82203,1.285599,No Phone Number Listed,https://guide.michelin.com/en/singapore-region/singapore/restaurant/na-na-curry,https://maps.app.goo.gl/DCCjnZe1uAkTmYWS8,Bib Gourmand,"Dine-in,Takeaway,Delivery,Reservations,Outdoor seating,NFC payments,Wheelchair accessible","The fish head curry with eggplant, okra and tofu puff stands out with its aromatic spice paste made from scratch, paired with a hint of coconut milk. The fish, lamb and chicken curry are also popular.",B,1,23,4.0,good,0.6736,excellent,0.4961,good,0.8723,3.48,4.13,3.78
Na Oh,ChIJD2NmYwAP2jERgF_kHfBkojk,"Hyundai Motor Group Innovation Center Singapore, Level 3, 2 Bulim Link, 649674, Singapore",Singapore,West,2,Korean,103.7117347,1.3530609,6263 1548,https://guide.michelin.com/en/singapore-region/singapore/restaurant/na-oh,https://www.hyundai.com/sg/naoh,Selected Restaurants,"Dine-in,Reservations,Outdoor seating,Beer,Wine,Coffee,Credit cards,NFC payments","The joint venture between a motor group and Korean-American chef Corey Lee advocates a ‘seed to table’ concept, whereby most of the veggies served are picked every morning from the ‘smart’ farm abutting the dining room. The combination of Korean culinary traditions and cutting-edge technology is quite inspiring. The kitchen of mostly Korean natives delivers a single seasonal tasting menu of refined Korean dishes.",B,1,28,4.79,good,0.7168,excellent,0.7742,good,0.9826,4.14,4.79,4.18
Naeum,ChIJ0zevoBEZ2jER9eYTLSlcX1Q,"161 Telok Ayer Street, 068615, Singapore",Singapore,Central,3,Fine Dining,103.84755,1.28033,8830 5016,https://guide.michelin.com/en/singapore-region/singapore/restaurant/nae-um,https://naeum.sg,1 Star,"Dine-in,Reservations,Beer,Wine,Cocktails,Coffee,Credit cards,NFC payments","The bright room is furnished in a cream and birch colour scheme, imparting calmness and warmth. The Korean chef Louis Han named his restaurant Nae:um, meaning a fragrance that evokes memories. Food culture and recollections of his home country are at the core of his episodic menu that changes with seasons. Innovative courses are precisely executed and presented in an ethereal, refreshing manner, but have inklings of their Korean roots.",A,0,29,4.66,good,0.6252,excellent,0.6547,good,0.9075,3.76,4.41,3.86
Nam Sing Hokkien Fried Mee,ChIJ8SqsVkcY2jEReADU0PpZ-AM,"51 Old Airport Road Food Centre, #01-32, 51 Old Airport Road, 390051, Singapore",Singapore,Central,1,Street Food,103.88579,1.30825,No Phone Number Listed,https://guide.michelin.com/en/singapore-region/singapore/restaurant/nam-sing-hokkien-fried-mee,https://maps.app.goo.gl/bYxSNqnQLnG464kD6,Bib Gourmand,"Dine-in,Takeaway,Wheelchair accessible",This stall has been serving just one item since opening its doors in 1960 – Hokkien fried mee with prawns. The egg noodles and rice vermicelli are tossed in a rich broth made with prawn shells and tomalley to impart deep umami.,A,0,25,2.88,poor,0.6331,poor,0.4026,good,0.7702,2.76,3.12,3.0
Nasi Lemak Ayam Taliwang,ChIJxzl0_kEU2jERqaaRi-zffVU,"Yishun Park Hawker Centre, #01-33, 51 Yishun Avenue 11, 768867, Singapore",Singapore,North,1,Street Food,103.8447273,1.4249952,No Phone Number Listed,https://guide.michelin.com/en/singapore-region/singapore/restaurant/nasi-lemak-ayam-taliwang,https://maps.app.goo.gl/pXpXcV8sfGEous9V8,Selected Restaurants,"Dine-in,Takeaway,Delivery,Outdoor seating,Coffee,NFC payments,Wheelchair accessible",Traditional coconut milk rice with Indonesian spicy chicken and sambal sauce.,B,1,18,4.33,good,0.8209,excellent,0.7965,good,0.8357,3.61,4.44,3.89
National Kitchen by Violet Oon,ChIJ33v3PKcZ2jERNogFrxUdKEo,"National Gallery Singapore, #02-01, (Coleman Street entrance), 1 St. Andrew's Road, 178957, Singapore",Singapore,Central,2,Singaporean,103.85155,1.2896,9834 9935,https://guide.michelin.com/en/singapore-region/singapore/restaurant/national-kitchen,https://violetoon.com/,Selected Restaurants,"Dine-in,Takeaway,Delivery,Reservations,Beer,Wine,Cocktails,Coffee,Credit cards,NFC payments,Wheelchair accessible","Art and sculptures aren’t the only treasures found in the National Gallery – on the 2nd floor is this restaurant from Violet Oon, Singapore’s own national treasure and one of its greatest ambassadors. The handsome, panelled 1920s-style dining room is an ideal backdrop to the cooking which, through its spicing, contrasting textures and enticing aromas, showcases Singapore’s unique culinary heritage. This is a restaurant with genuine charm.",B,1,25,4.08,good,0.6977,excellent,0.7393,good,0.8713,3.8,4.28,3.84
New Lucky Claypot Rice,ChIJLW8NAGoa2jERFAwt59aNA2E,"Holland Drive Market & Food Centre, #02-19, 44 Holland Drive, 270044, Singapore",Singapore,Central,1,Street Food,103.7929898,1.3083243,6778 7808,https://guide.michelin.com/en/singapore-region/singapore/restaurant/new-lucky-claypot-rice,https://maps.app.goo.gl/StoWbpo1RiJ6vuBy9,Bib Gourmand,"Dine-in,Takeaway,Reservations,Cash only,Wheelchair accessible","The claypot rice here is cooked to order over charcoal from scratch; the rice grains are left soft, chewy and separable from each other. The portion size is plenty for two to share. To avoid a long wait, call to pre-order.",A,0,21,3.52,good,0.7308,good,0.5189,good,0.9206,3.29,3.43,3.29
New World Mutton Soup,ChIJyZxTRrMi2jERupqrETYXp5c,"Bedok Interchange Hawker Centre, #01-23, 208 New Upper Changi Road, 460208, Singapore",Singapore,East,1,Street Food,103.9306438,1.324706,No Phone Number Listed,https://guide.michelin.com/en/singapore-region/singapore/restaurant/new-world-mutton-soup,https://maps.app.goo.gl/gMcvF1rKjaApyZ8v7,Selected Restaurants,"Dine-in,Takeaway,Wheelchair accessible","The speciality here – mutton soup – is briny-sweet with plenty of umami, and finely shredded ginger to add zing. Other lamb specialities such as rib soup, kway teow, meatballs, lamb tendon and offal are also worth trying.",A,0,28,2.14,poor,0.6843,terrible,0.4114,good,0.7539,2.54,2.57,3.07
No.18 Zion Road Fried Kway Teow,ChIJDcuaEYMZ2jER-hNhv38zuw0,"Zion Riverside Food Centre, #017, 70 Zion Road, 247792, Singapore",Singapore,Central,1,Street Food,103.8312625,1.292604,No Phone Number Listed,https://guide.michelin.com/en/singapore-region/singapore/restaurant/no-18-zion-road-fried-kway-teow,https://maps.app.goo.gl/WfsJMTpmsmaMEizb7,Bib Gourmand,"Dine-in,Takeaway,Outdoor seating,Wheelchair accessible","Kway teow noodles are fried to order and topped with fish cake and cockles. The wok hei impresses with its robust flavours and a hint of spiciness, while the cockles impart extra umami. The wait can be long, but is well worth it.",A,0,31,3.81,good,0.7774,excellent,0.5229,good,0.833,3.16,3.68,3.52
Nouri,ChIJq9pPbw0Z2jERqnm8RBMSAjY,"72 Amoy Street, 069891, Singapore",Singapore,Central,4,Fine Dining,103.84713,1.28086,9230 2477,https://guide.michelin.com/en/singapore-region/singapore/restaurant/nouri,https://nouri.com.sg/,1 Star,"Dine-in,Takeaway,Delivery,Reservations,Beer,Wine,Cocktails,Coffee,Credit cards,NFC payments","Championing a concept of “crossroads” cooking, the chef explores how cultures, ingredients, and geographical locations intersect with a menu that unfolds like a narrative. Motifs such as vanilla and turmeric are repeated throughout and lighter flavours build up to a tour-de-force climax. The marble table and conjoining chef’s counter are the preferred front row seats to interact with and watch the chefs work.",A,0,20,4.5,excellent,0.6046,excellent,0.8384,good,0.9324,4.05,4.7,4.1
Nyonya Chendol,ChIJFQ-fT2MV2jERfYHe1fwjSK0,"Chong Pang Market and Food Centre, #01-162, 105 Yishun Ring Road, 760105, Singapore",Singapore,North,1,Street Food,103.8279828,1.4318534,No Phone Number Listed,https://guide.michelin.com/en/singapore-region/singapore/restaurant/nyonya-chendol,https://maps.app.goo.gl/QWtnjMVVQrmFjev68,Selected Restaurants,"Dine-in,Takeaway,Wheelchair accessible","The stall specialises in the classic iced dessert chendol. Pandan-flavoured flour jelly, coconut milk and palm sugar syrup impart the right level of sweetness. Extra toppings like red beans or durian are available.",B,1,28,4.36,good,0.6922,excellent,0.5903,good,0.9053,3.79,4.29,3.89
Nmada,ChIJEUWnvroZ2jERBU_DTOdP66M,"1 Keong Saik Road, 089109, Singapore",Singapore,Central,2,Spanish,103.8415477,1.2789693,8209 7809,https://guide.michelin.com/en/singapore-region/singapore/restaurant/nomada,https://nomadarestaurant.sg,Selected Restaurants,"Dine-in,Reservations,Outdoor seating,Beer,Wine,Cocktails,Coffee,Credit cards,NFC payments,Wheelchair accessible","After travelling the world to broaden his culinary know-how, this culinary nomad has decided to settle with Spanish cuisine, but adds bold, exciting global influences – the traditional Mediterranean grilled octopus gets a makeover with Japanese bonito broth. The menu sees tapas rubbing shoulders with dishes to share of the likes of Spanish suckling pig or paella. The relaxed, bustling vibe also adds to the establishment’s appeal.",B,1,18,4.89,good,0.6974,excellent,0.8358,good,0.9537,3.94,4.89,4.11
Odette,ChIJbUjtT6cZ2jERJOB8kHFKljI,"National Gallery, #01-04, 1 St. Andrew's Road (entrance via Supreme Court wing's foyer), 178957, Singapore",Singapore,Central,4,Fine Dining,103.8516,1.2896459,9822 8283,https://guide.michelin.com/en/singapore-region/singapore/restaurant/odette,https://odetterestaurant.com,3 Stars,"Dine-in,Reservations,Beer,Wine,Cocktails,Coffee,Credit cards,NFC payments,Wheelchair accessible","Where better to find a priceless jewel of the Singapore dining scene than in The National Gallery? Chef Julien Royer and his highly accomplished kitchen make wonderful use of luxury ingredients of unimpeachable quality. Creative combinations, impeccable techniques and exquisite plating result in dishes that are as elegant as they are memorable. The understated and graceful room, overseen by a highly polished service team, provides the perfect backdrop.",A,0,27,4.33,good,0.5826,excellent,0.7897,good,0.8703,4.04,4.59,4.07
Olivia Restaurant & Lounge,ChIJHfUPa50Z2jERGJvm5OXf788,"#01-03, 55 Keong Saik Road, 089158, Singapore",Singapore,Central,2,Spanish,103.8416376,1.2807626,6221 0522,https://guide.michelin.com/en/singapore-region/singapore/restaurant/olivia-1196203,https://www.olivia.sg/,Selected Restaurants,"Dine-in,Takeaway,Reservations,Outdoor seating,Beer,Wine,Cocktails,Coffee,Credit cards,NFC payments","Come to this lively Catalan hotspot for tapas and small plates, which boast delicate handiwork, modern plating and lashings of flavour. Try the 'Segovia' style suckling Iberico pig or ‘A Feira’ octopus – pork belly and octopus in a silky potato foam with caramelised onion. Be sure to save room for their iconic creamy cheesecake. The chic interior by Barcelona-based designer Rosa-Violán embodies the Mediterranean soul, whisking diners instantly off to Spain.",A,0,28,4.61,excellent,0.7482,excellent,0.8607,good,0.7564,3.75,4.54,3.82
Omakase @ Stevens,ChIJz4l7i-kZ2jER108n4oib6XY,"#01-03, 30 Stevens Road, 257840, Singapore",Singapore,Central,4,Japanese,103.8286826,1.3137694,6735 8282,https://guide.michelin.com/en/singapore-region/singapore/restaurant/omakase-stevens,https://www.omakase.com.sg,1 Star,"Dine-in,Reservations,Beer,Wine,Cocktails,Credit cards,NFC payments,Wheelchair accessible","The chef hails from Osaka and honed his skills in some of Tokyo’s top kitchens. In his 6- or 8-course omakase menu, he revisits his Japanese roots with classic French techniques. Exquisite dishes made with quality seasonal Japanese produce taste light, sophisticated and subtle. With only 16 seats at the pine wood counter overlooking the open kitchen, reservations are recommended. The immaculate service further adds to the experience.",A,0,25,4.8,good,0.6503,excellent,0.8195,good,0.919,4.08,4.4,4.12
Open Farm Community,ChIJO2p_TiIa2jERYTSzmsYImjw,"130E Minden Road, 248819, Singapore",Singapore,Central,2,International,103.8161,1.305662,6471 0306,https://guide.michelin.com/en/singapore-region/singapore/restaurant/open-farm-community,https://www.openfarmcommunity.com/,Selected Restaurants,"Dine-in,Takeaway,Delivery,Reservations,Outdoor seating,Beer,Wine,Cocktails,Coffee,Credit cards,NFC payments,Wheelchair accessible","Adjacent to the Botanic Garden, this verdantly set glasshouse combines an urban farm and dining concept. The founder-chef advocates an eco-friendly philosophy and therefore designed a mostly plant-based menu. Produce may be sourced from local artisan farms as well as Malaysia, but the food shows eclectic technique and flavours from around the world. The menu offers vegan, vegetarian and gluten-free options to cater to different dietary needs.",A,0,28,3.29,good,0.7337,excellent,0.6292,good,0.7757,3.0,3.68,3.36
Osteria Mozza,ChIJLXhQg6UZ2jER_QGp15ggBTY,"Hilton Orchard, Level 5, 333 Orchard Road, 238867, Singapore",Singapore,Central,2,Italian,103.8359587,1.3022687,6831 6271,https://guide.michelin.com/en/singapore-region/singapore/restaurant/osteria-mozza-1204765,https://osteriamozza.com.sg/,Selected Restaurants,"Dine-in,Takeaway,Delivery,Reservations,Outdoor seating,Beer,Wine,Cocktails,Coffee,Credit cards,NFC payments,Wheelchair accessible","After a hiatus, the first Asian outpost of celebrity chef Nancy Silverton’s famed establishment Osteria Mozza reopened, now in a modern, rustic setting with a lively and inviting vibe. The small lunch menu features antipasti, salads, pizza and house-made pasta. The dinner menu steps up a gear to include her signature mozzarella dishes and other Italian specialties. The impressive wine list covers 280 labels from different regions of Italy.",A,0,51,4.47,good,0.6929,excellent,0.8227,good,0.9281,3.8,4.53,4.12
Outram Park Fried Kway Teow Mee,ChIJYVzeur4Z2jER0IDqig4HIUA,"Hong Lim Market and Food Centre, #02-17, Blk 531A, Upper Cross Street, 051531, Singapore",Singapore,Central,1,Street Food,103.8457139,1.2851585,No Phone Number Listed,https://guide.michelin.com/en/singapore-region/singapore/restaurant/outram-park-fried-kway-teow,https://maps.app.goo.gl/x4V2GFPmxRi9ZBEJ9,Bib Gourmand,"Dine-in,Takeaway,Coffee,Cash only,Wheelchair accessible",The Kway Teow is fried with a dark sauce you can add cockles to the noodles. Always a long queue.,A,0,27,4.11,good,0.6529,excellent,0.5488,good,0.8112,3.37,3.78,3.63
Pangium,ChIJZ8bHbNAb2jEROKgwVHYF89A,"Gallop Entrance, Singapore Botanic Gardens, 11 Gallop Road, 259015, Singapore",Singapore,Central,3,Peranakan,103.8092377,1.3143675,8938 3891,https://guide.michelin.com/en/singapore-region/singapore/restaurant/pangium,https://www.restaurantpangium.sg,1 Star,"Dine-in,Reservations,Wine,Coffee,Credit cards,NFC payments,Wheelchair accessible","The view of the lush green in the garden is one good reason to visit. But owner-chef Malcolm Lee's exquisite tasting menu that explores the untapped possibilities of Straits cuisine is what makes the experience of dining here unforgettable. Named after the plant that produces buah keluak seeds, a key ingredient in Peranakan cuisine, Pangium pays homage to family recipes passed down for generations with carefully crafted dishes that taste exceptional.",A,0,28,4.86,good,0.676,excellent,0.8915,good,0.9292,4.18,4.86,4.11
People's Park Hainanese Chicken Rice,ChIJcQo25-gZ2jERE2jaJNWebw4,"People's Park Complex Food Centre, #01-1098, 32 New Market Road, 050032, Singapore",Singapore,Central,1,Street Food,103.8425425,1.2851661,No Phone Number Listed,https://guide.michelin.com/en/singapore-region/singapore/restaurant/people-s-park-hainanese-chicken-rice,https://maps.app.goo.gl/HNSheqRq48pBmyUN7,Selected Restaurants,"Dine-in,Takeaway,Wheelchair accessible","Cantonese barbecue like roast pork and duck aside, the main draws are Hainanese chicken rice and double-boiled soups. The rice is richly perfumed with garlic and the flavourful chicken with a gelatinous skin is not to be missed.",A,0,12,3.83,good,0.7426,excellent,0.3321,good,0.8757,3.42,3.75,3.67
Podi & Poriyal,ChIJyWwh40oZ2jERAT3zabmjunk,"486 Serangoon Road, 218151, Singapore",Singapore,Central,2,Indian Vegetarian,103.857202,1.3139174,9711 2400,https://guide.michelin.com/en/singapore-region/singapore/restaurant/podi-poriyal,https://podiandporiyal.com/,Selected Restaurants,"Dine-in,Takeaway,Delivery,Reservations,Outdoor seating,Beer,Wine,Cocktails,Coffee,Credit cards,NFC payments","The name says it all – this vegetarian joint prides itself on the spicy ground lentil condiment known as podi, and sautéed vegetables, or poriyal. Replicating South Indian grandmas' cooking, the menu covers all plant-based dietary desires, with gluten-free, allium-free and vegan options. ""Which Podi? Idli"" – steamed rice cake tossed in podi – is served with a cashew and coconut chutney. Their podi dosai with poriyal filling is also excellent.",B,1,28,4.43,excellent,0.733,excellent,0.7711,good,0.9234,3.54,4.43,3.86
Poh Cheu Soon Kueh and Ang Ku Kueh,ChIJI8bN-ssb2jERB2iEV_Z3rzE,"Blk 127, KPT Coffee Shop, #01-230, Bukit Merah Lane 1, 150127, Singapore",Singapore,Central,1,Street Food,103.80339,1.28535,6276 2287,https://guide.michelin.com/en/singapore-region/singapore/restaurant/poh-cheu-kpt-coffee-shop,https://www.pohcheukitchen.com.sg/,Selected Restaurants,"Dine-in,Takeaway,Delivery,Credit cards,NFC payments,Wheelchair accessible","Ideal for fresh kueh, made from scratch daily. Colourful ang ku kueh comes in 10+ different sweet fillings and the black sesame variety stands out. Savoury kueh with bamboo shoot, yam, or chive filling are also popular.",A,0,26,3.62,good,0.6472,excellent,0.5192,good,0.8516,3.38,3.88,3.69
Pondok Makan Indonesia,ChIJAT_PULoZ2jERlsYjjATKsFI,"Albert Centre, #01-123, 270 Queen Street, 180270, Singapore",Singapore,Central,1,Street Food,103.8538666,1.3013262,No Phone Number Listed,https://guide.michelin.com/en/singapore-region/singapore/restaurant/pondok-makan-indonesia,https://maps.app.goo.gl/3KS5pLmtU6WpGDLh6,Selected Restaurants,"Dine-in,Takeaway,Delivery","Among the array of Indonesian food on offer, their grilled-to-order satay stands out in particular. Chicken satay is marinated in turmeric, imparting a mild sweetness; juicy, tender mutton satay is immaculately cooked.",A,0,24,4.0,good,0.7486,good,0.57,good,0.8469,3.58,3.96,3.75
Putien (Kitchener Road),ChIJ3zy8ZcgZ2jERagAaSeDB9bI,"127 Kitchener Road, 208514, Singapore",Singapore,Central,2,Chinese,103.8574032,1.3095414,6295 6358,https://guide.michelin.com/en/singapore-region/singapore/restaurant/putien-kitchener-road,https://www.putien.com,Selected Restaurants,"Dine-in,Takeaway,Delivery,Reservations,Beer,Wine,Credit cards,NFC payments","This first branch of the chain known for its friendly service opened in 2000. The menu showcases Fujian classics, with small plates and noodles being the highlights. Try the bian rou (Fujian wonton soup) – the translucent skin is made with pork pounded over 10,000 times into a paste. The lor mee, topped with an impressive array of seafood, is also popular. Don't miss the seasonal offerings, some using rare ingredients from the city of Putian.",A,0,26,4.46,good,0.7665,excellent,0.8457,good,0.8251,3.58,4.31,3.81
Quenino,ChIJJ65b2HQZ2jERfm36tuOY298,"Artyzen Hotel, Level 4, 9 Cuscaden Road, 249719, Singapore",Singapore,Central,3,Cafe,103.827019,1.305775,6371 6030,https://guide.michelin.com/en/singapore-region/singapore/restaurant/quenino,https://www.quenino.com,Selected Restaurants,"Dine-in,Takeaway,Reservations,Outdoor seating,Beer,Wine,Cocktails,Coffee,Credit cards,NFC payments,Wheelchair accessible","Supervised by Chef Victor Liong from Melbourne, and helmed by Chef Su, who is of Indian-Chinese descent, this fine dining restaurant serves menus imbued with a deeply rooted multicultural ethos. Australian ingredients are used in conjunction with local produce in pan-Asian recipes that meld Singaporean, Malaysian and Indonesian influences. Expect unmistakably Asian flavours, such as buah keluak and tamarind, in creative, neat culinary gems.",B,1,30,4.47,good,0.7097,excellent,0.8129,good,0.8961,3.47,4.1,3.83
R&B Express,ChIJRR4pnVEZ2jERdydSSSfVeYY,"Newton Food Centre, #01-76, 500 Clemenceau Avenue North, 229495, Singapore",Singapore,Central,1,Street Food,103.8396372,1.3122041,No Phone Number Listed,https://guide.michelin.com/en/singapore-region/singapore/restaurant/r-b-express,https://maps.app.goo.gl/9vS3zZf797MJ3gJw7,Selected Restaurants,"Dine-in,Takeaway,Beer,Wheelchair accessible","Chicken wings grilled with charcoal are crispy and juicy while the spicy sauce adds to the flavour. Also try satay, traditional popiah and kueh pie tee.",B,1,28,4.11,good,0.6983,excellent,0.5764,good,0.8874,3.5,4.25,3.75
Rajarani Thosai,ChIJLUaSFhY92jER3r3cYrUgClU,"Tampines Round Market & Food Centre, #01-33, 137 Tampines Street 11, 521137, Singapore",Singapore,East,1,Street Food,103.9445598,1.3454596,No Phone Number Listed,https://guide.michelin.com/en/singapore-region/singapore/restaurant/rajarani-thosai,https://maps.app.goo.gl/2xhgsvgKA7PFMJj89,Selected Restaurants,"Dine-in,Takeaway,Delivery,Coffee,Wheelchair accessible","The mother-and-son team serves thosai and appam made from scratch. Their thosai comes in nearly 20 different fillings such as crispy cereal, or cheese, egg and butter – everything tastes better with the sambar and chutney dips.",B,1,27,2.7,poor,0.7117,terrible,0.6283,good,0.6627,2.7,2.7,3.22
Redhill Pork Porridge,ChIJ-7LfbdQb2jERbmVwGTDKmi0,"Redhill Market, #01-90, 85 Redhill Lane, 150085, Singapore",Singapore,Central,1,Street Food,103.8180805,1.2872772,No Phone Number Listed,https://guide.michelin.com/en/singapore-region/singapore/restaurant/redhill-pork-porridge,https://maps.app.goo.gl/NFRzgFevj62xK9hZ8,Selected Restaurants,"Dine-in,Takeaway,Cash only,Wheelchair accessible","The porridge may not look exciting but the creamy base is loaded with meaty flavour. Pad it out with sliced pork, pork meatballs, pork liver or deep-fried dough sticks. Crack in a raw egg and stir it into wispy ribbons. Open from 6am while stocks lasts.",A,0,24,4.17,good,0.6317,excellent,0.4446,good,0.8137,3.38,4.0,3.75
Rempapa,ChIJd30Ooj4Z2jERnRDo8yBJBFs,"National Gallery, #01-02A, 1 St. Andrew's Road, 178957, Singapore",Singapore,Central,1,Asian,103.8512862,1.2896985,9459 1603,https://guide.michelin.com/en/singapore-region/singapore/restaurant/rempapa,https://rempapa.sg/,Selected Restaurants,"Dine-in,Takeaway,Delivery,Outdoor seating,Beer,Wine,Cocktails,Coffee,Credit cards,NFC payments,Wheelchair accessible","In a smart, casual room with tan banquettes, powder blue chairs and terrazzo tiled floor, Damian D’Silva, a respected judge from the Singaporean edition of a popular cooking show, champions a novel cuisine that crosses boundaries among Chinese, Peranakan, Eurasian, Indian and Malay cooking. Hearty dishes sit comfortably next to century-old recipes, all prepared with shrewd judgment, and the right amount of oomph. Baca Assam (beef cheek) is unmissable.",B,1,26,3.31,good,0.7148,excellent,0.5985,good,0.8726,3.38,3.81,3.5
Restaurant Born,ChIJEbQ9xpYZ2jERyBrI8a2FtEY,"#01-01, 1 Neil Road, 088804, Singapore",Singapore,Central,4,Fine Dining,103.843918,1.2803952,9270 8718,https://guide.michelin.com/en/singapore-region/singapore/restaurant/born,https://restaurantborn.com,1 Star,"Dine-in,Reservations,Beer,Wine,Cocktails,Coffee,Credit cards,NFC payments,Wheelchair accessible","Housed in Jinricksha Station, a former rickshaw depot circa 1903, Born boasts a modern dining room adorned by glowing double arches, high glass ceiling and an ethereal paper sculpture. Chef Tan cooks up a 9-course tasting menu inspired by the circle of life and his personal journey, melding French gastronomy with Chinese cooking. Dishes are creative and crafted with globally sourced ingredients, delivering contrasts in textures and flavours.",A,0,28,4.32,good,0.722,excellent,0.804,good,0.8682,3.86,4.25,3.86
Restaurant Chaleur,ChIJ6eCqdV0Z2jERGTysrBvGX_M,"Level 2, 77 Neil Road, 088903, Singapore",Singapore,Central,3,Contemporary,103.842122,1.279252,8508 3390,https://guide.michelin.com/en/singapore-region/singapore/restaurant/chaleur,https://restaurantchaleur.com,1 Star,"Dine-in,Reservations,Wine,Coffee,Credit cards,NFC payments","After helming some prestigious kitchens in Singapore, Japanese chef Kawano came up with a 10-course dinner menu that allows diners to appreciate his culinary vision to the fullest. French and Japanese produce is juxtaposed to great effect and finessed by solid French techniques. Dishes are pleasing to the eye as well as the palate. Painstakingly tweaking the consistency of his duck consommé daily, he shows his attention to detail is second to none.",B,1,26,4.5,good,0.7221,excellent,0.8272,good,0.9128,3.85,4.54,3.92
Restaurant Fiz,ChIJJ8s24l8Z2jERmHd_s9Vxa1s,"#01-01/02, 21 Tanjong Pagar Road, 088444, Singapore",Singapore,Central,3,Fine Dining,103.844015,1.279692,9679 8021,https://guide.michelin.com/en/singapore-region/singapore/restaurant/fiz,https://www.restaurantfiz.sg,Selected Restaurants,"Dine-in,Reservations,Beer,Wine,Cocktails,Coffee,Credit cards","Malaysian owner-chef Hafizzul Hashim opened Fiz in 2023 to honour his native food culture. In addition to à la carte dishes and the vegetarian set, consider ordering his ‘full experience’ menu – an ode to his childhood with family recipes that pack a punch. The food is intricately crafted with Malaysian produce, and the main courses are served communal style to re-enact traditions. Also try the house cocktails and wine-food pairings.",New,New Pending,26,4.85,good,0.648,excellent,0.7944,good,0.9425,3.92,4.69,4.19
Restaurant Ibid,ChIJzUZNrgsZ2jER2epSYaG6Gyg,"18 North Canal Road, 048830, Singapore",Singapore,Central,3,Asian Fusion,103.848305,1.2863152,9151 8698,https://guide.michelin.com/en/singapore-region/singapore/restaurant/ibid,https://www.restaurantibid.com,Selected Restaurants,"Dine-in,Reservations,Beer,Wine,Cocktails,Coffee,Credit cards,NFC payments","After winning a popular TV cookery contest, lawyer-turned-chef Woo opened Ibid in a remodelled shophouse. The enthusiastic chef gets hands-on in every part of his venture from supervising the cooking and warmly greeting guests to serving the food himself. French and Italian techniques married with Asian ingredients set the scene in the different courses of the single set menu. The counter seats are the best spots to interact with the chefs and watch the alchemy unfold. Bookings advisable.",A,0,23,4.78,good,0.7352,excellent,0.8627,good,0.9461,4.0,4.78,4.04
Restaurant JAG,ChIJKf8-B1IZ2jERKoqDakRkZy0,"Singapore Tyler Print Institute, #02-02, 41 Robertson Quay, 238236, Singapore",Singapore,Central,3,French,103.84028,1.29094,6871 8973,https://guide.michelin.com/en/singapore-region/singapore/restaurant/jag,https://www.restaurantjag.com,1 Star,"Dine-in,Takeaway,Delivery,Reservations,Beer,Wine,Cocktails,Coffee,Credit cards,NFC payments,Wheelchair accessible","Since 2023, Jag has been housed in this pristine white-walled space with sage green furnishings, brushed brass trims and mid-century rattan chairs. Chef Jeremy Gillon's cooking remains vegetable-forward: French produce picked at peak ripeness – and supplemented by meats and seafood – is key to his ethos. Dishes are light in flavours but strong in creative flair. The cheese trolley impresses with its sheer variety. Round off your meal with a digestif.",B,1,29,4.79,good,0.6602,excellent,0.8594,good,0.9596,3.97,4.76,4.0
Restaurant Labyrinth,ChIJj99Fo3IZ2jERFIUg_m-VhO8,"Esplanade Mall, #02-23, Marina Bay Promenade, 8 Raffles Avenue, 039802, Singapore",Singapore,Central,3,Singaporean,103.8563,1.2897489,6223 4098,https://guide.michelin.com/en/singapore-region/singapore/restaurant/labyrinth,https://www.restaurantlabyrinth.com,1 Star,"Dine-in,Reservations,Beer,Wine,Cocktails,Coffee,Credit cards,NFC payments,Wheelchair accessible","Chef LG Han takes recognisable local flavours and tastes remembered from childhood as his starting point – and then reimagines and reinterprets them, using superlative ingredients from across Singapore. The result is an exciting, original and unforgettable set menu that surprises, amuses and satisfies. The restaurant’s black canvas is punctured by razor sharp lighting, while the service team are clued up and very well organised.",A,0,30,4.0,good,0.6439,excellent,0.7376,good,0.93,3.57,4.0,3.57
Revolver,ChIJDxn4XBYZ2jERrbHE7aDSKGY,"56 Tras Street, 078995, Singapore",Singapore,Central,2,Indian,103.8442476,1.2781226,9668 5119,https://guide.michelin.com/en/singapore-region/singapore/restaurant/revolver,https://revolver.com.sg,Selected Restaurants,"Dine-in,Takeaway,Reservations,Beer,Wine,Cocktails,Coffee,Credit cards,NFC payments","The name is a pun on how the cooking here revolves around the charcoal grill, brazier and tandoor. Whether you sit at the counter or in a booth, the chefs put on a performance that is visible from all the seats. On top of the ‘Discovery’ and ‘Experience’ tasting menus, there are also an à la carte and a vegetarian set menu. The food cleverly melds international flavours with South Asian techniques, courtesy of savvily-layered spices and high-end ingredients.",A,0,27,3.15,poor,0.8262,excellent,0.6578,good,0.9231,2.93,3.37,3.33
Rojak Popiah & Cockle,ChIJ3x7is3IZ2jERIjV-cc9gbWI,"Maxwell Food Centre, #01-56, 1 Kadayanallur Street, 069184, Singapore",Singapore,Central,1,Street Food,103.844637,1.2802878,No Phone Number Listed,https://guide.michelin.com/en/singapore-region/singapore/restaurant/rojak%E2%80%A7popiah-cockle,https://maps.app.goo.gl/AjV7cPCfPwukHGxN6,Selected Restaurants,"Dine-in,Takeaway,Beer,Wheelchair accessible","This clean, tidy stall is named after the three items on its menu. The rojak features pineapple, yam bean, cucumber and fried dough stick dressed in a sweet, tangy and spicy sauce. Try their made-to-order popiah, too.",B,1,25,4.2,good,0.6586,excellent,0.559,good,0.7191,3.28,4.08,3.84
Ru Ji Kitchen,ChIJ7SUpBGoa2jERK-mVzrLi3W4,"Holland Drive Market & Food Centre, #02-28/29, 44 Holland Drive, 270044, Singapore",Singapore,Central,1,Street Food,103.7928826,1.3081582,9435 0820,https://guide.michelin.com/en/singapore-region/singapore/restaurant/ru-ji-kitchen,https://maps.app.goo.gl/DLRdoPAmw66jTYaf9,Bib Gourmand,"Dine-in,Takeaway,Delivery,Wheelchair accessible","Two adjoining stalls sell noodle soup or ""dry"" noodles with minced pork, pork balls or fish balls handmade on the spot. The bouncy-textured, deep-flavoured fish balls made with yellowtail are especially popular.",A,0,29,4.21,good,0.67,good,0.5007,good,0.8643,3.62,4.07,3.69
Saint Pierre,ChIJ2eBfe3UZ2jERWLXoC909C84,"One Fullerton, #02-02B, 1 Fullerton Road, 049213, Singapore",Singapore,Central,4,French,103.854219,1.2862377,6438 0887,https://guide.michelin.com/en/singapore-region/singapore/restaurant/saint-pierre,https://www.saintpierre.com.sg,2 Stars,"Dine-in,Reservations,Wine,Cocktails,Coffee,Credit cards,NFC payments,Wheelchair accessible","The modern French cuisine with Asian overtones is not to be outdone by the unobstructed views of Marina Bay, smart decor and discreet service. The chef team knows the Asian F&B market inside out and the single tasting menu showcases premium seafood from all over the world, especially Japan. Natural flavours are accentuated in mindful preparations underpinned by solid skills. Closed on some public holidays, so call ahead to check.",A,0,24,4.75,excellent,0.6964,excellent,0.9186,good,0.9538,4.33,4.42,3.96
San Shu Gong (Geylang),ChIJk7S78QUZ2jER5nnqUH2WAbc,"#01-01,135 Geylang Road, 389226, Singapore",Singapore,Central,2,Chinese,103.8739285,1.3111829,6741 0344,https://guide.michelin.com/en/singapore-region/singapore/restaurant/san-shu-gong,https://sanshugong.com.sg,Selected Restaurants,"Dine-in,Takeaway,Reservations,Beer,Wine,Coffee,Credit cards,NFC payments","The owner named the restaurant after her late father and serves Cantonese and Teochew cuisines – her father's favourites. The two chefs, each with over 30 years of professional experience, excel at seafood dishes that accentuate the natural umami of seasonal produce. Some specialities have to be pre-ordered, such as the steamed and chilled fourfinger threadfin with tender flesh and generous fish oil.",A,0,28,3.86,good,0.6708,good,0.5928,good,0.7705,3.21,3.71,3.64
San Xiang Rou Cuo Mian,ChIJDwivTnYX2jERJ3AZIy_Rptk,"ABC Brickworks Market & Food Centre, #01-132, Blk 6 Jalan Bukit Merah, 150006, Singapore",Singapore,Central,1,Street Food,103.8084765,1.2868787,9698 9907,https://guide.michelin.com/en/singapore-region/singapore/restaurant/san-xiang-rou-cuo-mian,https://maps.app.goo.gl/JmVA1oPx3nUSgnHa9,Selected Restaurants,"Dine-in,Takeaway,Wheelchair accessible",Its bak chor mee can be made with your choice of noodles – mee pok being the most popular. Bouncy noodles are dressed in sambal and topped with sliced pork and meatballs. Also try the noodle soup with fish balls or pork liver.,A,0,30,4.03,good,0.7411,good,0.3964,good,0.8776,3.53,4.2,3.8
Selamat Datang Warong Pak Sapari,ChIJr39M4QYa2jERe0a_7urSZ4I,"Adam Food Centre, #01-09 , 2 Adam Road, 289876, Singapore",Singapore,Central,1,Street Food,103.814139,1.324031,No Phone Number Listed,https://guide.michelin.com/en/singapore-region/singapore/restaurant/selamat-datang-warong-pak-sapari,https://maps.app.goo.gl/nMWt8HK9dfbu1wFw5,Bib Gourmand,"Dine-in,Takeaway,Delivery,Credit cards,Wheelchair accessible","Into the third generation, this family business is famous for mee soto and mee rebus, the former served in broth, the latter in a thicker gravy soup. Bold flavours are authentically Malaysian; add more coriander for extra fragrance.",A,0,27,4.7,good,0.6686,excellent,0.6073,good,0.9054,3.67,4.52,4.04
Seroja,ChIJ-_VlLioZ2jERU0eWh_TKqkI,"Duo Galleria, #01-30/31/32/33, 7 Fraser Street, 189356, Singapore",Singapore,Central,3,Malaysian,103.858076,1.2998671,8522 2926,https://guide.michelin.com/en/singapore-region/singapore/restaurant/seroja,https://seroja.sg/,1 Star,"Dine-in,Reservations,Wine,Cocktails,Coffee,Credit cards,NFC payments","An alumnus of prestigious establishments in France, the U.S. and Singapore, Chef Kevin Wong opened Seroja in 2022 to pledge his love to the Malay Archipelago. His seafood-focused tasting menus pay tribute to Malaysian culinary traditions with a generous use of local produce, spices and techniques. The plating is meticulous and artful and the flavours subtle and finely balanced. Ask about the food and wine or non-alcoholic beverage pairing.",B,1,18,4.67,good,0.5964,excellent,0.7785,good,0.8883,3.94,4.61,3.89
Shang Palace,ChIJXU9FcvQZ2jER7JzFxTOvf9A,"Shangri-La Hotel, Lobby Level, 22 Orange Grove Road, 258350, Singapore",Singapore,Central,2,Cantonese,103.8265468,1.3111984,6213 4398,https://guide.michelin.com/en/singapore-region/singapore/restaurant/shang-palace-501609,https://www.shangri-la.com/singapore/shangrila/dining/restaurants/shang-palace,Selected Restaurants,"Dine-in,Takeaway,Delivery,Reservations,Beer,Wine,Credit cards,NFC payments,Wheelchair accessible","In a graceful dining room reminiscent of a Chinese garden, Shang Palace rolls out an extensive menu dominated by old-time Cantonese classics that are hard to find elsewhere, such as grilled chicken liver and pork fat kebabs or deep-fried pork fat medallions stuffed with crabmeat. The well-seasoned chicken boasts addictive crispy skin. Ask about the slow-boiled soups that are made with fresh ingredients and exude rich deep flavours.",B,1,30,4.47,good,0.671,excellent,0.7481,good,0.8576,3.83,4.57,4.03
Shanyuan Teochew Kway Teow Mian,ChIJGXFsCFAZ2jERChB2U7tp3CA,"North Bridge Road Market & Food Centre, #01-95, 861 North Bridge Road, 198783, Singapore",Singapore,Central,1,Street Food,103.8636367,1.3058048,No Phone Number Listed,https://guide.michelin.com/en/singapore-region/singapore/restaurant/shanyuan-teochew-kway-teow-mian,https://maps.app.goo.gl/QrwfaSESf1TVU5iYA,Selected Restaurants,"Dine-in,Takeaway,Coffee",Get your noodle fix 24/7 at this popular stall. With myriad made-to-order options on the menu – from fish dumplings and minced pork noodles to mee tai mak and kway teow noodle soup – you're spoiled for choice.,A,0,29,4.45,good,0.6426,excellent,0.5469,good,0.8471,3.76,4.38,3.86
Sheng Seng Fried Prawn Noodles,ChIJCxuoXMMZ2jER35RlHA43Ydo,"Pek Kio Market & Food Centre, #01-40, 41 Cambridge Road, 210041, Singapore",Singapore,Central,1,Street Food,103.8499262,1.3162872,No Phone Number Listed,https://guide.michelin.com/en/singapore-region/singapore/restaurant/sheng-seng-fried-prawn-noodle,https://maps.app.goo.gl/MDf57RoH63zgwXBu8,Selected Restaurants,"Dine-in,Takeaway,Wheelchair accessible",It's all about rice vermicelli and egg noodles stir-fried with eggs and seafood. Homemade chili sauce enriches the flavour.,A,0,27,3.26,good,0.8304,good,0.5344,good,0.8315,3.33,3.33,3.37
Shi Le Yuan Kway Chap,ChIJ3Y1_-9Qb2jERIlv7srKJXvQ,"Redhill Market, #01-82, 85 Redhill Lane, 150085, Singapore",Singapore,Central,1,Street Food,103.818244,1.2873967,No Phone Number Listed,https://guide.michelin.com/en/singapore-region/singapore/restaurant/shi-le-yuan-570556,https://maps.app.goo.gl/LwFb5mLhA4qhWmhB7,Selected Restaurants,"Dine-in,Takeaway,Wheelchair accessible","The braised meat platter includes pork belly, hard-boiled eggs, pork intestine, pork skin and tofu puffs – all deeply flavoured and tasty. Kway chap, or silky broad rice noodles in a soy-based soup, is served separately.",A,0,28,3.39,poor,0.715,good,0.5831,good,0.8034,3.0,3.54,3.46
Shisen Hanten by Chen Kentaro,ChIJ8UdydJEZ2jER67QvNxywrqQ,"Hilton Orchard, Level 35, 333 Orchard Road, 238867, Singapore",Singapore,Central,2,Fusion,103.8365,1.302395,6831 6262,https://guide.michelin.com/en/singapore-region/singapore/restaurant/shisen-hanten,https://shisenhanten.com.sg,1 Star,"Dine-in,Takeaway,Reservations,Beer,Wine,Coffee,Credit cards,NFC payments,Wheelchair accessible","Further to a recent refurbishment, the interior still exudes luxury and elegance, but in an updated, understated manner. The head chef, who honed his craft at the Tokyo branch for over 12 years, champions a refined take on Chūka Sichuan cooking. Try his signature mapo tofu, or the stir-fried Hokkaido Mangalica pork – packed with bold flavours, it is also bursting with umami, thanks to the fatty pork belly and a blend of fermented bean sauces.",A,0,29,4.83,good,0.6645,excellent,0.9046,good,0.8955,4.07,4.55,4.07
Shoukouwa,ChIJu1_G5ggZ2jER_LJ4SRQX9JQ,"One Fullerton, #02-02A, 1 Fullerton Road, 049213, Singapore",Singapore,Central,4,Japanese,103.854,1.2863698,6423 9939,https://guide.michelin.com/en/singapore-region/singapore/restaurant/shoukouwa,https://www.shoukouwa.com.sg,2 Stars,"Dine-in,Reservations,Beer,Wine,Credit cards,Wheelchair accessible","Hailing from Nagoya, the Japanese head chef champions a refined, elegant approach to sushi. The menus emphasise freshness and star white fish alongside other luxury seasonal produce. Ingredients are shipped from Japan four times a week and sushi rice from Yamagata and Ishikawa prefectures is mixed in a specific ratio to the best effect. Sushi is served with two sauces to accentuate the umami of the fish. The extensive sake list offers pairing options by the glass.",A,0,27,4.63,good,0.5905,excellent,0.716,good,0.8451,3.81,4.41,4.22
Shunsui,ChIJYy_d6MgZ2jER6BkMieGTirE,"#01-01, 17 HongKong Street, 059660, Singapore",Singapore,Central,3,Japanese,103.84726,1.28762,8669 7068,https://guide.michelin.com/en/singapore-region/singapore/restaurant/kappo-shunsui-1195636,https://www.shunsui.sg/,Selected Restaurants,"Dine-in,Reservations,Beer,Wine,Credit cards,NFC payments","Formerly Kappo Shunsui, this atmospheric restaurant now serves three multicourse omakase menus, typically consisting of appetisers, sashimi, sushi, hot dish, main course and dessert. The interior is theatrically lit to showcase the food; the wooden counter seats 20 diners who can chat and interact with the chefs. It goes without saying that all the ingredients are top notch; the knife work is razor sharp and the sushi perfectly hand-pressed.",B,1,26,4.85,good,0.7235,excellent,0.8202,good,0.9437,3.85,4.69,4.19
Sik Bao Sin,ChIJDzkJUTwY2jERJKc_PQIMbsQ,"592 Geylang Road, 389531, Singapore",Singapore,Central,2,Chinese,103.8878,1.314127,6744 3757,https://guide.michelin.com/en/singapore-region/singapore/restaurant/sik-bao-sin-desmond-s-creation,https://maps.app.goo.gl/bJTDx6E5Hq5QJLpMA,Bib Gourmand,"Dine-in,Takeaway,Cash only","The second-generation owner-chef makes every dish according to traditional recipes for guaranteed authenticity. The concise menu only features 13 items, but seasonal dishes, not on the menu, are also available. The chef’s signature dish, sweet and sour pork, is made to order, so expect to wait. The ginger chicken is simply divine – tender chicken glazed in a mild chilli sauce alongside zesty pickled ginger shoots. Also, try the kale with prawns.",A,0,28,2.64,poor,0.8194,excellent,0.5167,good,0.7776,2.75,3.0,3.32
Sin Heng Claypot Bak Koot Teh,ChIJBw7Jy3IY2jERGn5LZ2j6O2s,"#01-01, 439 Joo Chiat Road, 427652, Singapore",Singapore,Central,2,Singaporean,103.9043627,1.3073313,6345 8754,https://guide.michelin.com/en/singapore-region/singapore/restaurant/sin-heng-claypot-bak-koot-teh,https://maps.app.goo.gl/VQQ4fhW4vM5DYct3A,Bib Gourmand,"Dine-in,Takeaway,Delivery,Coffee,Credit cards,NFC payments","This simple shop has been around for over 40 years and is now run by the second generation owner. As its name suggests, bak kut teh with pepper and garlic served in a claypot is their speciality – the broth is rich, but not overpoweringly spicy and the pork ribs are tender and flavoursome. Sesame oil chicken in claypot is another highlight. The wings are succulent and the sauce delivers nutty aromas and mild sweetness. Also try local stir-fries.",B,1,18,3.56,good,0.6435,good,0.4332,good,0.8693,3.44,3.89,3.56
Sin Hoi Sai (Tiong Bahru),ChIJcR64THcZ2jERa4q7Ns8yOOk,"Blk 55, #01-59/61/63, Tiong Bahru Road, 160055, Singapore",Singapore,Central,2,Seafood,103.8341,1.2847942,6223 0810,https://guide.michelin.com/en/singapore-region/singapore/restaurant/sin-hoi-sai-tiong-bahru,https://maps.app.goo.gl/iSf6Hr3fBLjS6Fqr8,Selected Restaurants,"Dine-in,Takeaway,Delivery,Reservations,Outdoor seating,Beer,Wine,Coffee,Credit cards,NFC payments,Wheelchair accessible","Located in a residential area, this well-known seafood restaurant has over 30 years of history to its name. They serve live seafood only, from fish to shellfish – make your selection from the tank. Don't miss the famous local choices of chilli crab and black pepper crab, which boast firm and briny sweet flesh; the local cze char dishes are also good. You can sit inside or outside – the latter area is particularly atmospheric and relaxing.",B,1,22,3.77,good,0.764,good,0.62,good,0.9068,3.14,3.82,3.45
Sin Huat Seafood Restaurant,ChIJpbmeqj0Y2jERFwz7RXrH1R0,"659/661 Lorong 35 Geylang, 389589, Singapore",Singapore,Central,2,Street Food,103.8885,1.314489,6744 9755,https://guide.michelin.com/en/singapore-region/singapore/restaurant/sin-huat-eating-house,https://maps.app.goo.gl/ey1WSUMCgdtzktE6A,Bib Gourmand,"Dine-in,Takeaway,Reservations,Outdoor seating,Beer,Coffee,NFC payments","Fried rice vermicelli with crab, available for dinner, is the main event. The gigantic crab is loaded with seafood flavour; the vermicelli pick up the juices nicely, exuding scallion, ginger and chilli aromas. The other seafood dishes are also tasty.",B,1,21,3.43,poor,0.6955,excellent,0.5269,good,0.7883,2.76,3.14,3.48
Singapore Famous Rojak,ChIJAT_PULoZ2jERPsMry3Zwy-E,"Albert Centre, #01-45, 270 Queen Street, 180270, Singapore",Singapore,Central,1,Street Food,103.8543306,1.3008879,No Phone Number Listed,https://guide.michelin.com/en/singapore-region/singapore/restaurant/singapore-famous-rojak,https://maps.app.goo.gl/fGTFYTGX6YUSo2CL6,Selected Restaurants,"Dine-in,Takeaway,Wheelchair accessible","Here, the second generation of the family sells local-style salad with pineapple, cucumber and deep-fried dough stick, tossed in a special home-made sauce and sprinkled with ground peanuts. Chilli is optional.",A,0,29,3.59,good,0.6504,good,0.5558,good,0.7812,3.1,3.24,3.31
Singapore Fried Hokkien Mee,ChIJrfgOv9kZ2jERKvnFv3SJJh4,"Whampoa Makan Place, #01-32, 90/91 Whampoa Drive 91, 320091, Singapore",Singapore,Central,1,Street Food,103.8549053,1.3230892,No Phone Number Listed,https://guide.michelin.com/en/singapore-region/singapore/restaurant/singapore-fried-hokkien-mee,https://maps.app.goo.gl/4bppYqy5E8ZiqJjw7,Bib Gourmand,"Dine-in,Takeaway,Outdoor seating,Wheelchair accessible","Their famous Hokkien mee is made with rice vermicelli and yellow egg noodles, which are topped with prawns and squid for that umami flavour – even better with a helping of spicy homemade chilli sauce.",A,0,29,3.79,good,0.7145,excellent,0.6017,good,0.8478,3.45,3.97,3.52
Soh Kee Cooked Food,ChIJj_R4uqUa2jERWh0CV0rZ2Sg,"Jurong West 505 Market & Food Centre, #01-44, Blk 505, Jurong West Street 52, 640505, Singapore",Singapore,West,1,Street Food,103.7184176,1.3498361,No Phone Number Listed,https://guide.michelin.com/en/singapore-region/singapore/restaurant/soh-kee-cooked-food,https://maps.app.goo.gl/PBN6wB3FsjE3Qpav7,Bib Gourmand,"Dine-in,Takeaway,Wheelchair accessible","Serves porridge with chicken, fish or cuttlefish. Sets for one to three people are also available.",A,0,29,4.52,good,0.7124,good,0.5079,good,0.8588,3.72,4.1,3.97
Solo,ChIJYXLLQe4Z2jERB0NIfypwc8I,"45 Amoy Street, 069871, Singapore",Singapore,Central,2,Italian,103.8469554,1.2806216,6260 0762,https://guide.michelin.com/en/singapore-region/singapore/restaurant/solo,https://soloristorante.com,Selected Restaurants,"Dine-in,Takeaway,Delivery,Reservations,Outdoor seating,Beer,Wine,Cocktails,Coffee,Credit cards,NFC payments,Wheelchair accessible","On Amoy Street where F&B outlets abound, Solo stands out with a relaxing vibe, an action-packed open kitchen and a regularly changing Italian menu that celebrates fresh, seasonal ingredients. The 5-course gourmet menu is a great way to sample some of its signature dishes, such as al dente homemade tagliolini topped with Japanese Bafun uni bursting with briny sweetness and umami. At lunch, the 3- or 4-course seasonal set offers great value.",B,1,27,4.78,good,0.7165,excellent,0.8127,good,0.8583,3.93,4.74,4.07
Somma,ChIJgQ9JtbEZ2jERnXxDl-k6EaU,"New Bahru, #04-02, 46 Kim Yam Road, 239351, Singapore",Singapore,Central,3,Italian,103.838817,1.292765,9756 1590,https://guide.michelin.com/en/singapore-region/singapore/restaurant/somma,https://maps.app.goo.gl/UTbdSV8onE6LVXCo9,Selected Restaurants,"Dine-in,Reservations,Beer,Wine,Cocktails,Coffee,Credit cards,NFC payments","Puglian chef Mirko Febbrile creates a dining experience with a strong sense of ceremony at Somma. The lofty space in a former school library evokes grandeur right off the bat. After being greeted by the chefs at the door, diners are escorted to an open kitchen to taste some hors d'oeuvres, then seated. Every course has some kind of wow factor with a Puglian touch. The cheese course with curated drink pairings is simply ingenious.",B,1,30,4.53,good,0.6943,excellent,0.8626,good,0.9643,4.07,4.67,4.0
Song Fa Bak Kut Teh (New Bridge Road),ChIJx-IrwSMZ2jER69DZVcA8HgY,"#01-01, 11 New Bridge Road, 059386, Singapore",Singapore,Central,1,Singaporean,103.8477147,1.2890223,6533 6128,https://guide.michelin.com/en/singapore-region/singapore/restaurant/song-fa-bak-kut-teh-new-bridge-road,https://songfa.com.sg,Bib Gourmand,"Dine-in,Takeaway,Delivery","Much has changed since Mr Yeo started selling bak kut teh from his pushcart in Johor Road back in the late ’60s – nowadays it’s the second generation of the family who are running the show. They are still selling their celebrated pork ribs and peppery broth but are now doing so from 10+ shops – and this one, the simplest, seems to be the best. Queue, order, pay, and then tuck into your soup – when you’ve finished they’ll top it up for you.",B,1,15,4.87,good,0.5466,good,0.5368,good,0.6221,4.07,4.27,4.07
Song Fish Soup,ChIJh-yeD44a2jERUxURg782lqg,"Clementi 448 Food Centre, #01-38, 448 Clementi Ave 3, 120448, Singapore",Singapore,Central,1,Street Food,103.76461,1.313468,No Phone Number Listed,https://guide.michelin.com/en/singapore-region/singapore/restaurant/song-fish-soup,https://maps.app.goo.gl/12QfTxMcZpJjN3eY8,Bib Gourmand,"Dine-in,Takeaway","The menu offers blanched sliced fish, deep-fried fish and fish maw, either in fish broth or bee hoon soup. Fish maw double fish soup lets you sample three items at once. Fish head, clams and shrimps are also available.",A,0,28,3.79,good,0.7169,good,0.4645,good,0.9075,3.39,3.96,3.71
Song Kee Teochew Fish Porridge,ChIJTwkF-usZ2jEROLeehMbVn58,"Newton Food Centre, #01-37, 500 Clemenceau Avenue North, 229495, Singapore",Singapore,Central,1,Street Food,103.839442,1.311974,No Phone Number Listed,https://guide.michelin.com/en/singapore-region/singapore/restaurant/song-kee-teochew-fish-porridge,https://maps.app.goo.gl/nLy3cw1V1pGx9KP89,Bib Gourmand,"Dine-in,Takeaway,Delivery,Reservations,Outdoor seating,Cash only,Wheelchair accessible",The fish porridge and fish head bee hoon are the main events here. The porridge is loaded with deboned fresh mackerel that imparts deep umami and sweetness. Chinese celery and coriander instantly brighten the flavour profile.,B,1,28,4.0,good,0.6549,excellent,0.4993,good,0.8212,3.36,3.86,3.5
Soon Huat,ChIJx6PzmbgZ2jER2jzmzCHgT-w,"North Bridge Road Market & Food Centre, #01-105, 861 North Bridge Road, 198783, Singapore",Singapore,Central,1,Street Food,103.8636367,1.3058048,No Phone Number Listed,https://guide.michelin.com/en/singapore-region/singapore/restaurant/soon-huat,https://maps.app.goo.gl/2UN7LvWN9A92WPsWA,Bib Gourmand,"Credit cards,NFC payments","Choose between ""dry"" and soup noodles topped with butterflied prawns, fish cake, bean sprouts and fried garlic. The flavoursome prawn soup on the side is also a treat. Not a fan of prawns? Try the pork ribs noodles instead.",B,1,27,4.04,good,0.7393,good,0.459,good,0.8979,3.67,4.37,3.89
Sospiri,ChIJK_76NzQZ2jERKWUjpJhq3vE,"IOI Central Boulevard Towers, #07-02, 2 Central Boulevard, 018916, Singapore",Singapore,Central,2,Italian,103.8513486,1.2800227,9478 0906,https://guide.michelin.com/en/singapore-region/singapore/restaurant/sospiri,https://www.sospiri.sg/,Selected Restaurants,"Dine-in,Reservations,Outdoor seating,Beer,Wine,Cocktails,Coffee,Credit cards,NFC payments","Tucked away in an office building, Sospiri prides itself on authentic Southern Italian cooking. Handmade pasta and seafood are served in portions generous enough for sharing. Fresh ingredients such as tomatoes, wild greens and baby artichokes are deftly crafted to bring out their natural flavours. Remember to save room for its traditional tiramisu. Wine buffs will appreciate the wine list that includes a wide selection of Italian labels.",A,0,27,4.52,good,0.7325,excellent,0.8062,good,0.859,3.93,4.41,4.07
Spago Dining Room,ChIJ8dGY8gYZ2jERVd0Lk3OwpIs,"Marina Bay Sands Hotel, Tower 2, Sands SkyPark, Level 57, 10 Bayfront Avenue, 018956, Singapore",Singapore,Central,2,American,103.8590604,1.2839213,6688 9955,https://guide.michelin.com/en/singapore-region/singapore/restaurant/spago-dining-room,https://www.marinabaysands.com,Selected Restaurants,"Dine-in,Takeaway,Delivery,Reservations,Outdoor seating,Beer,Wine,Cocktails,Coffee,Credit cards,NFC payments","Wolfgang Puck’s fresh, vibrant cuisine may have been born in Beverly Hills, but its second home atop Marina Bay Sands has proven an equally good fit. The menu rolls out an enticing mix of American, Asian and European influences, with dishes ranging from honey miso broiled black cod to chicken laksa spring roll. The smoked Brisbane Valley quail seduces with addictive roasting gravy. The poolside terrace commands great views, while the elegant dining room is the epitome of cool serenity.",B,1,28,4.46,good,0.7231,excellent,0.7972,good,0.8577,4.0,4.5,3.82
Spinach Soup,ChIJX9Ow3UQX2jERAQHmePYO0_w,"Geylang Bahru Market & Food Centre, #01-12, 69 Geylang Bahru, 330069, Singapore",Singapore,Central,1,Street Food,103.870173,1.32144,No Phone Number Listed,https://guide.michelin.com/en/singapore-region/singapore/restaurant/spinach-soup,https://maps.app.goo.gl/FDJoDihLxdLd17CL7,Bib Gourmand,"Dine-in,Takeaway,Wheelchair accessible","This is the place to come for a comforting bowl of soup. The broth is flavourful and sweet; the spinach is crisp and fresh. You can also order stuffed tofu or seafood on top, or add mee tai mak for some starchiness.",A,0,24,4.46,good,0.7342,excellent,0.5581,good,0.8965,3.83,4.5,4.0
Springleaf Prata Place (Spring Leaf Garden),ChIJj8lQgFQR2jERBoFqB_ZCqGk,"1 Thong Soon Avenue, 787431, Singapore",Singapore,North,1,Street Food,103.81896,1.3971,6459 5670,https://guide.michelin.com/en/singapore-region/singapore/restaurant/springleaf-prata-place,https://spplace.com/,Selected Restaurants,"Dine-in,Takeaway,Delivery,Outdoor seating,Coffee,Credit cards,NFC payments",The birthplace of Singapore’s popular prata chain serves 20 different variations with sweet or savoury fillings. But even the basic egg prata tastes great with a crisp crust and fluffy centre - perfect for any curry in any meal.,B,1,14,4.93,average,0.8179,excellent,0.7509,good,0.9948,3.29,4.86,4.07
Station by Kotuwa,ChIJO7bKomoZ2jERs4cGWuDOPJI,"21 Boon Tat Street, 069620, Singapore",Singapore,Central,2,Sri Lankan,103.8485355,1.2812755,6221 1911,https://guide.michelin.com/en/singapore-region/singapore/restaurant/station-by-kotuwa,https://stationbykotuwa.com.sg,Selected Restaurants,"Dine-in,Reservations,Wine,Cocktails,Coffee,Credit cards,NFC payments","Named after the bustling train station in Colombo, this city bistro celebrates authentic Sri Lankan cuisine. The braised beef cheek with blackened coconut gravy features tender, gelatinous meat in a smoky, nutty sauce and goes well with steamed rice or roti. Ceylon arrack, the national liquor made with coconut flowers, crops up all over the menu. Try the chocolate biscuit pudding with arrack Chantilly, or their selection of artisan arrack straight.",A,0,25,4.52,good,0.6688,excellent,0.5977,good,0.9238,3.96,4.48,3.96
Straits Chinese (Cecil Street),ChIJ9XTAjA0Z2jER5SGi41_MyME,"Keck Seng Tower, #B1-01, 133 Cecil Street, 069535, Singapore",Singapore,Central,2,Chinese,103.8489224,1.2803461,6225 8683,https://guide.michelin.com/en/singapore-region/singapore/restaurant/straits-chinese,https://straitschinese.com/,Selected Restaurants,"Dine-in,Takeaway,Delivery,Reservations,Beer,Coffee,Credit cards,NFC payments","The owner’s family opened Singapore’s first Peranakan restaurant in 1953 – this branch has been in the CBD since 2011. Ornaments and wooden furniture lend a Chinese aesthetic. The versatile menu features dishes made with local produce and lots of spices and herbs, all prepared using traditional Chinese cooking methods. Dishes to try include ayam buah keluak (chicken with local nuts) and ikan assam nanas pedas (sweet and sour fish).",B,1,20,4.8,good,0.6918,excellent,0.7825,good,0.7925,4.15,4.5,4.05
Summer Palace,ChIJPTigtosZ2jERrLUm0plK7bY,"Conrad Orchard, Level 3, 1 Cuscaden Road, 249715, Singapore",Singapore,Central,3,Chinese,103.8247494,1.3046521,6725 3288,https://guide.michelin.com/en/singapore-region/singapore/restaurant/summer-palace-501658,https://www.hilton.com/en/hotels/sinodci-conrad-singapore-orchard/dining/summer-palace,1 Star,"Dine-in,Reservations,Beer,Wine,Coffee,Credit cards,Wheelchair accessible","The serene interior is furnished in contemporary Chinese style, in a palette dominated by warm whites and muted tones. On the menu, wok hei-laden stir-fries such as crocodile fillet in brown sauce, and venison with Chinese kale feature alongside Cantonese classics including baked stuffed crab shell, steamed Chinese marrow rings stuffed with shrimp, and spinach and tofu in crabmeat sauce. Be sure to try the exquisitely crafted dim sum, too.",A,0,29,4.9,good,0.7123,excellent,0.8506,good,0.9597,3.93,4.66,3.97
Summer Pavilion,ChIJhyAGsKkZ2jERMy2EGAnyv4k,"The Ritz-Carlton, Millenia, Level 3, 7 Raffles Avenue, 039799, Singapore",Singapore,Central,2,Chinese,103.8603,1.291284,6434 5286,https://guide.michelin.com/en/singapore-region/singapore/restaurant/summer-pavillion,https://www.summerpavilion.com.sg,1 Star,"Dine-in,Reservations,Beer,Wine,Cocktails,Coffee,Credit cards,NFC payments,Wheelchair accessible","This large, contemporary dining room is surrounded by a relaxing garden. You’ll be well looked after as the engaging staff provide service with plenty of vim and vigour. The extensive Cantonese menu covers all classics as well as seasonal dishes, with seafood being a particular highlight. The double-boiled sea whelk soup with fish maw, sauteed Dong Xing grouper fillet and braised abalone are just some of the specialities.",A,0,14,4.14,good,0.7504,excellent,0.8592,good,0.8756,3.64,4.43,3.86
Sushi Hare,ChIJgeKfVqgZ2jERI5NmMWqnAK4,"14 Stanley Street, 068733, Singapore",Singapore,Central,3,Sushi,103.8480017,1.2803986,9737 0113,https://guide.michelin.com/en/singapore-region/singapore/restaurant/sushi-hare,https://www.sushihare.sg,Selected Restaurants,"Dine-in,Reservations,Beer,Wine,Credit cards","In keeping with Japanese minimalist philosophy, the space is simple and serene. The bespoke 7m counter was crafted in Japan from a single piece of cypress wood. The chef has 10+ years of experience and uses Japanese fish exclusively for his sushi. To ensure freshness, seafood is flown in from Japan four times a week. In addition to the lunch and dinner omakase menus, there is the ultra-lavish Hare menu (pre-order a week ahead).",A,0,25,4.92,excellent,0.5987,excellent,0.7389,good,0.9381,4.28,4.8,4.28
Sushi Katori,ChIJ92OnDigZ2jERtE_LjBsCgL0,"#01-03, 21 Tanjong Pagar Road, 088444, Singapore",Singapore,Central,4,Sushi,103.8441068,1.2795296,8804 5348,https://guide.michelin.com/en/singapore-region/singapore/restaurant/sushi-katori,https://sushikatori.com,Selected Restaurants,"Dine-in,Reservations,Beer,Wine,Credit cards,NFC payments,Wheelchair accessible","Chef Katori worked at Tsukiji Market for eight years, which explains his keen eye for top-notch fish. He then moved to Singapore for a stint in a renowned sushiya, before opening his own venture in 2022. His Edomae sushi features the freshest catch from the stalls of Toyosu Market and sushi rice from Miyagi Prefecture dressed in one of two vinegar blends tailored to the type of fish. His sashimi is cut slightly thicker to accentuate the texture.",A,0,28,4.89,good,0.765,excellent,0.9037,good,0.9777,4.21,4.75,4.14
Sushi Masaaki,ChIJgc-rL08Z2jERXVAkC6SdNIc,"South Beach Avenue, #B1-17, 26 Beach Road, 189768, Singapore",Singapore,Central,4,Japanese,103.855084,1.2939051,8688 1555,https://guide.michelin.com/en/singapore-region/singapore/restaurant/sushi-masaaki,https://sushimasaaki.com,Selected Restaurants,"Dine-in,Reservations,Beer,Wine,Credit cards,NFC payments","This omakase sushiya with only 12 seats boasts a counter crafted from a 250-year-old hinoki tree. In stark contrast, the lively lounge for tea and dessert is clad in wallpaper with dancing cranes on a pink background. The freshest fish is creatively combined with other ingredients to great effects while the well thought-out, sometimes unorthodox, seasoning on the sushi makes the experience unique. Friendly chefs are happy to interact with diners.",A,0,27,4.63,good,0.6361,excellent,0.7544,good,0.9319,4.11,4.74,4.22
Sushi Ryujiro,ChIJK-8dnCcZ2jERmrcroimiL3c,"Shaw Centre, #01-19, 1 Scotts Road, 228208, Singapore",Singapore,Central,4,Sushi,103.83133,1.306797,8028 1940,https://guide.michelin.com/en/singapore-region/singapore/restaurant/sushi-ryujiro-1216077,https://www.sushiryujiro.com/,Selected Restaurants,"Dine-in,Reservations,Beer,Wine,Credit cards,NFC payments","Tokyo’s legendary sushi-ya has opened its only overseas outpost in the Lion City. Owned and supervised by chef Ryujiro Nakamura, and helmed by his young protégé, Sushi Ryujiro Singapore offers two omakase menus that include otsumami and edomae nigiri sushi. Japanese rice is dressed in a blend of four red vinegars; most ingredients are also shipped from Japan for authenticity. With only 14 counter seats, reservations are essential.",A,0,26,4.5,good,0.6655,excellent,0.7901,good,0.9443,4.04,4.46,3.88
Sushi Sakuta,ChIJ8-btYLoZ2jER1ItL575IvY4,"The Capitol Kempinski Hotel, #01-88, 15 Stamford Road, 178906, Singapore",Singapore,Central,4,Japanese,103.8506988,1.2943463,6214 9477,https://guide.michelin.com/en/singapore-region/singapore/restaurant/sushi-sakuta,https://www.sushi-sakuta.com,2 Stars,"Dine-in,Reservations,Beer,Wine,Credit cards,NFC payments","The space is simple yet elegant, befitting the hotel that houses it. There is a 10-seat counter made from a 200-year-old cypress tree from Nara, Japan, plus a private room. Chef-owner Sakuta works closely with the all-Japanese kitchen team, creating a season-driven omakase menu based exclusively on Japanese fish. Even the rice is a blend of two Japanese cultivars in a precise ratio for the perfect texture. Every item is prepared with utmost care.",B,1,29,4.93,good,0.5672,excellent,0.8127,good,0.9191,3.97,4.86,4.1
Sushi Sato,ChIJy4P9mBEb2jERCt-Xxhl5vHw,"6B Dempsey Road, 247662, Singapore",Singapore,Central,3,Japanese,103.808433,1.304985,8380 3830,https://guide.michelin.com/en/singapore-region/singapore/restaurant/sushi-sato,https://sushi-sato.com,Selected Restaurants,"Dine-in,Reservations,Beer,Wine,Cocktails,Credit cards,NFC payments","The duo of chefs chose to open this sushi-ya in serene surroundings away from the busy CBD. In the same vein, the wood-rich interior is minimal and Zen-inspired. All the ingredients are shipped from Japan four times a week for peak freshness. Three seasonal menus are available and attention to detail is visible at every level – Yamagata rice is dressed in a blend of three red vinegars for the perfect tartness that complements oily fish.",B,1,23,4.78,excellent,0.7126,excellent,0.8625,good,0.8832,4.22,4.78,4.09
Tai Seng Fish Soup,ChIJhY9AlNMP2jERJ-JqR961QqM,"Taman Jurong Market & Food Centre, #03-145, 3 Yung Sheng Road, Jurong West, 618499, Singapore",Singapore,West,1,Street Food,103.7215061,1.3348723,No Phone Number Listed,https://guide.michelin.com/en/singapore-region/singapore/restaurant/tai-seng-fish-soup,https://maps.app.goo.gl/5oimKtEL2yQkz4ro8,Bib Gourmand,"Dine-in,Takeaway,Wheelchair accessible","This third-generation family business prides itself on its flavoursome fish soup made from scratch and served with sliced fish, deep-fried fish or fish head. Order noodles, rice or congee on the side for a complete meal.",B,1,28,3.64,good,0.6821,excellent,0.5104,good,0.8581,3.0,3.32,3.43
Tai Wah Pork Noodle,ChIJd9XeRgsZ2jERqxqOscYB0w4,"Hong Lim Market and Food Centre, #02-16, Blk 531A, Upper Cross Street, 051531, Singapore",Singapore,Central,1,Street Food,103.8457532,1.2852332,No Phone Number Listed,https://guide.michelin.com/en/singapore-region/singapore/restaurant/tai-wah-pork-noodle,https://taiwahnoodles.com,Bib Gourmand,"Dine-in,Takeaway,Delivery,Coffee,Cash only","Noodles served with soup meat balls, dried fish and pork liver.",B,1,27,3.26,good,0.7518,good,0.4952,good,0.8126,3.22,3.26,3.3
Tambuah Mas (Orchard),ChIJl_sOMpIZ2jERD5mQL7KxaE8,"Paragon, #B1-44, 290 Orchard Road, 238859, Singapore",Singapore,Central,2,Indonesian,103.8349852,1.3036065,6733 2220,https://guide.michelin.com/en/singapore-region/singapore/restaurant/tambuah-mas-orchard,https://www.tambuahmas.com.sg,Selected Restaurants,"Dine-in,Takeaway,Delivery,Reservations,Coffee,Credit cards,NFC payments,Wheelchair accessible","Since 1981, the Indonesian chefs at Tambuah Mas have been making authentic home-style dishes from Padang, Sulawesi and Java. Family recipes with delicate blends of spices and precise preparations are closely guarded secrets, passed down over generations. The signature tahu telor (deep-fried egg-coated tofu cubes in a dark sweet sauce) boasts crispy skin and perfect briny-sweetness. Always round off a meal here with a cendol.",A,0,27,3.59,good,0.6939,excellent,0.7331,good,0.8466,3.56,3.89,3.48
The 1950's Coffee,ChIJ3zm6GXMZ2jER4rqAnFCZ4jc,"Chinatown Complex Market & Food Centre, #02-048, 335 Smith Street, 050335, Singapore",Singapore,Central,1,Street Food,103.8432905,1.2821578,No Phone Number Listed,https://guide.michelin.com/en/singapore-region/singapore/restaurant/the-50s,https://maps.app.goo.gl/TSUyQU9jYbVJZi9E8,Selected Restaurants,"Dine-in,Takeaway,Coffee,Wheelchair accessible",Come here for the quintessential Singaporean teatime classics – kaya toast with kopi kosong (black coffee). This popular stall opened its doors in the 1950s and locals have been lining up to get their caffeine fix ever since.,B,1,28,4.32,good,0.7098,excellent,0.6187,good,0.8635,3.68,4.25,3.71
The Blue Ginger,ChIJy3NcJ20Z2jERsizqEPou3Ek,"97 Tanjong Pagar Road, 088518, Singapore",Singapore,Central,2,Asian,103.8436792,1.2774155,6222 3928,https://guide.michelin.com/en/singapore-region/singapore/restaurant/the-blue-ginger-tanjong-pagar,https://theblueginger.com/,Bib Gourmand,"Dine-in,Takeaway,Reservations,Beer,Wine,Coffee,Credit cards,NFC payments,Wheelchair accessible","This is one of the most popular little gems in Chinatown and it’s easy to see why. The narrow house offers dining on three floors; art by local artists add colour and character. In business for over 20 years, regulars keep returning for its aromatic cooking like Ngo Heong that delivers all the subtle and authentic flavours of Peranakan, as well as addictive sweets like Chendol. Better still, prices are as generous as the portions—that are great for sharing.",B,1,26,3.81,good,0.7864,excellent,0.6547,good,0.8736,3.23,3.58,3.58
The Coconut Club (Beach Road),ChIJ2Tc3MA0Z2jERXkN6MsVZXZc,"269 Beach Road, 199546, Singapore",Singapore,Central,2,Malaysian,103.8601437,1.3006534,8725 3315,https://guide.michelin.com/en/singapore-region/singapore/restaurant/the-coconut-club-1195654,https://www.thecoconutclub.sg,Bib Gourmand,"Dine-in,Takeaway,Delivery,Reservations,Outdoor seating,Beer,Wine,Cocktails,Coffee,Credit cards,NFC payments","This whitewashed traditional shophouse evokes unmistakably tropical vibes – wicker back chairs, wallpaper with banana leaf prints and cheerful blue-and-white tiled flooring. On the menu, the coconut theme is also obvious – the nasi lemak set is the best seller, but other dishes deserve equal attention too, such as ayam goreng berempah (spiced fried chicken with crispy rempah crumbs), and sago pudding with pandan, palm sugar and coconut cream.",A,0,22,4.36,good,0.6395,excellent,0.6397,good,0.8927,3.73,4.45,4.14
The Prince,ChIJjZCj0hIZ2jERFf54vtrt17Y,"48 Peck Seah Street, 079317, Singapore",Singapore,Central,2,Mediterranean,103.844791,1.277961,3129 7547,https://guide.michelin.com/en/singapore-region/singapore/restaurant/the-prince,https://www.bytheprince.com/,Selected Restaurants,"Dine-in,Reservations,Beer,Wine,Cocktails,Coffee,Credit cards,NFC payments","Earthy shades, Moorish motifs and rattan pendant lights exude Middle Eastern warmth. The room sports two dining vibes: a friendly bar at the front or views of the open kitchen to the rear. The chefs put a contemporary spin on Arabic cuisine from hummus, kebab and falafel to whole roast chicken and grilled seabass. Alternatively, order ‘Feed Me’ and let the chefs decide. Come with a posse to share the food and the fun.",A,0,27,4.26,good,0.6872,excellent,0.8493,good,0.8486,3.93,4.44,4.0
Thevar,ChIJT19LkL4Z2jERuLB_g4cX3mI,"16 Mohamed Sultan Road, 238965, Singapore",Singapore,Central,4,Indian,103.841477,1.29362,9750 8275,https://guide.michelin.com/en/singapore-region/singapore/restaurant/thevar,https://thevar.sg/,2 Stars,"Dine-in,Reservations,Beer,Wine,Cocktails,Coffee,Credit cards,NFC payments","Chef Mano Thevar serves a creative multi-course menu rooted in Indian traditions and crafted with European techniques. Signature dishes such as Chettinad chicken roti or Brittany lobster in curry beurre blanc pack a ton of oomph, while maintaining a fine balance with mindful touches. A vegetarian version is available but needs pre-ordering. The wine list covers 600+ labels; ask about wine, sake and non-alcoholic drink pairings.",A,0,27,4.67,excellent,0.5323,excellent,0.6805,good,0.9231,4.19,4.56,4.07
Tian Tian Hainanese Chicken Rice,ChIJ2ZDgUg0Z2jERXUJpEsR0Oto,"Maxwell Food Centre, #01-10/11, 1 Kadayanallur Street, 069184, Singapore",Singapore,Central,1,Street Food,103.8448118,1.2804903,No Phone Number Listed,https://guide.michelin.com/en/singapore-region/singapore/restaurant/tian-tian-hainanese-chicken-rice,https://maps.app.goo.gl/YvHvmiiAzBsGUWrW6,Bib Gourmand,"Dine-in,Takeaway,Outdoor seating,Beer,Wine,NFC payments,Wheelchair accessible","Expect a long queue, but the velvety chicken with springy skin is worth the wait. Even the aromatic oil rice and briny-sweet sauce are perfectly made. Consider ordering half a chicken to share, or an extra drumstick.",A,0,20,3.55,poor,0.578,good,0.4278,good,0.7571,2.85,3.25,3.6
Tien Lai Rice Stall,ChIJE_rGC_sP2jERf3eeFcq2GTo,"Taman Jurong Market & Food Centre, #02-66, 3 Yung Sheng Road, Jurong West, 618499, Singapore",Singapore,West,1,Street Food,103.7214058,1.3347274,No Phone Number Listed,https://guide.michelin.com/en/singapore-region/singapore/restaurant/tien-lai-rice-stall,https://maps.app.goo.gl/DVRxkYeJGsVGyJzk8,Selected Restaurants,"Dine-in,Takeaway,Outdoor seating,Wheelchair accessible","Open mornings only, this stall is famous for its Cantonese barbecue that tends to sell out quickly - so come early! Roast duck boasts velvety meat without being too fatty and the roast pork strikes a fine balance between lean and fatty meat.",B,1,27,4.3,good,0.691,excellent,0.5144,good,0.8541,3.89,4.3,3.96
Tiong Bahru Hainanese Boneless Chicken Rice,ChIJQbXCPhcZ2jERoVdK_gwAC9k,"Tiong Bahru Market, #02-82, 30 Seng Poh Road, 168898, Singapore",Singapore,Central,1,Street Food,103.832596,1.2846286,No Phone Number Listed,https://guide.michelin.com/en/singapore-region/singapore/restaurant/tiong-bahru-hainanese-boneless-chicken-rice,https://maps.app.goo.gl/ja8YyX81YQkCh67S7,Bib Gourmand,"Dine-in,Takeaway,Delivery,Wheelchair accessible","The rice that comes with the signature Hainanese boneless chicken imparts a mild turmeric aroma. Tender juicy meat, without too much fat under the bouncy, gelatinous skin. The roast chicken is also recommended.",B,1,25,3.48,good,0.7769,good,0.5003,good,0.7945,3.2,3.52,3.48
Tiong Bahru Lien Fa Shui Jing Pau,ChIJbT7CtXwZ2jER7eydU2G2c1g,"Alexandra Village Food Centre, #01-10, Blk 120 Bukit Merah Lane 1, 150120, Singapore",Singapore,Central,1,Street Food,103.8326,1.284671,6274 5561,https://guide.michelin.com/en/singapore-region/singapore/restaurant/tiong-bahru-lien-fa-shui-jing-pau,https://maps.app.goo.gl/mFdGh1B5dGJCfYmU6,Selected Restaurants,"Dine-in,Takeaway,Reservations,Wheelchair accessible","The teochew dumplings are stuffed with jicama for a lovely crunch, while chopped dried shrimps lend briny umami. Try them with the home-made chilli sauce. Dumplings with red bean or taro paste filling are available after 1pm.",A,0,28,3.21,poor,0.6984,excellent,0.4092,good,0.7619,3.0,3.32,3.32
To-Ricos Kway Chap,ChIJFztlTj8Y2jER1sZiu76nUbI,"51 Old Airport Road Food Centre, #01-135/136, 51 Old Airport Road, 390051, Singapore",Singapore,Central,1,Street Food,103.8857344,1.3083574,9388 1098,https://guide.michelin.com/en/singapore-region/singapore/restaurant/to-ricos-guo-shi,https://maps.app.goo.gl/s7jN1vkyDt3fzx88A,Bib Gourmand,"Dine-in,Takeaway,Coffee,Cash only,Wheelchair accessible","This kway chap stall serves the broad rice noodles with pork belly, trotters, intestine, tripe and dried tofu braised in a spiced soy-based marinade. Noodles are thin and silky; braised pork and tofu impart deep flavours and aromas.",B,1,28,4.07,good,0.6619,excellent,0.643,good,0.8442,3.5,4.0,3.61
Toa Payoh 93 Soon Kueh,ChIJOcv3nCwY2jEREid7onQEdLo,"Geylang Bahru Market & Food Centre, #01-68, 69 Geylang Bahru, 330069, Singapore",Singapore,Central,1,Street Food,103.870173,1.32144,No Phone Number Listed,https://guide.michelin.com/en/singapore-region/singapore/restaurant/toa-payoh-93-soon-kueh,https://maps.app.goo.gl/62n9M1JvwEkUQGwy9,Selected Restaurants,"Dine-in,Takeaway,Reservations,Cash only,Wheelchair accessible","The stall carries three kinds of handmade dumplings – soon kueh stuffed with jicama, rice kueh and kuchai kueh with chives. All varieties boast elastic skin and generous filling.",A,0,28,4.04,good,0.6824,excellent,0.6015,good,0.8298,3.61,4.25,3.75
Torno Subito,ChIJ-aAZZwAb2jERVgsbS4vIfTw,"#01-02, 26 Dempsey Road, 249686, Singapore",Singapore,Central,2,Italian,103.8112763,1.3057499,No Phone Number Listed,https://guide.michelin.com/en/singapore-region/singapore/restaurant/torno-subito-1212304,https://www.tornosubitosg.com,Selected Restaurants,"Dine-in,Reservations,Beer,Wine,Cocktails,Coffee,Credit cards,NFC payments","A nod to the heyday of Italian cinema, the interior takes you back to the Adriatic Riviera circa 1960s. The red-yellow-blue colour scheme is carried through from the walls to the tableware. The concept by celebrity chef Massimo Bottura involves whimsically and creatively harnessing Italian produce in signature dishes like artisan tortellini in a silky sauce made with parmigiano reggiano aged for 36 months. Stone-baked pizzas are delicious.",B,1,26,4.23,good,0.7088,excellent,0.7753,good,0.9299,3.69,4.31,3.69
Tow Kwar Pop Tiong Bahru Market,ChIJnfgW3pcZ2jERM6Pc6MHjTSY,"Tiong Bahru Market, #02-06, 30 Seng Poh Road, 168898, Singapore",Singapore,Central,1,Street Food,103.83259,1.2846506,No Phone Number Listed,https://guide.michelin.com/en/singapore-region/singapore/restaurant/tow-kwar-pop,https://maps.app.goo.gl/eX3baLcCNC7pc4nn9,Selected Restaurants,"Dine-in,Takeaway,Wheelchair accessible","Here, the rojak is made with sliced cucumber, apple and bean sprouts, topped with either crispy tofu puffs or fried dough sticks. The syrupy dressing is rich and tangy, and the ground peanuts give the salad a lovely crunch.",B,1,29,4.07,good,0.5968,excellent,0.3946,good,0.9338,3.66,4.24,3.86
Traditional Hakka Lui Cha,ChIJu2nZw9wP2jER7mXZpyYWlAw,"Jurong West 505 Market & Food Centre, #01-12, Blk 505, Jurong West Street 52, 640505, Singapore",Singapore,West,1,Street Food,103.7182959,1.3496022,No Phone Number Listed,https://guide.michelin.com/en/singapore-region/singapore/restaurant/traditional-hakka-lui-cha,https://maps.app.goo.gl/MfCumvXDLSR4V17k8,Selected Restaurants,"Dine-in,Takeaway,Wheelchair accessible","Hakkanese Lui Cha is a soupy rice dish in which chicken, cabbage and pickles meet the nuttiness of sesame and peanuts plus a hint of herbs. Order the fish cake, stuffed tofu or fried egg toppings.",B,1,25,4.0,good,0.6887,excellent,0.6274,good,0.8115,3.52,3.96,3.6
True Blue Cuisine,ChIJAR_E56MZ2jER6DzJ2UNCAbU,"47/49 Armenian Street, 179937, Singapore",Singapore,Central,2,Peranakan,103.8494194,1.2945379,6440 0449,https://guide.michelin.com/en/singapore-region/singapore/restaurant/true-blue-cuisine,https://truebluecuisine.com,Bib Gourmand,"Dine-in,Takeaway,Reservations,Beer,Wine,Coffee,Credit cards,NFC payments","It’s less like walking into a restaurant, more like falling into the warm embrace of a much loved family member. Here it’s about nostalgia and paying homage to the food, history and customs of the Peranakans – you’ll find all the classic dishes, prepared in an authentic way, and the hard part is narrowing down your choice. The setting really is unique and the Ayam Buah Keluak is one of the signature.",A,0,25,3.8,good,0.755,excellent,0.6728,good,0.9142,3.48,3.96,3.64
Tunglok Heen,ChIJ-U7uY1QZ2jERf45kiagXJV0,"Hotel Michael, #02-142/143, Resorts World Sentosa, 26 Sentosa Gateway, 098138, Singapore",Singapore,Central,2,Seafood,103.820172,1.2548974,6884 7888,https://guide.michelin.com/en/singapore-region/singapore/restaurant/tunglok-heen,https://www.tunglokheen.com,Selected Restaurants,"Dine-in,Takeaway,Delivery,Reservations,Beer,Wine,Cocktails,Coffee,Credit cards,NFC payments,Wheelchair accessible","Clever lighting, dark wood and shades of red lend this modern Chinese restaurant a slick, stylish feel. Amidst traditional recipes, novel dishes also feature on the menu. Either way, the food is always meticulously plated. Don’t miss the fish bone and fish maw soup, double-boiled with chicken and pork for six hours. Chilli crab served in a casserole boasts firm, flavoursome meat. Order deep-fried buns to mop up the knockout sauce.",A,0,31,4.9,good,0.7722,excellent,0.8904,good,0.8895,4.1,4.65,4.03
Un-Yang-Kor-Dai,ChIJTRsJUQoZ2jERRtd4n-Li534,"#01-02, 57 South Bridge Road, 058688, Singapore",Singapore,Central,2,Thai,103.8483084,1.2872095,6787 8575,https://guide.michelin.com/en/singapore-region/singapore/restaurant/un-yang-kor-dai,https://www.unyangkordai.sg/,Bib Gourmand,"Dine-in,Takeaway,Reservations,Beer,Wine,Coffee,Credit cards,NFC payments","Though its name means ‘anything goes’, this restaurant is exceptionally specific about the food it serves – Isan cuisine hailing from north-eastern Thailand and famous for its infernal heat. The PenLaos signature chicken is marinated with white peppercorns and coriander for three days before being grilled to perfection. Leng zaab is pork ribs in a spicy sour broth that is simply addictive. Ask for the house-made Isan tamarind dip to dunk the pork in.",B,1,27,4.63,good,0.6134,excellent,0.6268,good,0.8321,3.89,4.56,4.07
Unforgettable Carrot Cake,ChIJVz_UhdYZ2jERhxhe5_LpMxg,"115 Bukit Merah View Market & Hawker Centre, #01-30, Blk 115 Bukit Merah View, 151115, Singapore",Singapore,Central,1,Street Food,103.8222026,1.2856834,No Phone Number Listed,https://guide.michelin.com/en/singapore-region/singapore/restaurant/unforgettable-carrot-cake,https://maps.app.goo.gl/MEoYmPuEMqwUP5yC9,Selected Restaurants,"Dine-in,Takeaway,Outdoor seating,NFC payments","Not to be confused with the western sweet of the same name, carrot cake here is savoury, made with radish and stir-fried in seasoning. Opt for the dark version coated in egg, and tossed in sticky, caramelised dark soy sauce.",A,0,27,3.67,good,0.6342,good,0.4741,good,0.8235,3.33,3.63,3.7
Ushidoki Wagyu Kaiseki,ChIJ1239LW0Z2jERWOOg_pT8KkE,"#01-01, 57 Tras Street, 078996, Singapore",Singapore,Central,4,Japanese,103.8444829,1.2780323,9643 5564,https://guide.michelin.com/en/singapore-region/singapore/restaurant/ushidoki-wagyu-kaiseki,https://www.ushidoki.com,Selected Restaurants,"Dine-in,Reservations,Beer,Wine,Credit cards,NFC payments","This chef puts a new spin on classic kaiseki with two Wagyu set menus that honour a head-to-tail concept. He chooses Ozaki beef from Miyazaki, otherwise unavailable in Singapore, for its gutsy flavour. Various cuts from 32- to 36-month-old cattle are prepared in a myriad of ways to highlight their textures and umami. Most of the other ingredients are flown in from Japan to ensure authenticity. There is also an á la carte menu for add-on courses.",New,New Pending,27,4.93,good,0.6319,excellent,0.6596,good,0.9542,4.11,4.81,4.19
Vue,ChIJ84e5vlgZ2jERxJQeoaRAQaQ,"OUE Bayfront, Level 19, 50 Collyer Quay, 049321, Singapore",Singapore,Central,3,Fine Dining,103.85301,1.2830712,8879 0923,https://guide.michelin.com/en/singapore-region/singapore/restaurant/vue-1190672,https://www.vue.com.sg,Selected Restaurants,"Dine-in,Delivery,Reservations,Outdoor seating,Beer,Wine,Cocktails,Coffee,Credit cards,NFC payments,Wheelchair accessible","Aptly named after the French word for ‘view’, this romantic restaurant boasts one of the most stunning vistas of Marina Bay. Even the ceiling is designed to emanate light without casting reflections on the glass panes. The menu shows the culinary vision of the young head chef, with the four-course chef’s tasting menu being the most popular choice where diners may choose from a number of interesting options. Steaks and risotto are great for sharing. Executive set lunch is popular.",A,0,23,4.43,good,0.6467,excellent,0.7644,good,0.8768,4.0,4.61,4.17
Wah Lok Cantonese Restaurant,ChIJnzfVXaQZ2jER6Z8ZLoosM4o,"Carlton Hotel, Level 2, 76 Bras Basah Road, 189558, Singapore",Singapore,Central,2,Cantonese,103.8523,1.295806,6311 8188,https://guide.michelin.com/en/singapore-region/singapore/restaurant/wah-lok,https://www.carltonhotel.sg/dining/wah-lok,Selected Restaurants,"Dine-in,Takeaway,Delivery,Reservations,Beer,Credit cards,NFC payments,Wheelchair accessible","A loyal clientele has made this comfortable, classically decorated Cantonese restaurant their own. The chef was born in Guangzhou but really developed his culinary skills and honed his craft in Hong Kong. His Cantonese dishes range from banquet delicacies like abalone and bird’s nest soup to seafood dishes such as steamed fish. There are also Cantonese roast meats, claypot dishes and home-style items like steamed minced pork with salted fish.",A,0,25,4.08,good,0.7056,excellent,0.7238,good,0.8671,3.36,4.32,3.84
Waku Ghin,ChIJeeuv1AUZ2jEROtmhPHnPYQ4,"The Shoppes at Marina Bay Sands, Level 2 Dining, L2-03, 10 Bayfront Avenue, 018956, Singapore",Singapore,Central,4,Japanese,103.8598,1.283175,6688 8507,https://guide.michelin.com/en/singapore-region/singapore/restaurant/waku-ghin,https://www.marinabaysands.com/restaurants/waku-ghin.html,1 Star,"Dine-in,Takeaway,Reservations,Beer,Wine,Cocktails,Coffee,Credit cards,NFC payments,Wheelchair accessible","The contemporary room is divided into three sections: a counter with seats, private rooms and the chef’s table. To stay close to the action, opt for the latter. Dinner features one sitting only with a choice between traditional and seasonal menus. Ingredients are of high quality and the food is nicely crafted. In addition to typical Japanese fare, some dishes are underscored by Western techniques with a pronounced Italian accent at times.",B,1,19,4.37,good,0.7133,excellent,0.8635,good,0.8703,3.68,4.26,3.89
Wakuda,ChIJNQFdlZwZ2jERG1o6IeA2yTc,"Marina Bay Sands Hotel, Tower 2, Lobby, 10 Bayfront Avenue, 018972, Singapore",Singapore,Central,3,Japanese,103.8606805,1.283879,6688 8885,https://guide.michelin.com/en/singapore-region/singapore/restaurant/wakuda,https://www.marinabaysands.com/restaurants/wakuda-singapore.html,Selected Restaurants,"Dine-in,Reservations,Beer,Wine,Cocktails,Coffee,Credit cards,NFC payments,Wheelchair accessible","This more accessible spinoff of its upscale sister Waku Ghin is the brainchild of the eponymous chef Tetsuya Wakuda. All rooms feature the traditional Japanese craft of wood joinery prominently, alongside soft lighting, tan leather chairs and banquettes. The menu offers an array of modern Japanese classics made with quality ingredients sourced globally. Adding original cocktails and a buzzy vibe to the equation, Wakuda guarantees a fun night out.",A,0,27,4.33,good,0.7267,excellent,0.8055,good,0.8963,3.7,4.63,4.0
Whampoa Soya Bean & Grass Jelly Drinks,ChIJTWkmDSMZ2jERngDPKiksWLE,"Whampoa Makan Place, #01-52, 90/91 Whampoa Drive 91, 320091, Singapore",Singapore,Central,1,Street Food,103.8551585,1.3228091,No Phone Number Listed,https://guide.michelin.com/en/singapore-region/singapore/restaurant/whampoa-soya-bean-grass-jelly-drinks,https://maps.app.goo.gl/nPNdLiyQAvtR6BsEA,Selected Restaurants,"Takeaway,Outdoor seating,Cash only,Wheelchair accessible","Tofu pudding is freshly made on the spot – just add toppings such as grass jelly, red beans or lotus seeds. Or try their drinkable versions, in which the soybean flavour is complemented by the velvety texture of a smoothie.",A,0,29,2.97,poor,0.6565,good,0.5227,good,0.63,2.9,2.86,3.28
Whitegrass,ChIJkZFsaaQZ2jERNwIpeScG3vM,"Chijmes, #01-26/27, 30 Victoria Street, 187996, Singapore",Singapore,Central,3,French,103.8519798,1.2955388,6837 0402,https://guide.michelin.com/en/singapore-region/singapore/restaurant/whitegrass,https://www.whitegrass.com.sg,1 Star,"Dine-in,Reservations,Outdoor seating,Beer,Wine,Cocktails,Coffee,Credit cards,NFC payments","Chef Takuya Yamashita’s style is to use French techniques to bring out the best of the mostly Japanese ingredients. The resulting tasting menus are inventive and intriguing and feature delicate and attractive dishes, such as Hokkaido scallop with Mont D’Or, and Miyazaki Wagyu with cognac sauce. The graceful restaurant is housed within a historic converted convent and is divided into two rooms, one of which allows diners to see into the kitchen.",A,0,29,4.52,good,0.6215,excellent,0.7599,good,0.9421,3.72,4.55,4.1
Whole Earth,ChIJ01wV1WwZ2jERSk88-PrWNFE,"76 Peck Seah Street, 079331, Singapore",Singapore,Central,2,Vegetarian,103.8446935,1.2772625,6221 6583,https://guide.michelin.com/en/singapore-region/singapore/restaurant/whole-earth,https://www.wholeearth.com.sg,Bib Gourmand,"Dine-in,Takeaway,Reservations,Credit cards,NFC payments,Wheelchair accessible","‘Vegetarian cuisine for non-vegetarians’ is how the team describes their longstanding Thai and Peranakan restaurant. Meat-like textures and flavours are achieved by clever preparations of soy product and tofu. The tangy, crispy mango tamarind tofu roll is jazzed up with Penang rendang, herbs and spices, while the mushrooms deliver a texture that is almost indistinguishable from meat. The cosy interior is simple and bright. Portions big enough to share.",A,0,26,4.73,good,0.7555,excellent,0.5767,good,0.861,3.58,4.42,3.96
Willow,ChIJ_-Z13O8Z2jERMGjkmo2o31c,"39 HongKong Street, 059678, Singapore",Singapore,Central,3,Asian,103.8473514,1.2874604,8843 4066,https://guide.michelin.com/en/singapore-region/singapore/restaurant/willow,https://www.willowrestaurant.sg,1 Star,"Dine-in,Reservations,Beer,Wine,Coffee,Credit cards,NFC payments,Wheelchair accessible","After working in some prestigious kitchens, Chef Nicolas Tam makes his debut with this intimate, understated and well-run restaurant. His solid French techniques come through in his pan-Asian tasting menu featuring mostly Japanese ingredients, sporting refinement, precision and balance. Served and introduced by the chefs themselves, the courses flow seamlessly and build upon each other. Counter seats overlooking the kitchen are the ones to go for.",A,0,30,5.0,good,0.7767,excellent,0.9036,good,0.9936,4.07,4.83,4.17
Wok Hei Hor Fun,ChIJQ7E9UFAb2jERTJvZspIkZNo,"Redhill Market, #01-94, 85 Redhill Lane, 150085, Singapore",Singapore,Central,1,Street Food,103.8183527,1.2874024,No Phone Number Listed,https://guide.michelin.com/en/singapore-region/singapore/restaurant/wok-hei-hor-fun,https://maps.app.goo.gl/Xykaps21YUg8WB3d7,Bib Gourmand,"Dine-in,Takeaway,Wheelchair accessible","For over 30 years, locals have been coming here for the fried hor fun (flat rice noodles) – laden with wok hei, nicely charred and in a sauce that clings to the noodles. Choose from beef, fish or assorted toppings, and don't miss the cracklings.",A,0,27,3.81,good,0.6026,good,0.3794,good,0.8756,3.15,3.74,3.67
Xing Yun Hainanese Boneless Chicken Rice,ChIJfx17mB8Q2jERpgLBPzcL6Kg,"Yuhua Market & Hawker Centre, #01-202, Blk 347, Jurong East Avenue 1, Jurong East, 600347, Singapore",Singapore,West,1,Street Food,103.7313252,1.3452585,No Phone Number Listed,https://guide.michelin.com/en/singapore-region/singapore/restaurant/xing-yun-hainanese-boneless-chicken-rice,https://maps.app.goo.gl/UjkQe58Vfif5YaDd8,Selected Restaurants,"Dine-in,Takeaway,Wheelchair accessible","Its signature Hainanese boneless chicken rice is garnished with pineapple, tomato and cucumber. Dip the juicy, silky chicken in the briny-sweet chilli and ginger sauce before savouring it with the aromatic rice.",B,1,26,3.46,good,0.7748,excellent,0.4533,good,0.8067,3.12,3.65,3.69
Yan Ting,ChIJb9RocosZ2jERzYkzsNVyukk,"The St. Regis Hotel, Level 1U, 29 Tanglin Road, 247911, Singapore",Singapore,Central,2,Chinese,103.8259,1.305914,6506 6887,https://guide.michelin.com/en/singapore-region/singapore/restaurant/yan-ting,https://www.yantingrestaurant.com,Selected Restaurants,"Dine-in,Takeaway,Delivery,Reservations,Beer,Wine,Credit cards,NFC payments,Wheelchair accessible","Since the name translates as ‘Banquet Court’, it's no surprise to find a very comfortable space, ideal for impressing visitors and friends. The head chef has extensive experience when it comes to traditional dishes, especially Cantonese barbecue and double-boiled soups. Try his crispy roast pork belly for the ultimate indulgence. He's also an expert at preparing live fish – choose from 11 cooking styles. At lunch, don't miss his Hong Kong-style dim sum.",A,0,28,4.25,good,0.7132,excellent,0.7697,good,0.92,3.54,4.11,3.61
Ye Tang,ChIJOeLhrOcR2jERpSwgo1epBhE,"Beauty World Food Centre #04-26, 144 Upper Bukit Timah Road, 588177, Singapore",Singapore,Central,1,Street Food,103.776255,1.3424073,9099 2289,https://guide.michelin.com/en/singapore-region/singapore/restaurant/ye-tang,https://maps.app.goo.gl/tX544k1rC5w5nTHa6,Selected Restaurants,"Dine-in,Takeaway","The owner learned to make cendol in Malacca, and his rice flour jelly worms – made on the spot – are softer than most. On top of the classic cendol shaved ice, add red kidney beans, palm seeds, corn kernels or durian.",B,1,26,4.23,good,0.693,excellent,0.5712,good,0.9031,3.69,4.42,3.77
Yhingthai Palace,ChIJ0Wkqc6UZ2jERR2TNmJUTcFQ,"#01-04, 36 Purvis Street, 188613, Singapore",Singapore,Central,2,Thai,103.85497,1.29648,6337 1161,https://guide.michelin.com/en/singapore-region/singapore/restaurant/yhingthai-palace,https://www.yhingthai.com.sg,Bib Gourmand,"Dine-in,Takeaway,Reservations,Beer,Wine,Coffee,Credit cards,NFC payments,Wheelchair accessible","Founded in the 1990s by a couple with a passion for Thai cuisine, this restaurant is spread over three colourful Thai-style rooms. Added authenticity comes courtesy of the helpful waitresses in traditional dress. The Thai and Thai-Chinese dishes are prepared with fresh ingredients sourced daily. Start your meal with som tom: papaya salad with dried shrimps and peanuts. Consider ordering the set if you find the lengthy à la carte menu hard to navigate.",B,1,25,4.28,good,0.5935,excellent,0.6559,good,0.9526,3.72,4.36,3.96
Yi By Jereme Leung,ChIJTzm-susZ2jERdQbUkgwT1pY,"Raffles Arcade, #03-02, 328 North Bridge Road, 188719, Singapore",Singapore,Central,2,Chinese,103.8540095,1.295585,6412 1331,https://guide.michelin.com/en/singapore-region/singapore/restaurant/yi-by-jereme-leung,https://www.yi-restaurant.com.sg,Selected Restaurants,"Dine-in,Takeaway,Delivery,Reservations,Beer,Wine,Cocktails,Coffee,Credit cards,Wheelchair accessible","The chef honed his remarkable skills while working in China for many years. He returned to Singapore and opened Yi – the Chinese word for art and craftsmanship, hence the fancy dining room adorned in exquisite paper art and the food that reflects eclectic influences from all over China. Steamed free range chicken in herbal broth impresses by its umami and mild herbal aftertaste. Also check out the seasonal menu bursting with creative twists.",A,0,27,4.89,good,0.6962,excellent,0.8697,good,0.9383,4.15,4.74,4.07
Yi Pin Wei Braised Duck Kway Chap,ChIJmafYbQA92jER-r2B05d4shE,"Tampines Round Market & Food Centre, #01-40, 137 Tampines Street 11, 521137, Singapore",Singapore,East,1,Street Food,103.944715,1.3454935,No Phone Number Listed,https://guide.michelin.com/en/singapore-region/singapore/restaurant/yi-pin-wei-braised-duck%EF%BC%8Ekway-chap,https://maps.app.goo.gl/Jd823gzPpuF1nspf6,Selected Restaurants,"Dine-in,Takeaway,Wheelchair accessible","In addition to their signature braised duck, they also serve pork trotter and chitterlings. The kway chap set menu enables you to sample different cuts all at once in a mild herbal broth. The stall also features rice dishes and kway teow.",A,0,13,3.77,good,0.8984,good,0.6983,good,0.8984,3.62,4.08,3.85
Yong Chun Wan Ton Noodle,ChIJsdivQzgZ2jERE_a4NkmY9zk,"115 Bukit Merah View Market & Hawker Centre, #01-56, Blk 115 Bukit Merah View, 151115, Singapore",Singapore,Central,1,Street Food,103.82203,1.285599,No Phone Number Listed,https://guide.michelin.com/en/singapore-region/singapore/restaurant/yong-chun-wan-ton-noodle,https://maps.app.goo.gl/LqUuTw3kKZnjRjJ66,Bib Gourmand,"Dine-in,Takeaway,NFC payments,Wheelchair accessible",The owner has his springy eggy noodles tailor-made. They are best enjoyed in its “dry” form – blanched and dressed in a savoury sweet sauce. Wonton with minced pork is fresh and firm.,B,1,24,4.12,good,0.621,good,0.3876,good,0.8664,3.42,4.12,3.75
Yong Fu,ChIJI0-nRFsZ2jERPykku9hJOMw,"Suntec City Mall, Tower 5, #01-444, 3 Temasek Boulevard, 038983, Singapore",Singapore,Central,4,Chinese,103.8576472,1.2951461,8900 8046,https://guide.michelin.com/en/singapore-region/singapore/restaurant/yong-fu-1218314,https://yongfusg.com/,Selected Restaurants,"Dine-in,Takeaway,Reservations,Beer,Wine,Credit cards,NFC payments,Wheelchair accessible","The first overseas outpost of the Shanghainese F&B brand opened in Singapore in 2024. The menu predominantly features quality live seafood from Zhejiang, prepared in authentic Ningbo style. ‘Ningbo 18 cuts’ is raw crab marinated in spiced soy; each piece brims with orange roe that tastes gooey and buttery. Save room for Ningbo sticky rice balls filled with runny black sesame paste that are made to order. Tastefully appointed interior.",B,1,21,4.14,good,0.6785,excellent,0.6837,good,0.7444,3.62,4.19,4.24
Yong Kee Claypot Bak Kut Teh,ChIJDY1zC_sP2jERiJ6AKTVsoI4,"Taman Jurong Market & Food Centre, #02-78, 3 Yung Sheng Road, Jurong West, 618499, Singapore",Singapore,West,1,Street Food,103.7214706,1.3345193,No Phone Number Listed,https://guide.michelin.com/en/singapore-region/singapore/restaurant/yong-kee-claypot-bak-kut-teh,https://maps.app.goo.gl/ZyZdZ47qn9VCJY3E6,Selected Restaurants,"Dine-in,Takeaway,Wheelchair accessible","Pork rib soup is served in a claypot alongside other condiments, such as peppercorns. The Chinese herbal version strikes a fine balance, with distinctive yet not overpowering herbal flavours. Other claypot soups are also available.",B,1,22,3.91,good,0.7914,good,0.4621,good,0.8811,3.64,3.77,3.82
Yong Xiang Xing Tou Fu,ChIJvVcekHQZ2jERRKouRhKV65I,"People's Park Complex Food Centre, #01-1084, 32 New Market Road, 050032, Singapore",Singapore,Central,1,Street Food,103.8425425,1.2851661,No Phone Number Listed,https://guide.michelin.com/en/singapore-region/singapore/restaurant/yong-xiang-xing-tou-fu,https://maps.app.goo.gl/5KwBytu6BM2KecHGA,Selected Restaurants,"Dine-in,Takeaway,Delivery,Cash only","There is only one thing on the menu – assorted tofu stew. Fish balls, tofu skin rolls, silken tofu and deep-fried tofu stuffed with minced fish are ladled into your bowl alongside a clear broth seasoned by scallion. Simply delicious.",B,1,29,4.1,good,0.7475,excellent,0.509,good,0.8147,3.34,3.69,3.52
Yummy Sarawak Kolo Mee,ChIJkU2-KxY92jER0shpQ-47usg,"Tampines Round Market & Food Centre, #01-45, 137 Tampines Street 11, 521137, Singapore",Singapore,East,1,Street Food,103.9447526,1.345531,No Phone Number Listed,https://guide.michelin.com/en/singapore-region/singapore/restaurant/yummy-sarawak-kolo-mee,https://maps.app.goo.gl/RF6moqnNHcgfvySW8,Selected Restaurants,"Dine-in,Takeaway,Delivery","The signature kolo mee set menu is a tour de force starring everything the stall has to offer – braised spareribs, wontons, char siew and curly, bouncy kolo noodles dressed in lard and shallot oil. Ipoh hor fun is also available.",A,0,29,2.72,good,0.6435,poor,0.4263,good,0.7929,3.03,3.17,3.34
Zai Shun Curry Fish Head,ChIJ-5gkAhkQ2jERAmfo3GmdfTo,"#01-205, 253 Jurong East Steet 24, 600253, Singapore",Singapore,West,1,Street Food,103.73722,1.343888,No Phone Number Listed,https://guide.michelin.com/en/singapore-region/singapore/restaurant/zai-shun-curry-fish-head,https://maps.app.goo.gl/WTyW24x7X85E78xo7,Bib Gourmand,"Dine-in,Takeaway,Outdoor seating,Beer,Coffee,NFC payments,Wheelchair accessible","The fish head curry boasts velvety flesh loaded with umami and is hot and spicy, perfect with steamed rice. Besides its eponymous dish, other equally stunning fish dishes and stir-fries are also available.",B,1,26,4.27,good,0.7134,excellent,0.5487,good,0.8627,3.54,4.15,3.85
Zen,ChIJpxlhJpkZ2jER7gzIjfgz8co,"41 Bukit Pasoh Road, 089855, Singapore",Singapore,Central,4,Fine Dining,103.84042,1.2796271,9236 6368,https://guide.michelin.com/en/singapore-region/singapore/restaurant/zen,https://www.restaurantzen.com,3 Stars,"Dine-in,Reservations,Beer,Wine,Cocktails,Coffee,Credit cards,NFC payments","The celebrity chef of Frantzén fame has opened his third Asian venture in this shophouse. Diners are offered an aperitif and amuse-bouche on the first floor, before the eight-course neo-Nordic, seafood-slanted tasting menu with Japanese influences unfolds on the second floor. The onion course is a tour de force whose flavours are intensified by contrasting textures and temperatures. The non-alcoholic drink pairing sees eccentric combos that nonetheless work.",A,0,28,4.5,good,0.6176,excellent,0.7771,good,0.8979,3.86,4.57,3.89
Zhang Ji Shanghai La Mian Xiao Long Bao,ChIJoQoMd8wb2jERO1NL_s7cOVg,"Alexandra Village Food Centre, #01-56, Blk 120 Bukit Merah Lane 1, 150120, Singapore",Singapore,Central,1,Street Food,103.8042849,1.2859524,No Phone Number Listed,https://guide.michelin.com/en/singapore-region/singapore/restaurant/zhang-ji-shanghai-la-mian-xiao-long-bao,https://maps.app.goo.gl/tW1QqDrcY4HmRMnF6,Selected Restaurants,"Takeaway,Delivery","Besides xiao long bao, this busy stall offers an array of Shanghainese food, such as pan fried dumplings, sour and spicy soup. Their pork and chives potstickers are filled to the brim and nicely browned on the bottom.",A,0,25,4.64,good,0.6709,excellent,0.6006,good,0.9424,3.88,4.76,4.04
Zheng Zhi Wen Ji Pig Organ Soup,ChIJ0_jOl84b2jER70mRlbB_2WE,"Clementi 448 Food Centre, #01-26, 448 Clementi Ave 3, 120448, Singapore",Singapore,Central,1,Street Food,103.76461,1.313468,No Phone Number Listed,https://guide.michelin.com/en/singapore-region/singapore/restaurant/zheng-zhi-wen-ji-pig-s-organ-soup,https://maps.app.goo.gl/8LZJVaV2Kqrz6NWr5,Selected Restaurants,"Dine-in,Takeaway","As well as pork offal, the menu features marinated pork trotter, kway chap and bak kut teh. But the noodle soup with pork liver and kidney stands out – the offal is cooked perfectly and the broth loaded with herbal aromas.",A,0,28,3.18,good,0.6808,good,0.411,good,0.8395,3.18,3.46,3.54
Zhi Wei Xian Zion Road Big Prawn Noodle,ChIJDcuaEYMZ2jERxL_xFzCDdTs,"Zion Riverside Food Centre, #04, 70 Zion Road, 247792, Singapore",Singapore,Central,1,Street Food,103.8312898,1.2924249,No Phone Number Listed,https://guide.michelin.com/en/singapore-region/singapore/restaurant/fresh-taste-big-prawn-noodle,https://maps.app.goo.gl/4TesXBW8qUoxrV989,Bib Gourmand,"Dine-in,Takeaway,Outdoor seating,Cash only,Wheelchair accessible","The soup has a rich prawn flavour. Fresh prawns, chili and pork rinds combine to make a great bowl of noodles.",A,0,29,4.1,good,0.6569,excellent,0.4623,good,0.8579,3.48,3.97,3.93
Zhup Zhup,ChIJMSAN2ekZ2jERvoImORya4Xs,"#01-01, 458 MacPherson Road, 368176, Singapore",Singapore,Central,1,Seafood,103.8824999,1.3319636,9639 8668,https://guide.michelin.com/en/singapore-region/singapore/restaurant/zhup-zhup,https://maps.app.goo.gl/BAjkEPKPD6kN6wNHA,Bib Gourmand,"Dine-in,Takeaway,Reservations,Outdoor seating,Beer,Credit cards,NFC payments","Formerly One Prawn & Co, Zhup Zhup still sees constant queues forming beneath its red awning. Book ahead to cut your wait time. The signature prawn noodles come in a set: a bowl of noodles plus rich prawn soup in a claypot. Out of the four types of noodles, the classic option is yellow noodles with thin bee hoon. The soup is loaded with flavours, imparted in particular by the tomalley of countless prawn heads.",A,0,25,3.8,good,0.7726,excellent,0.5055,good,0.7812,3.28,3.8,3.72
Zi Jing Cheng Hainanese Boneless Chicken Rice,ChIJ-eA0d8wb2jERH6McRIhzsug,"Alexandra Village Food Centre, #01-15, Blk 120 Bukit Merah Lane 1, 150120, Singapore",Singapore,Central,1,Street Food,103.8045586,1.2862958,No Phone Number Listed,https://guide.michelin.com/en/singapore-region/singapore/restaurant/zi-jing-cheng-hainanese-boneless-chicken-rice,https://maps.app.goo.gl/jAL99zxfu5UUai9n8,Selected Restaurants,"Dine-in,Takeaway","There is only one thing on the menu – Hainanese boneless chicken rice. Set menus are available for one to three guests, all served with steamed chicken, rice and soup. The bird is tender and flavoursome. Expect to queue any time.",B,1,29,4.41,good,0.7558,excellent,0.5386,good,0.8482,3.41,4.17,3.69
