place_id,Restaurant Name,Address,Country,Region,Price,Cuisine,Longitude,Latitude,Phone Number,Michelin Guide Post Link,Google Website Link,Michelin Award,Facilities And Services,Description,SFA Hygiene Grade,Safety Penalty,Review Count,Average Rating,value_tier,value_score,service_tier,service_score,taste_tier,taste_score,value_tier_numeric,service_tier_numeric,taste_tier_numeric
ChIJsRYJwNEW2jERcCrU_fmKp8s,Economic Bee Hoon,"Off upper Thomson Jalan Leban, Singapore 574419",Singapore,North-East,1.0,Street Food,103.8289323,1.3723383,No Phone Number Listed,Not in Michelin Guide Yet,https://maps.google.com/?cid=14674850717120080496,Not Awarded Any Yet,"Dine-in,Takeaway,Wheelchair accessible",No Description Available Yet,A,0,3,3.0,average,0.6641,good,0.5812,good,0.9572,4.0,4.33,3.67
ChIJ97T-wNEW2jER_k0foVuJgH4,#01-24 什菜飯,"Upper Thomson Road, Singapore 574419",Singapore,North-East,1.0,Street Food,103.8290586,1.3724537,No Phone Number Listed,Not in Michelin Guide Yet,https://maps.google.com/?cid=9115436672436096510,Not Awarded Any Yet,"Takeaway,Wheelchair accessible",No Description Available Yet,B,1,4,2.25,good,0.986,good,0.5667,good,0.8846,2.75,2.75,2.75
ChIJZ2DAwqYX2jERymVeqc8T30c,&Joy Japanese Food Street (Nex),"Serangoon Bus Interchange, Singapore 556138",Singapore,North-East,2.0,Japanese,103.8719911,1.3506853,No Phone Number Listed,Not in Michelin Guide Yet,https://maps.google.com/?cid=5178879879120053706,Not Awarded Any Yet,"Dine-in,Takeaway,Credit cards,NFC payments,Wheelchair accessible",No Description Available Yet,B,1,3,3.33,excellent,0.9129,excellent,0.796,good,0.9552,3.67,3.67,3.33
ChIJEWdzyHEV2jERFOURfud0d_s,1036 Fusion,"2 The Oval, Singapore 797860",Singapore,North-East,1.0,Singaporean,103.8673025,1.4085075,8481 8881,Not in Michelin Guide Yet,https://maps.google.com/?cid=18120080163349849364,Not Awarded Any Yet,"Dine-in,Takeaway,Outdoor seating,Beer,Coffee,Credit cards,NFC payments",No Description Available Yet,A,0,4,4.0,good,0.9164,excellent,0.8418,good,0.8202,3.5,3.75,4.0
ChIJGWZ0_JkU2jERyBqFWy7JGws,1036 Live Seafood,"Sembawang Road, Singapore 758501",Singapore,North,2.0,Seafood,103.8329162,1.4534902,6555 1277,Not in Michelin Guide Yet,https://maps.google.com/?cid=800454559729523400,Not Awarded Any Yet,"Dine-in,Takeaway,Reservations,Outdoor seating,Beer,Coffee,Credit cards,NFC payments,Wheelchair accessible",No Description Available Yet,A,0,3,3.67,good,0.6739,excellent,0.918,good,0.71,3.0,4.0,4.0
ChIJCa8ucjsF2jERHZiIudg_1EA,108 Mini Wok,"1 Joo Koon Bus Interchange, Singapore 629117",Singapore,West,1.0,Street Food,103.6775943,1.3273913,No Phone Number Listed,Not in Michelin Guide Yet,https://maps.google.com/?cid=4671428913548269597,Not Awarded Any Yet,"Dine-in,Takeaway,Wheelchair accessible",No Description Available Yet,A,0,3,3.67,good,0.7157,excellent,0.5163,good,0.8448,3.67,4.67,4.33
ChIJQ_yl0rcR2jERL5GXs_aRKJY,117 Fried Kway Teow • Hokkien Noodle,"Bangkit Rd, Singapore 670257",Singapore,West,1.0,Street Food,103.7734762,1.3787366,No Phone Number Listed,Not in Michelin Guide Yet,https://maps.google.com/?cid=10820058593518653743,Not Awarded Any Yet,"Dine-in,Takeaway,Wheelchair accessible",No Description Available Yet,A,0,5,4.2,good,0.7237,excellent,0.5471,good,0.8064,3.4,4.2,3.6
ChIJLeIkhSgP2jERFJnqCOUJXD8,158 Seafood,"158 Corporation Drive, Singapore 610158",Singapore,West,2.0,Seafood,103.722504,1.3284288,6264 3851,Not in Michelin Guide Yet,https://maps.google.com/?cid=4565535001548593428,Not Awarded Any Yet,"Dine-in,Takeaway,Beer,Coffee,Wheelchair accessible",No Description Available Yet,A,0,3,3.67,poor,0.8266,excellent,0.6862,good,0.8564,2.67,2.67,3.33
ChIJS1BYfVkF2jERoi_DYP2j5Tw,17 Food Shop,"1 Joo Koon Bus Interchange, Singapore 629117",Singapore,West,1.0,Street Food,103.6775648,1.3273767,No Phone Number Listed,Not in Michelin Guide Yet,https://maps.google.com/?cid=4388093720587874210,Not Awarded Any Yet,"Takeaway,Wheelchair accessible",No Description Available Yet,A,0,2,4.0,average,0.9822,excellent,0.5288,good,0.7274,3.5,3.5,4.0
ChIJd4Pilu8F2jERGcAmPHaisOQ,178 Mixed Rice Veg And Porridge,"1 Shipyard Crescent, Singapore 628499",Singapore,West,1.0,Street Food,103.6849157,1.3033026,9687 2274,Not in Michelin Guide Yet,https://maps.google.com/?cid=16478849665247658009,Not Awarded Any Yet,"Dine-in,Takeaway,Cash only",No Description Available Yet,B,1,1,4.0,average,0.9793,excellent,0.9823,good,0.9904,3.0,5.0,4.0
ChIJGwYVVwAT2jERQiBykzjEFMs,187 Ayam Penyet,"187C Marsiling Road, Singapore 733187",Singapore,North,1.0,Indonesian,103.7746886,1.4382415,No Phone Number Listed,Not in Michelin Guide Yet,https://maps.google.com/?cid=14633536836504526914,Not Awarded Any Yet,,No Description Available Yet,A,0,2,5.0,good,0.9886,excellent,0.6156,good,0.989,4.0,4.5,4.0
ChIJKT3KLGAX2jERq1yyRBddK7Q,21 On Rajah,"1 Jalan Rajah, Singapore 329133",Singapore,Central,2.0,Asian,103.847462,1.3270478,6808 6847,Not in Michelin Guide Yet,https://maps.google.com/?cid=12982572705343757483,Not Awarded Any Yet,"Dine-in,Takeaway,Delivery,Reservations,Outdoor seating,Coffee,Credit cards,NFC payments,Wheelchair accessible",No Description Available Yet,A,0,4,3.75,good,0.906,good,0.7712,good,0.8394,3.75,3.5,3.5
ChIJW9nKUeUW2jERInQCCYbtvCs,24 Hrs Ming Fa Fishball Noodles (Amk),"529 Ang Mo Kio Ave 10, #01-2361, Singapore 560529",Singapore,North-East,1.0,Noodle Shop,103.8559162,1.3727439,No Phone Number Listed,Not in Michelin Guide Yet,https://maps.google.com/?cid=3151654999185060898,Not Awarded Any Yet,"Dine-in,Takeaway,Delivery,NFC payments",No Description Available Yet,A,0,4,5.0,good,0.7157,good,0.824,good,0.9785,4.25,4.25,4.0
ChIJM4Cog6cX2jER1g4af66ZOgw,26 Home Dining,"464 Fernvale Street, Singapore 790464",Singapore,North-East,4.0,Private Dining,103.875987,1.3975841,9235 8882,Not in Michelin Guide Yet,https://maps.google.com/?cid=881185651840126678,Not Awarded Any Yet,Dine-in,No Description Available Yet,A,0,5,5.0,good,0.6906,excellent,0.7596,good,0.9974,4.4,5.0,4.2
ChIJTyWXW4EZ2jER5VJMx7p1QMI,2It & Drink,"491A River Valley Road, Singapore 248372",Singapore,Central,2.0,Italian,103.8272222,1.2933333,6737 3001,Not in Michelin Guide Yet,https://maps.google.com/?cid=13997317086935536357,Not Awarded Any Yet,"Dine-in,Takeaway,Delivery,Reservations,Outdoor seating,Beer,Wine,Cocktails,Coffee,Credit cards,NFC payments,Wheelchair accessible",No Description Available Yet,A,0,5,3.4,good,0.6464,excellent,0.6112,good,0.8287,3.4,3.6,3.0
ChIJveczDQAT2jERQzjqSh8SA04,304 Mala Hotpot Xiang Guo,"304 Woodlands Street 31, Singapore 730304",Singapore,North,1.0,Chinese,103.7737672,1.4300127,No Phone Number Listed,Not in Michelin Guide Yet,https://maps.google.com/?cid=5621356685498660931,Not Awarded Any Yet,"Dine-in,NFC payments",No Description Available Yet,A,0,4,3.75,good,0.5948,good,0.5313,good,0.6785,4.0,4.25,4.0
ChIJrezFxbYW2jERntTNH8cfMJo,33 Xian Seafood Village 33,"Sembawang Road, Singapore 779082",Singapore,North,2.0,Seafood,103.8177323,1.4038856,8575 5158,Not in Michelin Guide Yet,https://maps.google.com/?cid=11110415220815549598,Not Awarded Any Yet,"Dine-in,Takeaway,Reservations,Outdoor seating,Beer,Coffee,Wheelchair accessible",No Description Available Yet,A,0,4,4.75,good,0.809,excellent,0.9672,good,0.9538,4.25,4.75,4.25
ChIJ26cU9MEb2jERiLdLMTOJ6PE,37 Teban Gardens Fishball Noodle,"37 Teban Gardens Road, Singapore 600037",Singapore,West,1.0,Street Food,103.7423574,1.320568,8692 3139,Not in Michelin Guide Yet,https://maps.google.com/?cid=17431333210700887944,Not Awarded Any Yet,"Dine-in,Takeaway,Wheelchair accessible",No Description Available Yet,A,0,1,3.0,good,0.5598,good,0.5685,good,0.8262,4.0,4.0,4.0
ChIJpepUTgYP2jERKIDQPZPhyoE,38 Seafood (Fish Head And Steamboat),"9 Jurong West Ave 5, #01-09, Singapore 649487",Singapore,West,2.0,Chinese,103.7029255,1.3492151,9159 8669,Not in Michelin Guide Yet,https://maps.google.com/?cid=9352535598701772840,Not Awarded Any Yet,"Dine-in,Takeaway,Wheelchair accessible",No Description Available Yet,B,1,5,1.0,poor,0.9494,terrible,0.5558,terrible,0.6627,1.8,1.4,1.2
ChIJD_QWc_gX2jERl6mVTyiOxa8,39 Coffee Stall,"590 Upper Thomson Rd, #01-35, Singapore 574419",Singapore,North-East,1.0,Street Food,103.8290076,1.3723618,No Phone Number Listed,Not in Michelin Guide Yet,https://maps.google.com/?cid=12665685830834432407,Not Awarded Any Yet,"Takeaway,Coffee,Wheelchair accessible",No Description Available Yet,A,0,3,4.33,average,0.8487,excellent,0.9652,good,0.8963,3.33,4.67,4.0
ChIJ85YC688Z2jERs3PqCClm0-I,435 At Home,"435 Race Course Road, Singapore 218675",Singapore,Central,2.0,Western,103.8577556,1.316012,9757 4760,Not in Michelin Guide Yet,https://maps.google.com/?cid=16344519799086937011,Not Awarded Any Yet,"Dine-in,Delivery,Reservations,Outdoor seating,Beer,Wine",No Description Available Yet,A,0,4,5.0,good,0.8122,excellent,0.7306,good,0.9762,4.25,5.0,4.0
ChIJe7uhLpMP2jERKrXGrPmLsAI,4Fingers Crispy Chicken (Jurong West Central 2),"1 Jurong West Central 2, Singapore 643698",Singapore,West,2.0,Fast Food,103.7062886,1.3399257,6316 6609,Not in Michelin Guide Yet,https://maps.google.com/?cid=193808688438752554,Not Awarded Any Yet,"Dine-in,Takeaway,Outdoor seating,Credit cards,NFC payments,Wheelchair accessible",No Description Available Yet,A,0,4,3.75,poor,0.7428,good,0.7258,good,0.8093,2.75,4.25,4.0
ChIJee5FCAMX2jERKocEV8MUz3k,4Fingers Crispy Chicken (Jalan Kayu),"227 Jalan Kayu, Singapore 799457",Singapore,North-East,2.0,Fast Food,103.8728541,1.3959389,6235 7725,Not in Michelin Guide Yet,https://maps.google.com/?cid=8777257027979478826,Not Awarded Any Yet,"Dine-in,Takeaway,Delivery,Credit cards,NFC payments",No Description Available Yet,A,0,5,2.8,poor,0.4534,poor,0.263,good,0.6426,3.0,2.8,3.2
ChIJsyhj0n4Z2jERIBEWr81OZhg,4Fingers Crispy Chicken (Tiong Bahru),"302 Tiong Bahru Rd, #01-105, Singapore 168732",Singapore,Central,2.0,Fast Food,103.8277249,1.2862968,6264 8098,Not in Michelin Guide Yet,https://maps.google.com/?cid=1758179349847478560,Not Awarded Any Yet,"Dine-in,Takeaway,Delivery,Credit cards,NFC payments,Wheelchair accessible",No Description Available Yet,A,0,4,3.5,good,0.7036,excellent,0.6554,good,0.6487,3.0,3.0,3.5
ChIJTw1U1IUR2jERGGJClZEVwec,4Fingers Crispy Chicken (Bukit Batok West Avenue 6),"Bukit Batok West Avenue 6, Singapore 657977",Singapore,West,2.0,Fast Food,103.7408471,1.3557202,No Phone Number Listed,Not in Michelin Guide Yet,https://maps.google.com/?cid=16699652608285106712,Not Awarded Any Yet,"Dine-in,Takeaway,Delivery",No Description Available Yet,A,0,5,1.0,poor,0.8034,terrible,0.7141,poor,0.7129,2.4,2.2,2.2
ChIJo6zVvtwP2jERyf2Nuhm97cM,505 Jurong West Market & Food Centre,"505 Jurong West Street 52, Singapore 640505",Singapore,West,1.0,Street Food,103.7185004,1.3498107,No Phone Number Listed,Not in Michelin Guide Yet,https://maps.google.com/?cid=14118148325078072777,Not Awarded Any Yet,"Dine-in,Takeaway,Outdoor seating,Beer,Coffee,NFC payments,Wheelchair accessible",No Description Available Yet,A,0,2,4.0,good,0.7572,excellent,0.7988,good,0.9258,4.0,5.0,4.0
ChIJV3tVRW8V2jERwUPT2lBYG9o,57 Mala Xiang Guo,"598 Yishun Ring Road, Singapore 768698",Singapore,North,1.0,Chinese,103.8408815,1.4183631,9762 2413,Not in Michelin Guide Yet,https://maps.google.com/?cid=15716252428931384257,Not Awarded Any Yet,"Dine-in,Takeaway,Delivery,Reservations,Beer,NFC payments,Wheelchair accessible",No Description Available Yet,A,0,4,5.0,excellent,0.5062,excellent,0.6864,excellent,0.9312,4.5,4.75,4.5
ChIJRTR5pIcR2jERBi8_dy8a5Bc,6Th Avenue Fishball Noodles By Auntie Sally,"Anamalai Avenue, Singapore 276472",Singapore,Central,1.0,Street Food,103.7949342,1.3306148,No Phone Number Listed,Not in Michelin Guide Yet,https://maps.google.com/?cid=1721529748728786694,Not Awarded Any Yet,"Dine-in,Takeaway,Delivery,Wheelchair accessible",No Description Available Yet,A,0,5,4.8,good,0.7483,good,0.6533,good,0.9937,3.8,4.0,4.0
ChIJP9F23Z4Q2jERqZXXwXcXlqs,6Th Avenue Wanton Mee,"24 Sixth Avenue, Singapore 268802",Singapore,Central,1.0,Street Food,103.7949324,1.3305623,No Phone Number Listed,Not in Michelin Guide Yet,https://maps.google.com/?cid=12364095630112953769,Not Awarded Any Yet,"Dine-in,Takeaway,Outdoor seating,Beer,Coffee",No Description Available Yet,B,1,4,4.25,good,0.5449,good,0.4684,good,0.9018,3.5,3.75,4.0
ChIJIejW93kZ2jERg6mb4ptMgdE,7 Original Tiong Bahru Fishball,"30 Seng Poh Rd, #02-20 Market, Singapore 168898",Singapore,Central,1.0,Street Food,103.8325965,1.2849131,No Phone Number Listed,Not in Michelin Guide Yet,https://maps.google.com/?cid=15096431658328107395,Not Awarded Any Yet,"Takeaway,Wheelchair accessible",No Description Available Yet,B,1,4,2.25,good,0.7974,excellent,0.4096,good,0.7721,3.0,3.0,3.0
ChIJs6dzyOcZ2jERwI9Uyo1E984,7 Tavern,"1 Goldhill Plaza, Singapore 308380",Singapore,Central,2.0,Bar,103.8425832,1.3183617,6252 3310,Not in Michelin Guide Yet,https://maps.google.com/?cid=14913464066836303808,Not Awarded Any Yet,"Dine-in,Takeaway,Reservations,Outdoor seating,Live music,Beer,Wine,Cocktails,Credit cards,NFC payments",No Description Available Yet,A,0,3,4.33,good,0.7688,excellent,0.7105,good,0.9742,4.0,4.67,4.0
ChIJBYKKHzQV2jERqxPc5Rjq4xM,729 Vegan,"729 Yishun Street 71, #01-117, Singapore 760729",Singapore,North,1.0,Vegetarian,103.8317137,1.4260277,No Phone Number Listed,Not in Michelin Guide Yet,https://maps.google.com/?cid=1433246499090469803,Not Awarded Any Yet,"Dine-in,Takeaway,Coffee,NFC payments",No Description Available Yet,A,0,5,5.0,good,0.7128,excellent,0.8089,good,0.9801,3.6,4.4,4.0
ChIJ82xg0u4T2jERNb-QL3wikh0,786 Banana Leaf,"306A Woodlands Street 31, Singapore 731306",Singapore,North,1.0,Indian,103.7751675,1.4300547,9634 3561,Not in Michelin Guide Yet,https://maps.google.com/?cid=2130803490468970293,Not Awarded Any Yet,"Dine-in,Takeaway,Delivery",No Description Available Yet,A,0,3,3.33,average,0.8268,good,0.7086,good,0.7323,3.33,4.33,3.67
ChIJdZ8sgU8b2jERSYDNCfpumO8,786 Spices,"2C Jalan Papan, Singapore 619815",Singapore,West,1.0,Indian,103.7301385,1.3204172,8847 5767,Not in Michelin Guide Yet,https://maps.google.com/?cid=17264671191710138441,Not Awarded Any Yet,"Dine-in,Takeaway,Delivery,Coffee,Wheelchair accessible",No Description Available Yet,A,0,1,5.0,average,0.9823,excellent,0.9754,good,0.9877,3.0,5.0,4.0
ChIJ5ceO_jgQ2jERHPj7pKwRhAo,8 Degree Lounge (Bukit Batok),"Bukit Batok West Avenue 2, Singapore 659206",Singapore,West,1.0,Bar,103.7491335,1.352999099999999,6515 6007,Not in Michelin Guide Yet,https://maps.google.com/?cid=757750070505109532,Not Awarded Any Yet,"Dine-in,Reservations,Live music,Beer,Wine,Cocktails,Credit cards,NFC payments,Wheelchair accessible",No Description Available Yet,A,0,3,4.67,good,0.7624,good,0.6704,good,0.7835,4.0,4.33,4.0
ChIJE2AXorsV2jERAQhKqilqpec,8 Degree Lounge (Orchid Country Club),"Orchid Club Road, Singapore 769162",Singapore,North,1.0,Lounge,103.8444911,1.4110305,9669 4012,Not in Michelin Guide Yet,https://maps.google.com/?cid=16691864321101793281,Not Awarded Any Yet,"Dine-in,Takeaway,Reservations,Live music,Beer,Wine,Cocktails,Credit cards,NFC payments,Wheelchair accessible",No Description Available Yet,A,0,5,3.4,average,0.8645,good,0.7939,good,0.562,2.8,3.4,3.4
ChIJ1e_2c6UX2jERca4jYf4Xrt8,8 Degrees Taiwanese Bistro 8- (Kovan),"Lowland Road, Singapore 547444",Singapore,North-East,2.0,Taiwanese,103.883417,1.361141,8699 8171,Not in Michelin Guide Yet,https://maps.google.com/?cid=16117846497724444273,Not Awarded Any Yet,"Dine-in,Takeaway,Delivery,Outdoor seating,Coffee,Credit cards,NFC payments",No Description Available Yet,A,0,4,3.0,good,0.7697,excellent,0.7204,good,0.9704,3.25,3.5,3.25
ChIJtQc9mfAb2jERX7PXCU9yfX4,8 Noodles,"101 Siloso Rd, 098970",Singapore,Central,2.0,Street Food,103.8103358,1.2573914,6371 1966,Not in Michelin Guide Yet,https://maps.google.com/?cid=9114566904660865887,Not Awarded Any Yet,"Dine-in,Takeaway,Reservations,Outdoor seating,Wheelchair accessible",No Description Available Yet,A,0,5,3.0,good,0.6433,excellent,0.4464,good,0.7621,3.0,3.8,3.8
ChIJ7xtlvwUR2jERK6QUXirn5cg,803 Thai Food (803 (Upper Jurong Road),"Upper Jurong Road, Singapore 638365",Singapore,West,1.0,Thai,103.6821887,1.3294921,8310 6459,Not in Michelin Guide Yet,https://maps.google.com/?cid=14476230746405381163,Not Awarded Any Yet,"Dine-in,Takeaway,Delivery,Coffee,NFC payments",No Description Available Yet,A,0,5,3.8,good,0.6789,excellent,0.4672,good,0.7959,3.6,4.4,4.2
ChIJR19GINoP2jERIVvcAXcatpg,81 Seafood Restaurant,"406 Jurong West Street 42, Singapore 640406",Singapore,West,2.0,Seafood,103.7227622,1.3542716,9072 2049,Not in Michelin Guide Yet,https://maps.google.com/?cid=11004011837961034529,Not Awarded Any Yet,"Dine-in,Takeaway,Delivery,Reservations,Outdoor seating,Beer,Coffee,Credit cards,Wheelchair accessible",No Description Available Yet,A,0,4,2.25,poor,0.7656,poor,0.7186,poor,0.9176,2.5,2.5,2.5
ChIJO9ku4ecZ2jER_EeRIKh_HnU,85 Redhill,"101 Thomson Road, Singapore 307591",Singapore,Central,1.0,Noodle Shop,103.8432169,1.3174458,6370 1155,Not in Michelin Guide Yet,https://maps.google.com/?cid=8439323111816513532,Not Awarded Any Yet,"Dine-in,Takeaway,Wheelchair accessible",No Description Available Yet,B,1,3,3.33,poor,0.9228,excellent,0.4831,good,0.9884,2.67,3.67,3.33
ChIJHQXxij0P2jERQ4z-BQ43ikE,851 Indian-Muslim Food,"851 Jurong West Street 81, #01-283 Block 852, Singapore 640851",Singapore,West,1.0,Indian,103.6925469,1.3466391,9379 1345,Not in Michelin Guide Yet,https://maps.google.com/?cid=4722647692621024323,Not Awarded Any Yet,"Dine-in,Takeaway,Coffee,Wheelchair accessible",No Description Available Yet,A,0,3,3.33,good,0.6611,excellent,0.5415,good,0.7969,3.33,4.0,4.0
ChIJd4RX0rUX2jERELbXtrxM0v8,"888 Mookata, Hougang","Hougang Avenue 1, Singapore 530211",Singapore,North-East,2.0,Thai,103.8882546,1.3599799,8798 0919,Not in Michelin Guide Yet,https://maps.google.com/?cid=18433880598186014224,Not Awarded Any Yet,"Dine-in,Takeaway,Reservations,Outdoor seating,Beer,Coffee,Wheelchair accessible",No Description Available Yet,A,0,3,3.0,poor,0.7306,poor,0.4807,poor,0.9104,2.0,2.67,2.67
ChIJYcB1XlQR2jER94t9qyQmDrs,922 Beng Cheng Hakka Ampang Yong Tau Fu,"920 Upper Thomson Road, Singapore 787113",Singapore,North,2.0,Chinese,103.8179758,1.3992414,9817 7124,Not in Michelin Guide Yet,https://maps.google.com/?cid=13478752673704283127,Not Awarded Any Yet,"Dine-in,Takeaway,Outdoor seating,Beer,Coffee,Cash only",No Description Available Yet,A,0,4,2.5,good,0.8831,terrible,0.5031,good,0.8405,3.0,2.75,3.5
ChIJNYV_ctsP2jERNhgsbwXyh1U,96 Western,"442 Jurong West Avenue 1, Singapore 640442",Singapore,West,1.0,Western,103.7193409,1.3514982,8963 1696,Not in Michelin Guide Yet,https://maps.google.com/?cid=6163160720233732150,Not Awarded Any Yet,"Dine-in,Takeaway,Delivery,Outdoor seating",No Description Available Yet,A,0,5,4.4,average,0.7908,excellent,0.4574,good,0.9979,3.4,4.6,4.0
ChIJR4mBArAb2jERMQtZDkYdvhE,99 Buona Vista Kitchen,"22 South Buona Vista Rd, Singapore 118156",Singapore,Central,1.0,Chinese,103.7867971,1.2804626,9241 1352,Not in Michelin Guide Yet,https://maps.google.com/?cid=1278491530945432369,Not Awarded Any Yet,"Dine-in,Takeaway,Delivery,Reservations,Outdoor seating,Beer,Coffee,Wheelchair accessible",No Description Available Yet,B,1,4,3.5,good,0.8504,excellent,0.8722,good,0.923,3.5,4.75,4.0
ChIJUx08KpwP2jER_cJWhf24UOA,A & I Hainanese Boneless Chicken Rice,"907 Jurong West Street 91, Singapore 640907",Singapore,West,1.0,Street Food,103.6858174,1.3412583,9271 3319,Not in Michelin Guide Yet,https://maps.google.com/?cid=16163622461636002557,Not Awarded Any Yet,"Dine-in,Takeaway,Delivery,Reservations,Outdoor seating,Coffee,Cash only,Wheelchair accessible",No Description Available Yet,B,1,4,4.0,good,0.6877,good,0.4226,good,0.8154,4.0,4.25,4.0
ChIJ1yl3DkYR2jER0EUpkr2Eo28,A Hot Hideout (Bukit Panjang (Junction 10)),"1 Woodlands Rd, #01-34/35 Junction 10, Singapore 677899",Singapore,West,2.0,Chinese,103.759958,1.3803952,No Phone Number Listed,Not in Michelin Guide Yet,https://maps.google.com/?cid=8044419309149701584,Not Awarded Any Yet,"Dine-in,Takeaway,Delivery,Credit cards,NFC payments,Wheelchair accessible",No Description Available Yet,A,0,3,5.0,good,0.7768,excellent,0.857,good,0.7577,4.33,4.67,4.0
ChIJq0q0MvQZ2jERodJdZBEeH3A,A Hot Hideout (Jurong West (Ntu)),"Nanyang Crescent, Singapore 636959",Singapore,West,2.0,Chinese,103.6880256,1.3542467,No Phone Number Listed,Not in Michelin Guide Yet,https://maps.google.com/?cid=8079209316573106849,Not Awarded Any Yet,"Dine-in,Takeaway,Delivery,Outdoor seating,Credit cards,NFC payments,Wheelchair accessible",No Description Available Yet,A,0,2,5.0,excellent,0.8067,excellent,0.8734,good,0.9736,3.5,3.0,4.0
ChIJQwH2mvsZ2jER3xDN9Afd33M,A Hot Hideout (Kent Ridge (Nus)),"27 Prince George's Pk, #02-01 National University of Singapore, Singapore 118425",Singapore,Central,2.0,Chinese,103.7813368,1.2905102,No Phone Number Listed,Not in Michelin Guide Yet,https://maps.google.com/?cid=8349635260409778399,Not Awarded Any Yet,"Dine-in,Takeaway,Delivery,Credit cards,NFC payments,Wheelchair accessible",No Description Available Yet,A,0,3,3.33,poor,0.5753,excellent,0.3275,good,0.8202,2.33,2.67,3.0
ChIJT86lnmAX2jERRdQjlHrlIio,A Hot Hideout (Lentor (Lentor Modern)),"1 Lentor Central, Singapore 788887",Singapore,North,2.0,Chinese,103.834204,1.3856858,No Phone Number Listed,Not in Michelin Guide Yet,https://maps.google.com/?cid=3036241413435282501,Not Awarded Any Yet,"Dine-in,Takeaway,Delivery",No Description Available Yet,A,0,3,5.0,excellent,0.8523,excellent,0.5359,good,0.9507,4.67,4.67,4.0
ChIJS0HDCQAR2jERvDj7HpQLI6g,A Taste Of Korea,"91 Hillview Link, #02-05 Central Manpower Base, Singapore 669723",Singapore,West,1.0,Asian,103.7642518,1.3662656,No Phone Number Listed,Not in Michelin Guide Yet,https://maps.google.com/?cid=12115540153359612092,Not Awarded Any Yet,Takeaway,No Description Available Yet,A,0,3,4.33,good,0.5347,good,0.203,good,0.6306,3.33,3.33,4.0
ChIJ_4NzEwAR2jERYxfpE4KLa7g,A&M Zaika,"640A Senja Link, Singapore 670643",Singapore,West,2.0,Indian,103.7611279,1.3878581,No Phone Number Listed,Not in Michelin Guide Yet,https://maps.google.com/?cid=13288868516282832739,Not Awarded Any Yet,,No Description Available Yet,A,0,1,5.0,excellent,0.5459,excellent,0.8279,excellent,0.9943,5.0,5.0,5.0
ChIJQQKOeWwV2jERKCNINFaVPTg,A-Go-Go Rojak,"333C Yishun Street 31, Singapore 763333",Singapore,North,1.0,Asian,103.8456833,1.4317891,No Phone Number Listed,Not in Michelin Guide Yet,https://maps.google.com/?cid=4052559437180183336,Not Awarded Any Yet,"Dine-in,Takeaway",No Description Available Yet,A,0,3,4.67,good,0.7901,excellent,0.7334,good,0.9937,4.0,4.67,4.0
ChIJ7_7BW8YZ2jER_gCm5n46SyU,A-One Restaurant,"Birch Road, Singapore 219894",Singapore,Central,1.0,Indian,103.8538867,1.3108562,6294 8590,Not in Michelin Guide Yet,https://maps.google.com/?cid=2687305919366562046,Not Awarded Any Yet,"Dine-in,Takeaway,Coffee",No Description Available Yet,A,0,4,5.0,excellent,0.7431,excellent,0.9108,good,0.9858,4.5,5.0,4.0
ChIJdXC7b_YR2jERk5CmVtfpaec,A-One Signature (Hillv2),"4 Hillview Rise, Singapore 667980",Singapore,West,2.0,Chinese,103.7641958,1.3629411,8354 1467,Not in Michelin Guide Yet,https://maps.google.com/?cid=16675116206396969107,Not Awarded Any Yet,"Dine-in,Takeaway,Credit cards,NFC payments",No Description Available Yet,C,2,4,3.5,good,0.7447,excellent,0.5229,good,0.9916,3.25,3.75,3.5
ChIJ19nCJgAX2jERkXAnv_2E6YE,A-One Signature (Hougang 1),"1 Hougang Street 91, Singapore 538692",Singapore,North-East,2.0,Chinese,103.8791803,1.376123,No Phone Number Listed,Not in Michelin Guide Yet,https://maps.google.com/?cid=9361159525834911889,Not Awarded Any Yet,"Dine-in,Takeaway",No Description Available Yet,A,0,4,3.75,good,0.8622,good,0.8369,good,0.8009,3.25,3.75,4.0
ChIJO-FlOIka2jERk3VujaA675g,A-Poh Kitchen,"354 Clementi Avenue 2, Singapore 120354",Singapore,Central,2.0,Halal,103.7703991,1.3134318,6774 5534,Not in Michelin Guide Yet,https://maps.google.com/?cid=11020091274440897939,Not Awarded Any Yet,"Dine-in,Takeaway,Delivery,Reservations,Outdoor seating,Coffee,Credit cards,NFC payments",No Description Available Yet,A,0,3,4.33,average,0.6538,excellent,0.4596,good,0.8899,4.0,4.67,4.0
ChIJ3ZltdOcZ2jERI_nSocpcfhk,A-Roy Thai Restaurant,"238A Thomson Road, Singapore 307684",Singapore,Central,2.0,Thai,103.8439076,1.3199572,6338 3880,Not in Michelin Guide Yet,https://maps.google.com/?cid=1837007723381848355,Not Awarded Any Yet,"Dine-in,Takeaway,Delivery,Reservations,Beer,Coffee,Credit cards,NFC payments,Wheelchair accessible",No Description Available Yet,A,0,5,4.4,good,0.6762,excellent,0.5602,good,0.9826,3.8,4.6,3.6
ChIJJwJOU2AU2jEReMe9yrAARgA,A1 Azee Western Food,"Yishun Avenue 6, Singapore 768160",Singapore,North,1.0,Western,103.8416572,1.4373798,8700 9147,Not in Michelin Guide Yet,https://maps.google.com/?cid=19704007685425016,Not Awarded Any Yet,"Dine-in,Takeaway,Outdoor seating,Coffee,Wheelchair accessible",No Description Available Yet,A,0,3,4.67,good,0.6005,excellent,0.2281,good,0.996,3.67,4.67,4.0
ChIJqwDJEQAR2jERj82AblZT4PE,Abang Gemuk,"547 Segar Road, Singapore 677722",Singapore,West,1.0,Halal,103.7696819,1.3882436,No Phone Number Listed,Not in Michelin Guide Yet,https://maps.google.com/?cid=17429022188610047375,Not Awarded Any Yet,"Dine-in,Takeaway",No Description Available Yet,A,0,5,1.8,poor,0.7369,terrible,0.752,good,0.7528,2.4,2.0,2.8
ChIJKY77qdYb2jERgrqa1URSZIM,Abc Brickworks Market & Food Centre,"6 Jalan Bukit Merah, Singapore 150006",Singapore,Central,1.0,Street Food,103.8081551,1.2869047,6225 5632,Not in Michelin Guide Yet,https://maps.google.com/?cid=9467782772234566274,Not Awarded Any Yet,"Dine-in,Takeaway,Delivery,Beer,Coffee,NFC payments,Wheelchair accessible",No Description Available Yet,A,0,2,4.5,average,0.7628,excellent,0.3632,good,0.9846,3.5,4.5,4.0
ChIJjzwdyZMa2jERuteHUGljudU,Abdhus Salam Rojak,"503 West Coast Drive, Singapore 120503",Singapore,Central,1.0,Street Food,103.7597524,1.3118376,No Phone Number Listed,Not in Michelin Guide Yet,https://maps.google.com/?cid=15400449704743917498,Not Awarded Any Yet,"Dine-in,Takeaway,Wheelchair accessible",No Description Available Yet,B,1,3,1.33,poor,0.9241,terrible,0.5823,terrible,0.5755,2.0,1.0,1.0
ChIJvx094WwU2jERd1IHxw5U254,Ac Braised Duck And Kway Chap Food Enterprise,"414 Yishun Ring Road, Singapore 760414",Singapore,North,1.0,Street Food,103.8460952,1.4248575,8786 8818,Not in Michelin Guide Yet,https://maps.google.com/?cid=11446835300337668727,Not Awarded Any Yet,"Dine-in,Takeaway,Outdoor seating,Coffee,Cash only,Wheelchair accessible",No Description Available Yet,A,0,5,4.2,good,0.5811,good,0.5893,good,0.9763,3.6,3.6,4.2
ChIJVzhOFlEQ2jER3n2PjmRDbbk,Acqua E Farina (Italian Pizza & Pasta Restaurant . Rail Mall),"400 Upper Bukit Timah Road, Singapore 678040",Singapore,West,2.0,Italian,103.767846,1.3581088,8499 7156,Not in Michelin Guide Yet,https://maps.google.com/?cid=13361409768645688798,Not Awarded Any Yet,"Dine-in,Takeaway,Delivery,Reservations,Outdoor seating,Beer,Wine,Cocktails,Coffee,Credit cards,NFC payments",No Description Available Yet,A,0,4,5.0,excellent,0.7887,excellent,0.9342,good,0.9922,4.75,5.0,4.25
ChIJGZ-bbsgb2jERYdcJWSvegr0,Adam Chicken Rice,"2 Adam Rd, #01-08 Adam Food Centre, Singapore 289876",Singapore,Central,1.0,Street Food,103.8142991,1.3240877,8688 3248,Not in Michelin Guide Yet,https://maps.google.com/?cid=13655721297899542369,Not Awarded Any Yet,"Dine-in,Takeaway,Delivery,Wheelchair accessible",No Description Available Yet,A,0,2,3.5,average,0.2823,good,0.1068,good,0.923,3.5,4.0,4.0
ChIJv4Mk4QYa2jERlGncaOIvpW4,Adam Food Centre,"2 Adam Road, Singapore 289876",Singapore,Central,1.0,Street Food,103.8141545,1.3240414,No Phone Number Listed,Not in Michelin Guide Yet,https://maps.google.com/?cid=7972831364797720980,Not Awarded Any Yet,"Dine-in,Takeaway,Delivery,Outdoor seating,Beer,Coffee,NFC payments,Wheelchair accessible",No Description Available Yet,A,0,3,3.67,good,0.5288,good,0.427,good,0.71,3.67,3.67,4.0
ChIJZ5hv4QYa2jERas1IefKglGI,Adam's Fried Hokkien Mee,"Dunearn Close, Singapore 289876",Singapore,Central,1.0,Street Food,103.8141876,1.3242264,9693 7961,Not in Michelin Guide Yet,https://maps.google.com/?cid=7103479475547458922,Not Awarded Any Yet,"Dine-in,Takeaway,Wheelchair accessible",No Description Available Yet,A,0,5,2.4,poor,0.5981,poor,0.2229,poor,0.8631,2.0,2.4,2.8
ChIJE6YwdhcT2jERJNvnawHWMVs,Afrah Food Corner,"51 North Coast Avenue, Singapore 757432",Singapore,North,1.0,Indian,103.7878021,1.4558518,No Phone Number Listed,Not in Michelin Guide Yet,https://maps.google.com/?cid=6571268632903932708,Not Awarded Any Yet,Takeaway,No Description Available Yet,B,1,1,1.0,terrible,0.9809,terrible,0.1183,poor,0.1928,1.0,1.0,2.0
ChIJFyNCH_YR2jER6kBEJ0O3Ohk,Ah Boy Chicken Rice (Mentor Eric Teo),"Choa Chu Kang North 7, Singapore 681678",Singapore,West,1.0,Street Food,103.7447586,1.4015278,No Phone Number Listed,Not in Michelin Guide Yet,https://maps.google.com/?cid=1817966898646892778,Not Awarded Any Yet,"Dine-in,Takeaway,Coffee,Wheelchair accessible",No Description Available Yet,B,1,3,4.33,good,0.5902,good,0.4695,good,0.6553,4.0,4.33,4.0
ChIJu_U9EPQR2jERA4Ag7CCVxBc,Ah Chew Yong Tau Foo,"624 Choa Chu Kang Street 62, Singapore 680624",Singapore,West,1.0,Street Food,103.7468169,1.3981277,No Phone Number Listed,Not in Michelin Guide Yet,https://maps.google.com/?cid=1712657726940676099,Not Awarded Any Yet,"Dine-in,Takeaway,Wheelchair accessible",No Description Available Yet,A,0,5,3.6,good,0.6326,good,0.2963,good,0.8231,3.4,4.2,4.0
ChIJLVIrvFUF2jERL9GD5qawkts,Ah Er Soup,"Jalan Ahmad Ibrahim, Singapore 618642",Singapore,West,1.0,Street Food,103.7249765,1.3255659,6258 0822,Not in Michelin Guide Yet,https://maps.google.com/?cid=15821902671784431919,Not Awarded Any Yet,"Dine-in,Takeaway,Outdoor seating,Wheelchair accessible",No Description Available Yet,A,0,5,3.2,poor,0.6388,poor,0.6071,good,0.7256,2.8,2.8,2.8
ChIJIfPMulUF2jERZOv8toXbsJU,Ah Er Soup 2,"Yuan Ching Road, Singapore 618642",Singapore,West,1.0,Street Food,103.7255114,1.3256138,9322 1377,Not in Michelin Guide Yet,https://maps.google.com/?cid=10786362474899499876,Not Awarded Any Yet,"Dine-in,Takeaway,Delivery,Wheelchair accessible",No Description Available Yet,A,0,4,2.75,good,0.7467,excellent,0.3992,good,0.8241,3.0,3.75,4.0
ChIJwXTxYwAT2jERDDi_FFSnW98,Ah Fang Delicious Cai Fan,"325 Woodlands Street 32, Singapore 730325",Singapore,North,1.0,Fast Food,103.7795682,1.4308218,No Phone Number Listed,Not in Michelin Guide Yet,https://maps.google.com/?cid=16094641672905766924,Not Awarded Any Yet,Takeaway,No Description Available Yet,A,0,1,5.0,good,0.9968,excellent,0.588,good,0.9987,4.0,5.0,4.0
ChIJPeo71sUR2jER2VR6frgfGCo,Ah Hwa Noodle House (259 Bp),"Bangkit Road, Singapore 670260",Singapore,West,1.0,Noodle Shop,103.7732885,1.3770034,9108 6058,Not in Michelin Guide Yet,https://maps.google.com/?cid=3033209226290418905,Not Awarded Any Yet,"Dine-in,Takeaway,Delivery",No Description Available Yet,A,0,5,2.8,good,0.7618,good,0.401,good,0.8808,3.2,3.2,3.2
ChIJub8wVn0R2jERdyIZEaS3Yt4,Ah Hwa Noodle House (Yew Tee),"624 Choa Chu Kang Street 62, Singapore 680624",Singapore,West,1.0,Noodle Shop,103.7468169,1.3981277,No Phone Number Listed,Not in Michelin Guide Yet,https://maps.google.com/?cid=16024572339427025527,Not Awarded Any Yet,"Dine-in,Takeaway",No Description Available Yet,A,0,5,2.2,good,0.8096,terrible,0.3614,good,0.764,3.2,2.4,3.2
ChIJMYzOvP0S2jERuEO6-TWaQws,Ah Keat Pig’S Organ Soup And Kway Chap,"211 Marsiling Crescent, Singapore 730211",Singapore,North,1.0,Chinese,103.7736827,1.4459477,No Phone Number Listed,Not in Michelin Guide Yet,https://maps.google.com/?cid=811661914470499256,Not Awarded Any Yet,"Dine-in,Takeaway,Outdoor seating,Coffee,Cash only,Wheelchair accessible",No Description Available Yet,A,0,4,4.5,good,0.5234,average,0.3901,good,0.785,3.25,3.5,3.5
ChIJqz0vFTgP2jERR92XKQVXkM4,Ah Kiat Fishball Noodles,"959 Jurong West Street 92, Singapore 640959",Singapore,West,1.0,Street Food,103.690471,1.3415846,No Phone Number Listed,Not in Michelin Guide Yet,https://maps.google.com/?cid=14884492448143760711,Not Awarded Any Yet,"Dine-in,Takeaway,Wheelchair accessible",No Description Available Yet,B,1,4,4.5,poor,0.5721,good,0.455,good,0.6498,2.75,4.0,3.25
ChIJl4YQEUUR2jERBjqJPIm0710,Ah Lai Rojak,"259 Bukit Panjang Ring Rd, #01-36, Singapore 671259",Singapore,West,1.0,Street Food,103.7732613,1.3769575,No Phone Number Listed,Not in Michelin Guide Yet,https://maps.google.com/?cid=6768827266480290310,Not Awarded Any Yet,"Dine-in,Takeaway,Wheelchair accessible",No Description Available Yet,A,0,5,4.2,good,0.8365,excellent,0.6567,good,0.9367,3.4,4.2,4.0
ChIJVX2nT7UT2jERyze6IOUwXws,Ah Ma Kitchen,"Woodlands Industrial Park E6, Singapore 757047",Singapore,North,1.0,Street Food,103.7991151,1.4493507,8033 9355,Not in Michelin Guide Yet,https://maps.google.com/?cid=819427417859438539,Not Awarded Any Yet,"Dine-in,Takeaway,Delivery",No Description Available Yet,A,0,4,5.0,good,0.5958,excellent,0.6884,good,0.9777,4.25,5.0,4.25
ChIJD-HIEdkT2jERTPBGsoeo-dg,Ah Meng Restaurant,"Mandai Boardwalk, Singapore 729979",Singapore,North,2.0,Food Court,103.7935492,1.4044329,No Phone Number Listed,Not in Michelin Guide Yet,https://maps.google.com/?cid=15634712882158432332,Not Awarded Any Yet,"Dine-in,Takeaway,Coffee,Credit cards,NFC payments,Wheelchair accessible",No Description Available Yet,B,1,5,4.2,good,0.6518,excellent,0.5273,good,0.7891,3.4,3.8,3.8
ChIJcRi8f6AT2jERe3A4zUQh5pE,Ah Moon Fish Soup,"50 Gambas Crescent, Singapore 757022",Singapore,North,1.0,Street Food,103.8186131,1.442097,No Phone Number Listed,Not in Michelin Guide Yet,https://maps.google.com/?cid=10513126959527522427,Not Awarded Any Yet,"Dine-in,Takeaway,Outdoor seating,Coffee,Wheelchair accessible",No Description Available Yet,A,0,5,4.6,good,0.7269,excellent,0.6564,good,0.9619,4.0,4.6,3.8
ChIJCyw1YzQa2jER8-jn8Kxg5m8,Ah Pang Steamboat Seafood,"159 Mei Chin Rd, #02-21 Food Center, Singapore 140159",Singapore,Central,2.0,Chinese,103.8028827,1.2932672,6476 8158,Not in Michelin Guide Yet,https://maps.google.com/?cid=8063238478745823475,Not Awarded Any Yet,"Dine-in,Takeaway,Reservations,Outdoor seating,Beer,Wine,Coffee,NFC payments,Wheelchair accessible",No Description Available Yet,B,1,3,5.0,good,0.882,excellent,0.9144,good,0.8234,4.33,5.0,4.33
ChIJQetrqNcW2jERHTXekXFdxwg,Ah Tan Wings,"Yishun Avenue 11, Singapore 768867",Singapore,North,1.0,Street Food,103.8447228,1.4249457,No Phone Number Listed,Not in Michelin Guide Yet,https://maps.google.com/?cid=632577015028790557,Not Awarded Any Yet,"Dine-in,Takeaway,Wheelchair accessible",No Description Available Yet,A,0,3,3.67,poor,0.5417,good,0.3966,good,0.8681,2.67,3.33,3.67
ChIJiQouRwAT2jERMLn9CNYDT6U,Ahjuma Korean & Japanese,"Canberra Road, Singapore 750425",Singapore,North,1.0,Asian,103.8195589,1.4536523,No Phone Number Listed,Not in Michelin Guide Yet,https://maps.google.com/?cid=11911743757226981680,Not Awarded Any Yet,"Dine-in,Takeaway",No Description Available Yet,A,0,1,5.0,good,0.7097,good,0.9044,good,0.9729,4.0,4.0,4.0
ChIJe94xPjER2jERSsCJM8LBomw,Ahtti Korean Restaurant (Bukit Timah),"1 Jalan Anak Bukit, Singapore 588996",Singapore,Central,1.0,Korean,103.7788641,1.3386705,8460 5248,Not in Michelin Guide Yet,https://maps.google.com/?cid=7828032142155825226,Not Awarded Any Yet,"Dine-in,Takeaway,Delivery,Beer,Credit cards,NFC payments",No Description Available Yet,A,0,3,5.0,good,0.6361,excellent,0.527,good,0.9977,4.0,5.0,4.33
ChIJ779pZoob2jERW608l7TCtSo,Ahtti Korean Restaurant (Science Park),"43 Science Park Rd, #01-08 SPARKLE SCIENCE PARK II, Singapore 117408",Singapore,Central,1.0,Korean,103.7830724,1.2881638,8040 3120,Not in Michelin Guide Yet,https://maps.google.com/?cid=3077580001264840027,Not Awarded Any Yet,"Dine-in,Takeaway,Delivery,Reservations,Beer,Credit cards,NFC payments",No Description Available Yet,A,0,3,3.67,good,0.7926,good,0.6401,good,0.9223,3.33,4.0,3.33
ChIJhXskQTYQ2jERoi0F8u9k2t4,Air Pasang Food Court,"Bukit Batok West Avenue 5, Singapore 650374",Singapore,West,1.0,Street Food,103.7504263,1.3577741,8261 9479,Not in Michelin Guide Yet,https://maps.google.com/?cid=16058258403063311778,Not Awarded Any Yet,"Dine-in,Takeaway,Outdoor seating,Coffee,NFC payments,Wheelchair accessible",No Description Available Yet,A,0,3,4.0,average,0.8105,excellent,0.6625,good,0.9213,4.0,4.67,4.0
ChIJfZC3VwAb2jER7g3-EaCBrag,Aj Fishball Minced Meat Noodle,"Teban Gardens Road, Singapore 600040",Singapore,West,1.0,Street Food,103.7416108,1.3219153,No Phone Number Listed,Not in Michelin Guide Yet,https://maps.google.com/?cid=12154513493839449582,Not Awarded Any Yet,"Takeaway,Wheelchair accessible",No Description Available Yet,A,0,3,4.0,good,0.8407,good,0.6831,good,0.9473,3.33,4.0,3.67
ChIJa2nb2g0Q2jERxPht6KO1s2g,Ajisen Tanjiro (Imm Outlet Mall),"Entrance, Singapore 609601",Singapore,West,2.0,Ramen,103.7468492,1.3349575,6564 5610,Not in Michelin Guide Yet,https://maps.google.com/?cid=7544573516359530692,Not Awarded Any Yet,"Dine-in,Takeaway,Delivery,Credit cards,NFC payments,Wheelchair accessible","Renowned for its pork broth, this casual Japanese chain offers a variety of soups & rice dishes.",B,1,4,4.75,good,0.4605,good,0.7222,good,0.5299,3.5,4.25,4.0
ChIJG5k102MQ2jER0OMTkkFt5XI,Ajiya Okonomiyaki Restaurant,"Lorong Kilat, Singapore 596569",Singapore,Central,2.0,Japanese,103.7724501,1.3409149,6463 3461,Not in Michelin Guide Yet,https://maps.google.com/?cid=8279143618381603792,Not Awarded Any Yet,"Dine-in,Takeaway,Delivery,Beer,Wine,Cocktails,Credit cards,NFC payments,Wheelchair accessible",No Description Available Yet,A,0,4,5.0,good,0.6242,excellent,0.8064,good,0.7888,4.0,5.0,4.25
ChIJFzRwWakQ2jER4xnnIvUAwG4,Akane Japanese Restaurant (Members Only),"120 Adam Road, Singapore 289899",Singapore,Central,3.0,Japanese,103.8157055,1.330341,6591 7624,Not in Michelin Guide Yet,https://maps.google.com/?cid=7980379592553077219,Not Awarded Any Yet,"Dine-in,Delivery,Reservations,Beer,Wine,Credit cards,NFC payments",No Description Available Yet,A,0,4,4.75,good,0.6722,excellent,0.6414,good,0.825,4.0,4.5,4.0
ChIJp-GkZosZ2jER95PUqtZbMro,Akashi,"Orchard Promenade, Singapore 247905",Singapore,Central,3.0,Sushi,103.8273242,1.3066703,6732 4438,Not in Michelin Guide Yet,https://maps.google.com/?cid=13416887217437316087,Not Awarded Any Yet,"Dine-in,Takeaway,Delivery,Reservations,Beer,Wine,Credit cards,NFC payments,Wheelchair accessible",No Description Available Yet,A,0,3,4.0,average,0.7787,excellent,0.6032,good,0.8695,3.33,4.67,4.0
ChIJpbpdPPwa2jER3qzoPX12xE8,Al Amaan Restaurant,"12 Clementi Rd, Singapore 129742",Singapore,Central,1.0,Indian,103.7684987,1.2927526,6777 0555,Not in Michelin Guide Yet,https://maps.google.com/?cid=5747849304713243870,Not Awarded Any Yet,"Dine-in,Takeaway,Delivery,Coffee,NFC payments",No Description Available Yet,B,1,3,5.0,average,0.7739,excellent,0.5353,good,0.5803,2.67,3.67,3.67
ChIJ____z2EQ2jERGNtzWu1W7l4,Al Ameen (Clementi),"14 Clementi Rd, Singapore 129743",Singapore,Central,2.0,Indian,103.7686124,1.2929049,6465 1000,Not in Michelin Guide Yet,https://maps.google.com/?cid=6840500461447142168,Not Awarded Any Yet,"Dine-in,Takeaway,Delivery,Reservations,Outdoor seating,Live music,Coffee,NFC payments,Wheelchair accessible",No Description Available Yet,B,1,4,4.75,average,0.4256,good,0.3538,good,0.5514,3.5,3.75,4.0
ChIJddbpCRoR2jEROFdDAJx_EIo,Al Ameen (Hillview),"7 Chu Lin Road, Singapore 669893",Singapore,West,1.0,Indian,103.7605,1.3576769,6462 1996,Not in Michelin Guide Yet,https://maps.google.com/?cid=9948591884857464632,Not Awarded Any Yet,"Dine-in,Takeaway,Outdoor seating,Coffee,NFC payments",No Description Available Yet,B,1,3,3.67,excellent,0.7463,excellent,0.4313,excellent,0.9954,3.67,4.0,3.67
ChIJswOKbq4T2jERMKFDhN-sWSU,Al Asrin (Indian Muslim Food),"304 Woodlands Street 31, Singapore 730304",Singapore,North,1.0,Indian,103.7736415,1.4300402,8916 4347,Not in Michelin Guide Yet,https://maps.google.com/?cid=2691372328327291184,Not Awarded Any Yet,Takeaway,No Description Available Yet,B,1,3,3.67,good,0.7771,excellent,0.4864,good,0.9262,3.0,3.33,4.0
ChIJ0WD6SO0V2jER0tiqfLJZFK8,Al Capone's Sembawang,"Sembawang Road, Singapore 758501",Singapore,North,2.0,Diner,103.8327177,1.4535783,6235 5604,Not in Michelin Guide Yet,https://maps.google.com/?cid=12615807079302224082,Not Awarded Any Yet,"Dine-in,Takeaway,Delivery,Reservations,Outdoor seating,Beer,Wine,Cocktails,Coffee,Credit cards,NFC payments",No Description Available Yet,A,0,5,2.4,poor,0.5806,good,0.7341,good,0.4433,2.8,2.4,3.4
ChIJCY_qyFIS2jERsTxct6Ucmco,Al Falah Restaurant,"302 Woodlands Street 31, Singapore 730302",Singapore,North,1.0,Fusion,103.7742165,1.4315078,6368 6838,Not in Michelin Guide Yet,https://maps.google.com/?cid=14598731165169630385,Not Awarded Any Yet,"Dine-in,Takeaway,Coffee",No Description Available Yet,B,1,3,5.0,good,0.5847,excellent,0.7425,good,0.9564,4.0,4.67,4.33
ChIJhY2BcQAV2jERlcURIbGhonQ,Al Habib Indian Muslim Food (Canberra Street),"105 Canberra Street, Singapore 750105",Singapore,North,1.0,Indian,103.8325227,1.4484035,No Phone Number Listed,Not in Michelin Guide Yet,https://maps.google.com/?cid=8404457636762862997,Not Awarded Any Yet,"Dine-in,Wheelchair accessible",No Description Available Yet,B,1,5,2.0,poor,0.7871,terrible,0.6206,poor,0.9866,2.8,2.6,2.8
ChIJIaqj5BIT2jERyXC76l8ANIc,Al Habib Indian Muslim Food (Woodlands Industrial Park E7),"200 Woodlands Industrial Park E7, Singapore 757177",Singapore,North,1.0,Halal,103.7965604,1.4504546,9170 4654,Not in Michelin Guide Yet,https://maps.google.com/?cid=9742412305869271241,Not Awarded Any Yet,"Dine-in,Takeaway,Delivery,Reservations,Live music,Cash only,Wheelchair accessible",No Description Available Yet,B,1,2,1.0,good,0.668,excellent,0.8648,good,0.7516,3.0,3.0,3.0
ChIJbZenkHYU2jERhSvELnsoFhI,Al Heera Restaurant,"Jalan Mata Ayer, Singapore 758382",Singapore,North,1.0,Halal,103.8256612,1.4257482,6756 0323,Not in Michelin Guide Yet,https://maps.google.com/?cid=1303273651701033861,Not Awarded Any Yet,"Dine-in,Takeaway,Outdoor seating,Coffee",No Description Available Yet,A,0,4,4.5,good,0.8061,excellent,0.7614,good,0.9969,4.0,4.75,4.0
ChIJs65FsJ8V2jER6CSJqGxEN50,Al Majlis Yishun,"513 Yishun Street 51, Singapore 763513",Singapore,North,1.0,Halal,103.8438842,1.4162579,9670 2525,Not in Michelin Guide Yet,https://maps.google.com/?cid=11328598621148488936,Not Awarded Any Yet,"Dine-in,Takeaway,Delivery,Coffee,Credit cards,NFC payments",No Description Available Yet,B,1,3,2.33,poor,0.6606,excellent,0.4418,good,0.7256,2.67,2.67,2.33
ChIJp0-7YpkP2jERylXCtwyzW0Y,Al Rizha Indian Cuisine,"959 Jurong West Street 92, Singapore 640959",Singapore,West,1.0,Indian,103.6906772,1.3414661,No Phone Number Listed,Not in Michelin Guide Yet,https://maps.google.com/?cid=5069842672739571146,Not Awarded Any Yet,"Dine-in,Takeaway,Wheelchair accessible",No Description Available Yet,A,0,5,3.0,good,0.6992,excellent,0.5699,good,0.8309,3.6,3.6,4.0
ChIJU4bGTgAX2jERrTJSm7eWqEo,Al Rsak Restaurant,"Tagore Lane, Singapore 787831",Singapore,North,1.0,Indian,103.8274776,1.3878049,No Phone Number Listed,Not in Michelin Guide Yet,https://maps.google.com/?cid=5379715470223094445,Not Awarded Any Yet,"Dine-in,Coffee,NFC payments",No Description Available Yet,A,0,4,4.5,good,0.794,excellent,0.726,good,0.9719,4.0,4.75,4.0
ChIJwVoAEAAT2jERJ8L3Xiwlms4,Al Sana Restaurant,"30 Woodlands Avenue 1, Singapore 739065",Singapore,North,3.0,Indian,103.7815,1.4292452,No Phone Number Listed,Not in Michelin Guide Yet,https://maps.google.com/?cid=14887252390728679975,Not Awarded Any Yet,"Dine-in,Takeaway,Coffee,Credit cards,NFC payments,Wheelchair accessible",No Description Available Yet,A,0,4,3.25,poor,0.8899,excellent,0.7971,good,0.8515,2.75,3.0,2.75
ChIJm6p6MpIF2jERZ-Sn7sVgHaU,Al Sheika Banana Leaf,"3 Joo Koon Circle, Singapore 629032",Singapore,West,2.0,Indian,103.6770313,1.327136,No Phone Number Listed,Not in Michelin Guide Yet,https://maps.google.com/?cid=11897772193811522663,Not Awarded Any Yet,"Dine-in,Takeaway,Coffee,NFC payments",No Description Available Yet,B,1,3,2.67,poor,0.7101,excellent,0.4399,good,0.7609,2.67,2.67,3.33
ChIJjzcVSgoZ2jER6kPcJSDDXS0,Al Sheika Banana Leaf Restaurant,"2 Benoi Place, Singapore 629637",Singapore,West,1.0,Indian,103.679241,1.3132029,8690 3203,Not in Michelin Guide Yet,https://maps.google.com/?cid=3268983447382410218,Not Awarded Any Yet,"Dine-in,Takeaway,Delivery,Outdoor seating,Coffee,NFC payments",No Description Available Yet,B,1,2,4.5,average,0.5134,excellent,0.4868,good,0.5172,3.5,3.5,4.0
ChIJ2SMYHbIT2jERVptk4MxCg00,Al-Ameen Eating Corner,"Woodlands Avenue 5, Singapore 730905",Singapore,North,1.0,Coffee Shop,103.7834261,1.4391858,6366 1740,Not in Michelin Guide Yet,https://maps.google.com/?cid=5585381410574998358,Not Awarded Any Yet,"Dine-in,Takeaway,Delivery,Outdoor seating,Coffee,Wheelchair accessible","Bright, casual pit stop in a mall with a huge picture menu of Indian eats with halal ingredients.",A,0,2,5.0,excellent,0.5979,excellent,0.6004,good,0.9786,4.5,4.5,4.0
ChIJFykj1mEQ2jER50T02kGd1OY,Al-Azhar Restaurant,"6 Cheong Chin Nam Road, Singapore 599736",Singapore,Central,2.0,Indian,103.7753333,1.3425021,6466 5052,Not in Michelin Guide Yet,https://maps.google.com/?cid=16633092229957960935,Not Awarded Any Yet,"Dine-in,Takeaway,Delivery,Outdoor seating,Coffee,NFC payments,Wheelchair accessible",Hearty international comfort food is served at this simple eatery that is open 24/7.,A,0,4,2.75,poor,0.9139,average,0.7807,good,0.8072,2.75,3.25,3.25
ChIJEX4QQIsV2jERfApXKAnMQYs,Al-Hawa Indian Muslim Food,"Yishun Avenue 1, Singapore 761431",Singapore,North,1.0,Indian,103.8475762,1.4201968,No Phone Number Listed,Not in Michelin Guide Yet,https://maps.google.com/?cid=10034525784461740668,Not Awarded Any Yet,"Dine-in,Takeaway,Coffee,NFC payments",No Description Available Yet,A,0,5,1.8,poor,0.7785,terrible,0.7197,good,0.7018,2.6,2.4,2.4
ChIJJ-IEzKAR2jERGvoC7aURCA8,Al-Madina,"257 Bangkit Road, Singapore 670257",Singapore,West,1.0,Indian,103.7734145,1.3787819,No Phone Number Listed,Not in Michelin Guide Yet,https://maps.google.com/?cid=1083135114726275610,Not Awarded Any Yet,"Dine-in,Takeaway,Outdoor seating,Coffee,Wheelchair accessible",No Description Available Yet,B,1,5,3.0,good,0.8084,excellent,0.6557,good,0.9664,3.4,3.6,3.0
ChIJ0aRX8W8H2jERsL262Lo9BHk,Al-Rich Indian Muslim Food,"NO 636947 12 Tuas South Street, #13, Singapore 638052",Singapore,West,1.0,Indian,103.6333707,1.272028,No Phone Number Listed,Not in Michelin Guide Yet,https://maps.google.com/?cid=8720162651205451184,Not Awarded Any Yet,"Dine-in,Takeaway,Coffee",No Description Available Yet,A,0,3,3.0,good,0.8863,good,0.4784,good,0.6925,3.67,3.0,4.0
ChIJJWLvQgAV2jERVQYQ8xkVKpI,Al-Tamiz Indian Muslim Food,"15 Yishun Industrial Street 1, Singapore 768090",Singapore,North,1.0,Indian,103.8437,1.4379507,8363 3601,Not in Michelin Guide Yet,https://maps.google.com/?cid=10532253879755605589,Not Awarded Any Yet,"Dine-in,Takeaway,Coffee",No Description Available Yet,B,1,2,3.0,good,0.5346,excellent,0.5394,good,0.612,3.0,4.5,4.0
ChIJqcGQoAET2jERtc8mcxMBMMI,Al-Usroh Malay Cuisine,"2 Dairy Farm Lane, Singapore 677621",Singapore,West,1.0,Indian,103.774358,1.3654648,No Phone Number Listed,Not in Michelin Guide Yet,https://maps.google.com/?cid=13992685225288060853,Not Awarded Any Yet,"Dine-in,Takeaway",No Description Available Yet,A,0,4,5.0,good,0.8982,excellent,0.8021,good,0.9932,4.0,4.5,4.0
ChIJ1-cdD7EZ2jERRwu1YXcr6jk,Alaturka Mediterranean & Turkish Restaurant,"15 Bussorah St, Singapore 199436",Singapore,Central,2.0,Turkish,103.859969,1.301179,8061 6981,Not in Michelin Guide Yet,https://maps.google.com/?cid=4173195796452543303,Not Awarded Any Yet,"Dine-in,Takeaway,Delivery,Reservations,Outdoor seating,Beer,Wine,Cocktails,Coffee,Credit cards,NFC payments",No Description Available Yet,A,0,4,5.0,good,0.7457,excellent,0.9233,good,0.9959,3.75,4.75,4.0
ChIJDeNUTwAX2jER4QMBwg0RHyY,Ali's Fry And Grill,"433A Sengkang West Way, Singapore 791433",Singapore,North-East,2.0,Street Food,103.8774952,1.3948466,No Phone Number Listed,Not in Michelin Guide Yet,https://maps.google.com/?cid=2746933048506385377,Not Awarded Any Yet,Takeaway,No Description Available Yet,A,0,1,2.0,good,0.7096,good,0.5672,good,0.9795,4.0,4.0,4.0
ChIJS5Gtr6YX2jERzed3ApnRuyw,Allgood Gourmet,"23 Serangoon Central, Singapore 556083",Singapore,North-East,1.0,Singaporean,103.8732199,1.3502526,9029 1938,Not in Michelin Guide Yet,https://maps.google.com/?cid=3223400413415335885,Not Awarded Any Yet,"Dine-in,Takeaway,Coffee,Credit cards,NFC payments,Wheelchair accessible",No Description Available Yet,A,0,5,2.4,poor,0.6989,terrible,0.508,poor,0.3748,2.4,1.8,2.8
ChIJrXZUXmsZ2jERdZPWv7o3QHA,Amara Singapore,"165 Tg Pagar Rd, Singapore 088539",Singapore,Central,3.0,Hotel,103.8434106,1.2752457,6879 2555,Not in Michelin Guide Yet,https://maps.google.com/?cid=8088526205979366261,Not Awarded Any Yet,"Credit cards,Wheelchair accessible","Refined rooms and amenities in a posh hotel with varied fine dining, a Bali-inspired pool and a spa.",A,0,2,4.0,good,0.7954,good,0.6314,good,0.3558,3.0,2.5,2.5
ChIJqRcE9McR2jERRKnFWUwZQGY,Amber West,"Keat Hong Link, Singapore 688210",Singapore,West,2.0,Western,103.7526666,1.375912,6431 0178,Not in Michelin Guide Yet,https://maps.google.com/?cid=7367916806092466500,Not Awarded Any Yet,"Dine-in,Reservations,Wine,Cocktails,Coffee,Credit cards,NFC payments,Wheelchair accessible",No Description Available Yet,A,0,4,5.0,good,0.8653,good,0.9715,good,0.9983,4.25,4.25,4.0
ChIJiQfFbqoT2jERlFGR8F1V0dE,Amigo's,"131 Marsiling Rise, Singapore 730131",Singapore,North,1.0,Western,103.7785933,1.4384769,No Phone Number Listed,Not in Michelin Guide Yet,https://maps.google.com/?cid=15118959286015840660,Not Awarded Any Yet,"Dine-in,Takeaway,Coffee,Wheelchair accessible",No Description Available Yet,A,0,4,2.0,poor,0.5356,good,0.4536,good,0.421,2.5,2.75,2.75
ChIJl_4mcKYP2jERaQTKAt7D5YU,Ananda's Taj Restaurant,"50 Nanyang Avenue, Singapore 639798",Singapore,West,1.0,Indian,103.6876925,1.3542972,8436 1111,Not in Michelin Guide Yet,https://maps.google.com/?cid=9648333135008105577,Not Awarded Any Yet,"Dine-in,Takeaway,Delivery,Reservations,Coffee,Credit cards,NFC payments,Wheelchair accessible",No Description Available Yet,A,0,4,4.0,good,0.8055,excellent,0.7545,good,0.9106,3.5,4.0,4.0
ChIJO5v3sQ8Q2jERd51Ho9mhss0,Anjappar,"J-Walk, Singapore 608532",Singapore,West,2.0,Indian,103.7427502,1.3340274,6566 5545,Not in Michelin Guide Yet,https://maps.google.com/?cid=14822087279749078391,Not Awarded Any Yet,"Dine-in,Takeaway,Delivery,Reservations,Coffee,Credit cards,NFC payments,Wheelchair accessible",No Description Available Yet,A,0,4,3.0,good,0.5767,good,0.5731,good,0.9647,3.75,3.75,3.25
ChIJYzpZ2R0X2jERDVy7XbzwqQk,Annabella Patisserie Trading,"20 Bukit Batok Street 23, Singapore 658080",Singapore,West,1.0,Manufacturer,103.7569763,1.3386072,6591 8808,Not in Michelin Guide Yet,https://maps.google.com/?cid=696352309222530061,Not Awarded Any Yet,"Delivery,NFC payments,Wheelchair accessible",No Description Available Yet,A,0,3,5.0,excellent,0.854,excellent,0.9723,good,0.8722,5.0,5.0,4.33
ChIJOU1zZAAT2jERS3xy-g2xPG4,Anusia Ali Indian Muslim Food,"571A Woodlands Avenue 1, Singapore 731571",Singapore,North,1.0,Indian,103.7910269,1.4303207,8900 1543,Not in Michelin Guide Yet,https://maps.google.com/?cid=7943418516369210443,Not Awarded Any Yet,"Dine-in,Takeaway,Delivery",No Description Available Yet,B,1,5,2.6,poor,0.7887,terrible,0.761,good,0.9097,2.4,1.6,2.4
ChIJZ5EV6CwY2jERVDWnLvbwFQA,Ariff's Restaurant (Kallang Bahru),"71 Kallang Bahru, Singapore 330071",Singapore,Central,2.0,Indian,103.8703127,1.3207925,6297 1024,Not in Michelin Guide Yet,https://maps.google.com/?cid=6175914646254932,Not Awarded Any Yet,"Dine-in,Takeaway,Delivery,Outdoor seating,Coffee",No Description Available Yet,A,0,5,2.2,good,0.4081,poor,0.4281,good,0.7131,3.0,2.6,3.2
ChIJvT4iLQAP2jERDlROzMJpOas,Ariff's Restaurant (Jurong West Street 42),"451 Jurong West Street 42, Singapore 640451",Singapore,West,1.0,Indian,103.7183312,1.3518812,No Phone Number Listed,Not in Michelin Guide Yet,https://maps.google.com/?cid=12338008939530441742,Not Awarded Any Yet,"Dine-in,Takeaway,Delivery,Coffee,NFC payments",No Description Available Yet,A,0,4,4.5,good,0.7952,excellent,0.6904,good,0.9204,3.25,4.0,4.0
ChIJWTQWAkEW2jERRRE_QV7iazI,Arnold's Fried Chicken Hougang Branch,"Hougang Street 51, Singapore 538719",Singapore,North-East,2.0,Fast Food,103.8878818,1.3797817,6386 9015,Not in Michelin Guide Yet,https://maps.google.com/?cid=3633246418853892421,Not Awarded Any Yet,"Dine-in,Takeaway,Delivery,NFC payments,Wheelchair accessible",No Description Available Yet,A,0,2,3.5,good,0.1959,excellent,0.2412,good,0.666,3.0,3.0,2.5
ChIJPan-Wrkb2jERK7WQNN3g9Xw,Ashmi Restaurant,"124 Pasir Panjang Rd, Singapore 118545",Singapore,Central,2.0,Indian,103.7930965,1.2761561,8090 6116,Not in Michelin Guide Yet,https://maps.google.com/?cid=9004350270671467819,Not Awarded Any Yet,"Dine-in,Takeaway,Delivery,Coffee",No Description Available Yet,A,0,5,3.8,good,0.8127,good,0.7663,good,0.9764,3.6,3.6,3.6
ChIJXQAA0KUZ2jERFCgZPgCSAts,Asian Market Cafe,"80 Bras Basah Rd, Level 2 Fairmont, Singapore 189560",Singapore,Central,2.0,Cafe,103.8536698,1.2943476,6431 6156,Not in Michelin Guide Yet,https://maps.google.com/?cid=15781336573999130644,Not Awarded Any Yet,"Dine-in,Takeaway,Reservations,Coffee,Credit cards,NFC payments,Wheelchair accessible",No Description Available Yet,A,0,4,5.0,good,0.8864,excellent,0.9914,good,0.7516,4.0,4.75,4.0
ChIJf4mpm-Eb2jERaUFlcKOqXek,Aspirasi Chicken Rice,"2 Seah Im Rd, Singapore 099114",Singapore,Central,1.0,Street Food,103.8192853,1.2664544,No Phone Number Listed,Not in Michelin Guide Yet,https://maps.google.com/?cid=16815784202613375337,Not Awarded Any Yet,"Dine-in,Takeaway,Delivery,Outdoor seating,Wheelchair accessible",No Description Available Yet,A,0,3,2.67,poor,0.8176,average,0.784,good,0.7918,2.67,3.0,2.33
ChIJS2fZEYEU2jERn_N0XaPFWzY,Astons Specialities,"604 Sembawang Road, Singapore 758459",Singapore,North,2.0,Steak House,103.8247262,1.4420169,6753 6302,Not in Michelin Guide Yet,https://maps.google.com/?cid=3916941606367064991,Not Awarded Any Yet,"Dine-in,Takeaway,Delivery,Reservations,Beer,Coffee,Credit cards,NFC payments,Wheelchair accessible",No Description Available Yet,A,0,2,3.0,average,0.5792,good,0.6575,good,0.3792,2.5,3.0,3.0
ChIJV7Z0bwYa2jER98QDzqfnkgE,Atlas Coffeehouse,"551 Bukit Timah Road, Singapore 269692",Singapore,Central,2.0,Cafe,103.8120524,1.3230717,6314 2674,Not in Michelin Guide Yet,https://maps.google.com/?cid=113407648539591927,Not Awarded Any Yet,"Dine-in,Takeaway,Reservations,Wine,Coffee,Credit cards,NFC payments","Hip cafe offering specialty craft coffee & tea, all-day brunch, pasta dishes & waffles.",A,0,5,3.8,poor,0.7133,excellent,0.6819,good,0.8591,3.0,4.0,3.8
ChIJ97V4MQAT2jERsaGhQ4t3_e8,Aw's Signature Minced Meat Noodles,"326 Woodlands Street 32, Singapore 730326",Singapore,North,1.0,Street Food,103.7791783,1.4304371,No Phone Number Listed,Not in Michelin Guide Yet,https://maps.google.com/?cid=17293109584191398321,Not Awarded Any Yet,"Dine-in,Takeaway,Coffee,Wheelchair accessible",No Description Available Yet,A,0,4,4.75,good,0.5282,good,0.6109,good,0.8495,4.25,4.25,4.25
ChIJSbQPULsR2jER0kT-bktKgx4,Ayam Penyet President (Hillion Bukit Panjang),"Hillion Mall Carpark Entrance, Singapore 672163",Singapore,West,2.0,Indonesian,103.7636339,1.3784644,6265 5945,Not in Michelin Guide Yet,https://maps.google.com/?cid=2198682730932094162,Not Awarded Any Yet,"Dine-in,Takeaway,Delivery,Coffee,Credit cards,NFC payments,Wheelchair accessible",No Description Available Yet,A,0,3,3.67,good,0.7394,average,0.6726,good,0.7064,3.67,4.0,3.67
ChIJe3MH90sY2jER4tqbBHhUgZg,Ayam Penyet President (Kallangwave),"Stadium Riverside Walk, Singapore 397628",Singapore,Central,2.0,Indonesian,103.8723562,1.3035805,No Phone Number Listed,Not in Michelin Guide Yet,https://maps.google.com/?cid=10989157440210852578,Not Awarded Any Yet,"Dine-in,Takeaway,Delivery,Reservations,Outdoor seating,Wine,Coffee,Credit cards,NFC payments,Wheelchair accessible",No Description Available Yet,A,0,4,5.0,good,0.7787,good,0.6559,good,0.8672,3.5,3.25,4.0
ChIJyRcdyZMa2jERVyFlLiByOAw,Ayer Rajah Food Centre,"503 W Coast Dr, Singapore 120503",Singapore,Central,1.0,Street Food,103.7597825,1.3118695,No Phone Number Listed,Not in Michelin Guide Yet,https://maps.google.com/?cid=880579209693831511,Not Awarded Any Yet,"Dine-in,Takeaway,Beer,Coffee,NFC payments,Wheelchair accessible",No Description Available Yet,A,0,2,5.0,average,0.6202,excellent,0.3008,good,0.9919,3.5,4.5,4.0
ChIJx5Ji36YR2jER4RtguGxl1HQ,Ayu & Nasi Padang,"Bukit Panjang Road, Singapore 679947",Singapore,West,1.0,Indonesian,103.7724999,1.3774921,No Phone Number Listed,Not in Michelin Guide Yet,https://maps.google.com/?cid=8418465121086479329,Not Awarded Any Yet,"Takeaway,Wheelchair accessible",No Description Available Yet,B,1,4,2.0,good,0.7717,average,0.174,poor,0.9555,3.0,2.5,2.75
ChIJgTRlHRkR2jERF4_T_Oj_DpQ,Baan Chadar Thai Cuisine | Best Thai Food In Singapore,"Jalan Anak Bukit, Singapore 588996",Singapore,Central,2.0,Thai,103.7786642,1.338723,9669 6594,Not in Michelin Guide Yet,https://maps.google.com/?cid=10668745943426502423,Not Awarded Any Yet,"Dine-in,Takeaway,Delivery,Reservations,Coffee,Credit cards",No Description Available Yet,A,0,5,4.0,good,0.6779,excellent,0.4433,good,0.9183,3.0,3.8,3.2
ChIJ3ay6mMQP2jERifUZLCyBYMY,Badriya Thai Muslim Seafood,"Jurong West Avenue 1, Singapore 640536",Singapore,West,2.0,Indian,103.7158374,1.3509878,No Phone Number Listed,Not in Michelin Guide Yet,https://maps.google.com/?cid=14294567243992397193,Not Awarded Any Yet,"Dine-in,Takeaway,Outdoor seating,Coffee,Wheelchair accessible",No Description Available Yet,B,1,3,4.67,good,0.8792,average,0.7442,good,0.7717,3.67,4.0,3.67
ChIJq_AeEwAT2jERNy3ZXIK0Rv8,Bai Li Xiang Economic Bee Hoon,"187C Marsiling Road, Singapore 733187",Singapore,North,1.0,Street Food,103.7747144,1.4381788,No Phone Number Listed,Not in Michelin Guide Yet,https://maps.google.com/?cid=18394588200037854519,Not Awarded Any Yet,"Dine-in,Takeaway,Wheelchair accessible",No Description Available Yet,A,0,5,3.4,good,0.7329,good,0.6767,good,0.7142,3.4,3.8,3.8
ChIJpTAW1KUQ2jEREMulvSWMB0o,Baker & Cook,"Greendale Avenue, Singapore 288945",Singapore,Central,2.0,Cafe,103.8075586,1.3315651,8810 6073,Not in Michelin Guide Yet,https://maps.google.com/?cid=5334386377367079696,Not Awarded Any Yet,"Dine-in,Takeaway,Outdoor seating,Coffee,Credit cards,NFC payments,Wheelchair accessible",No Description Available Yet,A,0,3,4.0,average,0.7949,excellent,0.9008,good,0.8392,3.0,3.67,3.33
ChIJUZ8cpagZ2jERGe6LM0UKpYk,Bali Thai,"#01-406 to #01-410 Drop off, Singapore 038983",Singapore,Central,2.0,Thai,103.8582311,1.2943391,6338 2066,Not in Michelin Guide Yet,https://maps.google.com/?cid=9918345046687215129,Not Awarded Any Yet,"Dine-in,Takeaway,Delivery,Reservations,Beer,Coffee,Credit cards,NFC payments,Wheelchair accessible",No Description Available Yet,A,0,2,5.0,good,0.9236,excellent,0.9904,good,0.8295,4.0,5.0,4.0
ChIJa2nb2g0Q2jERlidtvbxf1Rk,Bali Thai (Imm),"#01-29 J-Walk, Singapore 609601",Singapore,West,2.0,Thai,103.7465842,1.3355188,6560 5660,Not in Michelin Guide Yet,https://maps.google.com/?cid=1861499285224105878,Not Awarded Any Yet,"Dine-in,Takeaway,Reservations,Coffee,Credit cards,NFC payments,Wheelchair accessible",No Description Available Yet,A,0,4,4.5,average,0.8622,excellent,0.6405,good,0.9854,3.5,4.75,4.25
ChIJo-KOASQV2jER8WLcghUZk1I,Ban Heng Restaurant (Orchid Country Club),"Orchid Club Road, Singapore 769162",Singapore,North,1.0,Chinese,103.8438534,1.4111023,6732 7888,Not in Michelin Guide Yet,https://maps.google.com/?cid=5950127112867046129,Not Awarded Any Yet,"Dine-in,Takeaway,Delivery,Reservations,Beer,Wine,Coffee,Credit cards,NFC payments,Wheelchair accessible",No Description Available Yet,A,0,5,3.0,poor,0.8105,good,0.5251,good,0.8109,2.6,3.4,3.6
ChIJV3Zrms4W2jERxDWMl3PsFHQ,Ban Leong Wah Hoe,"122 Casuarina Road, Singapore 579524",Singapore,North-East,2.0,Seafood,103.8280645,1.3766122,6452 2824,Not in Michelin Guide Yet,https://maps.google.com/?cid=8364570389141796292,Not Awarded Any Yet,"Dine-in,Takeaway,Delivery,Reservations,Outdoor seating,Beer,Coffee,Credit cards,NFC payments",No Description Available Yet,A,0,4,1.75,poor,0.851,poor,0.7258,average,0.7664,2.5,2.25,2.5
ChIJE7lbKm8T2jERFKhIDtOWa4s,Ban Mian Fish Soup,"Woodlands Street 31, Singapore 730306",Singapore,North,1.0,Street Food,103.7747026,1.429848,No Phone Number Listed,Not in Michelin Guide Yet,https://maps.google.com/?cid=10046289227001931796,Not Awarded Any Yet,"Dine-in,Takeaway,Wheelchair accessible",No Description Available Yet,A,0,3,4.0,good,0.8336,good,0.6592,good,0.9589,4.33,4.33,4.0
ChIJu_U9EPQR2jERsrjUUHWH-KM,Ban Mian. Fish Soup (Yew Tee),"Yew Tee Close, Singapore 680624",Singapore,West,1.0,Street Food,103.7470838,1.3980481,No Phone Number Listed,Not in Michelin Guide Yet,https://maps.google.com/?cid=11815342560343537842,Not Awarded Any Yet,"Dine-in,Takeaway",No Description Available Yet,A,0,4,3.5,good,0.8031,average,0.4836,good,0.7361,3.5,3.25,3.25
ChIJwc1kxiwb2jER5m9g3BN4psg,Ban Mian. Fish Soup (Teban Gardens),"Blk 61 Teban Gardens Road, Singapore 600061",Singapore,West,1.0,Street Food,103.7384605,1.3220967,No Phone Number Listed,Not in Michelin Guide Yet,https://maps.google.com/?cid=14458375680416575462,Not Awarded Any Yet,"Dine-in,Takeaway,Wheelchair accessible",No Description Available Yet,A,0,1,5.0,good,0.9975,excellent,0.7246,good,0.9983,4.0,5.0,4.0
ChIJYYPvW-IW2jERC_bxqS5N7Fo,Bangkok Street Mookata (Ang Mo Kio),"Ang Mo Kio Street 41, Singapore 560421",Singapore,North-East,2.0,Coffee Shop,103.8531034,1.3654958,8855 2929,Not in Michelin Guide Yet,https://maps.google.com/?cid=6551696420732270091,Not Awarded Any Yet,"Dine-in,Takeaway,Reservations,Outdoor seating,Beer,Coffee,Wheelchair accessible",No-frills food court stand serving mookata (Thai barbecue) with a selection of meats & seafood.,A,0,3,3.33,good,0.8754,excellent,0.6771,good,0.9657,3.33,4.0,3.0
ChIJheDFid4P2jERJ0JQmCbE4i8,Bangkok Street Mookata (Jurong West),"Jurong West Street 41, Singapore 640473",Singapore,West,2.0,Thai,103.7241078,1.3490375,8855 2929,Not in Michelin Guide Yet,https://maps.google.com/?cid=3450535934562419239,Not Awarded Any Yet,"Dine-in,Takeaway,Delivery,Outdoor seating,Beer,Coffee,Cash only,Wheelchair accessible",No Description Available Yet,A,0,4,5.0,good,0.75,excellent,0.7382,good,0.9315,4.0,5.0,4.25
ChIJw3W-2tEW2jER6pt2lDlS-e0,Bangkok Street Mookata (Upper Thomson),"Jalan Kuras, Singapore 577723",Singapore,North-East,2.0,Thai,103.8295718,1.3730248,6452 0789,Not in Michelin Guide Yet,https://maps.google.com/?cid=17147827463447288810,Not Awarded Any Yet,"Dine-in,Takeaway,Reservations,Beer,Credit cards",No Description Available Yet,A,0,4,4.5,good,0.7711,excellent,0.5042,good,0.7781,3.25,4.5,4.0
ChIJ0_s_SgAF2jERtQ0NEnuwnRY,Banheng Teochew Porridge,"1 Joo Koon Circle, Singapore 629117",Singapore,West,1.0,Chinese,103.6785183,1.3272056,No Phone Number Listed,Not in Michelin Guide Yet,https://maps.google.com/?cid=1629652682808298933,Not Awarded Any Yet,"Dine-in,Takeaway",No Description Available Yet,A,0,4,1.0,poor,0.8868,poor,0.9061,terrible,0.7262,2.0,1.5,1.25
ChIJs1HQwu0a2jERMZKGizN-qTk,Bao Gong Xo Fish Head Bee Hoon,"#01-237, Block 19 Ghim Moh Road, Singapore 270019",Singapore,Central,2.0,Seafood,103.7877707,1.3113942,6778 9301,Not in Michelin Guide Yet,https://maps.google.com/?cid=4154990891075277361,Not Awarded Any Yet,"Dine-in,Takeaway,Outdoor seating,Beer,Coffee,Wheelchair accessible",No Description Available Yet,A,0,4,3.75,good,0.7714,good,0.7449,average,0.9724,3.5,3.5,2.75
ChIJAwthDckZ2jERK2WKTcJgK3w,Bao Makers (Kitchen),"29 Media Cir., #01-02/03, K3 ALICE @ Mediapolis, Singapore 138565",Singapore,Central,2.0,Takeout,103.7934252,1.2938457,9869 3311,Not in Michelin Guide Yet,https://maps.google.com/?cid=8947351472342459691,Not Awarded Any Yet,"Takeaway,Delivery,Wine,Credit cards,NFC payments","Unique steamed buns & other cafe eats, plus espresso drinks, offered in a cool, minimalist space.",A,0,5,3.8,poor,0.6483,excellent,0.4706,good,0.7423,2.8,3.6,3.6
ChIJPevdorwZ2jERVTcwKGDdm6I,Bar Bar Black Sheep (Cherry Ave),"Elm Avenue, Singapore 276308",Singapore,Central,2.0,Gastropub,103.79114,1.332671,6314 2417,Not in Michelin Guide Yet,https://maps.google.com/?cid=11717202260595324757,Not Awarded Any Yet,"Dine-in,Takeaway,Delivery,Reservations,Outdoor seating,Beer,Wine,Cocktails,Coffee,Credit cards,NFC payments",No Description Available Yet,A,0,3,4.67,good,0.7494,excellent,0.555,good,0.6278,3.67,5.0,4.33
ChIJ7Z3gWqUb2jER2usAUakliwM,"Barrels British–Indian Bistro, Buona Vista","34 South Buona Vista Rd, Singapore 118162",Singapore,Central,2.0,French,103.7870009,1.2807082,6472 1834,Not in Michelin Guide Yet,https://maps.google.com/?cid=255339213015280602,Not Awarded Any Yet,"Dine-in,Takeaway,Delivery,Reservations,Outdoor seating,Beer,Wine,Cocktails,Coffee,Credit cards,NFC payments,Wheelchair accessible",No Description Available Yet,A,0,3,4.67,average,0.8576,excellent,0.6548,good,0.9948,3.33,4.67,4.0
ChIJgUPIH4MR2jERde8yxvdgSks,Barrio Spanish Restaurant,"Hillcrest Road, Singapore 288945",Singapore,Central,3.0,Spanish,103.8075058,1.3315214,8328 7467,Not in Michelin Guide Yet,https://maps.google.com/?cid=5425255318419599221,Not Awarded Any Yet,"Dine-in,Takeaway,Delivery,Reservations,Outdoor seating,Beer,Wine,Cocktails,Coffee,Credit cards,NFC payments",No Description Available Yet,A,0,4,3.75,average,0.8313,excellent,0.8138,good,0.9981,3.5,3.75,3.75
ChIJPTigtosZ2jERpvAxTkMlsac,Basilico,"1 Cuscaden Road, Singapore 249715",Singapore,Central,3.0,Italian,103.8249439,1.3046567,6725 3232,Not in Michelin Guide Yet,https://maps.google.com/?cid=12083480246216683686,Not Awarded Any Yet,"Dine-in,Takeaway,Delivery,Reservations,Outdoor seating,Beer,Wine,Cocktails,Coffee,Credit cards,Wheelchair accessible",Relaxed eatery within the Conrad Singapore Orchard hotel with Italian specialties & an espresso bar.,A,0,5,4.8,good,0.4865,excellent,0.7262,good,0.6541,4.4,5.0,4.0
ChIJV2fLKQAd2jERAIvybAtan2A,Beach Noodle House,"60 Siloso Bch Walk, #01-03/04, Singapore 098997",Singapore,Central,1.0,Street Food,103.817255,1.2517015,No Phone Number Listed,Not in Michelin Guide Yet,https://maps.google.com/?cid=6962382554057050880,Not Awarded Any Yet,,No Description Available Yet,A,0,1,3.0,poor,0.3823,poor,0.771,good,0.7628,2.0,2.0,4.0
ChIJlxNcmrsU2jERcdtppYe_HcU,Beaulieu House (Sembawang Seafood Paradise),"117 Sembawang Terminal Road E, Singapore 759837",Singapore,North,3.0,Chinese,103.836923,1.4633719,6257 9234,Not in Michelin Guide Yet,https://maps.google.com/?cid=14203719389113080689,Not Awarded Any Yet,"Dine-in,Takeaway,Delivery,Reservations,Beer,Wine,Cocktails,Coffee,Credit cards,NFC payments,Wheelchair accessible",No Description Available Yet,A,0,4,5.0,good,0.8182,excellent,0.913,good,0.9975,4.0,4.5,4.0
ChIJn-mepB0X2jERH31SaFJ_rIc,Bee Cheng Hiang (Ang Mo Kio Central),"Ang Mo Kio Central 1, Singapore 564700",Singapore,North-East,1.0,Grocery Store,103.8475813,1.3695937,6456 9080,Not in Michelin Guide Yet,https://maps.google.com/?cid=9776328883028786463,Not Awarded Any Yet,"Credit cards,NFC payments,Wheelchair accessible",No Description Available Yet,A,0,4,3.0,good,0.8434,excellent,0.7747,good,0.523,3.0,3.0,2.5
ChIJX_-zodEW2jERqOc0z65U4Cc,Bee Heong Palace Restaurant,"2 Jalan Leban, Singapore 574419",Singapore,North-East,2.0,Chinese,103.828917,1.3713994,6459 5152,Not in Michelin Guide Yet,https://maps.google.com/?cid=2873389672039770024,Not Awarded Any Yet,"Dine-in,Takeaway,Delivery,Reservations,Coffee,NFC payments",No Description Available Yet,A,0,5,3.4,good,0.623,excellent,0.4916,good,0.7967,3.2,3.4,3.0
ChIJcxcJBnoU2jERvcBI3sXx1rU,Bei Sheng Seafood,"701A Yishun Ave 5, #01-01, Singapore 761701",Singapore,North,2.0,Seafood,103.8278563,1.4299361,6756 4883,Not in Michelin Guide Yet,https://maps.google.com/?cid=13102925998021198013,Not Awarded Any Yet,"Dine-in,Takeaway,Reservations,Outdoor seating,Beer,Coffee,Wheelchair accessible",No Description Available Yet,A,0,3,4.67,good,0.7043,excellent,0.6304,good,0.9594,4.0,4.67,4.0
ChIJXVJJkNQV2jERrTiQ4xBxK2w,Bei Sheng Taste Of Thailand,"Yishun Avenue 5, Singapore 761701",Singapore,North,2.0,Thai,103.8278624,1.429973,No Phone Number Listed,Not in Michelin Guide Yet,https://maps.google.com/?cid=7794447897446070445,Not Awarded Any Yet,"Dine-in,Takeaway,Beer",No Description Available Yet,B,1,3,4.67,good,0.9585,good,0.7325,good,0.997,3.67,4.33,4.0
ChIJkYgoBrEZ2jERa_X45M1TzJU,Beirut Grill,"71 Bussorah Street, Singapore 199066",Singapore,Central,2.0,Lebanese,103.8599624,1.3009011,9069 1925,Not in Michelin Guide Yet,https://maps.google.com/?cid=10794094550675158379,Not Awarded Any Yet,"Dine-in,Takeaway,Delivery,Reservations,Outdoor seating,Beer,Wine,Cocktails,Coffee,Credit cards,NFC payments,Wheelchair accessible",No Description Available Yet,A,0,5,5.0,average,0.886,excellent,0.8294,good,0.9493,3.2,4.6,4.0
ChIJm91ZmwUQ2jERtVI5JAUHHiQ,Beng Hiang Restaurant,"22 Orange Grove Road, Singapore 258350",Singapore,Central,2.0,Chinese,103.8265168,1.3112751,6221 6695,Not in Michelin Guide Yet,https://maps.google.com/?cid=2602525353330692789,Not Awarded Any Yet,"Dine-in,Takeaway,Reservations,Beer,Wine,Coffee,Credit cards,NFC payments,Wheelchair accessible",No Description Available Yet,B,1,4,4.0,good,0.542,good,0.3967,good,0.5141,3.5,4.25,4.0
ChIJQ-2OGwAX2jERxp97kE4yBGE,Beradik By Western Boy (Hougang Street 91),"1 Hougang Street 91, Singapore 538692",Singapore,North-East,1.0,Western,103.8793385,1.3759314,No Phone Number Listed,Not in Michelin Guide Yet,https://maps.google.com/?cid=6990767834598711238,Not Awarded Any Yet,"Takeaway,Wheelchair accessible",No Description Available Yet,A,0,2,3.5,average,0.5274,average,0.4804,good,0.8836,4.0,4.0,4.0
ChIJ58pON1Ia2jERzdCmJCNvPUo,Beradik By Western Boy (Lower Kent Ridge),"5 Lower Kent Ridge Rd, #01-06, Singapore 119074",Singapore,Central,1.0,Western,103.7824543,1.295043,No Phone Number Listed,Not in Michelin Guide Yet,https://maps.google.com/?cid=5349554129115467981,Not Awarded Any Yet,"NFC payments,Wheelchair accessible",No Description Available Yet,A,0,4,3.25,average,0.664,good,0.5402,good,0.7578,2.5,3.25,3.0
ChIJPXfrKjsX2jERNS7H3ZclXbo,Bernie's,"924 Upper Thomson Rd, Singapore 787119",Singapore,North,2.0,Western,103.8179551,1.3993012,8491 6395,Not in Michelin Guide Yet,https://maps.google.com/?cid=13428930998079794741,Not Awarded Any Yet,"Dine-in,Takeaway,Reservations,Outdoor seating,Beer,Wine,Cocktails,Coffee,Credit cards,NFC payments",No Description Available Yet,A,0,5,3.8,good,0.8798,excellent,0.6683,good,0.7865,3.0,3.4,3.6
ChIJ4fVxTf8b2jER-wnDh8Sxov0,"Bikini Bar (Beachfront Bar On Siloso Beach, Sentosa)","50 Siloso Bch Walk, #01-01, 099000",Singapore,Central,2.0,Bar,103.8158124,1.2525685,No Phone Number Listed,Not in Michelin Guide Yet,https://maps.google.com/?cid=18276365695472306683,Not Awarded Any Yet,"Dine-in,Reservations,Outdoor seating,Live music,Beer,Wine,Cocktails,Credit cards,NFC payments,Wheelchair accessible",No Description Available Yet,A,0,4,2.0,poor,0.6702,terrible,0.7218,good,0.5036,2.5,2.0,2.5
ChIJ6ysMJAAX2jERZqOLoMbWE1Q,Bing Ji Hainanese Chicken Rice,"590 Upper Thomson Road, Singapore 574419",Singapore,North-East,1.0,Street Food,103.8290305,1.3725814,No Phone Number Listed,Not in Michelin Guide Yet,https://maps.google.com/?cid=6058422072328823654,Not Awarded Any Yet,"Dine-in,Takeaway,Wheelchair accessible",No Description Available Yet,A,0,5,2.6,good,0.8401,good,0.6024,good,0.651,3.0,3.2,3.0
ChIJc8ce0O8T2jERbT7N8ckzAHA,Birds Of Paradise Gelato Boutique (Mandai Wildlife West),"Mandai Lake Road, Singapore 729979",Singapore,North,1.0,Ice Cream Shop,103.7809244,1.4079215,9825 0262,Not in Michelin Guide Yet,https://maps.google.com/?cid=8070507474686131821,Not Awarded Any Yet,"Dine-in,Takeaway,Delivery,Coffee,Credit cards,NFC payments",No Description Available Yet,A,0,3,4.67,good,0.5505,good,0.8643,good,0.8748,4.33,3.33,4.0
ChIJN4HfOQAX2jERB72lzsHJljs,Bistro Box By Uncle Penyet,"Upper Thomson Road, Singapore 576583",Singapore,North-East,1.0,Asian,103.8308906,1.3548586,No Phone Number Listed,Not in Michelin Guide Yet,https://maps.google.com/?cid=4293841128977186055,Not Awarded Any Yet,"Dine-in,Takeaway,Coffee,Credit cards,NFC payments,Wheelchair accessible",No Description Available Yet,B,1,5,3.6,good,0.8553,excellent,0.5452,good,0.9651,3.4,4.2,3.6
ChIJR5yDbY0Z2jER-OfAY_3D6kE,Bistro Du Vin,"1 Scotts Road, Singapore 228208",Singapore,Central,3.0,French,103.8315897,1.306525,6733 7763,Not in Michelin Guide Yet,https://maps.google.com/?cid=4749824250083338232,Not Awarded Any Yet,"Dine-in,Takeaway,Reservations,Beer,Wine,Cocktails,Coffee,Credit cards,NFC payments",No Description Available Yet,B,1,5,4.8,good,0.7466,excellent,0.8155,good,0.7786,3.8,4.0,3.4
ChIJI6CWPn8T2jERNA0VpdoxUeE,Bkk Bistro & Bar (The Woodgrove),"30 Woodlands Avenue 1, Singapore 739065",Singapore,North,2.0,French,103.7811477,1.4292977,6979 3393,Not in Michelin Guide Yet,https://maps.google.com/?cid=16235812946789600564,Not Awarded Any Yet,"Dine-in,Takeaway,Outdoor seating,Beer,Coffee,Credit cards,NFC payments,Wheelchair accessible",No Description Available Yet,A,0,3,3.33,poor,0.7675,poor,0.6571,good,0.7203,2.67,3.0,3.33
ChIJhQSMMSMR2jERZgtYu0CUjeM,Black Bear Smokehouse,"Hillcrest Road, Singapore 288945",Singapore,Central,1.0,Steak House,103.8073419,1.3313765,8932 9879,Not in Michelin Guide Yet,https://maps.google.com/?cid=16396924824067771238,Not Awarded Any Yet,"Dine-in,Takeaway,Delivery,Outdoor seating,Beer,Wine,Wheelchair accessible",No Description Available Yet,A,0,4,4.75,good,0.841,excellent,0.8288,good,0.9976,4.25,5.0,4.25
ChIJE40LGnwW2jERvwpbVFW2MAo,Blanco Prawn Noodle House,"233 Jalan Kayu, Singapore 799457",Singapore,North-East,1.0,Street Food,103.8728846,1.3960874,8920 4175,Not in Michelin Guide Yet,https://maps.google.com/?cid=734287216865118911,Not Awarded Any Yet,"Dine-in,Takeaway,Delivery,Outdoor seating,Coffee,Cash only",No Description Available Yet,A,0,4,4.5,good,0.6808,good,0.6677,good,0.8554,4.0,4.25,4.0
ChIJQ_YEj6Ab2jERSKJSEzoXzNg,Bleu Keppel Bay,"2 Keppel Bay Vista, #01-05, 098382",Singapore,Central,3.0,French,103.8124338,1.2640047,6015 0277,Not in Michelin Guide Yet,https://maps.google.com/?cid=15621886745641132616,Not Awarded Any Yet,"Dine-in,Reservations,Beer,Wine,Cocktails,Coffee,Credit cards",No Description Available Yet,A,0,3,4.67,average,0.842,excellent,0.76,good,0.9855,4.0,4.67,4.0
ChIJUQ6ZYlEQ2jER_uarzrtyGsA,Blooie's Roadhouse,"424 Upper Bukit Timah Road, Singapore 678052",Singapore,West,2.0,Western,103.7676875,1.3590859,6766 1588,Not in Michelin Guide Yet,https://maps.google.com/?cid=13842502555628463870,Not Awarded Any Yet,"Dine-in,Takeaway,Delivery,Reservations,Outdoor seating,Beer,Wine,Cocktails,Coffee,Credit cards,NFC payments,Wheelchair accessible",No Description Available Yet,A,0,5,3.8,good,0.8239,excellent,0.7766,good,0.7341,3.4,4.2,3.6
ChIJrYMeu5sQ2jERfpA5zK1UM9U,Blu Kouzina Dempsey,"10 Dempsey Road, Singapore 247700",Singapore,Central,3.0,Greek,103.81043,1.3034696,9710 8303,Not in Michelin Guide Yet,https://maps.google.com/?cid=15362715859323293822,Not Awarded Any Yet,"Dine-in,Takeaway,Delivery,Reservations,Outdoor seating,Beer,Wine,Cocktails,Coffee,Credit cards,NFC payments,Wheelchair accessible",Traditional Greek cuisine & wines served in a charming restaurant that has a terrace.,A,0,5,4.2,good,0.5747,excellent,0.8107,good,0.9934,3.4,4.4,4.2
ChIJhctEESId2jEREh8_-oSV5AA,Blu Kouzina Sentosa,"58 Palawan Beach Walk, 098235",Singapore,Central,3.0,Greek,103.8208332,1.2501854,9710 8303,Not in Michelin Guide Yet,https://maps.google.com/?cid=64340693056691986,Not Awarded Any Yet,"Dine-in,Takeaway,Delivery,Reservations,Outdoor seating,Beer,Wine,Cocktails,Coffee,Credit cards,NFC payments,Wheelchair accessible",No Description Available Yet,A,0,5,3.6,average,0.7619,good,0.5487,good,0.6908,2.8,3.8,3.6
ChIJIchqf7Ye2jERQcR7gSmdVjA,Blue Lotus Singapore (Chinese Eating House),"31 Ocean Way, #01 - 13 Quayside Isle, 098375",Singapore,Central,4.0,Chinese,103.8421169,1.246831,9781 1663,Not in Michelin Guide Yet,https://maps.google.com/?cid=3483144163409249345,Not Awarded Any Yet,"Dine-in,Takeaway,Reservations,Outdoor seating,Beer,Wine,Cocktails,Coffee,Credit cards,Wheelchair accessible",No Description Available Yet,A,0,4,4.75,good,0.6763,good,0.6118,good,0.7769,3.25,4.25,4.0
ChIJC9GkSwAP2jEROdVM59abOh4,Blue Ocean Kopi & Toast,"76 Nanyang Drive, Singapore 637331",Singapore,West,1.0,Chinese,103.6798148,1.3470348,No Phone Number Listed,Not in Michelin Guide Yet,https://maps.google.com/?cid=2178224717092934969,Not Awarded Any Yet,"Dine-in,Takeaway,Delivery,Coffee,NFC payments",No Description Available Yet,B,1,3,4.0,excellent,0.5473,excellent,0.5245,good,0.9627,4.0,4.0,4.0
ChIJJbOpwbYe2jER2sJeFxLOV9A,Boaters Bar,"11 Cove Dr, 098497",Singapore,Central,2.0,Bar,103.8404733,1.2469733,9848 0115,Not in Michelin Guide Yet,https://maps.google.com/?cid=15012694459959657178,Not Awarded Any Yet,"Dine-in,Takeaway,Reservations,Outdoor seating,Live music,Beer,Wine,Cocktails,Credit cards,NFC payments",No Description Available Yet,A,0,3,5.0,good,0.6718,excellent,0.5747,good,0.7439,3.67,4.33,3.67
ChIJ225l_0Ma2jERCNNkY0Fmqr0,Bodacious Bar & Bistro,"60 Biopolis Street, Singapore 138668",Singapore,Central,2.0,Bistro,103.7918353,1.3032732,6778 9585,Not in Michelin Guide Yet,https://maps.google.com/?cid=13666848450235650824,Not Awarded Any Yet,"Dine-in,Takeaway,Reservations,Outdoor seating,Beer,Wine,Cocktails,Coffee,Credit cards,NFC payments,Wheelchair accessible",No Description Available Yet,A,0,4,5.0,good,0.7858,excellent,0.9959,good,0.751,4.0,4.75,4.0
ChIJVVWhX8EP2jERXqNFsqQa-CI,Bok's Kitchen By Hidden Chefs (Singapore),"216 Boon Lay Avenue, Singapore 640216",Singapore,West,2.0,Asian Fusion,103.711315,1.349413,6920 8036,Not in Michelin Guide Yet,https://maps.google.com/?cid=2519793286181659486,Not Awarded Any Yet,"Dine-in,Takeaway,Delivery,Reservations,Beer,Wine,Coffee,Credit cards,NFC payments,Wheelchair accessible",No Description Available Yet,A,0,5,4.4,good,0.6384,excellent,0.683,good,0.9863,4.0,4.6,4.0
ChIJ05NMhO0N2jERKBZ8XnUBay8,Bollywood Farms,"100 Neo Tiew Rd, Singapore 719026",Singapore,West,2.0,Bistro,103.7165168,1.4184872,6898 5001,Not in Michelin Guide Yet,https://maps.google.com/?cid=3416826345898645032,Not Awarded Any Yet,"Dine-in,Outdoor seating,Beer,Wine,Coffee,NFC payments,Wheelchair accessible",Countryside organic farm with educational activities & a chill eatery for seasonal Indian fare.,A,0,3,4.33,excellent,0.9385,excellent,0.6638,good,0.8165,3.67,4.0,4.0
ChIJJajGausb2jERWTnnTRxm1w8,Bombay Grill (Authentic North Indian Restaurant),"1 West Coast Way, Singapore 129531",Singapore,Central,2.0,North Indian,103.7573947,1.3168845,6532 1110,Not in Michelin Guide Yet,https://maps.google.com/?cid=1141493302313826649,Not Awarded Any Yet,"Dine-in,Takeaway,Delivery,Reservations,Outdoor seating,Beer,Wine,Cocktails,Coffee,Credit cards,NFC payments,Wheelchair accessible",No Description Available Yet,A,0,5,3.6,good,0.8241,excellent,0.7864,good,0.6064,3.4,3.6,3.6
ChIJYR6HCJ4Z2jERxLqTs3bEj_Q,Boomarang Bistro & Bar,"60 Robertson Quay, Singapore 238252",Singapore,Central,2.0,Western,103.8388889,1.2897222,6738 1077,Not in Michelin Guide Yet,https://maps.google.com/?cid=17622519881022028484,Not Awarded Any Yet,"Dine-in,Takeaway,Delivery,Reservations,Outdoor seating,Beer,Wine,Cocktails,Coffee,Credit cards,NFC payments,Wheelchair accessible",No Description Available Yet,A,0,3,3.67,good,0.7016,excellent,0.8585,good,0.7968,3.33,3.33,3.0
ChIJo17LCgAZ2jERVeE83ZjSU6w,Boon Tat Bbq Seafood,"Rocks, Singapore 018593",Singapore,Central,1.0,Seafood,103.8686413,1.2824418,No Phone Number Listed,Not in Michelin Guide Yet,https://maps.google.com/?cid=12417500151579205973,Not Awarded Any Yet,"Takeaway,Wheelchair accessible",No Description Available Yet,B,1,4,1.75,poor,0.6289,poor,0.3877,poor,0.5445,2.25,2.5,2.5
ChIJOz8z1WEQ2jERUvGfJfnDOFQ,Boon Tong Kee (Cheong Chin Nam),"17 Cheong Chin Nam Road, Singapore 599736",Singapore,Central,2.0,Chinese,103.7751229,1.3433628,9296 9104,Not in Michelin Guide Yet,https://maps.google.com/?cid=6068815972727255378,Not Awarded Any Yet,"Dine-in,Takeaway,Delivery,Reservations,Outdoor seating,Coffee,Credit cards,NFC payments",No Description Available Yet,A,0,4,2.75,good,0.5804,poor,0.5817,good,0.7664,3.0,2.75,3.75
ChIJcaXtvtMZ2jERv18nVeVn1sY,Boon Tong Kee (Whampoa West),"34 Whampoa West, Singapore 330034",Singapore,Central,2.0,Chinese,103.8622168,1.3197269,6299 9880,Not in Michelin Guide Yet,https://maps.google.com/?cid=14327753499199627199,Not Awarded Any Yet,"Dine-in,Takeaway,Delivery,Reservations,Outdoor seating,Credit cards,NFC payments,Wheelchair accessible",No Description Available Yet,A,0,3,3.0,average,0.8099,excellent,0.4061,good,0.5888,3.0,4.0,3.33
ChIJW-F7a9kW2jEROnVdsO3RJVc,Boon Tong Kee (Amk),"Ang Mo Kio Street 22, Singapore 560234",Singapore,North-East,2.0,Chicken,103.8370641,1.3674605,6457 2696,Not in Michelin Guide Yet,https://maps.google.com/?cid=6279656074234393914,Not Awarded Any Yet,"Dine-in,Takeaway,Delivery,Reservations,Outdoor seating,Coffee,Credit cards,NFC payments,Wheelchair accessible",No Description Available Yet,A,0,1,5.0,average,0.9197,good,0.8654,good,0.998,3.0,4.0,4.0
ChIJmbtIXUEX2jER_XOAmAeeaDY,Boon Western Delights,"Blk 982 Buangkok Cres, #02-01 Stall 2, Singapore 530982",Singapore,North-East,1.0,Western,103.879407,1.3808251,No Phone Number Listed,Not in Michelin Guide Yet,https://maps.google.com/?cid=3920557231086531581,Not Awarded Any Yet,"Dine-in,Takeaway,Wheelchair accessible",No Description Available Yet,A,0,4,2.5,average,0.6984,average,0.5817,average,0.9238,2.5,2.5,2.0
ChIJPYQkQrcb2jER2H0KrdqxUTs,Botanico At The Summerhouse,"Hyde Park Gate, Singapore 797873",Singapore,North-East,4.0,Cafe,103.8683218,1.408043,8809 5840,Not in Michelin Guide Yet,https://maps.google.com/?cid=4274393074115444184,Not Awarded Any Yet,"Dine-in,Takeaway,Delivery,Reservations,Outdoor seating,Beer,Wine,Cocktails,Coffee,Credit cards,NFC payments",No Description Available Yet,A,0,5,4.8,good,0.7737,excellent,0.8872,good,0.7968,4.4,5.0,4.2
ChIJ978lPHYP2jERf2c1HxrwMsQ,Bottle Tree Cafe Restaurant By Sembawang Eating House Seafood Restaurant,"510 Upper Jurong Road, Singapore 638365",Singapore,West,2.0,Asian,103.678929,1.332714,No Phone Number Listed,Not in Michelin Guide Yet,https://maps.google.com/?cid=14137626175252817791,Not Awarded Any Yet,"Dine-in,Takeaway,Reservations,Coffee,Credit cards,NFC payments",No Description Available Yet,B,1,4,3.0,poor,0.6922,excellent,0.6828,excellent,0.7208,3.0,4.0,3.0
ChIJu_U9EPQR2jERAJy5STz4r7k,Braised Duck. Kway Chap,"624 Choa Chu Kang Street 62, Singapore 680624",Singapore,West,1.0,Street Food,103.747099,1.3981137,No Phone Number Listed,Not in Michelin Guide Yet,https://maps.google.com/?cid=13380185955759660032,Not Awarded Any Yet,"Dine-in,Takeaway,Wheelchair accessible",No Description Available Yet,A,0,2,4.5,average,0.9462,excellent,0.4824,good,0.9942,3.0,4.5,4.0
ChIJOXHMKG0Z2jERwJRat9r2Qfs,Brasserie Gavroche (French Restaurant),"26 Mohamed Sultan Road, Singapore 239017",Singapore,Central,3.0,French,103.8412486,1.2933273,6225 8266,Not in Michelin Guide Yet,https://maps.google.com/?cid=18105023396245574848,Not Awarded Any Yet,"Dine-in,Takeaway,Reservations,Outdoor seating,Beer,Wine,Cocktails,Coffee,Credit cards,NFC payments",No Description Available Yet,A,0,2,5.0,average,0.6257,excellent,0.8325,good,0.996,3.5,5.0,4.0
ChIJR5dyfsMT2jERxCaiz9SLVpk,Brew House Sports Bar,"56 Sembawang Road, Singapore 779082",Singapore,North,2.0,Bar,103.8183204,1.4029923,No Phone Number Listed,Not in Michelin Guide Yet,https://maps.google.com/?cid=11049172481932928708,Not Awarded Any Yet,"Dine-in,Takeaway,Reservations,Outdoor seating,Beer,Wine,Cocktails,Coffee,Credit cards,NFC payments,Wheelchair accessible",No Description Available Yet,A,0,2,5.0,good,0.534,excellent,0.7757,good,0.9637,4.0,5.0,4.0
ChIJJzMZoowZ2jERppRLILP_X8s,Brewerkz Orchard Rendezvous Hotel,"1 Tanglin Road, Singapore 247905",Singapore,Central,2.0,Western,103.8279751,1.3065278,9012 6154,Not in Michelin Guide Yet,https://maps.google.com/?cid=14654712857292936358,Not Awarded Any Yet,"Dine-in,Takeaway,Delivery,Reservations,Outdoor seating,Beer,Wine,Cocktails,Coffee,Credit cards,NFC payments,Wheelchair accessible",No Description Available Yet,A,0,4,3.5,good,0.7957,good,0.865,good,0.8864,4.25,4.0,4.25
ChIJxblKLZMP2jERj9R0TfxXNyA,Brio,"1 Jurong West Central 2, #02-24/K5 Jurong Point, Singapore 648886",Singapore,West,2.0,Western,103.7062886,1.3399257,6795 9606,Not in Michelin Guide Yet,https://maps.google.com/?cid=2321420874075657359,Not Awarded Any Yet,"Dine-in,Takeaway,Delivery,Reservations,Coffee,Credit cards,NFC payments,Wheelchair accessible",No Description Available Yet,B,1,3,4.33,good,0.7654,excellent,0.9613,good,0.9645,3.67,4.67,4.33
ChIJ9T6Rr0sT2jERMuM64Dm3ewU,Briyani House,"Woodlands Industrial Park E7, Singapore 757177",Singapore,North,1.0,Indian,103.7963528,1.4506575,No Phone Number Listed,Not in Michelin Guide Yet,https://maps.google.com/?cid=395110851528024882,Not Awarded Any Yet,"Dine-in,Takeaway,Coffee",No Description Available Yet,B,1,1,1.0,poor,0.5391,terrible,0.4989,good,0.383,2.0,1.0,4.0
ChIJLaF0vQET2jERKKqOgHuLwwM,Broadway Coffeeshop (19 Marsiling Lane),"19 Marsiling Lane, Singapore 730019",Singapore,North,1.0,Coffee Shop,103.7774816,1.4436697,6367 4144,Not in Michelin Guide Yet,https://maps.google.com/?cid=271213765126433320,Not Awarded Any Yet,"Dine-in,Takeaway,Outdoor seating,Beer,Coffee,Cash only,Wheelchair accessible",No Description Available Yet,A,0,5,1.4,poor,0.7769,terrible,0.6288,terrible,0.372,2.4,1.6,1.8
ChIJpdCbpXwT2jERo9jX2FUvxpI,Broadway Food Centre (334A Sembawang Close),"334A Sembawang Close, Singapore 751334",Singapore,North,1.0,Food Court,103.8164216,1.4481094,6758 4144,Not in Michelin Guide Yet,https://maps.google.com/?cid=10576192820682938531,Not Awarded Any Yet,"Dine-in,Takeaway,NFC payments,Wheelchair accessible",No Description Available Yet,A,0,3,3.67,good,0.8305,excellent,0.5693,good,0.9932,3.33,3.67,3.0
ChIJg_s3JRIU2jERULnFgi4wsEs,Broadway Food Centre (848 Yishun Street 81),"848 Yishun Street 81, Singapore 760848",Singapore,North,1.0,Coffee Shop,103.8352741,1.4165039,No Phone Number Listed,Not in Michelin Guide Yet,https://maps.google.com/?cid=5453912125066295632,Not Awarded Any Yet,"Dine-in,Takeaway,Outdoor seating,Beer,Coffee,Cash only,Wheelchair accessible",No Description Available Yet,A,0,4,3.0,poor,0.8276,excellent,0.4393,good,0.6607,2.5,3.0,4.0
ChIJp4zYJ6QZ2jERqGdrsL7QL2Q,Brotzeit (Raffles City),"252 North Bridge Road, Singapore 179103",Singapore,Central,3.0,German,103.8531695,1.2946453,6883 1534,Not in Michelin Guide Yet,https://maps.google.com/?cid=7219218245120386984,Not Awarded Any Yet,"Dine-in,Takeaway,Delivery,Reservations,Outdoor seating,Beer,Wine,Cocktails,Coffee,Credit cards,NFC payments,Wheelchair accessible",No Description Available Yet,A,0,4,5.0,good,0.6779,excellent,0.821,good,0.8456,3.75,4.75,4.0
ChIJHQALBw8Q2jERTRbxK3smjw0,Brotzeit German Beer Bar And Restaurant (Westgate),"J-Walk, Singapore 609690",Singapore,West,2.0,German,103.7425569,1.3336757,6465 9874,Not in Michelin Guide Yet,https://maps.google.com/?cid=977041954622740045,Not Awarded Any Yet,"Dine-in,Takeaway,Delivery,Reservations,Outdoor seating,Beer,Wine,Cocktails,Coffee,Credit cards,NFC payments,Wheelchair accessible",No Description Available Yet,A,0,5,4.0,good,0.6233,excellent,0.6801,good,0.8635,3.2,4.2,4.0
ChIJQ7ONulgZ2jERMHtVg8e4VHg,Brotzeit German Beer Bar And Restaurant (Vivocity),"1 HarbourFront Walk, #01-149 VivoCity, Singapore 098585",Singapore,Central,2.0,German,103.8220077,1.2634018,6272 8815,Not in Michelin Guide Yet,https://maps.google.com/?cid=8670758349636467504,Not Awarded Any Yet,"Dine-in,Takeaway,Delivery,Reservations,Outdoor seating,Beer,Wine,Cocktails,Coffee,Credit cards,NFC payments,Wheelchair accessible",No Description Available Yet,A,0,4,4.0,average,0.7599,excellent,0.954,good,0.936,3.5,4.25,3.25
ChIJp9nArsUZ2jERhPjbbk1t4Mg,Brunches Cafe,"96 Rangoon Road, Singapore 218374",Singapore,Central,2.0,Cafe,103.8540603,1.3146644,8685 8488,Not in Michelin Guide Yet,https://maps.google.com/?cid=14474689381708593284,Not Awarded Any Yet,"Dine-in,Takeaway,Delivery,Reservations,Beer,Wine,Coffee,Credit cards,NFC payments","International meals, breakfasts & snacks are served in this playful hub with retro decor.",A,0,4,4.75,good,0.7428,good,0.7819,good,0.9081,3.5,3.5,4.0
ChIJyd5nY4oQ2jERRdOues0DbgE,Buddy Hoagies Steak & Grill Restaurant (Bukit Timah Shopping Centre),"170 Upper Bukit Timah Road, Singapore 588179",Singapore,Central,2.0,Western,103.7759016,1.3431192,6466 1505,Not in Michelin Guide Yet,https://maps.google.com/?cid=103024022537556805,Not Awarded Any Yet,"Dine-in,Takeaway,Delivery,Outdoor seating,Beer,Wine,Coffee,Credit cards,NFC payments,Wheelchair accessible",No Description Available Yet,A,0,4,4.25,good,0.9346,excellent,0.9284,good,0.9983,3.5,4.25,3.5
ChIJI0VWm2oT2jERN7eZiVtZ0iU,Buey Tahan See Food,"8A Admiralty Street, Singapore 757437",Singapore,North,2.0,Seafood,103.8147431,1.4630794,8908 1300,Not in Michelin Guide Yet,https://maps.google.com/?cid=2725338974198019895,Not Awarded Any Yet,"Dine-in,Takeaway,Delivery,NFC payments",No Description Available Yet,A,0,4,3.75,good,0.6056,excellent,0.6302,good,0.9357,3.5,4.75,4.25
ChIJQSRJirMZ2jERI3TKt_gqiVE,Bugis (Longhouse) Lim Kee Beef Noodles,"Sumbawa Road, Singapore 199583",Singapore,Central,1.0,Street Food,103.863775,1.3033459,9391 8919,Not in Michelin Guide Yet,https://maps.google.com/?cid=5875274436605277219,Not Awarded Any Yet,"Dine-in,Takeaway,Wheelchair accessible",No Description Available Yet,A,0,5,5.0,good,0.7418,excellent,0.55,good,0.9009,3.8,4.6,4.0
ChIJSXShWSUV2jERpY1LoqG26Ok,Bukit Ho Swee Charcoal Curry Fish Head (664 Yishun),"664 Yishun Avenue 4, Singapore 760664",Singapore,North,1.0,Street Food,103.8406604,1.4202218,8346 0606,Not in Michelin Guide Yet,https://maps.google.com/?cid=16854922410762931621,Not Awarded Any Yet,"Dine-in,Takeaway,Delivery,Coffee",No Description Available Yet,A,0,4,3.0,poor,0.6226,excellent,0.3392,good,0.8914,2.5,4.0,4.0
ChIJwQ8GHooQ2jER5Ucy4Sx80Wk,Bukit Timah Wet Market & Food Centre (Interim),"Jalan Seh Chuan, Singapore 598578",Singapore,Central,1.0,Street Food,103.775054,1.3407156,No Phone Number Listed,Not in Michelin Guide Yet,https://maps.google.com/?cid=7625012176313534437,Not Awarded Any Yet,"Dine-in,Takeaway,Delivery,Beer,Coffee,Wheelchair accessible",No Description Available Yet,A,0,1,5.0,poor,0.9373,poor,0.8217,poor,0.8215,2.0,2.0,2.0
ChIJTcC3mA8a2jER8_61xS6bFN0,Bumbu Restaurant (Queen's),"Queen's Road, Singapore 268097",Singapore,Central,2.0,Singaporean,103.8087819,1.319337,6479 4075,Not in Michelin Guide Yet,https://maps.google.com/?cid=15930528407104126707,Not Awarded Any Yet,"Dine-in,Takeaway,Delivery,Reservations,Outdoor seating,Coffee,Credit cards,NFC payments,Wheelchair accessible",No Description Available Yet,A,0,4,4.5,good,0.7488,excellent,0.5086,good,0.9781,4.0,4.75,4.0
ChIJ_W2jIrEZ2jERpx5zNEeliOg,Bumbu Restaurant (Kandahar Street),"48 Kandahar Street, Singapore 198898",Singapore,Central,2.0,Indonesian,103.8599942,1.3018761,6392 8628,Not in Michelin Guide Yet,https://maps.google.com/?cid=16755824138873151143,Not Awarded Any Yet,"Dine-in,Takeaway,Reservations,Coffee,Credit cards,NFC payments",No Description Available Yet,A,0,5,4.8,good,0.6363,excellent,0.7767,good,0.9364,4.0,4.6,4.0
ChIJT_3va4oQ2jERlZvoKOY4tik,Buta Kin (Beauty World Centre),"144 Upper Bukit Timah Road, Singapore 588177",Singapore,Central,1.0,Street Food,103.7762593,1.3423741,8661 6028,Not in Michelin Guide Yet,https://maps.google.com/?cid=3005652362496351125,Not Awarded Any Yet,"Dine-in,Takeaway,Delivery,NFC payments,Wheelchair accessible",No Description Available Yet,A,0,5,4.4,good,0.7981,excellent,0.6845,good,0.9803,3.6,4.2,3.6
ChIJvWnM-E4Q2jERrcEc1xul0NA,Cacio E Pepe Italian Restaurant,"5 Chu Lin Road, Singapore 669893",Singapore,West,3.0,Italian,103.7605786,1.3576834,6760 3534,Not in Michelin Guide Yet,https://maps.google.com/?cid=15046707894036513197,Not Awarded Any Yet,"Dine-in,Takeaway,Delivery,Reservations,Outdoor seating,Beer,Wine,Coffee,Credit cards,NFC payments",No Description Available Yet,A,0,4,5.0,good,0.7917,excellent,0.9543,good,0.9885,4.25,5.0,4.0
ChIJx0dfzAsZ2jERTBmlVt5elE4,Cafe Melba At Mediapolis,"1 Stars Ave, #03-01 Mediacorp Campus, Singapore 138507",Singapore,Central,2.0,Cafe,103.7925581,1.295968,6352 2721,Not in Michelin Guide Yet,https://maps.google.com/?cid=5662254940540967244,Not Awarded Any Yet,"Dine-in,Takeaway,Delivery,Reservations,Outdoor seating,Beer,Wine,Cocktails,Coffee,Credit cards,NFC payments,Wheelchair accessible",No Description Available Yet,A,0,3,1.67,poor,0.7455,good,0.5885,terrible,0.4037,2.0,3.33,1.67
ChIJM9OZ7osb2jERdl-pQKLO8Eo,Cafe Nora (Malay Food Nasi Padang),"720 Clementi West Street 2, Singapore 120720",Singapore,Central,1.0,Indonesian,103.7635239,1.3027835,No Phone Number Listed,Not in Michelin Guide Yet,https://maps.google.com/?cid=5400043149482090358,Not Awarded Any Yet,"Dine-in,Takeaway,Coffee",No Description Available Yet,A,0,2,4.0,good,0.7258,excellent,0.5602,average,0.9588,4.0,5.0,3.5
ChIJv02dX2sZ2jERt5SU6PJqMoQ,Cafe Oriental (Amara),"165 Tg Pagar Rd, Singapore 088539",Singapore,Central,2.0,Fusion,103.8433765,1.2750193,6879 2626,Not in Michelin Guide Yet,https://maps.google.com/?cid=9525793753358701751,Not Awarded Any Yet,"Dine-in,Takeaway,Delivery,Reservations,Beer,Wine,Coffee,Credit cards,NFC payments,Wheelchair accessible",No Description Available Yet,A,0,5,3.8,good,0.7966,excellent,0.7233,good,0.8412,3.6,4.0,3.6
ChIJea1VyX4W2jERKyC0xRbIH_0,Cafeela Roti Prata & Seafood Restaurant,"254 Jalan Kayu, Singapore 799481",Singapore,North-East,1.0,Seafood,103.8732893,1.3980448,No Phone Number Listed,Not in Michelin Guide Yet,https://maps.google.com/?cid=18239517016005550123,Not Awarded Any Yet,"Dine-in,Takeaway,Delivery,Outdoor seating,Coffee",No Description Available Yet,A,0,4,1.0,poor,0.8993,poor,0.9075,poor,0.7545,2.5,2.5,2.25
ChIJxQQ84iUX2jERJ9Rl7SOBvpI,Caffe Zeppin (Midview City),"Bright Hill Drive, Singapore 573971",Singapore,North-East,2.0,Cafe,103.8341391,1.3594086,6262 1367,Not in Michelin Guide Yet,https://maps.google.com/?cid=10574030966419215399,Not Awarded Any Yet,"Dine-in,Takeaway,Delivery,Reservations,Coffee,NFC payments,Wheelchair accessible",No Description Available Yet,A,0,5,4.8,good,0.8177,excellent,0.9412,good,0.9537,4.4,4.8,4.2
ChIJ_-7AzEYY2jERpExbrmGOYQE,Caf Melba At Goodman Arts Centre,"Mountbatten Road, Singapore 439053",Singapore,Central,3.0,Cafe,103.8848969,1.3033523,6440 6068,Not in Michelin Guide Yet,https://maps.google.com/?cid=99517216967052452,Not Awarded Any Yet,"Dine-in,Takeaway,Delivery,Reservations,Outdoor seating,Beer,Wine,Cocktails,Coffee,Credit cards,NFC payments,Wheelchair accessible",No Description Available Yet,A,0,5,3.8,good,0.7452,excellent,0.6583,good,0.8024,3.8,4.0,4.0
ChIJnXZ5BUMa2jERNg_FrwFyWAU,Cali Rochester Park – Pet-Friendly Restaurant & Bar,"31 Rochester Drive, Singapore 138637",Singapore,Central,3.0,Western,103.7888696,1.3049669,9327 3666,Not in Michelin Guide Yet,https://maps.google.com/?cid=385183119709638454,Not Awarded Any Yet,"Dine-in,Takeaway,Delivery,Reservations,Outdoor seating,Beer,Wine,Cocktails,Coffee,Credit cards,NFC payments,Wheelchair accessible",No Description Available Yet,A,0,4,5.0,good,0.9363,excellent,0.8658,good,0.998,4.0,4.75,4.0
ChIJ8VRDze8R2jEROdukih8M8Aw,Canadian 2 For 1 Pizza (Choa Chu Kang North Park Connector),"Choa Chu Kang North Park Connector, Singapore 680533",Singapore,West,1.0,Pizza,103.7431268,1.3922588,6970 5816,Not in Michelin Guide Yet,https://maps.google.com/?cid=932258452475271993,Not Awarded Any Yet,"Dine-in,Takeaway,Delivery,Credit cards,NFC payments,Wheelchair accessible",No Description Available Yet,A,0,5,4.2,good,0.8377,good,0.8133,good,0.9711,3.4,3.8,4.0
ChIJAzojA9kZ2jER1M3ejWO2EB0,Canadian 2 For 1 Pizza (Kim Keat),"Kim Keat Road, Singapore 328843",Singapore,Central,1.0,Pizza,103.8527545,1.3239629,6352 5252,Not in Michelin Guide Yet,https://maps.google.com/?cid=2094374365425487316,Not Awarded Any Yet,"Dine-in,Takeaway,Delivery,Credit cards,NFC payments",No Description Available Yet,A,0,2,4.5,average,0.9077,excellent,0.8478,good,0.9327,3.5,4.5,4.0
ChIJOWz-wnYU2jERBfaa4ygjGOo,Canadian 2 For 1 Pizza (Sembawang),"369 Sembawang Road, Singapore 758382",Singapore,North,1.0,Pizza,103.8261064,1.4267717,6756 7666,Not in Michelin Guide Yet,https://maps.google.com/?cid=16868271062840440325,Not Awarded Any Yet,"Dine-in,Takeaway,Delivery,Credit cards,NFC payments",No Description Available Yet,A,0,3,3.67,average,0.8443,excellent,0.8756,good,0.3459,3.0,3.67,3.0
ChIJVZBieAgT2jERJhQMxs5R3X4,Canadian 2 For 1 Pizza (Woodlands Street 81),"806 Woodlands Street 81, Singapore 738526",Singapore,North,1.0,Takeout,103.7866854,1.4410687,6362 3060,Not in Michelin Guide Yet,https://maps.google.com/?cid=9141552767159768102,Not Awarded Any Yet,"Takeaway,Delivery,Credit cards,NFC payments",No Description Available Yet,A,0,4,3.25,good,0.6596,excellent,0.5701,good,0.855,3.75,4.0,3.5
ChIJQyL36doP2jERuInpA2GaVmc,Canadian 2 For 1 Pizza (Jurong West Street 42),"557 Jurong West Street 42, Singapore 640557",Singapore,West,1.0,Pizza,103.7184603,1.3539175,6264 1241,Not in Michelin Guide Yet,https://maps.google.com/?cid=7446308775371835832,Not Awarded Any Yet,"Takeaway,Delivery,Coffee,Credit cards,NFC payments",No Description Available Yet,A,0,4,4.0,good,0.9049,good,0.9542,good,0.9282,3.25,3.5,3.25
ChIJ4YXYWTwQ2jER722CYans_Ds,Canadian 2 For 1 Pizza (Bukit Batok Street 11),"164 Bukit Batok Street 11, Singapore 650164",Singapore,West,1.0,Takeout,103.7427709,1.3477508,6896 2391,Not in Michelin Guide Yet,https://maps.google.com/?cid=4322589954598399471,Not Awarded Any Yet,"Takeaway,Delivery,Credit cards,NFC payments",No Description Available Yet,A,0,4,5.0,good,0.8301,good,0.7197,good,0.5562,3.75,4.25,4.0
ChIJwykq0J4Q2jERViZ7ENWjZ88,Canadian 2 For 1 Pizza (King Albert Park),"King Albert Park, Singapore 598332",Singapore,Central,1.0,Pizza,103.7796827,1.3370096,6465 3218,Not in Michelin Guide Yet,https://maps.google.com/?cid=14945094023952148054,Not Awarded Any Yet,"Takeaway,Delivery,Coffee,Credit cards,NFC payments,Wheelchair accessible",No Description Available Yet,A,0,5,3.2,good,0.815,terrible,0.4296,poor,0.4198,2.6,2.2,2.0
ChIJNzPuIxsX2jERCubjluZTnUk,Canopy Jurong Lake Gardens,"Chinese Garden Road, Singapore 618662",Singapore,West,2.0,Western,103.7279994,1.338189,6556 1533,Not in Michelin Guide Yet,https://maps.google.com/?cid=5304488185951413770,Not Awarded Any Yet,"Dine-in,Takeaway,Reservations,Outdoor seating,Beer,Wine,Cocktails,Coffee,Credit cards,NFC payments,Wheelchair accessible","Airy, light-filled restaurant with a casual vibe offering hearty global standards & outdoor seating.",A,0,5,4.6,good,0.7407,excellent,0.8049,good,0.8017,4.0,4.4,3.8
ChIJ063tHqcP2jERA7izPRRnlAE,Canteen 9,"Nanyang Avenue, Singapore 639811",Singapore,West,1.0,Chinese,103.6854716,1.3524232,9692 3456,Not in Michelin Guide Yet,https://maps.google.com/?cid=113829227223300099,Not Awarded Any Yet,"Dine-in,Takeaway,Delivery,Coffee,Wheelchair accessible",No Description Available Yet,A,0,3,5.0,good,0.6025,excellent,0.5676,good,0.9656,3.33,4.0,4.0
ChIJwz3yHMEb2jER7qb8paiVoK0,Canton Paradise At Arc,"460 Alexandra Rd, #02 - 30, Singapore 119963",Singapore,Central,2.0,Cantonese,103.8017541,1.2737462,6274 0644,Not in Michelin Guide Yet,https://maps.google.com/?cid=12511164316407080686,Not Awarded Any Yet,"Dine-in,Takeaway,Reservations,Beer,Coffee,Credit cards,NFC payments,Wheelchair accessible",No Description Available Yet,A,0,4,4.0,good,0.8293,excellent,0.9601,good,0.6579,3.25,4.25,4.0
ChIJvaWihQ0W2jERX_gryBqQ6sE,Canton Paradise At Compass One,"Sengkang Bus Interchange, Singapore 545077",Singapore,North-East,2.0,Cantonese,103.8953804,1.3921016,6386 4106,Not in Michelin Guide Yet,https://maps.google.com/?cid=13973139238572259423,Not Awarded Any Yet,"Dine-in,Takeaway,Reservations,Coffee,Credit cards,NFC payments,Wheelchair accessible",No Description Available Yet,A,0,5,2.6,good,0.7192,terrible,0.7181,good,0.6914,3.0,2.6,4.0
ChIJp0JVlEIa2jERVI0789NtGFw,Canton Paradise At The Star Vista,"1 Vista Exchange Green, Singapore 150162",Singapore,Central,2.0,Cantonese,103.7885449,1.3067344,6694 2915,Not in Michelin Guide Yet,https://maps.google.com/?cid=6636174808016719188,Not Awarded Any Yet,"Dine-in,Takeaway,Reservations,Outdoor seating,Coffee,Credit cards,NFC payments,Wheelchair accessible",No Description Available Yet,A,0,5,2.2,poor,0.6614,poor,0.5535,poor,0.766,2.4,2.0,2.8
ChIJqcLk6nEX2jER4_hyw8pOMWE,Cantonese Roasted,"Off upper Thomson Jalan Leban, Singapore 574419",Singapore,North-East,1.0,Chinese,103.8290076,1.3723618,9187 2371,Not in Michelin Guide Yet,https://maps.google.com/?cid=7003465528307284195,Not Awarded Any Yet,"Dine-in,Takeaway,Wheelchair accessible",No Description Available Yet,A,0,4,3.0,poor,0.7624,poor,0.5761,good,0.8599,2.75,2.25,3.25
ChIJF75fVaoe2jERZYVUuHEz-lQ,Capella Singapore,"1 The Knolls, Sentosa Island, 098297",Singapore,Central,3.0,Hotel,103.8241667,1.2497222,6377 8888,Not in Michelin Guide Yet,https://maps.google.com/?cid=6123263206880478565,Not Awarded Any Yet,"Cash only,Wheelchair accessible","Luxe quarters in a high-end hotel with designer furnishing, 4 restaurant/bars, a spa & event space.",B,1,4,4.5,good,0.6626,excellent,0.592,good,0.4832,4.0,4.75,4.0
ChIJs1MGe_cR2jER1Sv0Au-wtmQ,Captain Kim Korean Bbq & Hotpot Buffet,"1 Woodlands Rd, #01-24 Junction 10, Singapore 677899",Singapore,West,2.0,Buffet,103.7605691,1.379842,6235 7995,Not in Michelin Guide Yet,https://maps.google.com/?cid=7257182390147361749,Not Awarded Any Yet,"Dine-in,Takeaway,Delivery,Reservations,Credit cards,NFC payments",No Description Available Yet,B,1,4,4.0,average,0.7562,excellent,0.698,good,0.7776,3.5,4.0,3.75
ChIJ6ZICzEwP2jERlb1OvfWlxrk,Captain's Table,"10 Tuas West Drive, Singapore 638404",Singapore,West,3.0,Chinese,103.6354306,1.3425467,6869 2288,Not in Michelin Guide Yet,https://maps.google.com/?cid=13386569417267002773,Not Awarded Any Yet,"Dine-in,Takeaway,Reservations,Beer,Coffee,Credit cards,NFC payments,Wheelchair accessible",No Description Available Yet,A,0,4,5.0,good,0.8419,good,0.9615,good,0.9904,4.25,4.25,4.0
ChIJW-HHrWwZ2jERC16smRC_0NQ,Carlton City Hotel Singapore,"1 Gopeng St, 1, Singapore 078862",Singapore,Central,3.0,Hotel,103.8436052,1.2759801,6632 8888,Not in Michelin Guide Yet,https://maps.google.com/?cid=15334966809215131147,Not Awarded Any Yet,"Credit cards,Wheelchair accessible","Contemporary rooms & suites in a polished hotel with hip bars & sleek dining, plus an outdoor pool.",A,0,2,5.0,good,0.6185,excellent,0.5999,good,0.6045,3.0,3.0,4.0
ChIJNfw8b6QZ2jER79zNHsXxBUE,Carnivore Brazilian Churrascaria,"30 Robertson Quay, Singapore 238251",Singapore,Central,3.0,Brazilian,103.8413154,1.2910755,6334 9332,Not in Michelin Guide Yet,https://maps.google.com/?cid=4685416816276528367,Not Awarded Any Yet,"Dine-in,Reservations,Outdoor seating,Beer,Wine,Cocktails,Coffee,Credit cards,NFC payments,Wheelchair accessible",No Description Available Yet,A,0,3,3.67,excellent,0.8632,excellent,0.9583,excellent,0.9962,3.67,3.67,3.33
ChIJdbOELZ8Q2jER1jyouKcCxzc,Caruso,"791 Bukit Timah Road, Singapore 269761",Singapore,Central,2.0,Italian,103.7961268,1.3311661,6469 7508,Not in Michelin Guide Yet,https://maps.google.com/?cid=4019184111832284374,Not Awarded Any Yet,"Dine-in,Takeaway,Delivery,Reservations,Outdoor seating,Beer,Wine,Cocktails,Coffee,Credit cards,NFC payments",No Description Available Yet,A,0,5,4.0,good,0.7802,excellent,0.5092,good,0.8152,3.0,4.0,3.6
ChIJ4XDSZEcV2jERn_RuX4ALOrk,Casa Kitchen Thai Food Yishun,"467B Yishun Street 42, Singapore 762467",Singapore,North,2.0,Thai,103.8516876,1.426486,9678 5912,Not in Michelin Guide Yet,https://maps.google.com/?cid=13346993091650712735,Not Awarded Any Yet,Takeaway,No Description Available Yet,B,1,4,4.75,good,0.7578,good,0.7066,good,0.973,4.0,4.0,4.25
ChIJef0GcZUX2jERAArkEu6jCiU,Casuarina Bistro (Best Mexican Restaurant),"132 Casuarina Rd, Sembawang Hills Estate, Singapore 579520",Singapore,North-East,2.0,Mexican,103.8280156,1.3770208,8882 2984,Not in Michelin Guide Yet,https://maps.google.com/?cid=2669125972084918784,Not Awarded Any Yet,"Dine-in,Takeaway,Delivery,Reservations,Outdoor seating,Beer,Wine,Cocktails,Coffee,Credit cards,NFC payments,Wheelchair accessible",No Description Available Yet,A,0,3,4.0,good,0.7638,excellent,0.9,good,0.7507,3.33,3.67,3.0
ChIJ8zToos4W2jERxon2YtEMhAM,Casuarina Curry (Thomson),"136 Casuarina Road, Singapore 579524",Singapore,North-East,1.0,Indian,103.828058,1.377113,6455 9093,Not in Michelin Guide Yet,https://maps.google.com/?cid=253341572487612870,Not Awarded Any Yet,"Dine-in,Takeaway,Delivery,Outdoor seating,Coffee,Credit cards,NFC payments",No Description Available Yet,A,0,3,4.33,average,0.9294,excellent,0.8809,good,0.6659,3.33,5.0,4.0
ChIJWX6hZwAT2jERCJjVk3CHRmU,Cavern Restaurant,"Log Crossing Trek, Singapore 729979",Singapore,North,4.0,Western,103.7810406,1.4088282,9853 7558,Not in Michelin Guide Yet,https://maps.google.com/?cid=7297669163786803208,Not Awarded Any Yet,"Dine-in,Takeaway,Delivery,Reservations,Beer,Wine,Cocktails,Coffee,Credit cards,NFC payments",No Description Available Yet,A,0,3,4.0,good,0.8558,excellent,0.7702,good,0.9395,3.33,3.67,3.33
ChIJoWPmacQR2jERYGSR5ntFyvM,Cck 190 Wanton Mee,"89 Pipit Road, Singapore 370089",Singapore,Central,1.0,Street Food,103.8853874,1.323541,9452 1798,Not in Michelin Guide Yet,https://maps.google.com/?cid=17566929694963623008,Not Awarded Any Yet,"Dine-in,Takeaway,Cash only,Wheelchair accessible",No Description Available Yet,B,1,5,3.8,poor,0.715,excellent,0.2792,good,0.88,2.4,3.2,3.2
ChIJUznDH2IW2jERwPGR2UQb0IY,Cedele (Greenwich V),"Yio Chu Kang Road, Singapore 805960",Singapore,North-East,2.0,Cafe,103.8690187,1.387476,6753 9946,Not in Michelin Guide Yet,https://maps.google.com/?cid=9714294378760106432,Not Awarded Any Yet,"Dine-in,Takeaway,Beer,Wine,Coffee,Credit cards,NFC payments,Wheelchair accessible",No Description Available Yet,A,0,5,3.4,poor,0.6951,poor,0.7961,good,0.5866,2.8,3.0,3.4
ChIJvR-TrsAb2jERSP6UUOLrVyQ,Cedele (Mapletree Business City),"20 Pasir Panjang Rd, #02-12 Mapletree Business City II, Singapore 117439",Singapore,Central,2.0,Bakery,103.8001694,1.2745422,6659 1950,Not in Michelin Guide Yet,https://maps.google.com/?cid=2618821065586310728,Not Awarded Any Yet,"Dine-in,Takeaway,Coffee,Credit cards,NFC payments",No Description Available Yet,B,1,3,2.0,poor,0.9394,poor,0.7761,good,0.9071,2.0,1.67,2.33
ChIJd7L66kIa2jERXBvH7oHTlgQ,Cedele (The Star Vista),"1 Vista Exchange Green, Singapore 150162",Singapore,Central,2.0,Bakery,103.78844,1.306842,6734 0763,Not in Michelin Guide Yet,https://maps.google.com/?cid=330684177668578140,Not Awarded Any Yet,"Dine-in,Takeaway,Coffee,Credit cards,NFC payments",No Description Available Yet,A,0,5,3.6,poor,0.6253,excellent,0.7869,good,0.8392,2.8,3.2,3.0
ChIJpf6Wl2sa2jER6PON2f0Agl8,Cha Cha Cha Mexican Restaurant,"Lorong Mambong, Singapore 277691",Singapore,Central,2.0,Mexican,103.7946859,1.3117599,6462 1650,Not in Michelin Guide Yet,https://maps.google.com/?cid=6882064270852223976,Not Awarded Any Yet,"Dine-in,Takeaway,Delivery,Reservations,Outdoor seating,Beer,Wine,Cocktails,Coffee,Credit cards,NFC payments",No Description Available Yet,A,0,5,4.8,excellent,0.8006,excellent,0.8498,good,0.9045,4.2,4.6,4.2
ChIJ06YV9fAR2jERzP2gQfsXboY,Chai Kee Seafood,485 Segar Rd,Singapore,West,2.0,Seafood,103.7711423,1.388865,9035 1399,Not in Michelin Guide Yet,https://maps.google.com/?cid=9686706216425815500,Not Awarded Any Yet,"Dine-in,Takeaway,Beer,Coffee",No Description Available Yet,A,0,2,3.5,good,0.7051,excellent,0.4181,good,0.7908,3.0,3.5,4.0
ChIJIVhNWDQW2jERJPa4kF5lq1U,Chang Cheng (309 Hougang Avenue 5),"309 Hougang Avenue 5, Singapore 530309",Singapore,North-East,1.0,Chinese,103.89496,1.36622,8181 8966,Not in Michelin Guide Yet,https://maps.google.com/?cid=6173139171070768676,Not Awarded Any Yet,"Dine-in,Takeaway,Wheelchair accessible",No Description Available Yet,B,1,1,5.0,average,0.7644,good,0.3305,good,0.9794,3.0,4.0,4.0
ChIJFdXD92ka2jERMuauyIdYbtI,Chang Cheng (46 Holland Drive),"Buona Vista Terminal, Singapore 270047",Singapore,Central,1.0,Chinese,103.792419,1.3087209,6501 5285,Not in Michelin Guide Yet,https://maps.google.com/?cid=15163154335613773362,Not Awarded Any Yet,"Dine-in,Takeaway,NFC payments",No Description Available Yet,B,1,5,1.8,poor,0.8629,terrible,0.4572,poor,0.7361,1.6,1.4,2.4
ChIJUZsfiO8W2jERvgXTT-Lnqck,Chang Cheng (531 Ang Mo Kio Avenue 10),"Ang Mo Kio Avenue 10, Singapore 560532",Singapore,North-East,1.0,Chinese,103.854322,1.373356,6501 5285,Not in Michelin Guide Yet,https://maps.google.com/?cid=14531400631875470782,Not Awarded Any Yet,"Dine-in,Takeaway",No Description Available Yet,B,1,2,1.0,poor,0.8221,terrible,0.5277,poor,0.8458,2.0,1.0,1.5
ChIJiU-lj2ET2jERQzxM1HsR9FY,Chang Cheng Chinese Mixed Rice,"511 Canberra Road, Singapore 750511",Singapore,North,1.0,Chinese,103.8195883,1.4538337,6501 5285,Not in Michelin Guide Yet,https://maps.google.com/?cid=6265652205119618115,Not Awarded Any Yet,"Dine-in,Takeaway",No Description Available Yet,B,1,4,1.25,poor,0.6726,terrible,0.1757,poor,0.5351,2.0,2.0,2.25
ChIJPV7d62UT2jERsmG5ANFP678,Chang Cheng Hq,"66 Woodlands Terrace, Singapore 738459",Singapore,North,1.0,Corporate Office,103.810849,1.452496,6501 5285,Not in Michelin Guide Yet,https://maps.google.com/?cid=13829234839850148274,Not Awarded Any Yet,"Dine-in,Takeaway,Live music,Beer,Wheelchair accessible",No Description Available Yet,A,0,2,3.5,good,0.4529,good,0.4154,good,0.3621,4.0,4.0,4.0
ChIJ2-fuRZ8R2jERC2haVl5iOFA,Chang Cheng Mix Vege Rice,"445 Fajar Road, Singapore 670445",Singapore,West,1.0,Street Food,103.7708724,1.3836256,No Phone Number Listed,Not in Michelin Guide Yet,https://maps.google.com/?cid=5780478279045244939,Not Awarded Any Yet,"Dine-in,Takeaway,Wheelchair accessible",No Description Available Yet,A,0,2,3.0,good,0.8152,excellent,0.8986,good,0.983,3.0,3.5,3.0
ChIJ-7DPKAAR2jERPzP9AxZjpq8,Chang Cheng Mixed Rice,"475 Choa Chu Kang Avenue 3, Singapore 680475",Singapore,West,1.0,Chinese,103.7394903,1.3774143,No Phone Number Listed,Not in Michelin Guide Yet,https://maps.google.com/?cid=12656912748978713407,Not Awarded Any Yet,"Dine-in,Takeaway",No Description Available Yet,A,0,5,1.0,poor,0.8591,terrible,0.5356,good,0.64,2.0,1.4,2.4
ChIJ1TIAJCMa2jERxEA9Zo_-TMs,Chang Korean Charcoal Bbq Restaurant,"71 Loewen Rd, #01-01, Singapore 248847",Singapore,Central,3.0,Korean Barbecue,103.8116485,1.3019405,6473 9005,Not in Michelin Guide Yet,https://maps.google.com/?cid=14649363579778449604,Not Awarded Any Yet,"Dine-in,Takeaway,Reservations,Outdoor seating,Beer,Wine,Coffee,Credit cards,NFC payments,Wheelchair accessible",No Description Available Yet,A,0,4,4.75,good,0.862,excellent,0.9832,good,0.9729,4.0,5.0,4.0
ChIJP9qVv9EW2jER0RrKHFBUf0Y,Changi Village Fried Hokkien Mee,"Off upper Thomson Jalan Leban, Singapore 574419",Singapore,North-East,1.0,Street Food,103.8289832,1.3722586,No Phone Number Listed,Not in Michelin Guide Yet,https://maps.google.com/?cid=5079871607754332881,Not Awarded Any Yet,"Dine-in,Takeaway,Wheelchair accessible",No Description Available Yet,B,1,4,4.5,good,0.5834,excellent,0.465,good,0.6948,3.75,4.5,4.0
ChIJ4X60UycY2jER9dhoONLDKlg,Chaoyang Prawn Noodle,"75 Lorong 5 Toa Payoh, Singapore 310075",Singapore,Central,1.0,Street Food,103.8530114,1.3359699,No Phone Number Listed,Not in Michelin Guide Yet,https://maps.google.com/?cid=6353105532016449781,Not Awarded Any Yet,"Dine-in,Takeaway,Wheelchair accessible",No Description Available Yet,B,1,5,5.0,good,0.3821,excellent,0.5885,good,0.9439,3.8,5.0,4.0
ChIJ8YGEhz4Y2jERU4tPooIz2fE,Char,"Race Course Road, Singapore 217701",Singapore,Central,2.0,Chinese,103.8582543,1.3161167,9446 8227,Not in Michelin Guide Yet,https://maps.google.com/?cid=17427016869248731987,Not Awarded Any Yet,"Dine-in,Takeaway,Delivery,Beer,Wine,Credit cards,NFC payments",No Description Available Yet,B,1,5,3.8,good,0.7293,excellent,0.6574,good,0.9146,3.4,4.2,3.6
ChIJxWk9lkEU2jERrkRaYXVZABQ,Char Grill Bar,"417 Yishun Avenue 11, Singapore 760417",Singapore,North,1.0,Western,103.8469845,1.4238192,No Phone Number Listed,Not in Michelin Guide Yet,https://maps.google.com/?cid=1441250241437910190,Not Awarded Any Yet,"Dine-in,Takeaway,Coffee,Wheelchair accessible",No Description Available Yet,A,0,5,1.2,poor,0.8398,poor,0.6657,poor,0.9055,2.0,2.0,1.8
ChIJ70ehNxAT2jERiQ9VEL8APQo,Char Siu Lang Woodlands Ave 3,"326 Woodlands Street 32, Singapore 730326",Singapore,North,1.0,Street Food,103.779387,1.430393,9677 5212,Not in Michelin Guide Yet,https://maps.google.com/?cid=737746734571392905,Not Awarded Any Yet,"Dine-in,Takeaway,Coffee,Wheelchair accessible",No Description Available Yet,A,0,4,3.0,good,0.5179,excellent,0.5004,good,0.7214,3.5,4.0,4.25
ChIJT70oIqcR2jERUDAliQR3xes,Char-Grill Bar (259 Bukit Panjang),"Bangkit Road, Singapore 670260",Singapore,West,1.0,Western,103.7732524,1.3771497,No Phone Number Listed,Not in Michelin Guide Yet,https://maps.google.com/?cid=16989116030689554512,Not Awarded Any Yet,"Dine-in,Takeaway,Delivery,NFC payments,Wheelchair accessible",No Description Available Yet,A,0,4,3.0,good,0.7251,good,0.4142,good,0.5845,3.0,2.75,3.0
ChIJz9OGPCcR2jERsSyVlzkfP8U,Chee Cheong Fun,"214 Choa Chu Kang Avenue 1, Singapore 689473",Singapore,West,1.0,Street Food,103.7438871,1.3766679,No Phone Number Listed,Not in Michelin Guide Yet,https://maps.google.com/?cid=14213113281221307569,Not Awarded Any Yet,"Dine-in,Takeaway,Delivery,Beer,Coffee,Cash only,Wheelchair accessible",No Description Available Yet,A,0,3,4.67,good,0.7142,excellent,0.581,good,0.9803,3.67,3.67,4.0
ChIJKfvrRD8R2jERxh4UrLh0-cM,Chef Chicken Rice,"547 Segar Road, Singapore 677722",Singapore,West,1.0,Halal,103.7696122,1.3881725,No Phone Number Listed,Not in Michelin Guide Yet,https://maps.google.com/?cid=14121446443106705094,Not Awarded Any Yet,"Dine-in,Takeaway",No Description Available Yet,A,0,4,2.25,good,0.549,good,0.5551,good,0.7478,3.0,2.5,2.75
ChIJ3ZoVJgAX2jERtDZx-LikS8s,Chef Wen,"1 Lentor Central, Singapore 788887",Singapore,North,1.0,Chinese,103.8344078,1.3859647,No Phone Number Listed,Not in Michelin Guide Yet,https://maps.google.com/?cid=14648983327301777076,Not Awarded Any Yet,Takeaway,No Description Available Yet,A,0,2,5.0,good,0.6353,excellent,0.7344,good,0.995,4.0,5.0,4.0
ChIJx0dyGUEW2jER1rjfjccO87Q,Chef's Hats,"Hougang Street 51, Singapore 538719",Singapore,North-East,2.0,Western,103.8881547,1.3796922,9479 9101,Not in Michelin Guide Yet,https://maps.google.com/?cid=13038781596409247958,Not Awarded Any Yet,"Dine-in,Takeaway,Delivery,Reservations,Beer,Wine,Coffee,NFC payments,Wheelchair accessible",No Description Available Yet,A,0,4,4.75,good,0.8531,excellent,0.7102,good,0.9931,3.75,4.75,4.0
ChIJA7M-JrIf2jERezJ4jToOhOw,Chef's Table,"1 The Knolls, 098297",Singapore,Central,4.0,Fine Dining,103.8241606,1.2497799,6591 5089,Not in Michelin Guide Yet,https://maps.google.com/?cid=17042762534521156219,Not Awarded Any Yet,"Dine-in,Reservations,Beer,Wine,Cocktails,Coffee,Credit cards,NFC payments,Wheelchair accessible",No Description Available Yet,A,0,3,4.33,average,0.6146,average,0.6437,excellent,0.7629,3.0,4.0,3.67
ChIJL7uhv9MZ2jERPfBpkCsG6gk,Cheng Hoo Thian Teochew Restaurant Osl,"Whampoa West, Singapore 339943",Singapore,Central,2.0,Chinese,103.8638382,1.3204271,8228 8399,Not in Michelin Guide Yet,https://maps.google.com/?cid=714390275067867197,Not Awarded Any Yet,"Dine-in,Takeaway,Reservations,Beer,Wine,Credit cards,NFC payments,Wheelchair accessible",No Description Available Yet,A,0,4,4.0,good,0.6109,good,0.5448,good,0.7527,3.25,3.5,3.5
ChIJn1vJTooX2jERHhxmKzkeAXk,Cheng Mun Kee Pig's Organ Soup,"79A Circuit Road, Singapore 371079",Singapore,Central,1.0,Street Food,103.884935,1.3251754,No Phone Number Listed,Not in Michelin Guide Yet,https://maps.google.com/?cid=8719283584456072222,Not Awarded Any Yet,"Dine-in,Takeaway,Outdoor seating,Cash only,Wheelchair accessible",No Description Available Yet,A,0,2,1.5,good,0.6708,excellent,0.691,good,0.7474,3.0,3.5,3.0
ChIJc0Fxb-UW2jERUtUJQipPfns,Cheng San Market & Cooked Food Centre,"527 Ang Mo Kio Avenue 10, Singapore 560527",Singapore,North-East,1.0,Street Food,103.8544582,1.3728057,6225 5632,Not in Michelin Guide Yet,https://maps.google.com/?cid=8898636956645840210,Not Awarded Any Yet,"Dine-in,Takeaway,Beer,Coffee,NFC payments,Wheelchair accessible",Straightforward hawker's centre offering indoor & open-air dining in a lively environment.,A,0,1,5.0,good,0.992,excellent,0.9743,good,0.9875,4.0,5.0,4.0
ChIJde_Sl0kS2jERbyHYOmhy2u0,Cheval Cafe Bar Bistro,"Woodlands Avenue 3, Singapore 738799",Singapore,North,2.0,Bistro,103.7674324,1.4281829,6269 0918,Not in Michelin Guide Yet,https://maps.google.com/?cid=17139137123901251951,Not Awarded Any Yet,"Dine-in,Takeaway,Delivery,Reservations,Outdoor seating,Live music,Beer,Wine,Cocktails,Coffee,Credit cards,NFC payments,Wheelchair accessible",No Description Available Yet,A,0,3,4.33,good,0.8944,good,0.8575,good,0.9337,4.0,4.33,4.0
ChIJcUrT3n8V2jERjapc_nojyLM,Chi Liu Xiang Klang Claypot Herbal Bak Kut Teh,"115 Canberra Walk, Singapore 750115",Singapore,North,1.0,Street Food,103.8286826,1.4460972,No Phone Number Listed,Not in Michelin Guide Yet,https://maps.google.com/?cid=12954643339291699853,Not Awarded Any Yet,"Dine-in,Takeaway,Coffee,Wheelchair accessible",No Description Available Yet,A,0,3,2.33,good,0.7511,excellent,0.6072,good,0.8377,3.33,3.33,3.0
ChIJS0gScwAR2jERksk6kcfSRgU,Chi You Lai,"624 Choa Chu Kang Street 62, Singapore 680624",Singapore,West,1.0,Chinese,103.7467929,1.3980375,No Phone Number Listed,Not in Michelin Guide Yet,https://maps.google.com/?cid=380222973136259474,Not Awarded Any Yet,"Dine-in,Takeaway,Wheelchair accessible",No Description Available Yet,B,1,3,3.0,good,0.9328,excellent,0.8391,good,0.9733,3.33,3.67,3.33
ChIJxYUPpX8b2jERWmWnot63OmE,Chiacai - Icon (Pasir Panjang),"218 Pasir Panjang Rd, #01-11 Icon@Pasir Panjang, Singapore 118579",Singapore,Central,1.0,Açaí shop,103.7857002,1.279546,8928 2472,Not in Michelin Guide Yet,https://maps.google.com/?cid=7006114337167730010,Not Awarded Any Yet,"Dine-in,Takeaway,Delivery,Credit cards,NFC payments,Wheelchair accessible",No Description Available Yet,A,0,4,5.0,good,0.8895,excellent,0.9922,good,0.9893,4.0,4.75,4.0
ChIJwTWiAIEU2jER0uJdh3RmsMc,Chic-A-Boo (Sembawang Shopping Centre),"604 Sembawang Road, Singapore 758459",Singapore,North,2.0,Chicken,103.8244563,1.4418526,6570 8766,Not in Michelin Guide Yet,https://maps.google.com/?cid=14389113460122051282,Not Awarded Any Yet,"Dine-in,Takeaway,Delivery,Coffee,Credit cards,NFC payments,Wheelchair accessible",No Description Available Yet,A,0,5,3.4,average,0.7803,excellent,0.4504,good,0.9114,3.2,3.4,3.0
ChIJ77kjcAAT2jERSJsRUsoxfb0,Chicken & Duck Talk,"568A Champions Way, Singapore 731568",Singapore,North,1.0,Street Food,103.7901274,1.4272683,No Phone Number Listed,Not in Michelin Guide Yet,https://maps.google.com/?cid=13654124390287252296,Not Awarded Any Yet,Takeaway,No Description Available Yet,A,0,3,2.33,average,0.6983,excellent,0.5096,good,0.6591,3.0,3.33,4.0
ChIJd9JNnzoX2jERZw4gtqH91Eg,Chicken House,"Lorong Mega, Singapore 574376",Singapore,North-East,1.0,Singaporean,103.833555,1.3533869,6456 0698,Not in Michelin Guide Yet,https://maps.google.com/?cid=5248098336780586599,Not Awarded Any Yet,"Dine-in,Takeaway,Outdoor seating,Coffee,Cash only",No Description Available Yet,B,1,4,5.0,good,0.5572,excellent,0.477,good,0.9406,3.75,4.75,4.0
ChIJWbKqrekV2jERTCKsZNoVs5k,Chicken Rice (Canberra),"120 Canberra Crescent, Singapore 750120",Singapore,North,1.0,Chicken,103.8311748,1.4452909,No Phone Number Listed,Not in Michelin Guide Yet,https://maps.google.com/?cid=11075219936370238028,Not Awarded Any Yet,"Dine-in,Takeaway",No Description Available Yet,A,0,3,5.0,good,0.7998,good,0.7992,good,0.8347,4.0,4.33,4.0
ChIJZdFGZxgY2jERUcLn_QF2BV4,Chicken Run,"60 Paya Lebar Road, Singapore 409051",Singapore,Central,2.0,Singaporean,103.8928958,1.318956,6702 1373,Not in Michelin Guide Yet,https://maps.google.com/?cid=6774950965375648337,Not Awarded Any Yet,"Dine-in,Takeaway,Delivery,Reservations,Outdoor seating,Beer,Credit cards,NFC payments,Wheelchair accessible",No Description Available Yet,A,0,2,3.0,excellent,0.9071,good,0.9799,good,0.8968,3.5,3.0,3.0
ChIJ____L1Ua2jERJPYskmd9fe4,Chilli Padi Tok Panjang,"29 Heng Mui Keng Terrace, 06-21 ground floor, 119620",Singapore,Central,2.0,Singaporean,103.7776756,1.2917994,6872 2982,Not in Michelin Guide Yet,https://maps.google.com/?cid=17185029636903204388,Not Awarded Any Yet,"Dine-in,Reservations,Beer,Coffee,Credit cards,NFC payments,Wheelchair accessible",No Description Available Yet,A,0,3,3.0,good,0.6795,excellent,0.4637,good,0.7566,3.33,3.67,4.0
ChIJxescUYEa2jERQAF3aQjd56U,Chin Huat Live Seafood,"Clementi Street 12, Singapore 120105",Singapore,Central,2.0,Seafood,103.7695981,1.3222771,6775 7348,Not in Michelin Guide Yet,https://maps.google.com/?cid=11954766764077154624,Not Awarded Any Yet,"Dine-in,Takeaway,Delivery,Reservations,Outdoor seating,Beer,Wine,Coffee,Credit cards,NFC payments,Wheelchair accessible",No Description Available Yet,A,0,4,5.0,good,0.7868,excellent,0.8341,good,0.9151,3.75,4.75,3.75
ChIJ4efj-90R2jER9tqj_FueZzg,China Whampoa Homemade Noodles,"2 Senja Cl, #02-05, Singapore 677632",Singapore,West,1.0,Chinese Noodle,103.7610251,1.3873242,No Phone Number Listed,Not in Michelin Guide Yet,https://maps.google.com/?cid=4064391306642971382,Not Awarded Any Yet,"Dine-in,Takeaway,Delivery",No Description Available Yet,A,0,5,3.0,poor,0.6969,poor,0.4827,good,0.7113,2.8,3.0,3.6
ChIJAenlH3MZ2jERqjoWXlxEH6w,Chinatown Complex,"335 Smith St, Singapore 050335",Singapore,Central,2.0,Street Food,103.8433447,1.2819187,No Phone Number Listed,Not in Michelin Guide Yet,https://maps.google.com/?cid=12402707062307830442,Not Awarded Any Yet,"Dine-in,Takeaway,Beer,Coffee,Credit cards,NFC payments,Wheelchair accessible","Straightforward marketplace offering a range of retailers, plus a food court with various vendors.",A,0,3,4.33,good,0.847,excellent,0.8043,good,0.9922,4.33,5.0,4.0
ChIJSSXtenUT2jERuh7YcNbZkuc,Chinese Cuisine Sichuan,"676 Woodlands Drive 71, Singapore 730676",Singapore,North,1.0,Chinese,103.8007432,1.4398898,No Phone Number Listed,Not in Michelin Guide Yet,https://maps.google.com/?cid=16686639084400549562,Not Awarded Any Yet,"Dine-in,Takeaway",No Description Available Yet,A,0,5,1.2,poor,0.7859,terrible,0.6146,poor,0.6897,2.4,1.8,2.2
ChIJk2FgfZkR2jER1Gq5ivXgOfA,Chirashizushi Shou (Jalan Anak Bukit),"1 Jalan Anak Bukit, Singapore 588996",Singapore,Central,2.0,Japanese,103.7786928,1.3388114,8810 4190,Not in Michelin Guide Yet,https://maps.google.com/?cid=17310113987974228692,Not Awarded Any Yet,"Dine-in,Takeaway,Delivery,Beer,Credit cards,NFC payments,Wheelchair accessible",No Description Available Yet,B,1,4,3.0,good,0.9419,good,0.8853,good,0.99,3.5,3.75,3.5
ChIJ-fqvfwAX2jERGKduetMVzC0,Chirashizushi Shou (Upper Thomson),"Upper Thomson Road, Singapore 576583",Singapore,North-East,2.0,Japanese,103.8308906,1.3548586,8842 0975,Not in Michelin Guide Yet,https://maps.google.com/?cid=3300036624992085784,Not Awarded Any Yet,"Dine-in,Takeaway,Delivery,Beer,Cocktails,Credit cards,NFC payments",No Description Available Yet,B,1,3,5.0,good,0.916,excellent,0.5015,good,0.9679,4.33,4.67,3.67
ChIJu0Kj3f8W2jERpHVeB5eORMM,Chomp Chomp Food Centre,"20 Kensington Park Road, Singapore 557269",Singapore,North-East,2.0,Street Food,103.8664113,1.3642304,No Phone Number Listed,Not in Michelin Guide Yet,https://maps.google.com/?cid=14070527915127109028,Not Awarded Any Yet,"Dine-in,Takeaway,Outdoor seating,Coffee,NFC payments",Bustling hangout showcasing multiple food stalls & restaurants with a variety of street eats.,A,0,3,4.67,average,0.8527,excellent,0.5775,good,0.8705,4.0,4.67,4.0
ChIJW7MgQqMT2jERjUW95KL4b_Y,Chong Ling Chinese Mixed Rice,"Woodlands Avenue 4, Singapore 730530",Singapore,North,1.0,Chinese,103.79373,1.43111,No Phone Number Listed,Not in Michelin Guide Yet,https://maps.google.com/?cid=17757685234251154829,Not Awarded Any Yet,"Dine-in,Takeaway",No Description Available Yet,A,0,5,2.6,good,0.7633,excellent,0.4757,good,0.7514,3.0,4.0,3.8
ChIJjXeDH3oU2jERBV22OV1TW9A,Chong Pang City (Shopping Belt),"101 Yishun Avenue 5, Singapore 760101",Singapore,North,1.0,Shopping Mall,103.8272411,1.4305711,6250 6391,Not in Michelin Guide Yet,https://maps.google.com/?cid=15013685442634996997,Not Awarded Any Yet,"Credit cards,NFC payments,Wheelchair accessible",No Description Available Yet,B,1,1,5.0,excellent,0.1827,excellent,0.7461,good,0.9981,5.0,5.0,4.0
ChIJk_idN3oU2jEReqhHxnv3lgI,Chong Pang Market & Food Centre,"Sembawang Road, Singapore 760101",Singapore,North,1.0,Street Food,103.8281085,1.4316916,No Phone Number Listed,Not in Michelin Guide Yet,https://maps.google.com/?cid=186608545562077306,Not Awarded Any Yet,"Dine-in,Takeaway,Outdoor seating,Beer,Coffee,Wheelchair accessible","Vibrant market for produce, meat & fish, plus a hawker centre with tens of street-food stalls.",A,0,1,4.0,good,0.6108,good,0.2081,good,0.9765,4.0,4.0,4.0
ChIJjZkEenkU2jERDrlpcJ5BrXE,Chong Pang Nasi Lemak,"447 Sembawang Rd, Singapore 758404",Singapore,North,1.0,Street Food,103.8265569,1.4286335,9655 1868,Not in Michelin Guide Yet,https://maps.google.com/?cid=8191275446003415310,Not Awarded Any Yet,"Dine-in,Takeaway,Outdoor seating,Coffee,Cash only",No Description Available Yet,B,1,4,3.0,good,0.6472,excellent,0.7091,good,0.8834,2.75,3.0,2.5
ChIJkydaJWgR2jERQTI1KKGUiOE,Chong Qing Grilled Fish (Bukit Timah),"Hillview Avenue, Singapore 667981",Singapore,West,1.0,Chinese,103.7643621,1.3632656,9147 9831,Not in Michelin Guide Yet,https://maps.google.com/?cid=16251402675251655233,Not Awarded Any Yet,"Dine-in,Takeaway,Delivery,Reservations,Beer,Cocktails,Coffee,Credit cards,NFC payments,Wheelchair accessible",No Description Available Yet,B,1,4,2.75,good,0.6846,good,0.6855,good,0.4754,3.5,3.75,3.5
ChIJ1WNNYvwV2jERbNMACA6wgt4,Chop Steak Western Cuisine (Yishun),"780 Yishun Ring Rd, Singapore 760780",Singapore,North,1.0,Western,103.8327773,1.422176,8026 0211,Not in Michelin Guide Yet,https://maps.google.com/?cid=16033571197702689644,Not Awarded Any Yet,"Dine-in,Takeaway,Delivery,Coffee",No Description Available Yet,A,0,4,3.75,good,0.9653,good,0.7414,good,0.9937,3.5,3.5,3.25
ChIJW0YtrgEP2jERiI8CAK0oxkw,Chop Steak Western Cuisine (Jurong West Avenue 1),"429 Jurong West Avenue 1, Singapore 640429",Singapore,West,1.0,Western,103.7247167,1.3519524,9774 4885,Not in Michelin Guide Yet,https://maps.google.com/?cid=5532153915765854088,Not Awarded Any Yet,"Dine-in,Takeaway,Coffee,NFC payments",No Description Available Yet,A,0,4,2.5,average,0.4854,poor,0.4638,good,0.7345,3.5,3.25,3.5
ChIJcU7yu7kT2jERCRCD2UTjuSw,Chops & Sear,"Woodlands Avenue 1, Singapore 732570",Singapore,North,1.0,Western,103.7909898,1.4306145,8751 9760,Not in Michelin Guide Yet,https://maps.google.com/?cid=3222856893206827017,Not Awarded Any Yet,"Dine-in,Takeaway,Delivery,Coffee,Wheelchair accessible",No Description Available Yet,B,1,5,2.4,good,0.7558,excellent,0.6077,good,0.939,3.0,3.4,3.0
ChIJ430GqiQa2jER10sgjEUjz0o,Chopsuey Cafe Dempsey Hill,"10 Dempsey Road, Singapore 247700",Singapore,Central,3.0,Fusion,103.8104332,1.3030238,6708 9288,Not in Michelin Guide Yet,https://maps.google.com/?cid=5390566060596415447,Not Awarded Any Yet,"Dine-in,Takeaway,Reservations,Outdoor seating,Beer,Wine,Cocktails,Coffee,Credit cards,NFC payments,Wheelchair accessible",No Description Available Yet,A,0,3,4.67,good,0.7268,good,0.9588,good,0.5338,3.67,4.33,4.0
ChIJxcMzb-YR2jERjaxYTPQZSSo,Chuan Wei Mala Hot Pot,"Choa Chu Kang North 7, Singapore 681678",Singapore,West,1.0,Chinese,103.7447541,1.4016795,No Phone Number Listed,Not in Michelin Guide Yet,https://maps.google.com/?cid=3046995159936445581,Not Awarded Any Yet,"Dine-in,Takeaway,Delivery,NFC payments",No Description Available Yet,B,1,3,1.0,good,0.6597,good,0.3602,good,0.4166,3.0,3.0,3.0
ChIJuzQXPDQY2jERqZoI9S6NhSs,Chuan Yang Ji Kallang Outlet,"4 Lorong 1 Geylang, Singapore 389120",Singapore,Central,2.0,Chinese,103.8725991,1.3108834,6333 5736,Not in Michelin Guide Yet,https://maps.google.com/?cid=3136067948352412329,Not Awarded Any Yet,"Dine-in,Takeaway,Reservations,Beer,Wine,Credit cards,NFC payments",No Description Available Yet,B,1,5,4.6,good,0.588,good,0.5786,good,0.6266,4.0,4.2,4.0
ChIJ5193MtIZ2jERqb0R6eLIdSE,Chung Ping Chicken Rice,"Bendemeer Road, Singapore 330028",Singapore,Central,1.0,Street Food,103.8630281,1.3191967,No Phone Number Listed,Not in Michelin Guide Yet,https://maps.google.com/?cid=2411054052425186729,Not Awarded Any Yet,"Dine-in,Takeaway,Cash only,Wheelchair accessible",No Description Available Yet,A,0,4,3.25,good,0.8289,good,0.421,good,0.8215,3.0,2.75,3.25
ChIJkxGcsgER2jERIjns5Njp4cA,Chye Lye Ah Ma Mee Sua (Bukit Panjang),"258 Bukit Panjang Ring Road, Singapore 679947",Singapore,West,1.0,Street Food,103.7723913,1.3779955,No Phone Number Listed,Not in Michelin Guide Yet,https://maps.google.com/?cid=13898647042804955426,Not Awarded Any Yet,"Dine-in,Takeaway,Wine,Wheelchair accessible",No Description Available Yet,B,1,5,4.2,good,0.7422,good,0.3106,good,0.985,3.8,4.0,4.0
ChIJl6L5pjAY2jERZjKZ-adSVhw,ChO ếCh Singapore,"Lorong 17 Geylang, Singapore 389350",Singapore,Central,2.0,Singaporean,103.8789352,1.3126801,No Phone Number Listed,Not in Michelin Guide Yet,https://maps.google.com/?cid=2041910362459681382,Not Awarded Any Yet,"Dine-in,Takeaway,Outdoor seating,Beer",No Description Available Yet,A,0,2,4.5,average,0.526,good,0.4786,good,0.782,3.5,4.0,4.0
ChIJ90qxBYQZ2jERVKkB6bC9Az4,Cibo Italiano,"2 Shanghai Road, Singapore 248209",Singapore,Central,2.0,Italian,103.8278439,1.2945837,9234 5310,Not in Michelin Guide Yet,https://maps.google.com/?cid=4468623822802757972,Not Awarded Any Yet,"Dine-in,Takeaway,Delivery,Reservations,Outdoor seating,Beer,Wine,Cocktails,Coffee,Credit cards,NFC payments",No Description Available Yet,A,0,5,4.4,average,0.8265,excellent,0.7157,good,0.9964,3.2,3.8,3.6
ChIJgY7q1pUV2jER-r4FSd0vVqs,Cinder Steakhouse At Wheeler's Estate,"2 Park Lane, Singapore 798386",Singapore,North-East,4.0,Steak House,103.8679082,1.4094042,8940 0885,Not in Michelin Guide Yet,https://maps.google.com/?cid=12346108055942184698,Not Awarded Any Yet,"Dine-in,Reservations,Outdoor seating,Live music,Beer,Wine,Cocktails,Coffee,Credit cards,NFC payments",No Description Available Yet,A,0,5,4.8,good,0.7013,excellent,0.9441,good,0.9427,4.0,4.6,4.0
ChIJF9ggEgAX2jERy_mRj6NxChA,Cinta Hainanese Chicken Rice,"1 Hougang Street 91, Singapore 538692",Singapore,North-East,1.0,Street Food,103.8793834,1.3759961,No Phone Number Listed,Not in Michelin Guide Yet,https://maps.google.com/?cid=1155861201676270027,Not Awarded Any Yet,Takeaway,No Description Available Yet,A,0,1,5.0,average,0.9533,excellent,0.2056,good,0.9976,3.0,5.0,4.0
ChIJPwgiTwAX2jERte8ektlZGPs,Citarasa Nasi Padang,"455 Sengkang West Avenue, Singapore 790455",Singapore,North-East,1.0,Indonesian,103.8709953,1.3913908,No Phone Number Listed,Not in Michelin Guide Yet,https://maps.google.com/?cid=18093310293955243957,Not Awarded Any Yet,,No Description Available Yet,B,1,5,2.0,poor,0.8425,terrible,0.3486,good,0.6306,2.4,1.8,3.2
ChIJ7xlFdKwT2jERXrseJIzS6tI,Citrus By The Pool,"3 Woodlands Street 13, Woodlands Swimming Complex, Singapore 738600",Singapore,North,2.0,Western,103.7794848,1.4344838,8969 6567,Not in Michelin Guide Yet,https://maps.google.com/?cid=15198191391858408286,Not Awarded Any Yet,"Dine-in,Takeaway,Delivery,Reservations,Coffee,NFC payments,Wheelchair accessible",Casual restaurant with a trendy vibe offering an eclectic menu of international comfort food.,A,0,4,5.0,excellent,0.8126,excellent,0.6546,good,0.9978,4.5,5.0,4.0
ChIJ____L40R2jERhlVoh5JT8is,Club July (Stagmont Ring),"Woodlands Road, Singapore 689574",Singapore,West,2.0,Singaporean,103.7535229,1.3945269,6363 3381,Not in Michelin Guide Yet,https://maps.google.com/?cid=3166685376796972422,Not Awarded Any Yet,"Dine-in,Reservations,Wine,Cocktails,NFC payments,Wheelchair accessible",No Description Available Yet,A,0,4,2.25,poor,0.6667,excellent,0.6876,terrible,0.423,2.75,3.0,2.0
ChIJ9dcmXNMd2jERX0wRDfTR49Q,Co+Nut+Ink,"40 Siloso Bch Walk, 098996",Singapore,Central,1.0,Ice Cream Shop,103.8112563,1.2572572,No Phone Number Listed,Not in Michelin Guide Yet,https://maps.google.com/?cid=15340335601875504223,Not Awarded Any Yet,"Takeaway,Cash only",No Description Available Yet,B,1,5,4.2,good,0.6573,excellent,0.2211,good,0.8745,3.0,3.8,3.8
ChIJ4fVxTf8b2jERtNRUV2Ng-0Q,"Coastes (Beach Bar & Restaurant | Siloso Beach, Sentosa)","50 Siloso Bch Walk, #01-06, 099000",Singapore,Central,2.0,Western,103.8161708,1.2524212,No Phone Number Listed,Not in Michelin Guide Yet,https://maps.google.com/?cid=4970672593516680372,Not Awarded Any Yet,"Dine-in,Takeaway,Reservations,Outdoor seating,Beer,Wine,Cocktails,Coffee,NFC payments,Wheelchair accessible",No Description Available Yet,A,0,4,3.75,good,0.7654,good,0.7215,good,0.8975,4.0,4.25,4.0
ChIJpTN9MmUU2jERH5jv3qHBbJU,Coba Coba Yishun (Nasi Ambeng),"156 Yishun Street 11, #01-106, Singapore 760156",Singapore,North,2.0,Halal,103.8335165,1.4314024,6382 2622,Not in Michelin Guide Yet,https://maps.google.com/?cid=10767193710110152735,Not Awarded Any Yet,"Dine-in,Takeaway,Delivery,Outdoor seating,Coffee,Cash only",No Description Available Yet,A,0,4,3.5,good,0.7859,excellent,0.6207,good,0.7908,3.75,3.75,3.75
ChIJp0JVlEIa2jERk_whl5aLvzk,Coco Ichibanya,"1 Vista Exchange Green, Singapore 150162",Singapore,Central,2.0,Japanese Curry,103.78844,1.306842,6570 2457,Not in Michelin Guide Yet,https://maps.google.com/?cid=4161198059610569875,Not Awarded Any Yet,"Dine-in,Takeaway,Delivery,Beer,Coffee,Credit cards,NFC payments,Wheelchair accessible",No Description Available Yet,A,0,2,5.0,excellent,0.7175,excellent,0.7387,good,0.6367,4.5,4.5,4.0
ChIJOzWwCtcb2jERafl3uCK23vY,Coffee Bandits Hq,"213 Henderson Rd, #01-05, Singapore 159553",Singapore,Central,2.0,Halal,103.818785,1.281115,9800 8298,Not in Michelin Guide Yet,https://maps.google.com/?cid=17788855838400051561,Not Awarded Any Yet,"Delivery,Reservations,Coffee,Credit cards,NFC payments,Wheelchair accessible",No Description Available Yet,A,0,4,4.5,good,0.7595,good,0.8584,good,0.9909,4.25,4.25,4.25
ChIJv-s_XecZ2jERh1YGRouQrv0,Coffee Hive (Square 2) | Wide Range Of Local Delights | Traditional Local Coffee | No Pork No Lard,"Sinaran Drive, Singapore 307470",Singapore,Central,2.0,Cafe,103.8442334,1.3206317,6397 2654,Not in Michelin Guide Yet,https://maps.google.com/?cid=18279706865393096327,Not Awarded Any Yet,"Dine-in,Takeaway,Coffee,Credit cards,NFC payments,Wheelchair accessible",No Description Available Yet,A,0,5,2.0,poor,0.9145,poor,0.8359,poor,0.7496,2.4,2.4,2.0
ChIJy7NVFfUX2jER-95sFqQL9MM,Cold Flings,"21 Fernvale Road, Singapore 790464",Singapore,North-East,1.0,Ice Cream Shop,103.8754109,1.396454,8843 0399,Not in Michelin Guide Yet,https://maps.google.com/?cid=14119923531092123387,Not Awarded Any Yet,"Dine-in,Takeaway,Delivery,Coffee,NFC payments,Wheelchair accessible",No Description Available Yet,A,0,4,4.0,good,0.7645,good,0.661,good,0.6966,3.75,3.75,4.0
ChIJb43jCZ4T2jERiFI1He2DQLI,Collin's Mandai Wildlife West,"Mandai Lake Road, Singapore 729979",Singapore,North,2.0,Western,103.7801995,1.4087805,6320 0331,Not in Michelin Guide Yet,https://maps.google.com/?cid=12844411191681176200,Not Awarded Any Yet,"Dine-in,Takeaway,Delivery,Reservations,Outdoor seating,Beer,Wine,Cocktails,Coffee,Credit cards,NFC payments,Wheelchair accessible",No Description Available Yet,A,0,4,3.75,good,0.7978,good,0.8977,good,0.9582,3.5,3.5,3.5
ChIJIbbge28U2jERP-lBd9MT8oM,Collin's Northpoint City,"Yishun Avenue 2, Singapore 769093",Singapore,North,2.0,Western,103.8360868,1.4290563,6481 9036,Not in Michelin Guide Yet,https://maps.google.com/?cid=9507683562292373823,Not Awarded Any Yet,"Dine-in,Takeaway,Delivery,Reservations,Beer,Wine,Coffee,Credit cards,NFC payments,Wheelchair accessible",No Description Available Yet,A,0,5,1.8,poor,0.6685,poor,0.6924,good,0.4686,2.4,2.2,2.8
ChIJ9aXPHJAV2jERhJXNNwVYwgs,Combined Stall With Ok Chicken,"Yishun Street 51, Singapore 763513",Singapore,North,1.0,Halal,103.8441793,1.4159999,9026 7051,Not in Michelin Guide Yet,https://maps.google.com/?cid=847336459333375364,Not Awarded Any Yet,"Dine-in,Takeaway,Delivery,Reservations,Outdoor seating,Coffee,NFC payments",No Description Available Yet,A,0,5,4.0,good,0.7128,good,0.5981,good,0.8408,3.8,4.4,4.0
ChIJV5USVgAX2jERWPiCYwfBwyk,Combo Nasi Lemak,"465 Fernvale Road, Singapore 790465",Singapore,North-East,1.0,Street Food,103.8760844,1.3981438,No Phone Number Listed,Not in Michelin Guide Yet,https://maps.google.com/?cid=3009461213492082776,Not Awarded Any Yet,,No Description Available Yet,B,1,2,3.0,average,0.8128,excellent,0.6334,good,0.9901,2.5,3.0,3.0
ChIJS_7AsLQP2jERuy_RpRrhrGI,Come Daily Prawn Noodles,"Upper Jurong Road, Singapore 638365",Singapore,West,1.0,Street Food,103.6809655,1.3297108,No Phone Number Listed,Not in Michelin Guide Yet,https://maps.google.com/?cid=7110305416278519739,Not Awarded Any Yet,,No Description Available Yet,A,0,1,5.0,good,0.6769,good,0.2272,good,0.8811,4.0,4.0,4.0
ChIJH_zLvdYZ2jERiS6Hj6vaesU,Common Grill (3 St George's Road),"3 Saint George's Road, Singapore 320003",Singapore,Central,1.0,Western,103.8614413,1.3230915,No Phone Number Listed,Not in Michelin Guide Yet,https://maps.google.com/?cid=14229926403012767369,Not Awarded Any Yet,"Dine-in,Takeaway,Outdoor seating,Coffee,Wheelchair accessible",No Description Available Yet,A,0,3,3.0,average,0.9559,excellent,0.6124,good,0.7193,3.0,3.67,3.0
ChIJdwkCrbIT2jERSCG5NAFe_Xk,Common Grill (306 Woodlands),"Woodlands Street 31, Singapore 730306",Singapore,North,2.0,Western,103.7745854,1.4298467,No Phone Number Listed,Not in Michelin Guide Yet,https://maps.google.com/?cid=8790285406969602376,Not Awarded Any Yet,"Dine-in,Takeaway,Outdoor seating,Beer,Coffee,Wheelchair accessible",No Description Available Yet,B,1,4,1.25,poor,0.7952,terrible,0.5761,poor,0.8522,2.5,2.0,2.5
ChIJeZSQYIQa2jER1tQr5IPcij8,Common Grill (308 Clementi),"308 Clementi Avenue 4, Singapore 120308",Singapore,Central,2.0,Western,103.767042,1.3209378,No Phone Number Listed,Not in Michelin Guide Yet,https://maps.google.com/?cid=4578714430202434774,Not Awarded Any Yet,"Dine-in,Takeaway,Outdoor seating,Coffee,Wheelchair accessible",No Description Available Yet,A,0,3,2.67,average,0.8645,excellent,0.6448,good,0.9193,3.0,3.67,3.33
ChIJrbYaWnwZ2jERCAFtMzfG6ok,Common Grill (Jalan Membina),"26 Jln Membina, #01-10 Membina Court Residents' Committee, Singapore 161026",Singapore,Central,2.0,Western,103.8257263,1.2828404,No Phone Number Listed,Not in Michelin Guide Yet,https://maps.google.com/?cid=9937973468134703368,Not Awarded Any Yet,"Dine-in,Takeaway,Outdoor seating,Coffee,Wheelchair accessible",No Description Available Yet,B,1,5,1.4,poor,0.8504,poor,0.3548,good,0.9455,2.4,2.2,2.4
ChIJsd_IuI8f2jER_5PfLUtb384,Common Man Coffee Roasters (Quayside Isle),"31 Ocean Way, #01-09, 098375",Singapore,Central,2.0,Cafe,103.8422382,1.2471056,6877 4892,Not in Michelin Guide Yet,https://maps.google.com/?cid=14906733670069933055,Not Awarded Any Yet,"Dine-in,Takeaway,Delivery,Reservations,Outdoor seating,Beer,Wine,Cocktails,Coffee,Credit cards,NFC payments,Wheelchair accessible",No Description Available Yet,A,0,4,4.25,good,0.8144,excellent,0.6046,good,0.8064,3.75,4.0,4.0
ChIJRe0Wq5cZ2jER5qoN9Q0znq8,Concorde Hotel Singapore,"Orchard Promenade, Singapore 348548",Singapore,Central,3.0,Hotel,103.841536,1.3007654,6733 8855,Not in Michelin Guide Yet,https://maps.google.com/?cid=12654608137996577510,Not Awarded Any Yet,"Credit cards,Wheelchair accessible","Relaxed quarters, some with balconies, in a high-end hotel offering restaurants & an outdoor pool.",A,0,4,3.5,good,0.633,excellent,0.911,good,0.6193,3.75,4.25,3.5
ChIJNzxOkGIT2jERpDrBtDZdAoo,Copper Chimney (Mandai Wildlife West),"Mandai Lake Road, Singapore 729979",Singapore,North,2.0,Singaporean,103.7810702,1.4078353,8796 7664,Not in Michelin Guide Yet,https://maps.google.com/?cid=9944613416729655972,Not Awarded Any Yet,"Dine-in,Takeaway,Delivery,Reservations,Coffee,Credit cards,NFC payments",No Description Available Yet,A,0,5,3.4,good,0.646,excellent,0.6328,good,0.8431,3.0,3.8,3.8
ChIJUQfZyMcZ2jERdyMo8KjNPxA,Copper Chimney Syed Alwi Road Singapore,"Syed Alwi Road, Singapore 207667",Singapore,Central,2.0,Indian,103.8553275,1.3097393,9445 5663,Not in Michelin Guide Yet,https://maps.google.com/?cid=1170880553606980471,Not Awarded Any Yet,"Dine-in,Takeaway,Delivery,Reservations,Credit cards,NFC payments",No Description Available Yet,A,0,5,4.2,excellent,0.6255,excellent,0.8468,good,0.9932,3.8,4.2,3.4
ChIJx0BJe8cF2jERK5Re3SGK5yg,Corporation Drive Economic Rice,"Yung Ho Road, Singapore 610140",Singapore,West,1.0,Street Food,103.7231445,1.3267854,No Phone Number Listed,Not in Michelin Guide Yet,https://maps.google.com/?cid=2947476359189795883,Not Awarded Any Yet,"Takeaway,Wheelchair accessible",No Description Available Yet,A,0,2,3.0,excellent,0.8067,excellent,0.5639,good,0.887,3.0,3.0,2.5
ChIJCcZl8HoF2jERh2QnKFxF7gE,Crave Nasi Lemak,"1 Joo Koon Bus Interchange, Singapore 629117",Singapore,West,1.0,Halal,103.6787523,1.3272663,No Phone Number Listed,Not in Michelin Guide Yet,https://maps.google.com/?cid=139124900608042119,Not Awarded Any Yet,"Dine-in,Takeaway,Delivery,Coffee,NFC payments,Wheelchair accessible",No Description Available Yet,B,1,5,2.2,good,0.7049,excellent,0.4842,good,0.5398,3.0,3.0,3.2
ChIJmeanUnoZ2jERpfqASeWtQcA,Creamier Handcrafted Ice Cream And Coffee (Tiong Bahru),"78 Yong Siak St, #01-18, Singapore 163078",Singapore,Central,2.0,Ice Cream Shop,103.8303658,1.2828794,8817 9986,Not in Michelin Guide Yet,https://maps.google.com/?cid=13853545129060661925,Not Awarded Any Yet,"Dine-in,Takeaway,Delivery,Coffee,Credit cards,NFC payments,Wheelchair accessible",No Description Available Yet,A,0,5,3.6,good,0.5805,good,0.7514,good,0.6847,3.4,4.4,4.0
ChIJ-RepEJoZ2jERWW6WOFyhCyI,"Crystal Cafe, Orchard Grand Court","131 Killiney Road, Singapore 239571",Singapore,Central,2.0,Buffet,103.8385362,1.2973375,6830 2020,Not in Michelin Guide Yet,https://maps.google.com/?cid=2453231839491812953,Not Awarded Any Yet,"Dine-in,Reservations,Coffee,Credit cards,NFC payments,Wheelchair accessible",No Description Available Yet,A,0,3,3.67,average,0.8257,excellent,0.4041,good,0.9951,3.0,3.67,3.33
ChIJ7eVXlqgT2jERZYfylUSl-Hs,Crystal Jade Hong Kong Kitchen (Woodlands Square),"Woodlands Square, Singapore 737737",Singapore,North,2.0,Chinese,103.7855824,1.4357518,8366 8498,Not in Michelin Guide Yet,https://maps.google.com/?cid=8933071574881437541,Not Awarded Any Yet,"Dine-in,Takeaway,Delivery,Reservations,Beer,Coffee,Credit cards,NFC payments,Wheelchair accessible",No Description Available Yet,A,0,3,3.0,average,0.7891,average,0.4287,average,0.6695,3.0,3.0,3.0
ChIJ6fH-zI8a2jERqFn_sqy5xOk,Crystal Jade Hong Kong Kitchen (Clementi Bus Interchange),"Clementi Bus Interchange, Singapore 120441",Singapore,Central,2.0,Chinese,103.7645438,1.315262,8366 8568,Not in Michelin Guide Yet,https://maps.google.com/?cid=16844792657661090216,Not Awarded Any Yet,"Dine-in,Takeaway,Delivery,Reservations,Credit cards,NFC payments,Wheelchair accessible",No Description Available Yet,A,0,5,2.2,poor,0.6824,terrible,0.5258,good,0.8851,2.8,2.6,2.8
ChIJyUVkBa8Z2jER3ajRoHBZdU4,Crystal Jade Hong Kong Kitchen (Fountain of Wealth),"Fountain of Wealth, Singapore 038986",Singapore,Central,2.0,Chinese,103.8592025,1.2944775,9780 0866,Not in Michelin Guide Yet,https://maps.google.com/?cid=5653523247502829789,Not Awarded Any Yet,"Dine-in,Takeaway,Delivery,Reservations,Outdoor seating,Beer,Credit cards,NFC payments,Wheelchair accessible",No Description Available Yet,A,0,5,3.4,good,0.836,excellent,0.9119,good,0.9591,3.2,3.6,3.0
ChIJy64vxOwP2jERf0QO605g3KQ,Crystal Jade La Mian Xiao Long Bao,"Jurong West Central 3, Singapore 648346",Singapore,West,2.0,Chinese,103.705846,1.3402517,8382 9008,Not in Michelin Guide Yet,https://maps.google.com/?cid=11879475809163822207,Not Awarded Any Yet,"Dine-in,Takeaway,Delivery,Reservations,Beer,Credit cards,NFC payments,Wheelchair accessible",No Description Available Yet,A,0,4,3.0,good,0.8064,good,0.5328,good,0.8574,3.0,3.75,3.5
ChIJncVGtTAY2jER1aBajnv5nXA,Cui Xiang Yuan,"47 Tanglin Halt Road, Singapore 141047",Singapore,Central,1.0,Chinese,103.7981373,1.3007366,9866 5128,Not in Michelin Guide Yet,https://maps.google.com/?cid=8114916412656099541,Not Awarded Any Yet,"Takeaway,Delivery",No Description Available Yet,A,0,4,3.25,good,0.6587,good,0.8765,good,0.8233,3.5,3.25,3.25
ChIJ72vnR7EX2jER2OhAxYfJcgM,Curry & Curry,"Hougang Street 21, Singapore 530202",Singapore,North-East,2.0,Chinese,103.8843939,1.3575998,8121 9561,Not in Michelin Guide Yet,https://maps.google.com/?cid=248482514425931992,Not Awarded Any Yet,"Dine-in,Takeaway,Delivery,Reservations,Outdoor seating,Beer,Wine",No Description Available Yet,B,1,5,5.0,good,0.7277,excellent,0.5612,good,0.9952,4.2,4.6,4.0
ChIJKZoOX2sZ2jERuMoj1rZ2tp4,Curry Leaf Restaurant,"165 Tg Pagar Rd, Singapore 088539",Singapore,Central,1.0,Singaporean,103.843575,1.274961,6220 2040,Not in Michelin Guide Yet,https://maps.google.com/?cid=11436458831402748600,Not Awarded Any Yet,"Dine-in,Takeaway,Coffee",No Description Available Yet,A,0,1,4.0,poor,0.4478,good,0.7597,good,0.9295,2.0,4.0,4.0
ChIJfSHth3IZ2jERi4Vg_Spxn1k,Curry Village,"8 Lim Teck Kim Rd, Singapore 088937",Singapore,Central,1.0,Indian,103.8425567,1.2736169,6980 6810,Not in Michelin Guide Yet,https://maps.google.com/?cid=6458004820126107019,Not Awarded Any Yet,"Dine-in,Takeaway,Delivery,Outdoor seating,Coffee",No Description Available Yet,C,2,1,5.0,good,0.8223,good,0.8163,good,0.064,4.0,4.0,4.0
ChIJs9HpItkP2jERARN7osXzrpg,D'life Jurong,"Jurong West Street 42, Singapore 640428",Singapore,West,2.0,Vegetarian,103.7256057,1.3516131,6425 0128,Not in Michelin Guide Yet,https://maps.google.com/?cid=11001998969872782081,Not Awarded Any Yet,"Dine-in,Takeaway,Delivery,Reservations,Coffee,Credit cards",No Description Available Yet,A,0,4,3.25,good,0.7556,good,0.4037,good,0.6649,3.0,3.0,3.5
ChIJheRYxO8V2jEREPyhVw7b4so,D'rubinah Eating Place,"461 Yishun Avenue 6, Singapore 760461",Singapore,North,2.0,Indian,103.8498421,1.4287706,6970 0461,Not in Michelin Guide Yet,https://maps.google.com/?cid=14619488195044310032,Not Awarded Any Yet,"Dine-in,Takeaway,Delivery,Outdoor seating,Coffee,NFC payments,Wheelchair accessible",No Description Available Yet,A,0,4,2.75,good,0.5631,good,0.4206,good,0.709,3.25,3.5,3.5
ChIJl_sOMpIZ2jERt8xvlw_Gh0M,Da Paolo Gastronomia (Orchard Paragon),"Mount Elizabeth, Singapore 238862",Singapore,Central,2.0,Cafe,103.8361743,1.3043349,6738 1462,Not in Michelin Guide Yet,https://maps.google.com/?cid=4866075692664605879,Not Awarded Any Yet,"Dine-in,Takeaway,Beer,Wine,Coffee,Credit cards,NFC payments,Wheelchair accessible",No Description Available Yet,A,0,4,5.0,good,0.9106,excellent,0.9871,good,0.9968,3.75,4.75,4.0
ChIJC4laE2sa2jER0hf-BnwnWt4,Da Paolo Pizza Bar,"43 Jalan Merah Saga, Singapore 278115",Singapore,Central,2.0,Italian,103.7963492,1.3104885,No Phone Number Listed,Not in Michelin Guide Yet,https://maps.google.com/?cid=16022162037970704338,Not Awarded Any Yet,"Dine-in,Delivery,Outdoor seating,Beer,Wine,Cocktails,Coffee,Credit cards,NFC payments",No Description Available Yet,A,0,2,3.0,excellent,0.6201,excellent,0.5546,good,0.6178,3.5,3.5,4.0
ChIJp6qqWjoX2jERFbf7eR9Lbak,Daawat Tandoori,"Upper Thomson Road, Singapore 574347",Singapore,North-East,2.0,Indian,103.8351824,1.352068,6822 3716,Not in Michelin Guide Yet,https://maps.google.com/?cid=12208496763433891605,Not Awarded Any Yet,"Dine-in,Takeaway,Delivery,Reservations,Outdoor seating,Beer,Wine,Coffee,Credit cards,NFC payments",No Description Available Yet,A,0,4,4.5,good,0.8413,excellent,0.9317,good,0.996,4.0,4.75,4.0
ChIJ4_t2FLwZ2jERx98KamiBRo0,Daebak Korean Restaurant (Ct Hub),"2 Kallang Avenue, Singapore 339407",Singapore,Central,1.0,Korean,103.8632236,1.3122224,8929 3724,Not in Michelin Guide Yet,https://maps.google.com/?cid=10179966293173264327,Not Awarded Any Yet,"Dine-in,Takeaway,Delivery,Reservations,Coffee,Credit cards,NFC payments,Wheelchair accessible",No Description Available Yet,A,0,5,4.8,good,0.6257,good,0.3885,good,0.6433,3.6,4.4,4.0
ChIJgdMMUAAX2jERaKOw6vMrbpc,Daily,"1 Lentor Central, Singapore 788887",Singapore,North,2.0,Fusion,103.8343935,1.3859147,No Phone Number Listed,Not in Michelin Guide Yet,https://maps.google.com/?cid=10911707273779782504,Not Awarded Any Yet,,No Description Available Yet,A,0,5,4.8,good,0.8363,excellent,0.8084,good,0.9965,3.8,4.8,4.0
ChIJG9Td_cQV2jERzJrHNg2PllM,Daily Green (Yishun Street 71),"717 Yishun Street 71, Singapore 760717",Singapore,North,1.0,Vegetarian,103.8281245,1.4258361,6509 0777,Not in Michelin Guide Yet,https://maps.google.com/?cid=6023158838571014860,Not Awarded Any Yet,"Dine-in,Takeaway,Delivery,Outdoor seating,Coffee,Wheelchair accessible",No Description Available Yet,A,0,5,4.8,good,0.5407,excellent,0.4919,good,0.9712,4.0,4.6,4.0
ChIJbag1ETYQ2jERawpSteT8wrA,"Dajie Makan Place (Bukit Batok | Halal Chicken Rice, Mala Hotpot & Yong Tau Foo)","Bukit Batok West Avenue 5, Singapore 650372",Singapore,West,1.0,Halal,103.7514104,1.3588965,6896 4569,Not in Michelin Guide Yet,https://maps.google.com/?cid=12737020755381979755,Not Awarded Any Yet,"Dine-in,Takeaway,Outdoor seating,Coffee,NFC payments,Wheelchair accessible",No Description Available Yet,A,0,4,4.0,good,0.798,excellent,0.6822,good,0.9071,3.75,3.75,3.75
ChIJR2U_2wsZ2jERASO_2lCj4No,Dallas Restaurant And Bar (Boat Quay),"32 Boat Quay, Singapore 049821",Singapore,Central,2.0,Western,103.8497763,1.2861237,8938 0333,Not in Michelin Guide Yet,https://maps.google.com/?cid=15771785462714147585,Not Awarded Any Yet,"Dine-in,Takeaway,Reservations,Outdoor seating,Beer,Wine,Cocktails,Coffee,Credit cards,NFC payments",No Description Available Yet,A,0,4,5.0,good,0.7807,excellent,0.9848,good,0.9788,4.0,4.75,4.0
ChIJ13dDQQAT2jERCWtiiUQuS8E,Dao Xiang Claypot,"Canberra Road, Singapore 750425",Singapore,North,1.0,Chinese,103.8195579,1.4535618,No Phone Number Listed,Not in Michelin Guide Yet,https://maps.google.com/?cid=13928277144470973193,Not Awarded Any Yet,"Takeaway,Wheelchair accessible",No Description Available Yet,A,0,3,2.67,good,0.8485,good,0.4404,good,0.6742,3.33,3.0,3.0
ChIJSV6OO_wa2jERdnMz-qR7XXo,Dario Pizza & More,"Clementi Rd, 6号#01-06 邮政编码: 129741",Singapore,Central,2.0,Pizza,103.7683135,1.2924497,9446 0253,Not in Michelin Guide Yet,https://maps.google.com/?cid=8817339593963828086,Not Awarded Any Yet,"Dine-in,Takeaway,Reservations,Outdoor seating,Beer,Wine,Cocktails,Coffee,Credit cards,NFC payments,Wheelchair accessible",No Description Available Yet,A,0,5,4.0,good,0.7944,excellent,0.487,good,0.9551,3.2,4.0,4.0
ChIJ_x1iFZQT2jERmMylUcZtYes,Daruma Tavern,"Springside Drive, Singapore 786015",Singapore,North,2.0,Bistro,103.8190057,1.4042238,9734 3484,Not in Michelin Guide Yet,https://maps.google.com/?cid=16960958370194771096,Not Awarded Any Yet,"Dine-in,Takeaway,Delivery,Reservations,Outdoor seating,Beer,Wine,Cocktails,Coffee,Credit cards,NFC payments,Wheelchair accessible",No Description Available Yet,A,0,4,4.0,good,0.7439,excellent,0.6782,good,0.7687,3.25,3.75,3.25
ChIJUYZa0eYW2jERWBgVbgmUtes,Daun Pandan Rice Dumpling,"53 Ang Mo Kio Avenue 3, Singapore 569933",Singapore,North-East,1.0,Street Food,103.8485943,1.369175,6556 0772,Not in Michelin Guide Yet,https://maps.google.com/?cid=16984644337920186456,Not Awarded Any Yet,"Dine-in,Takeaway,Wheelchair accessible",No Description Available Yet,A,0,4,5.0,good,0.7275,excellent,0.5259,good,0.8935,3.75,5.0,4.0
ChIJnR9qe3UT2jERlrD-TphoSWM,Day & Night Herbal Soup,"Blk 676 Woodlands Drive 71, Singapore 730676",Singapore,North,1.0,Soup,103.8004773,1.4397364,No Phone Number Listed,Not in Michelin Guide Yet,https://maps.google.com/?cid=7154364486424375446,Not Awarded Any Yet,"Dine-in,Takeaway",No Description Available Yet,A,0,3,3.0,average,0.6084,good,0.2989,good,0.7575,3.0,4.0,4.0
ChIJZ6_wLwAR2jERp2DLwmFxK00,Day Night Herbal Soup (Senja),Senja Rd,Singapore,West,1.0,Street Food,103.7613111,1.3872662,No Phone Number Listed,Not in Michelin Guide Yet,https://maps.google.com/?cid=5560662829612884135,Not Awarded Any Yet,"Takeaway,Wheelchair accessible",No Description Available Yet,A,0,3,4.0,good,0.4804,average,0.2305,good,0.7025,3.67,4.0,3.67
ChIJ8e-aLpEP2jEReagxmVNMoD8,Day Night Herbal Soup (Jurong West Street 61),"Jurong West Street 61, Singapore 640637",Singapore,West,1.0,Street Food,103.697552,1.341114,No Phone Number Listed,Not in Michelin Guide Yet,https://maps.google.com/?cid=4584748342599329913,Not Awarded Any Yet,"Takeaway,Wheelchair accessible",No Description Available Yet,A,0,4,3.0,good,0.7884,excellent,0.7257,good,0.9888,3.0,3.75,3.5
ChIJpZjQAAQX2jERpBAPeovphN4,Daya Izakaya Japanese,"254 Jalan Kayu, Singapore 799481",Singapore,North-East,2.0,Japanese,103.8732893,1.3980449,8462 2147,Not in Michelin Guide Yet,https://maps.google.com/?cid=16034197358603341988,Not Awarded Any Yet,"Dine-in,Delivery,Reservations,Outdoor seating,Credit cards,NFC payments",No Description Available Yet,A,0,3,1.67,average,0.5787,average,0.8044,average,0.8832,3.0,3.33,2.67
ChIJOfccCHoZ2jERg01MxEB4Pw8,De Golden Spoon Seafood,"62 Seng Poh Ln, #01-11, Singapore 160062",Singapore,Central,2.0,Chinese,103.8333817,1.2837731,9118 5544,Not in Michelin Guide Yet,https://maps.google.com/?cid=1098729053668265347,Not Awarded Any Yet,"Dine-in,Takeaway,Delivery,Reservations,Outdoor seating,Beer,Wine,Coffee,Credit cards,NFC payments,Wheelchair accessible",No Description Available Yet,B,1,4,3.75,good,0.7663,excellent,0.7346,good,0.8256,3.5,4.0,3.5
ChIJ7ww6ZuUW2jERghTpOLp-dU8,De Li Shi,"527 Ang Mo Kio Avenue 10, Singapore 560527",Singapore,North-East,1.0,Street Food,103.8547307,1.3728103,No Phone Number Listed,Not in Michelin Guide Yet,https://maps.google.com/?cid=5725621839555269762,Not Awarded Any Yet,,No Description Available Yet,A,0,2,3.0,good,0.7724,good,0.6656,good,0.8102,3.0,2.5,2.5
ChIJa1qEsWcV2jER5_9c61siV4Y,De Sinn Chicken Rice At Yishun,"461 Yishun Avenue 6, Singapore 760461",Singapore,North,1.0,Street Food,103.8499984,1.4288341,No Phone Number Listed,Not in Michelin Guide Yet,https://maps.google.com/?cid=9680243702242279399,Not Awarded Any Yet,"Dine-in,Takeaway,Delivery,Coffee,Wheelchair accessible",No Description Available Yet,A,0,5,1.4,poor,0.65,poor,0.6103,poor,0.6852,2.0,1.6,2.0
ChIJhWhzk0EU2jERhKdu3jyJxQo,De Yun Bak Kut Teh,"417 Yishun Ave 11, Singapore 760417",Singapore,North,1.0,Street Food,103.8469845,1.4238192,No Phone Number Listed,Not in Michelin Guide Yet,https://maps.google.com/?cid=776177405314115460,Not Awarded Any Yet,"Dine-in,Takeaway,Wheelchair accessible",No Description Available Yet,A,0,5,4.0,good,0.7666,good,0.5202,good,0.9443,3.6,3.6,3.4
ChIJSeahqoUR2jERIbNy22iUylo,Defu Minced Meat Noodle & Fishball Noodle,"440 Bukit Batok West Avenue 8, Singapore 650440",Singapore,West,1.0,Noodle Shop,103.7395287,1.356101,No Phone Number Listed,Not in Michelin Guide Yet,https://maps.google.com/?cid=6542204586788303649,Not Awarded Any Yet,"Dine-in,Takeaway",No Description Available Yet,A,0,4,3.5,good,0.7419,good,0.5182,good,0.8408,3.25,2.75,3.25
ChIJL4MHjEEQ2jERcSVbwobwTow,Delisnacks (Bukit Batok East Avenue 3),"283 Bukit Batok East Avenue 3, Singapore 650283",Singapore,West,1.0,Street Food,103.757573,1.3472163,6752 2123,Not in Michelin Guide Yet,https://maps.google.com/?cid=10110282675070379377,Not Awarded Any Yet,"Takeaway,Wheelchair accessible",No Description Available Yet,A,0,1,4.0,good,0.9199,excellent,0.6659,good,0.9978,4.0,5.0,4.0
ChIJHTZW3IkQ2jERIYvqSlvP7Bs,Delisnacks (Upper Bukit Timah),"Upper Bukit Timah Road, Singapore 590002",Singapore,Central,1.0,Street Food,103.7760782,1.3394498,No Phone Number Listed,Not in Michelin Guide Yet,https://maps.google.com/?cid=2012211124533627681,Not Awarded Any Yet,"Takeaway,Wheelchair accessible",No Description Available Yet,A,0,3,5.0,average,0.6506,excellent,0.4779,good,0.7028,3.0,4.67,4.0
ChIJid_qqj0Q2jERcRt8Qduc1lc,Delisnacks (Bukit Batok West Avenue 6),"Bukit Batok West Avenue 6, Singapore 650153",Singapore,West,1.0,Street Food,103.7436316,1.3481252,6752 2123,Not in Michelin Guide Yet,https://maps.google.com/?cid=6329418791826234225,Not Awarded Any Yet,"Takeaway,Wheelchair accessible",No Description Available Yet,A,0,1,5.0,good,0.9843,excellent,0.9328,good,0.4006,4.0,5.0,4.0
ChIJu2nZw9wP2jERaH0HgTDoH8U,Delisnacks (Jurong West Street 51),"Jurong West Street 51, Singapore 649407",Singapore,West,1.0,Street Food,103.7185942,1.3497127,No Phone Number Listed,Not in Michelin Guide Yet,https://maps.google.com/?cid=14204327044770659688,Not Awarded Any Yet,"Takeaway,Wheelchair accessible",No Description Available Yet,A,0,3,3.33,poor,0.6195,excellent,0.5287,good,0.7187,2.67,2.67,3.33
ChIJy5g1pTsX2jER3DX3KBXFmHE,Delisnacks (Shunfu),"320 Shunfu Road, Singapore 570320",Singapore,North-East,1.0,Street Food,103.8370588,1.3517629,6752 2123,Not in Michelin Guide Yet,https://maps.google.com/?cid=8185509017418151388,Not Awarded Any Yet,"Takeaway,Wheelchair accessible",No Description Available Yet,A,0,3,4.67,average,0.6746,average,0.4573,good,0.8371,3.33,4.0,3.67
ChIJY-XB3ekP2jERX79cg-TiasY,Delisnacks (Boon Lay Place),"221B Boon Lay Place, Singapore 642221",Singapore,West,1.0,Street Food,103.7130749,1.3455161,6752 2123,Not in Michelin Guide Yet,https://maps.google.com/?cid=14297489438125375327,Not Awarded Any Yet,"Takeaway,Wheelchair accessible",No Description Available Yet,A,0,4,3.25,good,0.5563,good,0.501,good,0.7927,3.5,3.75,4.0
ChIJCyw1YzQa2jER87pEsz1xr5U,Delisnacks (Mei Chin),"159 Mei Chin Rd, #02-28 Mei Ling Market & Food Centre, Singapore 140159",Singapore,Central,1.0,Street Food,103.8028827,1.2932672,No Phone Number Listed,Not in Michelin Guide Yet,https://maps.google.com/?cid=10785964142390196979,Not Awarded Any Yet,"Dine-in,Takeaway,Wheelchair accessible",No Description Available Yet,A,0,3,1.33,poor,0.4671,good,0.4522,good,0.6337,2.67,3.33,3.0
ChIJG5i7aoAF2jERz2Y0u1T7g6E,Desal Pooja Guan Heng Restaurant,"60 Benoi Rd, Singapore 629906",Singapore,West,1.0,Fusion,103.681076,1.326343,6861 8210,Not in Michelin Guide Yet,https://maps.google.com/?cid=11638422203392091855,Not Awarded Any Yet,"Dine-in,Takeaway,Coffee",No Description Available Yet,A,0,2,4.5,good,0.9028,excellent,0.7046,good,0.9903,4.0,5.0,4.0
ChIJB198_AoF2jER7pG_JPr3f4U,Devil's Kitchen,"Jalan Ahmad Ibrahim, Singapore 618642",Singapore,West,2.0,Bistro,103.7247404,1.3256944,6816 9868,Not in Michelin Guide Yet,https://maps.google.com/?cid=9619679982817087982,Not Awarded Any Yet,"Dine-in,Takeaway,Reservations,Beer,Wine,Cocktails,Coffee,Credit cards,NFC payments,Wheelchair accessible",No Description Available Yet,A,0,5,3.8,good,0.6315,excellent,0.5857,good,0.6687,3.4,3.8,3.6
ChIJT6QdGrMb2jER3h26N-kFIbg,Diamond Kitchen,"87 Science Park Dr, #01-01, Singapore 118260",Singapore,Central,2.0,Chinese,103.79042,1.287656,6464 0410,Not in Michelin Guide Yet,https://maps.google.com/?cid=13267892476430654942,Not Awarded Any Yet,"Dine-in,Takeaway,Reservations,Beer,Wine,Credit cards,NFC payments,Wheelchair accessible",No Description Available Yet,A,0,5,4.8,good,0.8609,good,0.822,good,0.9937,4.0,4.2,3.8
ChIJ7eVXlqgT2jER7xJUcJKsNuI,Dian Xiao Er (Causeway Point),"Woodlands Square, Singapore 738099",Singapore,North,2.0,Chinese,103.7855345,1.4358117,6219 5519,Not in Michelin Guide Yet,https://maps.google.com/?cid=16300405646263849711,Not Awarded Any Yet,"Dine-in,Takeaway,Delivery,Reservations,Beer,Credit cards,NFC payments,Wheelchair accessible",No Description Available Yet,A,0,3,5.0,average,0.8907,excellent,0.7988,good,0.9973,3.33,4.67,4.0
ChIJy64vxOwP2jERSZ73pxf3MN0,Dian Xiao Er (Jurong Point),"Boon Lay Bus Interchange, Singapore 648346",Singapore,West,2.0,Chinese,103.7054326,1.3393042,6792 6268,Not in Michelin Guide Yet,https://maps.google.com/?cid=15938510762238516809,Not Awarded Any Yet,"Dine-in,Takeaway,Delivery,Reservations,Beer,Credit cards,NFC payments,Wheelchair accessible",No Description Available Yet,A,0,5,4.2,good,0.9259,excellent,0.8013,good,0.9902,3.6,3.8,3.6
ChIJcVbOmekR2jERZCsP5ag2WJY,Dian Xiao Er (Lot One),"Choa Chu Kang Interchange, Singapore 689688",Singapore,West,2.0,Chinese,103.7450626,1.385574,6766 1776,Not in Michelin Guide Yet,https://maps.google.com/?cid=10833469002665110372,Not Awarded Any Yet,"Dine-in,Takeaway,Delivery,Reservations,Beer,Credit cards,NFC payments,Wheelchair accessible",No Description Available Yet,A,0,2,5.0,excellent,0.7607,excellent,0.9171,good,0.9954,4.5,5.0,4.0
ChIJt7a1YKgZ2jERrc4R7ki0_fw,Dian Xiao Er (Marina Square),"6 Raffles Boulevard, Singapore 039594",Singapore,Central,2.0,Chinese,103.8581044,1.2915535,6337 1928,Not in Michelin Guide Yet,https://maps.google.com/?cid=18229925091990425261,Not Awarded Any Yet,"Dine-in,Takeaway,Delivery,Reservations,Credit cards,NFC payments,Wheelchair accessible",No Description Available Yet,A,0,4,3.25,good,0.6973,good,0.4801,good,0.6338,3.0,2.75,3.5
ChIJxyAVvKYX2jERRVRZK6cjWpY,Dian Xiao Er (Nex),"23 Serangoon Central, Singapore 556083",Singapore,North-East,2.0,Chinese,103.8720767,1.3509672,6634 4828,Not in Michelin Guide Yet,https://maps.google.com/?cid=10834011054486934597,Not Awarded Any Yet,"Dine-in,Takeaway,Delivery,Reservations,Beer,Credit cards,NFC payments,Wheelchair accessible",No Description Available Yet,A,0,3,3.67,good,0.7201,good,0.7092,good,0.5079,3.33,3.33,4.0
ChIJQ7ONulgZ2jER2q7WpCC3Ey8,Dian Xiao Er (Vivocity),"1 HarbourFront Walk, #02-138 9 VivoCity, Singapore 098585",Singapore,Central,2.0,Chinese,103.8219625,1.2634296,6376 9786,Not in Michelin Guide Yet,https://maps.google.com/?cid=3392256295172484826,Not Awarded Any Yet,"Dine-in,Takeaway,Delivery,Reservations,Beer,Wine,Credit cards,NFC payments,Wheelchair accessible",No Description Available Yet,A,0,4,3.5,good,0.6107,good,0.4267,good,0.8108,3.25,3.25,4.0
ChIJpyLqNeQP2jER5gmL3D-pFUs,Dim Sum Express,"346A Kang Ching Road, Singapore 611346",Singapore,West,1.0,Chinese,103.720165,1.3400859,No Phone Number Listed,Not in Michelin Guide Yet,https://maps.google.com/?cid=5410416619103652326,Not Awarded Any Yet,"Dine-in,Takeaway,Delivery,Outdoor seating,Coffee,Wheelchair accessible",No Description Available Yet,A,0,3,2.0,good,0.8339,excellent,0.6967,good,0.6234,3.33,3.33,3.0
ChIJl_sOMpIZ2jEROuDbvYr9GLo,Din Tai Fung,"290 Orchard Road, Singapore 238859",Singapore,Central,2.0,Taiwanese,103.8351014,1.3039532,6836 8336,Not in Michelin Guide Yet,https://maps.google.com/?cid=13409746662828269626,Not Awarded Any Yet,"Dine-in,Takeaway,Reservations,Beer,Credit cards,NFC payments,Wheelchair accessible",No Description Available Yet,A,0,2,5.0,excellent,0.5876,excellent,0.7508,good,0.9418,4.5,5.0,4.0
ChIJy_AhFY0X2jERL7UPU8klrtY,Din Tai Fung (Breadtalk Ihq),"Upper Paya Lebar Park Connector, Singapore 534138",Singapore,North-East,2.0,Taiwanese,103.8894558,1.3343541,6702 0060,Not in Michelin Guide Yet,https://maps.google.com/?cid=15469343316676425007,Not Awarded Any Yet,"Dine-in,Takeaway,Delivery,Reservations,Credit cards,NFC payments,Wheelchair accessible",No Description Available Yet,A,0,3,4.33,good,0.696,good,0.4927,good,0.968,4.0,4.33,4.0
ChIJDY2tocgZ2jERltPCuW6qr8M,Din Tai Fung (City Square),"180 Kitchener Road, Singapore 208539",Singapore,Central,2.0,Taiwanese,103.8565897,1.3113982,6634 2322,Not in Michelin Guide Yet,https://maps.google.com/?cid=14100676350859989910,Not Awarded Any Yet,"Dine-in,Takeaway,Reservations,Beer,Credit cards,NFC payments,Wheelchair accessible",No Description Available Yet,A,0,5,5.0,good,0.6065,excellent,0.8061,good,0.8201,4.0,4.6,4.0
ChIJhbwS4A4Q2jERJO_vI09C0bg,Din Tai Fung (Jem),"50 Jurong Gateway Road, Singapore 608549",Singapore,West,2.0,Taiwanese,103.7432007,1.3336008,6694 1161,Not in Michelin Guide Yet,https://maps.google.com/?cid=13317498480784043812,Not Awarded Any Yet,"Dine-in,Takeaway,Delivery,Reservations,Credit cards,NFC payments,Wheelchair accessible",No Description Available Yet,A,0,3,3.67,average,0.8077,excellent,0.5246,average,0.994,3.0,3.67,3.0
ChIJ-Ufv8hYX2jER3Ar_QtrsOcs,Din Tai Fung (Junction 8),"9 Bishan Place, Singapore 579837",Singapore,North-East,2.0,Taiwanese,103.8486743,1.3510861,6356 5228,Not in Michelin Guide Yet,https://maps.google.com/?cid=14643996085542914780,Not Awarded Any Yet,"Dine-in,Takeaway,Reservations,Credit cards,NFC payments,Wheelchair accessible",No Description Available Yet,A,0,5,3.0,poor,0.6899,good,0.5559,good,0.7615,2.6,3.0,3.6
ChIJy64vxOwP2jERYqiaVhZGhbE,Din Tai Fung (Jurong Point),"Boon Lay Bus Interchange, Singapore 648346",Singapore,West,2.0,Taiwanese,103.7057767,1.3390568,6861 1811,Not in Michelin Guide Yet,https://maps.google.com/?cid=12791707378371962978,Not Awarded Any Yet,"Dine-in,Takeaway,Reservations,Credit cards,NFC payments,Wheelchair accessible",No Description Available Yet,A,0,4,3.0,good,0.7808,excellent,0.9488,good,0.7029,3.0,3.0,2.75
ChIJp4zYJ6QZ2jEREFWylAnM_W0,Din Tai Fung (Raffles City),"Esplanade Xchange, Singapore 189562",Singapore,Central,2.0,Taiwanese,103.8541664,1.2939129,6336 6369,Not in Michelin Guide Yet,https://maps.google.com/?cid=7925715260763428112,Not Awarded Any Yet,"Dine-in,Takeaway,Delivery,Beer,Wine,Credit cards,NFC payments,Wheelchair accessible",No Description Available Yet,A,0,3,4.67,average,0.692,excellent,0.6898,excellent,0.9954,3.0,4.0,3.67
ChIJiae5plUZ2jERf3ochjwLxLo,"Din Tai Fung (Weave, Resorts World Sentosa)","26 Sentosa Gateway, #02-208/209, 098138",Singapore,Central,2.0,Taiwanese,103.8204199,1.2574199,6908 2822,Not in Michelin Guide Yet,https://maps.google.com/?cid=13457893941065841279,Not Awarded Any Yet,"Dine-in,Takeaway,Delivery,Reservations,Beer,Coffee,Credit cards,NFC payments,Wheelchair accessible",No Description Available Yet,A,0,5,4.4,good,0.7177,excellent,0.8145,good,0.6453,3.4,4.0,3.8
ChIJq6WVB5IZ2jERF7lVtgi1jnQ,Din Tai Fung (Wisma Atria),"435 Orchard Road, Singapore 238877",Singapore,Central,2.0,Taiwanese,103.8332642,1.3037148,6732 1383,Not in Michelin Guide Yet,https://maps.google.com/?cid=8398849404115990807,Not Awarded Any Yet,"Dine-in,Takeaway,Reservations,Beer,Credit cards,NFC payments,Wheelchair accessible",No Description Available Yet,B,1,4,3.75,average,0.8979,excellent,0.8432,good,0.9289,3.5,4.0,3.5
ChIJ5VWZ0GQW2jERHK4mA3cCDgs,Din Tai Fung (The Seletar Mall),"33 Sengkang West Avenue, Singapore 797653",Singapore,North-East,2.0,Chinese,103.8759997,1.3910735,6341 6566,Not in Michelin Guide Yet,https://maps.google.com/?cid=796576894268386844,Not Awarded Any Yet,"Dine-in,Takeaway,Reservations,Credit cards,NFC payments,Wheelchair accessible",No Description Available Yet,A,0,4,3.5,poor,0.5784,good,0.5274,good,0.6686,3.25,3.75,4.0
ChIJEbDMJQAT2jERmIefH-SNzgc,Ding Chef Fried Rice,"302 Woodlands Street 31, Singapore 730302",Singapore,North,1.0,Asian,103.7744066,1.4318415,No Phone Number Listed,Not in Michelin Guide Yet,https://maps.google.com/?cid=562543014390499224,Not Awarded Any Yet,"Takeaway,NFC payments",No Description Available Yet,A,0,3,5.0,average,0.7651,excellent,0.7477,good,0.8341,3.33,4.67,4.0
ChIJmVCnyRgQ2jERKJg0KlCdW00,Ding Ji (Jurong East Avenue 1),"303 Jurong East Avenue 1, Singapore 600303",Singapore,West,1.0,Street Food,103.7353417,1.3446067,6468 7377,Not in Michelin Guide Yet,https://maps.google.com/?cid=5574221931432155176,Not Awarded Any Yet,"Dine-in,Takeaway,Outdoor seating,Coffee,NFC payments,Wheelchair accessible",No Description Available Yet,B,1,5,2.4,poor,0.935,poor,0.5929,poor,0.7653,2.4,2.4,2.4
ChIJkQPWX00S2jERLd0sdsa2IhY,Ding Ji (Woodlands Street 31),"304 Woodlands Street 31, Singapore 730304",Singapore,North,1.0,Noodle Shop,103.7737696,1.4298927,No Phone Number Listed,Not in Michelin Guide Yet,https://maps.google.com/?cid=1595038181545008429,Not Awarded Any Yet,"Dine-in,Takeaway",No Description Available Yet,B,1,5,2.2,good,0.781,excellent,0.7033,good,0.5386,3.0,4.0,3.6
ChIJq-tO_T0W2jERyvND8NDMwnw,Ding Ji (Compassvale Bow),"266 Compassvale Bow, Singapore 540266",Singapore,North-East,1.0,Noodle Shop,103.8971888,1.3821668,6468 7377,Not in Michelin Guide Yet,https://maps.google.com/?cid=8989973003941180362,Not Awarded Any Yet,"Dine-in,Takeaway",No Description Available Yet,B,1,4,2.0,poor,0.7486,terrible,0.8905,terrible,0.6529,2.5,1.75,2.0
ChIJ63Tcr94P2jER4tgGo-nE8TA,Ding Ji (Jurong West Street 41),"Jurong West Street 41, 496号#01-82 邮政编码: 640496",Singapore,West,1.0,Noodle Shop,103.7237612,1.3500116,No Phone Number Listed,Not in Michelin Guide Yet,https://maps.google.com/?cid=3526816490949368034,Not Awarded Any Yet,Takeaway,No Description Available Yet,B,1,5,1.8,poor,0.7367,excellent,0.608,good,0.6677,2.8,2.8,2.4
ChIJQy8hZ6oT2jER04bdQLmxzxA,Ding Ji (Marsiling Rise),"131 Marsiling Rise, Singapore 730131",Singapore,North,1.0,Noodle Shop,103.7782237,1.4385093,6468 7377,Not in Michelin Guide Yet,https://maps.google.com/?cid=1211382234001278675,Not Awarded Any Yet,"Dine-in,Takeaway",No Description Available Yet,B,1,4,1.0,poor,0.6763,terrible,0.6483,good,0.5662,2.5,2.0,2.75
ChIJlTc5l9wP2jERG8mY4m6A1CI,Ding Ji (Jurong West Street 51),"501 Jurong West Street 51, Singapore 640501",Singapore,West,1.0,Noodle Shop,103.7186668,1.350421,6468 7377,Not in Michelin Guide Yet,https://maps.google.com/?cid=2509772106088630555,Not Awarded Any Yet,"Dine-in,Takeaway",No Description Available Yet,B,1,5,1.8,poor,0.7692,poor,0.5689,terrible,0.7628,2.4,2.0,2.2
ChIJf7X0djUQ2jERO8hajDuds54,Ding Ji (Bukit Batok West Avenue 5),"Bukit Batok West Avenue 5, Singapore 650347",Singapore,West,1.0,Noodle Shop,103.7512093,1.3622725,6370 1155,Not in Michelin Guide Yet,https://maps.google.com/?cid=11435656757907212347,Not Awarded Any Yet,"Dine-in,Takeaway,Delivery",No Description Available Yet,B,1,5,1.8,poor,0.7576,poor,0.7816,poor,0.5657,2.4,2.4,2.8
ChIJI4dRWIgF2jERlM4eBMisKrs,Ding Ji (Joo Koon),"41 Joo Koon Road, Singapore 628991",Singapore,West,1.0,Noodle Shop,103.6693172,1.3254926,No Phone Number Listed,Not in Michelin Guide Yet,https://maps.google.com/?cid=13486782009176936084,Not Awarded Any Yet,Takeaway,No Description Available Yet,B,1,2,4.5,good,0.4084,good,0.4533,good,0.5167,4.0,4.0,4.0
ChIJE2pX05EP2jERrujfXNEtboY,Ding Ji (Jurong West Street 61),"651 Jurong West Street 61, Singapore 640651",Singapore,West,1.0,Street Food,103.6970425,1.3372477,6468 7377,Not in Michelin Guide Yet,https://maps.google.com/?cid=9686730225750108334,Not Awarded Any Yet,"Dine-in,Takeaway,Delivery,Wheelchair accessible",No Description Available Yet,B,1,5,1.6,poor,0.7063,good,0.473,good,0.7289,2.8,2.4,3.0
ChIJteC5wNoX2jERNAZomnF4WBc,Ding Ji (Sengkang West Avenue),"455 Sengkang West Avenue, Singapore 790455",Singapore,North-East,1.0,Noodle Shop,103.8711083,1.3913728,No Phone Number Listed,Not in Michelin Guide Yet,https://maps.google.com/?cid=1682226890140026420,Not Awarded Any Yet,"Dine-in,Takeaway,NFC payments",No Description Available Yet,B,1,4,1.5,poor,0.7787,terrible,0.6439,terrible,0.4384,2.0,1.75,2.0
ChIJtc_zvWsX2jERhKZr3_B0bGs,Ding Ji (Toa Payoh North),"203 Toa Payoh North, Singapore 310203",Singapore,Central,1.0,Noodle Shop,103.8491297,1.3420893,6468 7377,Not in Michelin Guide Yet,https://maps.google.com/?cid=7740690437432387204,Not Awarded Any Yet,"Dine-in,Takeaway",No Description Available Yet,B,1,5,1.0,poor,0.5412,poor,0.3385,good,0.4026,2.2,2.4,2.6
ChIJEQ9HteUP2jER93724We9eXU,Ding Ji (Kang Ching),"346A Kang Ching Road, Singapore 611346",Singapore,West,1.0,Street Food,103.7205234,1.3401904,6370 1155,Not in Michelin Guide Yet,https://maps.google.com/?cid=8465005228489866999,Not Awarded Any Yet,"Dine-in,Takeaway,Wheelchair accessible",No Description Available Yet,B,1,4,1.75,poor,0.7852,terrible,0.5152,average,0.6141,2.5,2.0,2.5
ChIJZafMXXwZ2jERDWlKpnMZKDE,Ding Ji Membina,"26 Jln Membina, #01-01, Singapore 161026",Singapore,Central,1.0,Noodle Shop,103.8251606,1.2824319,6370 1155,Not in Michelin Guide Yet,https://maps.google.com/?cid=3542109091428722957,Not Awarded Any Yet,"Dine-in,Takeaway,NFC payments,Wheelchair accessible",No Description Available Yet,A,0,4,2.75,poor,0.6586,terrible,0.4451,terrible,0.5105,2.25,2.25,2.0
ChIJ1W2wC8IP2jERmuf4tpKj1FI,Ding Ji Teochew Noodle (Boon Lay Place),"Boon Lay Place, Singapore 640221",Singapore,West,1.0,Noodle Shop,103.7121901,1.346944,6468 7377,Not in Michelin Guide Yet,https://maps.google.com/?cid=5968575256703068058,Not Awarded Any Yet,"Dine-in,Takeaway,NFC payments,Wheelchair accessible",No Description Available Yet,A,0,4,3.5,good,0.9268,good,0.7888,good,0.8922,3.5,3.5,3.25
ChIJV5LtBSIX2jERLhHu2AgyrW4,Ding Ji Teochew Noodle (Bishan Street 22),"284 Bishan Street 22, Singapore 570284",Singapore,North-East,1.0,Noodle Shop,103.8441866,1.3588402,6779 8980,Not in Michelin Guide Yet,https://maps.google.com/?cid=7975085528723624238,Not Awarded Any Yet,"Dine-in,Takeaway,Wheelchair accessible",No Description Available Yet,A,0,5,3.2,good,0.845,good,0.5123,good,0.6855,3.6,3.6,4.0
ChIJU_M4A5oT2jERFGbj0LRpdHY,Ding Ji Teochew Noodle (Woodlands),"573 Woodlands Drive 16, Singapore 730573",Singapore,North,1.0,Chinese,103.7987232,1.4309036,No Phone Number Listed,Not in Michelin Guide Yet,https://maps.google.com/?cid=8535563419093526036,Not Awarded Any Yet,"Dine-in,Takeaway",No Description Available Yet,A,0,5,3.2,good,0.71,good,0.6632,good,0.7545,3.2,3.0,3.0
ChIJRdLw_o4a2jERrNlF1DWlC7U,Ding Ji Teochew Noodle (Clementi Avenue 5),"345 Clementi Avenue 5, Singapore 120345",Singapore,Central,1.0,Noodle Shop,103.7690165,1.3176728,No Phone Number Listed,Not in Michelin Guide Yet,https://maps.google.com/?cid=13045702396221970860,Not Awarded Any Yet,"Dine-in,Takeaway,Delivery",No Description Available Yet,A,0,5,3.2,good,0.7661,good,0.6887,good,0.9397,3.6,3.8,3.4
ChIJVRBC96AT2jERMTpblu-HJJI,Ding Ji Teochew Noodles,"Woodlands Avenue 4, Singapore 730888",Singapore,North,1.0,Noodle Shop,103.7954674,1.4381669,6468 7377,Not in Michelin Guide Yet,https://maps.google.com/?cid=10530691291788556849,Not Awarded Any Yet,"Dine-in,Takeaway",No Description Available Yet,B,1,5,1.2,poor,0.7503,terrible,0.6767,poor,0.8418,2.4,2.2,2.6
ChIJB6udHtUR2jERyYhj3L5ZQu0,Ding Jian Hong Kong Style Charcoal Roasted,"440 Bukit Batok West Avenue 8, Singapore 650440",Singapore,West,2.0,Chinese,103.7395244,1.3559741,8882 8849,Not in Michelin Guide Yet,https://maps.google.com/?cid=17096325811727993033,Not Awarded Any Yet,"Dine-in,Takeaway,Delivery,Coffee,Wheelchair accessible",No Description Available Yet,A,0,3,3.33,average,0.7342,excellent,0.4153,good,0.8027,3.0,3.67,4.0
ChIJuecaLs8X2jEROm0fgCBbvf0,Ding Kee Super Soup,"10 Ang Mo Kio Street 65, Singapore 569059",Singapore,North-East,1.0,Asian,103.849488,1.389536,9109 1613,Not in Michelin Guide Yet,https://maps.google.com/?cid=18283870257340706106,Not Awarded Any Yet,"Dine-in,Takeaway,Coffee,NFC payments",No Description Available Yet,A,0,5,5.0,good,0.7133,excellent,0.9072,good,0.9793,4.4,4.8,4.4
ChIJd_7DgE8W2jERPk9MvW9ZRNc,Divine Realm Vegetarian Restaurant Blk501 Hougang,"Hougang Avenue 4, Singapore 530681",Singapore,North-East,1.0,Vegetarian,103.8864736,1.3720644,6387 2058,Not in Michelin Guide Yet,https://maps.google.com/?cid=15511621353022967614,Not Awarded Any Yet,"Dine-in,Takeaway,Delivery,Outdoor seating,Coffee","Unassuming joint whipping up vegetarian local & global eats including noodles, rice & claypot soups.",A,0,3,4.67,good,0.6035,good,0.4513,good,0.9849,4.33,4.0,4.0
ChIJeXLtuDoV2jERQSK0dCSJ_ZQ,Dock Yard Cafe By Eat What,"Dock Road South, Singapore 759951",Singapore,North,1.0,Cafe,103.822894,1.459944,No Phone Number Listed,Not in Michelin Guide Yet,https://maps.google.com/?cid=10735887876390920769,Not Awarded Any Yet,"Dine-in,Takeaway,Beer,Coffee",No Description Available Yet,A,0,3,3.33,good,0.8295,excellent,0.5921,good,0.6852,3.33,3.67,3.33
ChIJFzRwWakQ2jERhCPJUvP8VQM,Donguri Family Restaurant (Member’S Only),"120 Adam Road, Singapore 289899",Singapore,Central,2.0,Japanese,103.8160288,1.3308434,6467 3968,Not in Michelin Guide Yet,https://maps.google.com/?cid=240376277130355588,Not Awarded Any Yet,"Dine-in,Takeaway,Delivery,Coffee,Credit cards,NFC payments,Wheelchair accessible",No Description Available Yet,A,0,3,4.67,good,0.47,good,0.4005,good,0.5215,4.0,4.33,4.0
ChIJpUMc-jIT2jERpsbxUpeN5F0,Dou Dou Mala Hotpot,"10 Marsiling Industrial Estate Road 1, Singapore 739276",Singapore,North,1.0,Chinese,103.781331,1.440966,No Phone Number Listed,Not in Michelin Guide Yet,https://maps.google.com/?cid=6765688221288482470,Not Awarded Any Yet,"Dine-in,Takeaway",No Description Available Yet,A,0,4,4.0,average,0.5755,excellent,0.6168,excellent,0.8458,3.25,5.0,4.5
ChIJJaePuRsR2jERhFed881U_WY,Dou Yong Tau Foo,"259 Bukit Panjang Ring Road, Singapore 671259",Singapore,West,1.0,Street Food,103.7730453,1.3773085,No Phone Number Listed,Not in Michelin Guide Yet,https://maps.google.com/?cid=7421181004508649348,Not Awarded Any Yet,"Dine-in,Takeaway",No Description Available Yet,A,0,5,4.0,good,0.749,excellent,0.9382,good,0.7246,3.4,3.8,3.6
ChIJ70PHzuwT2jER7xv1ahuc5Ng,Double K Western Food (Halal) (Marsiling),"304 Woodlands Street 31, Singapore 730304",Singapore,North,1.0,Western,103.77386,1.4299893,No Phone Number Listed,Not in Michelin Guide Yet,https://maps.google.com/?cid=15628788248454962159,Not Awarded Any Yet,"Dine-in,Takeaway,Coffee",No Description Available Yet,A,0,4,4.25,good,0.8105,excellent,0.6539,good,0.8484,3.5,3.75,3.5
ChIJq6bvoqgT2jERGt3nTcK1Hjs,Dough Culture,"Woodlands Integrated Transport Hub, Singapore 738343",Singapore,North,1.0,Fast Food,103.786248,1.4362945,6893 9223,Not in Michelin Guide Yet,https://maps.google.com/?cid=4260042143674391834,Not Awarded Any Yet,"Takeaway,Coffee,NFC payments,Wheelchair accessible",No Description Available Yet,A,0,4,2.75,poor,0.6352,excellent,0.635,good,0.6846,3.25,4.75,4.0
ChIJy-3_6aYX2jERskA4RYVKjkc,Dough Culture (Nex),"Serangoon Bus Interchange, Singapore 556138",Singapore,North-East,1.0,Bakery,103.8719911,1.3506853,6634 2061,Not in Michelin Guide Yet,https://maps.google.com/?cid=5156140559638216882,Not Awarded Any Yet,"Takeaway,NFC payments",No Description Available Yet,A,0,5,2.0,poor,0.6025,average,0.4916,average,0.7004,2.6,3.0,3.2
ChIJKWREE2kP2jERk0CEOztT8no,Douraku Sushi,"Upper Jurong Road, Singapore 638365",Singapore,West,2.0,Japanese,103.6830768,1.3293792,6262 6996,Not in Michelin Guide Yet,https://maps.google.com/?cid=8859234930857885843,Not Awarded Any Yet,"Dine-in,Takeaway,Delivery,Reservations,Beer,Wine,Credit cards,NFC payments,Wheelchair accessible",No Description Available Yet,A,0,5,5.0,good,0.7628,good,0.8392,good,0.8745,3.6,4.4,4.2
ChIJ-ak3g8cZ2jERq7uH-mCGc_I,Douraku Sushi (Gardens By The Bay),"18 Marina Gardens Drive, Singapore 018593",Singapore,Central,2.0,Sushi,103.8653472,1.2843866,6022 0188,Not in Michelin Guide Yet,https://maps.google.com/?cid=17470455130578467755,Not Awarded Any Yet,"Dine-in,Takeaway,Delivery,Reservations,Beer,Wine,Credit cards,NFC payments,Wheelchair accessible",No Description Available Yet,A,0,3,4.67,excellent,0.747,excellent,0.7392,good,0.7962,3.67,3.33,3.33
ChIJiVtvfnYP2jERCdM456NzwO0,Dragon Seafood,"Benoi Road, Singapore 629116",Singapore,West,2.0,Seafood,103.6808521,1.3296291,No Phone Number Listed,Not in Michelin Guide Yet,https://maps.google.com/?cid=17131820130313491209,Not Awarded Any Yet,,No Description Available Yet,A,0,4,2.0,poor,0.4045,poor,0.3299,good,0.3675,2.0,1.5,3.5
ChIJ4ddQGckZ2jERbIMDgPz8eGU,Druggists | Craft Beer Taproom Restaurant Singapore,"Tyrwhitt Road, Singapore 207547",Singapore,Central,2.0,Western,103.8596912,1.3111042,6802 0228,Not in Michelin Guide Yet,https://maps.google.com/?cid=7311872156445672300,Not Awarded Any Yet,"Dine-in,Takeaway,Delivery,Reservations,Outdoor seating,Beer,Wine,Credit cards,NFC payments,Wheelchair accessible","Hearty pub fare served with craft beer, cocktails & natural wine in a casual, trendy restaurant.",A,0,3,3.0,good,0.5136,good,0.3878,good,0.4801,3.33,3.33,3.67
ChIJBU0jlyYZ2jER8VcLqVokVGY,Dumprince Dumpling House (Satay By The Bay),"Rocks, Singapore 018593",Singapore,Central,1.0,Street Food,103.868645,1.2823845,8886 1066,Not in Michelin Guide Yet,https://maps.google.com/?cid=7373558461714094065,Not Awarded Any Yet,"Dine-in,Takeaway,Wheelchair accessible",No Description Available Yet,A,0,5,3.0,poor,0.9149,good,0.6038,good,0.7908,2.8,3.2,3.6
ChIJTa5Gxd8b2jERJkyx1H654CU,Dusk (Mount Faber Peak),"Mount Faber Rd, Level 2 Mount Faber Peak Singapore, Singapore 099203",Singapore,Central,2.0,European,103.8196354,1.2711347,6361 0088,Not in Michelin Guide Yet,https://maps.google.com/?cid=2729385328571927590,Not Awarded Any Yet,"Dine-in,Takeaway,Reservations,Outdoor seating,Live music,Beer,Wine,Cocktails,Coffee,Credit cards,NFC payments,Wheelchair accessible",No Description Available Yet,A,0,5,5.0,good,0.7993,excellent,0.9888,good,0.9351,4.2,4.8,4.0
ChIJNQt1fWUU2jERr_Ty-ejvefA,DLifrance,"#01-141 Yishun Bus Interchange, Singapore 768019",Singapore,North,2.0,Bistro,103.8358547,1.4285048,6250 6982,Not in Michelin Guide Yet,https://maps.google.com/?cid=17328144825189594287,Not Awarded Any Yet,"Dine-in,Takeaway,Coffee,Credit cards,NFC payments",No Description Available Yet,A,0,5,5.0,average,0.6963,good,0.7819,good,0.7352,3.8,4.2,4.0
ChIJk8Eq-G0X2jERuKff20DaASU,DLifrance Sengkang West Way,"150 Sengkang West Way, Singapore 797622",Singapore,North-East,2.0,Cafe,103.8801973,1.3953394,No Phone Number Listed,Not in Michelin Guide Yet,https://maps.google.com/?cid=2666652426481674168,Not Awarded Any Yet,"Dine-in,Takeaway,Credit cards,NFC payments",No Description Available Yet,B,1,1,5.0,good,0.9993,excellent,0.9697,good,0.9993,4.0,5.0,4.0
ChIJlyVkO2Ma2jERmk9T7D6j05k,E-Sarn Thai Ridgewood,"5 Ridgewood Close, Singapore 276696",Singapore,Central,2.0,Thai,103.778965,1.3166908,6466 8078,Not in Michelin Guide Yet,https://maps.google.com/?cid=11084382598537105306,Not Awarded Any Yet,"Takeaway,NFC payments",No Description Available Yet,A,0,1,5.0,good,0.7039,excellent,0.7638,good,0.9693,4.0,5.0,4.0
ChIJ126ffHMZ2jERqD1oXi1yu94,East Ocean Seafood Restaurant People's Park Complex,"Eu Tong Sen Street, Singapore 059441",Singapore,Central,1.0,Seafood,103.8425309,1.284095,6532 5721,Not in Michelin Guide Yet,https://maps.google.com/?cid=16049547236247879080,Not Awarded Any Yet,"Dine-in,Takeaway",No Description Available Yet,A,0,1,3.0,excellent,0.7017,excellent,0.9439,good,0.88,5.0,5.0,4.0
ChIJKXHQcG4X2jEROTr1QFcoy5c,East Seafood White Meehoon,"210 Lorong 8 Toa Payoh, Singapore 310210",Singapore,Central,1.0,Seafood,103.8544104,1.3400203,8715 1087,Not in Michelin Guide Yet,https://maps.google.com/?cid=10937880475216460345,Not Awarded Any Yet,"Dine-in,Takeaway,Delivery,Wheelchair accessible",No Description Available Yet,B,1,3,4.67,good,0.7998,excellent,0.5837,good,0.9705,3.67,5.0,4.0
ChIJgbuahQ0W2jERZj5zfxTBHLY,Eastern Rice Dumpling (Sengkang Square),"1 Sengkang Square, Singapore 545078",Singapore,North-East,1.0,Chinese,103.8950459,1.3922158,6750 4588,Not in Michelin Guide Yet,https://maps.google.com/?cid=13122575708032548454,Not Awarded Any Yet,"Takeaway,Delivery,NFC payments,Wheelchair accessible",No Description Available Yet,A,0,5,1.0,poor,0.5793,terrible,0.5996,good,0.2721,2.4,1.8,2.6
ChIJAdLT-PMR2jERpEOXO1oFW2E,Eastern Rice Dumpling (Yew Tee),"Yew Tee Close, Singapore 689579",Singapore,West,1.0,Takeout,103.7466229,1.3972158,No Phone Number Listed,Not in Michelin Guide Yet,https://maps.google.com/?cid=7015206729664644004,Not Awarded Any Yet,"Takeaway,Delivery,Wheelchair accessible",No Description Available Yet,A,0,5,1.8,poor,0.6989,terrible,0.5399,poor,0.767,2.8,2.2,2.4
ChIJ6eSTE9kZ2jERX0SihemdL9k,Eastern Rice Dumpling (Balestier),"Balestier Road, Singapore 329735",Singapore,Central,1.0,Wholesaler,103.8525627,1.3232531,6352 6283,Not in Michelin Guide Yet,https://maps.google.com/?cid=15649900856430707807,Not Awarded Any Yet,NFC payments,No Description Available Yet,A,0,3,3.0,average,0.5352,poor,0.3808,good,0.6312,3.0,3.0,4.0
ChIJUTmI1KcT2jERyVP27gn4ebc,Eat (Woodlands Integrated Transport Hub),"Woodlands Integrated Transport Hub, Singapore 738343",Singapore,North,2.0,Singaporean,103.7867208,1.4366994,6370 1155,Not in Michelin Guide Yet,https://maps.google.com/?cid=13220870902670316489,Not Awarded Any Yet,"Dine-in,Takeaway,Coffee,Wheelchair accessible",No Description Available Yet,A,0,4,1.0,poor,0.8213,terrible,0.6784,good,0.8151,2.0,1.25,2.75
ChIJUQ6ZYlEQ2jERvx2jgSfw7-s,Eat (Upper Bukit Timah),"434 Upper Bukit Timah Road, Singapore 678060",Singapore,West,2.0,Singaporean,103.767619,1.3593135,6462 3034,Not in Michelin Guide Yet,https://maps.google.com/?cid=17001071170816253375,Not Awarded Any Yet,"Dine-in,Takeaway,Delivery,Outdoor seating,Coffee,Credit cards,NFC payments,Wheelchair accessible",No Description Available Yet,A,0,4,1.25,poor,0.7885,poor,0.8248,poor,0.7359,2.0,1.75,2.0
ChIJZTd8Z-Ib2jERZohM7c0U-PI,Eat (Maritime Square),"1 Maritime Square, #01-84b Harbourfront Centre, Singapore 099523",Singapore,Central,2.0,Store,103.8204508,1.2649045,6370 1155,Not in Michelin Guide Yet,https://maps.google.com/?cid=17507766426084870246,Not Awarded Any Yet,,No Description Available Yet,A,0,5,1.8,poor,0.7542,poor,0.8314,terrible,0.8252,2.2,2.4,2.2
ChIJq6qqemUU2jEREVzMhbINR_Y,Eat (Yishun Central Service),"Yishun Central Service Road, Singapore 768794",Singapore,North,2.0,Singaporean,103.8358737,1.4295384,6484 2556,Not in Michelin Guide Yet,https://maps.google.com/?cid=17746167917076831249,Not Awarded Any Yet,"Dine-in,Takeaway,Coffee,NFC payments,Wheelchair accessible",No Description Available Yet,A,0,4,2.0,poor,0.8644,poor,0.6557,good,0.6004,2.5,2.5,4.0
ChIJW75052sU2jERzJxHjMVroNc,Eatzi Gourmet Steakhouse & Bistro,"Khatib Bongsu Park Connector, Singapore 761348",Singapore,North,2.0,Steak House,103.840865,1.4250123,6852 8270,Not in Michelin Guide Yet,https://maps.google.com/?cid=15537537210634443980,Not Awarded Any Yet,"Dine-in,Takeaway,Delivery,Reservations,Outdoor seating,Coffee,Credit cards,NFC payments,Wheelchair accessible",No Description Available Yet,A,0,4,2.25,poor,0.8774,poor,0.708,poor,0.6576,2.5,2.25,2.25
ChIJ0RPkCTga2jER0-cBa9Gn4PM,Edmond Chicken Rice,"48A Tanglin Halt Road, Singapore 148813",Singapore,Central,1.0,Street Food,103.7979406,1.3005586,9834 2842,Not in Michelin Guide Yet,https://maps.google.com/?cid=17573230263884965843,Not Awarded Any Yet,"Dine-in,Takeaway,Outdoor seating,Coffee,Cash only,Wheelchair accessible",No Description Available Yet,A,0,3,4.33,average,0.6354,excellent,0.6032,good,0.7957,3.33,3.33,4.0
ChIJwd1hZ4YV2jERGLMeCF2JqbE,Elaine's Western Food,"461 Yishun Avenue 6, Singapore 760461",Singapore,North,1.0,Western,103.8499231,1.4288375,8595 2995,Not in Michelin Guide Yet,https://maps.google.com/?cid=12801914448438539032,Not Awarded Any Yet,"Dine-in,Takeaway,Delivery",No Description Available Yet,A,0,5,3.4,good,0.9084,good,0.5423,good,0.8638,3.2,3.2,3.0
ChIJxS4H7hwT2jERBRdisyWBfUM,Elemen,"Woodlands Height, Singapore 737858",Singapore,North,2.0,Vegetarian,103.7993501,1.4282523,6513 7718,Not in Michelin Guide Yet,https://maps.google.com/?cid=4863185171553326853,Not Awarded Any Yet,"Dine-in,Takeaway,Coffee,Credit cards,NFC payments,Wheelchair accessible",No Description Available Yet,A,0,2,4.0,good,0.8674,excellent,0.9112,good,0.5839,4.0,4.5,4.0
ChIJsTwpDgAP2jERWIGSn0KGYSs,Empire Cuisine (Taste Of Love),"429 Jurong West Avenue 1, Singapore 640429",Singapore,West,2.0,Chinese,103.7246684,1.3519495,No Phone Number Listed,Not in Michelin Guide Yet,https://maps.google.com/?cid=3125927237074977112,Not Awarded Any Yet,"Dine-in,Takeaway,NFC payments",No Description Available Yet,A,0,5,3.4,good,0.8324,excellent,0.7546,good,0.8782,3.4,3.6,3.4
ChIJyY1br8UZ2jERW0OpG40NfcI,Enchanted Cafe Rangoon Road,"Rangoon Road, Singapore 218374",Singapore,Central,2.0,Cafe,103.8542027,1.3142982,8846 8000,Not in Michelin Guide Yet,https://maps.google.com/?cid=14014372515152479067,Not Awarded Any Yet,"Dine-in,Takeaway,Delivery,Reservations,Outdoor seating,Coffee,Credit cards,NFC payments","In-house coffees, teas & sweet treats, plus a brunch menu, in a charming cafe open 24 hours.",A,0,3,4.0,good,0.8611,excellent,0.9507,good,0.9951,4.0,4.67,4.0
ChIJ4xGaZkkY2jERgdtXt_h0xB4,Encik Tan (Stadium Riverside),"Stadium Riverside Walk, Singapore 397628",Singapore,Central,1.0,Halal,103.87256,1.3035901,6370 1155,Not in Michelin Guide Yet,https://maps.google.com/?cid=2217025528149826433,Not Awarded Any Yet,"Dine-in,Takeaway,Coffee,Credit cards,NFC payments,Wheelchair accessible",No Description Available Yet,A,0,2,3.5,good,0.6635,good,0.4504,good,0.8708,3.0,3.0,3.0
ChIJYQ95QwAP2jERmvEqJcTsibc,Encik Tan (Nanyang),"76 Nanyang Drive, Singapore 637331",Singapore,West,1.0,Halal,103.6801152,1.3475051,No Phone Number Listed,Not in Michelin Guide Yet,https://maps.google.com/?cid=13225362107931488666,Not Awarded Any Yet,"Dine-in,Takeaway,NFC payments",No Description Available Yet,A,0,2,1.0,good,0.8041,good,0.7766,good,0.6926,3.0,2.5,3.0
ChIJM8WC5vMR2jERTQU1Zh8C-nY,Encik Tan (Yew Tee),"Yew Tee Close, Singapore 689579",Singapore,West,1.0,Halal,103.7469408,1.3972504,6370 1155,Not in Michelin Guide Yet,https://maps.google.com/?cid=8573167174535152973,Not Awarded Any Yet,"Dine-in,Takeaway,Coffee,NFC payments,Wheelchair accessible",No Description Available Yet,A,0,3,3.33,average,0.8809,excellent,0.7258,good,0.7716,3.0,4.0,4.0
ChIJD4fddRIW2jERHiZ7rqsJVo0,Encik Tan (Sengkang Bus Interchange),"Sengkang Bus Interchange, Singapore 545077",Singapore,North-East,1.0,Halal,103.8952132,1.3917881,6370 1155,Not in Michelin Guide Yet,https://maps.google.com/?cid=10184338240316319262,Not Awarded Any Yet,"Dine-in,Takeaway,Delivery,Coffee,Wheelchair accessible",No Description Available Yet,A,0,3,3.0,poor,0.4132,terrible,0.2219,good,0.5085,2.0,2.0,4.0
ChIJS0AstsoR2jERAk4sjQddFxg,Encik Tan (Woodlands),"1 Woodlands Road, Singapore 677899",Singapore,West,1.0,Food Court,103.7603527,1.3801217,6370 1155,Not in Michelin Guide Yet,https://maps.google.com/?cid=1735958468389260802,Not Awarded Any Yet,"Dine-in,Takeaway,Delivery,Coffee,Wheelchair accessible",No Description Available Yet,A,0,3,2.33,poor,0.8289,poor,0.7358,poor,0.7177,2.67,3.0,2.67
ChIJ2Vm6Ix0F2jERD-Rg8-f_goY,Encik Tan (Benoi),"55 Benoi Road, Singapore 629907",Singapore,West,1.0,Halal,103.6786052,1.326016,No Phone Number Listed,Not in Michelin Guide Yet,https://maps.google.com/?cid=9692590719740470287,Not Awarded Any Yet,"Dine-in,NFC payments,Wheelchair accessible",No Description Available Yet,A,0,5,2.0,poor,0.6741,poor,0.4085,good,0.6287,2.4,2.2,2.4
ChIJf2uHLqMR2jERXCAS_vbGiZM,Encik Tan (Jelebu),"1 Jelebu Road, Singapore 677743",Singapore,West,1.0,Halal,103.7642087,1.3799791,6779 8980,Not in Michelin Guide Yet,https://maps.google.com/?cid=10631247159511621724,Not Awarded Any Yet,Wheelchair accessible,No Description Available Yet,A,0,1,4.0,average,0.7159,excellent,0.5509,good,0.9575,3.0,5.0,4.0
ChIJi1FVJz8Q2jER3qiay7YLe6E,Encik Tan (Bukit Batok Central Link),"1 Bukit Batok Central Link, Singapore 658713",Singapore,West,1.0,Halal,103.7491332,1.3505301,No Phone Number Listed,Not in Michelin Guide Yet,https://maps.google.com/?cid=11635906941969672414,Not Awarded Any Yet,"Dine-in,Takeaway,Delivery,Outdoor seating,Coffee,NFC payments,Wheelchair accessible",No Description Available Yet,A,0,3,3.33,good,0.7428,excellent,0.324,good,0.5369,3.33,3.67,4.0
ChIJdyaCy80b2jERR7Km4LLQ1-Y,Eng's Wonton Noodles,"460 Alexandra Rd, #02-37 ARC, Singapore, Singapore 119963",Singapore,Central,1.0,Street Food,103.8016438,1.2735186,No Phone Number Listed,Not in Michelin Guide Yet,https://maps.google.com/?cid=16633993215407993415,Not Awarded Any Yet,"Dine-in,Takeaway,Wheelchair accessible",No Description Available Yet,A,0,5,3.2,poor,0.5146,poor,0.4924,average,0.5282,2.4,2.6,3.0
ChIJFwkLXLkb2jERSCQmKC7_PXw,Esarn Thai Corner Pasir Panjang,"130 Pasir Panjang Rd, Singapore 118548",Singapore,Central,2.0,Thai,103.7930246,1.2761949,6473 3716,Not in Michelin Guide Yet,https://maps.google.com/?cid=8952592207989580872,Not Awarded Any Yet,"Dine-in,Takeaway,Delivery,Reservations,Outdoor seating,Beer,Wine,Coffee,Credit cards,NFC payments",No Description Available Yet,A,0,4,4.25,good,0.8299,good,0.8395,good,0.9585,4.0,4.25,4.0
ChIJETH01MUZ2jERfBRS39HPGTE,Escape Restaurant (One Farrer Hotel),"Rangoon Road, Singapore 217562",Singapore,Central,2.0,Western,103.8545562,1.3127619,6705 7825,Not in Michelin Guide Yet,https://maps.google.com/?cid=3538087482578048124,Not Awarded Any Yet,"Dine-in,Takeaway,Reservations,Outdoor seating,Beer,Wine,Cocktails,Coffee,Credit cards,NFC payments,Wheelchair accessible",No Description Available Yet,A,0,2,5.0,good,0.5616,excellent,0.5317,good,0.9898,4.0,4.5,4.0
ChIJfRlYVWwZ2jERD0twz59OtIU,Essen (The Pinnacle),"1 Cantonment Rd, #01-01, Singapore 080001",Singapore,Central,2.0,Food Court,103.841782,1.277308,6727 6068,Not in Michelin Guide Yet,https://maps.google.com/?cid=9634411951139343119,Not Awarded Any Yet,"Dine-in,Credit cards,NFC payments,Wheelchair accessible",No Description Available Yet,A,0,2,2.5,good,0.9266,good,0.6478,good,0.5427,3.0,3.0,3.0
ChIJVQ_zFW0Z2jERmvcYiSmIuSk,Etna Italian Restaurant (Duxton),"50 Duxton Road, Singapore 089513",Singapore,Central,3.0,Italian,103.8433345,1.2783225,6220 5513,Not in Michelin Guide Yet,https://maps.google.com/?cid=3006583938221668250,Not Awarded Any Yet,"Dine-in,Takeaway,Delivery,Reservations,Outdoor seating,Beer,Wine,Cocktails,Coffee,Credit cards,NFC payments,Wheelchair accessible",No Description Available Yet,A,0,4,5.0,good,0.5268,excellent,0.7638,excellent,0.9899,4.25,5.0,4.5
ChIJO-FlOIka2jERe4Jxr4p1bco,Evertop Hainanese Boneless Chicken Rice,"354 Clementi Avenue 2, Singapore 120354",Singapore,Central,2.0,Halal,103.7702197,1.3145992,6774 1353,Not in Michelin Guide Yet,https://maps.google.com/?cid=14586444006632292987,Not Awarded Any Yet,"Dine-in,Takeaway,Delivery,Reservations,Outdoor seating,Coffee,NFC payments,Wheelchair accessible",No Description Available Yet,B,1,4,3.0,good,0.8318,excellent,0.7231,good,0.7619,3.0,3.0,3.25
ChIJ9dVEJIoR2jER0p6yjkIbLsk,Fa Zhan Fishball Noodle,"930 Upper Thomson Road, Singapore 787113",Singapore,North,1.0,Street Food,103.8178794,1.3995264,No Phone Number Listed,Not in Michelin Guide Yet,https://maps.google.com/?cid=14496554223228067538,Not Awarded Any Yet,"Dine-in,Takeaway,Coffee,Wheelchair accessible",No Description Available Yet,A,0,5,4.2,good,0.591,good,0.4821,good,0.9014,3.4,4.4,4.0
ChIJXY4jC5ka2jER7-pcR1iUa70,Faber Valley Pub & Restaurant,"112 Faber Drive, Singapore 129424",Singapore,Central,1.0,Western,103.7564168,1.3204035,6778 7101,Not in Michelin Guide Yet,https://maps.google.com/?cid=13649166202551724783,Not Awarded Any Yet,"Dine-in,Takeaway,Reservations,Beer,Wine,Cocktails,Credit cards,NFC payments,Wheelchair accessible",No Description Available Yet,A,0,1,5.0,good,0.9496,excellent,0.8941,good,0.9973,4.0,5.0,4.0
ChIJDREEUTgX2jERbPaGg5rAuy4,Face Ban Mian,"631 Ang Mo Kio Street 61, Singapore 560632",Singapore,North-East,1.0,Street Food,103.840109,1.379601,No Phone Number Listed,Not in Michelin Guide Yet,https://maps.google.com/?cid=3367496916253734508,Not Awarded Any Yet,"Dine-in,Takeaway,Wheelchair accessible",No Description Available Yet,B,1,5,4.8,good,0.6277,excellent,0.656,good,0.9502,3.4,4.2,4.0
ChIJ-Uph06UZ2jERjKQsyQgfltg,Fairmont Singapore,"Bras Basah Road, Singapore 189560",Singapore,Central,3.0,Hotel,103.8537619,1.2942639,6339 7777,Not in Michelin Guide Yet,https://maps.google.com/?cid=15606695681294378124,Not Awarded Any Yet,"NFC payments,Wheelchair accessible","High-end option offering relaxed rooms & suites, plus restaurants, indoor & outdoor pools & a spa.",A,0,3,4.0,average,0.7433,good,0.9152,good,0.6688,3.0,4.33,4.0
ChIJy1mquscZ2jERguDaI1iw_nY,Fakruddin Restaurant,"Desker Road, Singapore 209110",Singapore,Central,1.0,Bangladeshi,103.8542902,1.3095166,8164 7734,Not in Michelin Guide Yet,https://maps.google.com/?cid=8574484633165160578,Not Awarded Any Yet,"Dine-in,Takeaway,Delivery,Reservations",No Description Available Yet,A,0,4,2.5,poor,0.9034,terrible,0.7255,terrible,0.6514,2.25,2.0,2.0
ChIJreDu_TgQ2jERUGkgwxmT0ts,Fame By Dad's Corner,"1 Choa Chu Kang Grove, Singapore 680112",Singapore,West,1.0,Family,103.7523055,1.3764369,8850 1617,Not in Michelin Guide Yet,https://maps.google.com/?cid=15839884578272602448,Not Awarded Any Yet,"Dine-in,Takeaway,Reservations,Coffee,Credit cards,NFC payments,Wheelchair accessible",No Description Available Yet,A,0,5,2.2,poor,0.9004,terrible,0.5634,poor,0.8077,2.2,1.8,2.2
ChIJda4Lp98V2jER-Cs3gCQyB0c,Family Mookata,"6 Yishun Industrial Street 1, Singapore 768090",Singapore,North,2.0,Thai,103.8440786,1.436539,8927 2782,Not in Michelin Guide Yet,https://maps.google.com/?cid=5118114633881168888,Not Awarded Any Yet,"Dine-in,Outdoor seating,Beer,Coffee,NFC payments,Wheelchair accessible",No Description Available Yet,B,1,5,4.2,good,0.7846,excellent,0.5648,good,0.6737,4.4,4.2,4.2
ChIJxVE3DQAT2jERIsBc6yIfLeg,Famous Chai Chee Fishball Noodles (Vista Point),"Woodlands Avenue 4, Singapore 730530",Singapore,North,1.0,Noodle Shop,103.7943796,1.4312341,No Phone Number Listed,Not in Michelin Guide Yet,https://maps.google.com/?cid=16730062425589334050,Not Awarded Any Yet,"Dine-in,Takeaway",No Description Available Yet,A,0,4,3.5,poor,0.8458,good,0.5376,good,0.9492,2.5,2.75,3.5
ChIJKcHQTXcT2jER5apKhqFZd8M,Famous Hangout Alfresco Restaurant And Bar (Pet Friendly),"54 Sembawang Road, Singapore 779082",Singapore,North,2.0,Bar,103.8181274,1.4027461,9159 9026,Not in Michelin Guide Yet,https://maps.google.com/?cid=14084824909902162661,Not Awarded Any Yet,"Dine-in,Takeaway,Delivery,Reservations,Outdoor seating,Beer,Wine,Cocktails,Credit cards,NFC payments,Wheelchair accessible",No Description Available Yet,A,0,5,5.0,good,0.6386,excellent,0.8892,good,0.5911,4.0,4.8,4.0
ChIJaXq0JG4Q2jERggfc-CzhJh0,Famous Jb 101 (Bukit Batok (Main)),"21 Bukit Batok Crescent, Singapore 658065",Singapore,West,2.0,Chinese,103.7595727,1.3370671,6909 7716,Not in Michelin Guide Yet,https://maps.google.com/?cid=2100613859484895106,Not Awarded Any Yet,"Dine-in,Takeaway,Delivery,Reservations,Outdoor seating,Beer,Coffee,Credit cards,NFC payments,Wheelchair accessible",No Description Available Yet,A,0,5,4.4,good,0.77,excellent,0.8207,good,0.9322,4.2,5.0,4.2
ChIJh6WbPQAV2jERwPBU9YfKWS8,Famous Mr Bilal Prata Indian Muslim Food,"780 Yishun Ring Road, Singapore 760780",Singapore,North,1.0,Indian,103.8327773,1.422176,No Phone Number Listed,Not in Michelin Guide Yet,https://maps.google.com/?cid=3411980877995241664,Not Awarded Any Yet,"Dine-in,Takeaway,Coffee",No Description Available Yet,A,0,2,4.5,excellent,0.7927,excellent,0.7086,good,0.9984,5.0,5.0,4.0
ChIJRY-Yj5Ma2jERpSXduhiH4z8,Fan Ji Speciality Noodle,"501 West Coast Drive, Singapore 120501",Singapore,Central,1.0,Chinese Noodle,103.7592518,1.3124648,No Phone Number Listed,Not in Michelin Guide Yet,https://maps.google.com/?cid=4603671784386799013,Not Awarded Any Yet,"Dine-in,Takeaway,Outdoor seating,Beer,Coffee,Cash only,Wheelchair accessible",No Description Available Yet,A,0,4,4.5,good,0.787,good,0.5996,good,0.8435,3.5,3.5,4.0
ChIJ60B18R4P2jER8Ioq9ZbH-T8,Fang Xiang Wanton Noodles,"276 Jurong West Street 25, Singapore 640276",Singapore,West,1.0,Street Food,103.7039832,1.3537999,8332 2345,Not in Michelin Guide Yet,https://maps.google.com/?cid=4609935144762641136,Not Awarded Any Yet,"Dine-in,Takeaway,Delivery",No Description Available Yet,A,0,2,5.0,good,0.9162,excellent,0.4481,good,0.9632,4.0,4.5,4.0
ChIJYWYikAYa2jER6ugFpTiBKWA,Fat Belly Steakhouse,"Farrer Road, Singapore 258748",Singapore,Central,1.0,Steak House,103.8136409,1.3225386,6314 2247,Not in Michelin Guide Yet,https://maps.google.com/?cid=6929211581972998378,Not Awarded Any Yet,"Dine-in,Takeaway,Delivery,Reservations,Outdoor seating,Beer,Wine,Cocktails,Coffee,Credit cards,NFC payments,Wheelchair accessible",No Description Available Yet,A,0,3,3.67,excellent,0.6677,excellent,0.5097,good,0.6752,3.67,4.0,4.0
ChIJWRBXNw0Z2jERuUZ6QJDPVhg,Fat Saigon Boy,"North Buona Vista Road, Singapore 139212",Singapore,Central,2.0,Vietnamese,103.7879306,1.3042734,9271 2530,Not in Michelin Guide Yet,https://maps.google.com/?cid=1753817323371382457,Not Awarded Any Yet,"Dine-in,Takeaway,Delivery,Outdoor seating,Beer,Coffee,Credit cards,NFC payments",No Description Available Yet,A,0,5,5.0,excellent,0.7896,excellent,0.8422,good,0.8134,4.2,5.0,4.4
ChIJLcv_q2UX2jERg6oJfV980hM,Fatty Bom Bom,"455 Sengkang W Ave, Singapore 790455",Singapore,North-East,1.0,Western,103.8709624,1.3913959,No Phone Number Listed,Not in Michelin Guide Yet,https://maps.google.com/?cid=1428340781391391363,Not Awarded Any Yet,"Dine-in,Takeaway,Delivery,Coffee,NFC payments",No Description Available Yet,B,1,5,3.0,poor,0.8891,terrible,0.8392,good,0.7896,2.8,2.4,2.4
ChIJR9kFNAAN2jERSZaLn_7-mSw,Fauzia Muslim Delight,"105 Sungei Gedong Road, Singapore 718921",Singapore,West,1.0,Indian,103.6976565,1.4198661,9780 2447,Not in Michelin Guide Yet,https://maps.google.com/?cid=3213880178657433161,Not Awarded Any Yet,"Takeaway,Wheelchair accessible",No Description Available Yet,B,1,4,5.0,good,0.5906,excellent,0.5036,good,0.7672,3.25,4.75,4.0
ChIJD3hFWT8b2jERfXNLmHywz6U,Fauziah's,"121 Pasir Panjang Rd, #01-20 Pasir Panjang Food CentreSingapore, Singapore 118543",Singapore,Central,1.0,Street Food,103.7912552,1.27598,No Phone Number Listed,Not in Michelin Guide Yet,https://maps.google.com/?cid=11947962385614730109,Not Awarded Any Yet,"Dine-in,Takeaway,Coffee",No Description Available Yet,A,0,4,5.0,good,0.8493,excellent,0.8796,good,0.9892,3.75,4.5,4.0
ChIJV2Zx_NgZ2jERWx7Ro1iJ7c0,Fayidha Restaurant,"Kim Keat Road, Singapore 328837",Singapore,Central,1.0,Indian,103.8530675,1.3242947,6259 7560,Not in Michelin Guide Yet,https://maps.google.com/?cid=14838667361054170715,Not Awarded Any Yet,"Dine-in,Takeaway,Outdoor seating,Coffee,NFC payments",No Description Available Yet,A,0,2,5.0,good,0.671,good,0.9033,good,0.925,4.0,4.0,4.0
ChIJp7caXk0S2jERQrNysreBbIM,Feng Feng Hainanese Boneless Chicken Rice,"304 Woodlands Street 31, Block 304, Singapore 730304",Singapore,North,1.0,Street Food,103.7736643,1.4299874,No Phone Number Listed,Not in Michelin Guide Yet,https://maps.google.com/?cid=9470086742426170178,Not Awarded Any Yet,"Dine-in,Takeaway,Outdoor seating,Coffee,Cash only,Wheelchair accessible",No Description Available Yet,A,0,4,3.75,poor,0.7126,good,0.5364,good,0.9344,2.75,3.0,3.0
ChIJIZfT4P0b2jERv45K2bx1LzI,Feng Shui Inn,"Equarius Hotel, 16 Sentosa Gateway, Resorts World Sentosa, 098133",Singapore,Central,4.0,Chinese,103.8170127,1.2573295,6577 6599,Not in Michelin Guide Yet,https://maps.google.com/?cid=3616238479761641151,Not Awarded Any Yet,"Dine-in,Takeaway,Delivery,Reservations,Outdoor seating,Beer,Wine,Coffee,Credit cards,NFC payments,Wheelchair accessible",No Description Available Yet,A,0,5,5.0,good,0.806,excellent,0.8518,good,0.8781,3.6,4.0,4.0
ChIJy7ffK9MR2jERUoBLD2ZmyNc,Feng Wei Mixed Veg Rice Xiao Chao,"24 Sixth Avenue, Singapore 268802",Singapore,Central,1.0,Chinese,103.7949338,1.3305793,No Phone Number Listed,Not in Michelin Guide Yet,https://maps.google.com/?cid=15548790302025941074,Not Awarded Any Yet,"Dine-in,Takeaway",No Description Available Yet,A,0,2,4.5,good,0.84,excellent,0.8101,good,0.991,4.0,4.5,4.0
ChIJ7xbIGwAX2jER3JC6b516TWw,"Fernvale Village, The Badminton Village","61 Fernvale Link, Singapore 799956",Singapore,North-East,2.0,Athletic Field,103.878607,1.3960474,8803 8081,Not in Michelin Guide Yet,https://maps.google.com/?cid=7804028545905889500,Not Awarded Any Yet,"Credit cards,NFC payments,Wheelchair accessible",No Description Available Yet,B,1,2,4.0,good,0.8569,good,0.9841,good,0.743,3.0,3.0,3.0
ChIJmWpBYNMf2jERU3_E7oV_Enc,Ficus Cafe By Chef Syed,"39 Artillery Avenue, Singapore 099958",Singapore,Central,1.0,Halal,103.827573,1.2504277,No Phone Number Listed,Not in Michelin Guide Yet,https://maps.google.com/?cid=8580060453307449171,Not Awarded Any Yet,"Dine-in,Takeaway,Reservations,Coffee",No Description Available Yet,B,1,4,3.5,poor,0.8125,excellent,0.6345,good,0.6185,2.75,3.0,4.0
ChIJr2vXDu4W2jERC8RbWLTvCYM,First Culinary Restaurant,"Ang Mo Kio Ave 5 Park Connector, Singapore 569869",Singapore,North-East,3.0,Chinese,103.8563501,1.3765878,6481 5500,Not in Michelin Guide Yet,https://maps.google.com/?cid=9442341651614516235,Not Awarded Any Yet,"Dine-in,Takeaway,Delivery,Reservations,Beer,Wine,Credit cards,NFC payments,Wheelchair accessible",No Description Available Yet,B,1,3,4.67,excellent,0.6368,excellent,0.7235,good,0.9679,3.67,5.0,4.0
ChIJBX9uOSQR2jERY75G-13M4BE,Fish & Co,"464-486 Jalan Asas, Singapore 678077",Singapore,West,2.0,Seafood,103.76757,1.3601284,6604 1038,Not in Michelin Guide Yet,https://maps.google.com/?cid=1288254197447704163,Not Awarded Any Yet,"Dine-in,Takeaway,Delivery,Credit cards,NFC payments,Wheelchair accessible",No Description Available Yet,B,1,5,2.8,poor,0.8386,terrible,0.7085,poor,0.9832,2.8,2.6,2.8
ChIJW7MgQqMT2jERpL48f7zZY7I,Fish & More Seafood Soup,"Woodlands Avenue 4, Singapore 730530",Singapore,North,1.0,Food Court,103.79373,1.43111,9178 0055,Not in Michelin Guide Yet,https://maps.google.com/?cid=12854357165057293988,Not Awarded Any Yet,"Dine-in,Takeaway,Delivery,Wheelchair accessible",No Description Available Yet,A,0,4,3.5,poor,0.8544,poor,0.3424,poor,0.7502,2.5,2.25,2.5
ChIJQccOEgQEBBAR3pKMiKsR6I8,Fish Mart Sakuraya (West Coast),"154 West Coast Road, Singapore 127371",Singapore,Central,2.0,Seafood,103.7655164,1.3036962,6773 6973,Not in Michelin Guide Yet,https://maps.google.com/?cid=10369557570448560862,Not Awarded Any Yet,"Dine-in,Takeaway,Beer,Wine,Coffee,Credit cards,NFC payments,Wheelchair accessible",No Description Available Yet,B,1,3,5.0,average,0.9029,excellent,0.8316,good,0.7203,3.67,5.0,4.0
ChIJWwHJu8wb2jERbRp-AwtZ-oo,Fish Mart Sakuraya (Alexandra),"370 Alexandra Rd, #B1-14 / 15, Singapore 159953",Singapore,Central,2.0,Seafood,103.8051349,1.2889117,6474 2495,Not in Michelin Guide Yet,https://maps.google.com/?cid=10014414625249827437,Not Awarded Any Yet,"Dine-in,Takeaway,Reservations,Beer,Wine,Credit cards,NFC payments,Wheelchair accessible",No Description Available Yet,B,1,2,4.5,excellent,0.9184,excellent,0.8827,good,0.9964,4.5,5.0,4.0
ChIJq8AnbNwP2jERv-7ApoTnYbg,Fish Soup,"Jurong West Avenue 1, Singapore 640456",Singapore,West,1.0,Street Food,103.7200133,1.3507324,No Phone Number Listed,Not in Michelin Guide Yet,https://maps.google.com/?cid=13286154932639035071,Not Awarded Any Yet,"Dine-in,Takeaway",No Description Available Yet,A,0,1,5.0,good,0.9606,excellent,0.9106,good,0.9964,4.0,5.0,4.0
ChIJ_6IAj2ET2jERJM6thxUNNTY,Fish Soup & Ban Mian,"Canberra Road, Singapore 750425",Singapore,North,1.0,Street Food,103.8195431,1.4537238,6506 0161,Not in Michelin Guide Yet,https://maps.google.com/?cid=3906042637935562276,Not Awarded Any Yet,"Dine-in,Takeaway,Wheelchair accessible",No Description Available Yet,A,0,4,1.5,poor,0.883,poor,0.9077,terrible,0.6347,2.25,2.25,2.0
ChIJ78QpTwAb2jER2kv7VspZxN8,Fishball Minced Pork Noodle,"37A Teban Gardens Rd, #01-19, Singapore 601037",Singapore,West,1.0,Chicken,103.7427647,1.3208952,No Phone Number Listed,Not in Michelin Guide Yet,https://maps.google.com/?cid=16124111291470793690,Not Awarded Any Yet,,No Description Available Yet,A,0,1,5.0,good,0.8443,excellent,0.9983,good,0.999,4.0,5.0,4.0
ChIJu_U9EPQR2jERj-uZ4rBdvbU,Fishball Noodle,"624 Choa Chu Kang Street 62, Singapore 680624",Singapore,West,1.0,Street Food,103.747099,1.3981137,No Phone Number Listed,Not in Michelin Guide Yet,https://maps.google.com/?cid=13095726305760635791,Not Awarded Any Yet,"Dine-in,Takeaway,Coffee,Wheelchair accessible",No Description Available Yet,B,1,1,1.0,good,0.4259,good,0.4427,good,0.3853,4.0,4.0,4.0
ChIJHTvDUwAb2jERgCcdcafSjm4,Fishball Noodles,"50 Science Park Rd, Singapore 117406",Singapore,Central,1.0,Chinese Noodle,103.783346,1.2860103,No Phone Number Listed,Not in Michelin Guide Yet,https://maps.google.com/?cid=7966536407464093568,Not Awarded Any Yet,,No Description Available Yet,B,1,1,5.0,good,0.7004,good,0.5927,good,0.8021,4.0,4.0,4.0
ChIJuWhLY2Yb2jERXsIB80KQwbw,Fishball Shop,"720 Clementi West Street 2, Singapore 120720",Singapore,Central,1.0,Street Food,103.7635239,1.3027453,No Phone Number Listed,Not in Michelin Guide Yet,https://maps.google.com/?cid=13601310966854828638,Not Awarded Any Yet,"Dine-in,Takeaway",No Description Available Yet,A,0,5,4.4,good,0.8312,excellent,0.5737,good,0.9731,3.8,4.6,3.8
ChIJjWzkd4oQ2jER0Uz4EyQYw1M,Five Star Kampung Chicken Rice & Kitchen,"8 Cheong Chin Nam Road, Singapore 599736",Singapore,Central,2.0,Chinese,103.7753152,1.342659,6466 3000,Not in Michelin Guide Yet,https://maps.google.com/?cid=6035694468839525585,Not Awarded Any Yet,"Dine-in,Takeaway,Delivery,Outdoor seating,Beer,Coffee,Credit cards,NFC payments",No Description Available Yet,A,0,4,1.75,poor,0.6759,poor,0.5776,poor,0.7495,2.5,2.25,2.5
ChIJX0HmVgAX2jERW76OCBCvrI0,Five Star • Teo Chew Kway Chap,"Off upper Thomson Jalan Leban, Singapore 574419",Singapore,North-East,1.0,Street Food,103.8289874,1.372339,No Phone Number Listed,Not in Michelin Guide Yet,https://maps.google.com/?cid=10208726938739981915,Not Awarded Any Yet,,No Description Available Yet,A,0,5,5.0,good,0.8542,excellent,0.5583,good,0.9868,3.8,4.6,4.0
ChIJKZwHSBEV2jERgyJsSoQL0LQ,Five Ten Western Grill,"632 Yishun Avenue 4, Singapore 760632",Singapore,North,1.0,Western,103.8391907,1.418585,8751 8314,Not in Michelin Guide Yet,https://maps.google.com/?cid=13028926384795034243,Not Awarded Any Yet,"Dine-in,Takeaway,Delivery,Coffee,NFC payments,Wheelchair accessible",No Description Available Yet,A,0,5,2.6,good,0.9533,excellent,0.5946,good,0.978,3.2,3.4,3.2
ChIJ3xyCWQgT2jERyogS9oNq1iQ,Flora By The Sea,"43 Admiralty Road West, Singapore 759962",Singapore,North,4.0,Family,103.8195686,1.4696248,8481 8588,Not in Michelin Guide Yet,https://maps.google.com/?cid=2654426145383155914,Not Awarded Any Yet,"Dine-in,Takeaway,Reservations,Outdoor seating,Beer,Coffee,Credit cards,NFC payments",No Description Available Yet,A,0,3,5.0,good,0.7828,excellent,0.7911,good,0.7705,4.33,4.67,4.0
ChIJVbbPsYEP2jER_1_yA7ufhSw,Fo You Yuan Vegetarian,"Jurong West Street 61, Singapore 640637",Singapore,West,2.0,Vegetarian,103.6974446,1.3413746,9362 0879,Not in Michelin Guide Yet,https://maps.google.com/?cid=3208145935145263103,Not Awarded Any Yet,"Dine-in,Takeaway,Coffee",No Description Available Yet,B,1,4,4.0,good,0.917,excellent,0.6934,good,0.6566,3.25,3.75,3.5
ChIJBRTle6ke2jERAykxAgtBm68,Foc By The Beach,"110 Tanjong Beach Walk, 098943",Singapore,Central,3.0,Spanish,103.8249765,1.2467881,6206 5815,Not in Michelin Guide Yet,https://maps.google.com/?cid=12653779093564762371,Not Awarded Any Yet,"Dine-in,Takeaway,Reservations,Outdoor seating,Beer,Wine,Cocktails,Coffee,Credit cards,NFC payments,Wheelchair accessible",No Description Available Yet,A,0,4,4.0,good,0.6036,good,0.6914,good,0.7206,3.5,3.5,4.0
ChIJMWYIQIIV2jERXv_nBwvl6UI,Fong Hup Koka Noodle (126 Canberra),"126 Canberra Street, Singapore 750126",Singapore,North,1.0,Chinese,103.8344626,1.4462178,No Phone Number Listed,Not in Michelin Guide Yet,https://maps.google.com/?cid=4821636711616872286,Not Awarded Any Yet,"Dine-in,Takeaway,Coffee",No Description Available Yet,A,0,5,2.6,poor,0.7032,terrible,0.7379,good,0.6345,2.8,2.6,2.6
ChIJGSYcGPwa2jER4SlFZ31tdxQ,Fong Seng Nasi Lemak,"22 Clementi Rd, Singapore 129751",Singapore,Central,2.0,Street Food,103.7687169,1.2929977,9092 1651,Not in Michelin Guide Yet,https://maps.google.com/?cid=1474767788358052321,Not Awarded Any Yet,"Dine-in,Takeaway,Delivery,Outdoor seating,Coffee",No Description Available Yet,B,1,2,3.5,average,0.7992,excellent,0.6256,good,0.85,3.5,4.5,4.0
ChIJOe4QRYQa2jERv4ipHTmwrz8,Food Loft (Clementi Avenue 4),"308 Clementi Avenue 4, Singapore 120308",Singapore,Central,1.0,Street Food,103.7668438,1.3210521,No Phone Number Listed,Not in Michelin Guide Yet,https://maps.google.com/?cid=4589080304671099071,Not Awarded Any Yet,"Dine-in,Takeaway,Outdoor seating,Beer,Coffee,NFC payments,Wheelchair accessible",No Description Available Yet,B,1,4,3.25,poor,0.7213,excellent,0.561,good,0.6395,2.75,3.75,3.5
ChIJV72Fj6kT2jERaGkeuHqLQbk,Food Yo Cafe,"14 Senoko South Road, Singapore 758134",Singapore,North,1.0,Coffee Shop,103.8049353,1.4578643,9855 3216,Not in Michelin Guide Yet,https://maps.google.com/?cid=13349104129694132584,Not Awarded Any Yet,"Dine-in,Takeaway,Delivery,Coffee,Cash only,Wheelchair accessible",No Description Available Yet,A,0,3,4.0,good,0.5386,good,0.4501,good,0.7704,3.33,3.67,4.0
ChIJqWW5sjIa2jERTIwjQbn2ats,Fook Seng Goldenhill Chicken Rice,"37 Jln Rumah Tinggi, #01-431, Singapore 150037",Singapore,Central,1.0,Street Food,103.8095599,1.2892531,9777 3318,Not in Michelin Guide Yet,https://maps.google.com/?cid=15810720717359778892,Not Awarded Any Yet,"Dine-in,Takeaway,Outdoor seating,Coffee,Wheelchair accessible",No Description Available Yet,B,1,2,4.5,good,0.8587,excellent,0.5746,good,0.986,4.0,4.5,4.0
ChIJNyBYgW0Z2jERlu9fHhadrz8,Foong Kee Traditional Charcoal Roaster,"Commonwealth Link, Singapore 140116",Singapore,Central,1.0,Street Food,103.800383,1.3069482,6222 8402,Not in Michelin Guide Yet,https://maps.google.com/?cid=4589059263638269846,Not Awarded Any Yet,"Dine-in,Takeaway,Outdoor seating,Coffee,Cash only",No Description Available Yet,A,0,5,4.4,average,0.7325,excellent,0.4102,good,0.8559,3.4,4.4,4.0
ChIJB6_SPfwa2jERhWb0-pMgLRo,Formosa Delights,"20 Clementi Rd, Singapore 129749",Singapore,Central,2.0,Taiwanese,103.7686889,1.2929497,6778 7398,Not in Michelin Guide Yet,https://maps.google.com/?cid=1886199638880708229,Not Awarded Any Yet,"Dine-in,Takeaway,Delivery,Reservations,Outdoor seating,Beer,Coffee,Credit cards,NFC payments",No Description Available Yet,A,0,4,4.75,good,0.8868,excellent,0.7469,good,0.9776,4.0,4.5,4.0
ChIJ_8lFAgAF2jERnnlDCuvxnHo,Fortune ( Eating House ),"Tuas Road, Singapore 638483",Singapore,West,1.0,Street Food,103.6613817,1.3214005,No Phone Number Listed,Not in Michelin Guide Yet,https://maps.google.com/?cid=8835202560785873310,Not Awarded Any Yet,,No Description Available Yet,A,0,1,5.0,good,0.6642,excellent,0.6833,good,0.5408,4.0,5.0,4.0
ChIJ7yJVVzkF2jERluJXIx3H-Fs,Fortune Herbal Soup,"1 Joo Koon Bus Interchange, Singapore 629117",Singapore,West,1.0,Street Food,103.6787769,1.3271959,No Phone Number Listed,Not in Michelin Guide Yet,https://maps.google.com/?cid=6627265779636626070,Not Awarded Any Yet,"Takeaway,Wheelchair accessible",No Description Available Yet,A,0,2,3.0,good,0.6906,excellent,0.5011,good,0.8566,3.0,3.5,3.0
ChIJkXT2vpsQ2jERs-G-1AwGngs,Forture Seafood Steam Boat,"Old Holland Road, Singapore 276308",Singapore,Central,2.0,Seafood,103.7909269,1.3327874,6469 5957,Not in Michelin Guide Yet,https://maps.google.com/?cid=837113232916144563,Not Awarded Any Yet,"Dine-in,Takeaway,Delivery,Reservations,Outdoor seating,Beer,Coffee,Credit cards,NFC payments",No Description Available Yet,B,1,4,3.75,good,0.6703,good,0.4122,good,0.832,3.5,3.75,3.5
ChIJITBrvHQG2jERcNDnppjqfR8,Forum Roasted Bbq,"Tuas South Street 2, Singapore 638118",Singapore,West,2.0,Barbecue,103.6314757,1.308057,9758 8678,Not in Michelin Guide Yet,https://maps.google.com/?cid=2269227728620736624,Not Awarded Any Yet,,No Description Available Yet,A,0,2,4.0,excellent,0.5555,excellent,0.6667,excellent,0.6704,4.5,4.5,4.5
ChIJCy7E1tgZ2jERQ55jWkTNmJQ,Founder Bak Kut Teh,"347 Balestier Road, Singapore 329777",Singapore,Central,2.0,Street Food,103.8510223,1.3242731,6352 6192,Not in Michelin Guide Yet,https://maps.google.com/?cid=10707533807531302467,Not Awarded Any Yet,"Dine-in,Takeaway,Delivery,Outdoor seating,Beer,Credit cards,NFC payments",No Description Available Yet,A,0,4,3.75,good,0.6684,average,0.6288,good,0.8532,3.0,2.75,3.5
ChIJu9Txa_oT2jERA_1HOqUPLac,Fragrance Penang Prawn Mee,"248 Woodlands Industrial Park E5, Singapore 757883",Singapore,North,1.0,Street Food,103.7921948,1.452132,No Phone Number Listed,Not in Michelin Guide Yet,https://maps.google.com/?cid=12046301780607761667,Not Awarded Any Yet,"Dine-in,Takeaway,Wheelchair accessible",No Description Available Yet,B,1,1,4.0,good,0.3281,good,0.3087,good,0.8665,4.0,4.0,4.0
ChIJGZc_qxQX2jER--nn6vqfHJY,Fred Bread Sg & The Toast Story,"7 Ang Mo Kio Street 66, Singapore 569061",Singapore,North-East,1.0,Bakery,103.850342,1.3913532,9179 7376,Not in Michelin Guide Yet,https://maps.google.com/?cid=10816696305068796411,Not Awarded Any Yet,"Dine-in,Coffee,Credit cards,NFC payments",No Description Available Yet,A,0,4,5.0,good,0.7614,excellent,0.9218,good,0.9905,3.75,4.75,4.25
ChIJUbkv81UZ2jERwTaEv7En95w,Friar's Good Food,"8 Sentosa Gateway, Universal Studios, 098269",Singapore,Central,1.0,Fast Food,103.8237395,1.2546406,No Phone Number Listed,Not in Michelin Guide Yet,https://maps.google.com/?cid=11310552633540097729,Not Awarded Any Yet,"Dine-in,Takeaway,Outdoor seating,Credit cards,NFC payments,Wheelchair accessible",No Description Available Yet,A,0,3,3.33,poor,0.915,good,0.4928,poor,0.6967,2.67,2.33,2.67
ChIJHeJbwNEW2jERUAavfbO8QAI,Fried Carrot Cake,"Off upper Thomson Jalan Leban, Singapore 574419",Singapore,North-East,1.0,Street Food,103.8290076,1.3723618,No Phone Number Listed,Not in Michelin Guide Yet,https://maps.google.com/?cid=162337065679128144,Not Awarded Any Yet,"Dine-in,Takeaway,Wheelchair accessible",No Description Available Yet,A,0,5,3.4,good,0.7075,good,0.6826,good,0.877,3.4,3.8,3.2
ChIJzw1Mx1IS2jERuMsgbf8NbTQ,Fried Delights & Fishball Noodle,"301 Woodlands Street 31, Singapore 730301",Singapore,North,1.0,Street Food,103.7742571,1.4315063,No Phone Number Listed,Not in Michelin Guide Yet,https://maps.google.com/?cid=3777691053132401592,Not Awarded Any Yet,"Dine-in,Takeaway,Coffee,Wheelchair accessible",No Description Available Yet,A,0,3,4.67,good,0.834,average,0.5312,good,0.7921,4.0,4.0,4.0
ChIJZ4wf4QYa2jER7KobPnd9ewY,Fried Kway Teow Prawn Mee Oyster Carrot Cake (Adam Road),"2 Adam Road, Singapore 289876",Singapore,Central,1.0,Street Food,103.8140761,1.3241963,No Phone Number Listed,Not in Michelin Guide Yet,https://maps.google.com/?cid=467104937459559148,Not Awarded Any Yet,"Dine-in,Takeaway,Wheelchair accessible",No Description Available Yet,A,0,5,4.2,good,0.6857,excellent,0.5872,good,0.8509,3.4,4.0,4.0
ChIJu2Vvy4AT2jERmdJ2x5Cqef0,Friends Cafe Hk,"Sembawang Road, Singapore 786020",Singapore,North,1.0,Chinese,103.8193165,1.404568,8621 1125,Not in Michelin Guide Yet,https://maps.google.com/?cid=18264817302576222873,Not Awarded Any Yet,"Dine-in,Takeaway,Delivery,Coffee,NFC payments,Wheelchair accessible",No Description Available Yet,A,0,4,3.75,excellent,0.6769,excellent,0.7283,good,0.7847,4.0,4.0,3.5
ChIJlU7ROncU2jERKmSZQM1RN8Q,Friends Tasty Korea,"926 Upper Thomson Road, Singapore 787113",Singapore,North,2.0,Korean,103.8179163,1.3993984,9754 2550,Not in Michelin Guide Yet,https://maps.google.com/?cid=14138859497146901546,Not Awarded Any Yet,"Dine-in,Takeaway,Delivery,Reservations,Outdoor seating,Beer,Wine,Coffee,Credit cards,NFC payments",No Description Available Yet,A,0,5,5.0,good,0.8469,excellent,0.947,good,0.9622,4.2,4.6,4.0
ChIJuzsqYAAF2jERZkoGi_R6tfk,From Bowl To Soul,"2 Tukang Innovation Grove, Singapore 618305",Singapore,West,2.0,Noodle Shop,103.7101291,1.3253658,No Phone Number Listed,Not in Michelin Guide Yet,https://maps.google.com/?cid=17993423076951738982,Not Awarded Any Yet,Takeaway,No Description Available Yet,A,0,1,4.0,poor,0.9957,good,0.0055,good,0.9807,2.0,4.0,4.0
ChIJz9PMKgAT2jERwL2LKj4352I,Fu Jia Japanese Korean Cuisine,"326 Woodlands Street 32, Singapore 730326",Singapore,North,1.0,Japanese,103.7793596,1.4303821,No Phone Number Listed,Not in Michelin Guide Yet,https://maps.google.com/?cid=7126725675478400448,Not Awarded Any Yet,"Dine-in,Takeaway,Wheelchair accessible",No Description Available Yet,A,0,2,3.0,good,0.8578,excellent,0.5728,excellent,0.9644,3.0,3.0,3.0
ChIJAcvIMgAF2jERzJPm5pKDvXU,Fu Wei Chicken Rice,"1 Joo Koon Circle, Singapore 629117",Singapore,West,1.0,Street Food,103.6785661,1.3273285,No Phone Number Listed,Not in Michelin Guide Yet,https://maps.google.com/?cid=8484081939998217164,Not Awarded Any Yet,"Dine-in,Takeaway,Wheelchair accessible",No Description Available Yet,A,0,2,5.0,good,0.6576,excellent,0.7102,good,0.6642,4.0,5.0,4.0
ChIJ9cPIqd4P2jER6aIQlNJMOWE,Fu Xiang Seafood,"907 Jurong West Street 91, Singapore 640907",Singapore,West,2.0,Seafood,103.6857991,1.341245,8960 9907,Not in Michelin Guide Yet,https://maps.google.com/?cid=7005715162662478569,Not Awarded Any Yet,"Dine-in,Takeaway,Beer,Wheelchair accessible",No Description Available Yet,B,1,5,3.4,poor,0.9077,good,0.6767,good,0.9816,2.8,3.2,3.0
ChIJSSXtenUT2jERYiGAFqho5bw,Fu Xing Economic Bee Hoon Nasi Lemak,"676 Woodlands Drive 71, Singapore 730676",Singapore,North,1.0,Street Food,103.8007432,1.4398898,No Phone Number Listed,Not in Michelin Guide Yet,https://maps.google.com/?cid=13611400519938482530,Not Awarded Any Yet,"Dine-in,Takeaway,Wheelchair accessible",No Description Available Yet,A,0,4,4.75,good,0.9427,excellent,0.485,average,0.7261,3.75,4.5,3.5
ChIJw5mZR5wV2jERAboY0s_e-3s,Fulee Seafood (Canberra Street),"126 Canberra Street, Singapore 750126",Singapore,North,2.0,Seafood,103.8344207,1.446057,6980 6126,Not in Michelin Guide Yet,https://maps.google.com/?cid=8933979269983943169,Not Awarded Any Yet,"Dine-in,Takeaway,Outdoor seating,Coffee,Wheelchair accessible",No Description Available Yet,A,0,3,1.33,poor,0.5704,poor,0.5073,good,0.6724,2.0,1.67,2.33
ChIJh_D_VzkR2jERGnz8RyxN62k,Fulee Seafood (Bukit Panjang Ring),"259 Bukit Panjang Ring Road, Singapore 671259",Singapore,West,2.0,Seafood,103.7730453,1.3773085,6363 3466,Not in Michelin Guide Yet,https://maps.google.com/?cid=7632278846091066394,Not Awarded Any Yet,"Dine-in,Takeaway,Wheelchair accessible",No Description Available Yet,A,0,5,3.0,good,0.8344,good,0.3813,good,0.857,3.2,3.2,3.2
ChIJTXT5XbwR2jERQ_LoVtDI5XI,Fun Toast (Woodlands),"1 Woodlands Road, Singapore 677899",Singapore,West,1.0,Cafe,103.7604874,1.3800671,6612 1736,Not in Michelin Guide Yet,https://maps.google.com/?cid=8279244287127384643,Not Awarded Any Yet,"Dine-in,Takeaway,Delivery,Coffee,Credit cards,NFC payments,Wheelchair accessible",No Description Available Yet,A,0,4,2.5,good,0.6774,excellent,0.6194,good,0.5654,3.0,3.0,3.5
ChIJ8xlq8JIX2jERRoWw9HPM8DA,Fun Toast (Upper Paya Lebar),"Upper Paya Lebar Road, Singapore 534803",Singapore,North-East,1.0,Coffee Shop,103.8885227,1.3361149,6909 3854,Not in Michelin Guide Yet,https://maps.google.com/?cid=3526543306629612870,Not Awarded Any Yet,"Dine-in,Takeaway,Coffee,NFC payments",No Description Available Yet,A,0,4,2.5,poor,0.7692,poor,0.5944,good,0.6198,2.5,3.25,3.0
ChIJoca2e5MR2jERAZi-hC0rmGY,Fusion Express,"Choa Chu Kang North 7, Singapore 681678",Singapore,West,1.0,Street Food,103.7446606,1.4016989,No Phone Number Listed,Not in Michelin Guide Yet,https://maps.google.com/?cid=7392706262829275137,Not Awarded Any Yet,"Dine-in,Takeaway,Delivery,Wheelchair accessible",No Description Available Yet,A,0,5,2.0,poor,0.6658,poor,0.384,good,0.6005,2.8,2.8,3.6
ChIJq6pazaAR2jERQhgTJgqMOZA,Fusion Western (Bukit Panjang),"257 Bangkit Road, Singapore 670257",Singapore,West,1.0,Western,103.7735091,1.3787671,No Phone Number Listed,Not in Michelin Guide Yet,https://maps.google.com/?cid=10392491590350477378,Not Awarded Any Yet,"Dine-in,Takeaway,Delivery,Coffee,Credit cards,NFC payments,Wheelchair accessible",No Description Available Yet,A,0,3,3.33,average,0.8693,excellent,0.659,good,0.7793,3.0,3.33,3.33
ChIJld0wUnQT2jER8-n1Rryzcng,Gaga Roasted Delights (131 Marsiling Rise),"131 Marsiling Rise, Singapore 730131",Singapore,North,1.0,Street Food,103.7782237,1.4385093,No Phone Number Listed,Not in Michelin Guide Yet,https://maps.google.com/?cid=8679197053122111987,Not Awarded Any Yet,"Dine-in,Takeaway,Cash only,Wheelchair accessible",No Description Available Yet,A,0,4,2.75,good,0.7947,terrible,0.7299,good,0.9178,3.0,2.75,2.75
ChIJ-Rt5R04X2jERtYj0o2cVKfU,Gahe Traditional Korean Cuisine,"Fernvale Street, Singapore 790473",Singapore,North-East,1.0,Korean,103.8817858,1.397709,8157 3327,Not in Michelin Guide Yet,https://maps.google.com/?cid=17665674548214007989,Not Awarded Any Yet,"Dine-in,Takeaway,Credit cards,NFC payments",No Description Available Yet,A,0,5,4.0,good,0.6687,good,0.5369,good,0.8412,3.6,4.2,4.0
ChIJt_fR_-cR2jER9sAFOdLEyow,Gao Sheng Seafood,"429A Choa Chu Kang Avenue 4, Singapore 681429",Singapore,West,2.0,Seafood,103.7402832,1.3834528,No Phone Number Listed,Not in Michelin Guide Yet,https://maps.google.com/?cid=10145137517784318198,Not Awarded Any Yet,"Dine-in,Takeaway",No Description Available Yet,A,0,2,1.0,poor,0.7865,poor,0.5354,poor,0.6616,2.0,2.0,2.0
ChIJG17pIY8Z2jERNOAaV4Gxiw8,Garang Grill (Arcadia),"251A Arcadia Road, Singapore 289847",Singapore,Central,2.0,Western,103.8099133,1.3346438,6466 9558,Not in Michelin Guide Yet,https://maps.google.com/?cid=1120184101401976884,Not Awarded Any Yet,"Takeaway,Delivery,Reservations,Outdoor seating,Beer,Wine,Cocktails,Coffee,Credit cards",No Description Available Yet,A,0,3,3.33,excellent,0.8037,excellent,0.5415,excellent,0.9223,3.67,3.67,3.67
ChIJ7zMPn_8W2jERci45p5Ejpno,Garden Grill,"Portchester Avenue, Singapore 557255",Singapore,North-East,2.0,Fusion,103.8670169,1.3657715,6398 5313,Not in Michelin Guide Yet,https://maps.google.com/?cid=8837790427243949682,Not Awarded Any Yet,"Dine-in,Takeaway,Reservations,Outdoor seating,Beer,Wine,Cocktails,Coffee,Credit cards,NFC payments,Wheelchair accessible",No Description Available Yet,A,0,5,4.8,average,0.7177,excellent,0.3113,good,0.9489,3.2,4.0,4.0
ChIJocILh6IZ2jERQe7929zuSww,Gattopardo Ristorante Di Mare,"Tras Street, Singapore 078989",Singapore,Central,3.0,Italian,103.8443759,1.2784442,9325 8843,Not in Michelin Guide Yet,https://maps.google.com/?cid=886064384059502145,Not Awarded Any Yet,"Takeaway,Delivery,Reservations,Outdoor seating,Beer,Wine,Cocktails,Coffee,NFC payments",No Description Available Yet,A,0,4,5.0,excellent,0.7395,excellent,0.9613,good,0.9946,4.5,5.0,4.25
ChIJQ0U9IscZ2jERxoggGQSjBpA,Gayatri Restaurant,"Race Course Road, Singapore 218591",Singapore,Central,2.0,Indian,103.8519936,1.3096712,6294 6294,Not in Michelin Guide Yet,https://maps.google.com/?cid=10378161629318645958,Not Awarded Any Yet,"Dine-in,Takeaway,Delivery,Reservations,Outdoor seating,Beer,Wine,Coffee,Credit cards,NFC payments,Wheelchair accessible",No Description Available Yet,A,0,5,4.8,excellent,0.7635,excellent,0.8109,good,0.9903,4.6,5.0,4.0
ChIJGz4Xt4YP2jERzy-s-b09mJ0,Georges (Wild West),"Jalan Lekar, Singapore 698918",Singapore,West,2.0,Bar,103.7237831,1.3774181,8727 2163,Not in Michelin Guide Yet,https://maps.google.com/?cid=11355894346561630159,Not Awarded Any Yet,"Dine-in,Takeaway,Reservations,Outdoor seating,Beer,Wine,Cocktails,Coffee,Credit cards,Wheelchair accessible",No Description Available Yet,A,0,4,4.25,good,0.9482,excellent,0.6308,good,0.993,3.5,4.5,4.0
ChIJPYIoKzEY2jERvlt1euL28Yg,Geylang Lor 9 Fresh Frog Porridge,"4 Lorong 9 Geylang, Singapore 389274",Singapore,Central,2.0,Street Food,103.8764986,1.312255,8136 9858,Not in Michelin Guide Yet,https://maps.google.com/?cid=9867939711123020734,Not Awarded Any Yet,"Dine-in,Takeaway,Delivery,Outdoor seating,Credit cards",No Description Available Yet,A,0,2,3.5,good,0.2962,excellent,0.2556,good,0.4507,3.0,4.5,4.0
ChIJuQylHwAZ2jERxz7klyX4Ovo,Geylang Lorong 29 Fried Hokkien Mee,"18 Marina Gardens Dr, #01-22 Satay by the Bay, Singapore 018953",Singapore,Central,1.0,Street Food,103.8685737,1.2824002,No Phone Number Listed,Not in Michelin Guide Yet,https://maps.google.com/?cid=18030996898476998343,Not Awarded Any Yet,"Dine-in,Takeaway,Wheelchair accessible",No Description Available Yet,B,1,5,1.8,poor,0.6575,terrible,0.3192,poor,0.7857,2.2,2.2,2.8
ChIJdSWEYr0X2jERdxUVKR0T57c,Geylang Prawn Noodle,"Upper Paya Lebar Road, Singapore 534934",Singapore,North-East,2.0,Chinese Noodle,103.8815592,1.345072,8092 3327,Not in Michelin Guide Yet,https://maps.google.com/?cid=13251581444525200759,Not Awarded Any Yet,"Dine-in,Takeaway,Delivery,Outdoor seating,Coffee",No Description Available Yet,A,0,4,4.25,good,0.754,excellent,0.5679,good,0.8697,3.5,3.75,3.5
ChIJyWk5cMMW2jER2GWLiSidNXs,Gim Tim Restaurant,"157 Ang Mo Kio Avenue 4, Singapore 560180",Singapore,North-East,3.0,Chinese,103.8399402,1.3751464,6459 7766,Not in Michelin Guide Yet,https://maps.google.com/?cid=8878175037862667736,Not Awarded Any Yet,"Dine-in,Takeaway,Delivery,Reservations,Outdoor seating,Beer,Wine,Credit cards,NFC payments,Wheelchair accessible",No Description Available Yet,A,0,5,4.4,good,0.48,good,0.4983,good,0.8432,3.6,3.6,4.0
ChIJ-RPjNLQe2jERA1utzj7rV3I,Gin Khao Bistro,"31 Ocean Way, #01-12 Quayside Isle, 098375",Singapore,Central,2.0,Thai,103.8421771,1.2468982,6570 2208,Not in Michelin Guide Yet,https://maps.google.com/?cid=8239312698285579011,Not Awarded Any Yet,"Dine-in,Takeaway,Reservations,Outdoor seating,Beer,Wine,Cocktails,Coffee,Credit cards,NFC payments,Wheelchair accessible",No Description Available Yet,B,1,5,3.2,average,0.84,excellent,0.7753,good,0.887,3.2,4.2,3.6
ChIJ16W4N1QR2jERBsUSgpKq5X0,Go K Bbq,"1 Jalan Anak Bukit, Singapore 588996",Singapore,Central,2.0,Korean,103.7787788,1.339239,6219 3141,Not in Michelin Guide Yet,https://maps.google.com/?cid=9071844570631947526,Not Awarded Any Yet,"Dine-in,Takeaway,Reservations,Beer,Wine,Coffee,Credit cards,NFC payments,Wheelchair accessible",No Description Available Yet,A,0,4,4.5,excellent,0.8712,excellent,0.8793,good,0.7888,4.5,5.0,4.0
ChIJYYNqSOUV2jERvwChyeuu30c,Gochu Korean Dining & Bbq | Orchid Country Club | Yishun,"Orchid Club Road, Singapore 763513",Singapore,North,2.0,Korean,103.8449169,1.4134699,8802 3567,Not in Michelin Guide Yet,https://maps.google.com/?cid=5179050424222679231,Not Awarded Any Yet,"Dine-in,Takeaway,Delivery,Reservations,Beer,Coffee,Credit cards,NFC payments",No Description Available Yet,A,0,4,5.0,good,0.7615,excellent,0.5565,good,0.9882,4.0,4.75,4.0
ChIJmYd8yzAY2jERbDNfE2D1SkI,Golden Jade Restaurant,"Geylang Road, Singapore 399035",Singapore,Central,2.0,Chinese,103.8778779,1.3124936,6744 3022,Not in Michelin Guide Yet,https://maps.google.com/?cid=4776900147770504044,Not Awarded Any Yet,"Dine-in,Takeaway,Delivery,Reservations,Beer,Wine,Coffee,Credit cards,NFC payments,Wheelchair accessible",No Description Available Yet,A,0,5,4.0,average,0.7026,excellent,0.6111,good,0.7017,3.2,4.2,3.8
ChIJ04DTdbQZ2jERFt4kBQi-E60,Golden Mile Food Centre,"505 Beach Road, Singapore 199583",Singapore,Central,1.0,Street Food,103.8639299,1.3030908,No Phone Number Listed,Not in Michelin Guide Yet,https://maps.google.com/?cid=12471520734774353430,Not Awarded Any Yet,"Dine-in,Takeaway,Delivery,Outdoor seating,Beer,Coffee,NFC payments,Wheelchair accessible",No Description Available Yet,A,0,4,4.25,good,0.7192,excellent,0.7303,good,0.7796,3.75,4.25,3.75
ChIJ5csSqdAV2jERfACf8GHZ2dA,Golden Prosper Wanton Mee (Yishun),"Yishun Avenue 6, Singapore 760248",Singapore,North,1.0,Street Food,103.8431182,1.4360982,8827 9191,Not in Michelin Guide Yet,https://maps.google.com/?cid=15049298644507230332,Not Awarded Any Yet,"Dine-in,Takeaway,Delivery",No Description Available Yet,B,1,4,4.5,good,0.5945,excellent,0.304,good,0.9803,3.75,4.5,4.0
ChIJh1F9KPQX2jER9xiRrhqbLB8,Golden Sands Street Kitchen,"111A Whampoa Dr, Kopitiam, Singapore 322111",Singapore,Central,1.0,Seafood,103.855644,1.3260294,9631 0671,Not in Michelin Guide Yet,https://maps.google.com/?cid=2246340853051234551,Not Awarded Any Yet,"Dine-in,Takeaway,Delivery,Reservations,Outdoor seating,Beer,Coffee",No Description Available Yet,A,0,4,3.0,good,0.7645,terrible,0.4622,good,0.9916,3.0,2.75,3.0
ChIJx7AtOZAR2jERkVCS-A8FIsE,Golf Spot Cafe & Bistro,"Mandai Road Track 7, Singapore 779384",Singapore,North,2.0,Bistro,103.8090822,1.4009112,8851 2435,Not in Michelin Guide Yet,https://maps.google.com/?cid=13916691364681240721,Not Awarded Any Yet,"Dine-in,Takeaway,Reservations,Outdoor seating,Beer,Wine,Coffee,Credit cards,NFC payments,Wheelchair accessible",No Description Available Yet,B,1,5,4.0,good,0.767,excellent,0.6283,good,0.8747,3.8,4.4,4.0
ChIJ6dXu0jAY2jERb9n83qkMlOY,Gong He Guan,"Geylang Road, Singapore 398263",Singapore,Central,1.0,Dessert,103.8760982,1.3119942,6747 4055,Not in Michelin Guide Yet,https://maps.google.com/?cid=16614918849006721391,Not Awarded Any Yet,"Dine-in,Takeaway,Delivery,Outdoor seating,Cash only",No Description Available Yet,B,1,5,4.0,average,0.8204,excellent,0.6771,good,0.7445,3.2,4.0,3.6
ChIJX-Q8ERoR2jER2FB2Of9F4fo,Gong Yuan Ma La Tang (The Rail Mall),"456 Upper Bukit Timah Road, Singapore 678072",Singapore,West,1.0,Chinese,103.7675858,1.3598877,6581 9490,Not in Michelin Guide Yet,https://maps.google.com/?cid=18077807341724913880,Not Awarded Any Yet,"Dine-in,Takeaway,Delivery,Credit cards,NFC payments,Wheelchair accessible",No Description Available Yet,B,1,5,1.8,poor,0.6033,excellent,0.5475,good,0.5248,2.6,3.0,2.4
ChIJxxW0xjgR2jERInGiUOxmyBM,Gong Yuan Ma La Tang (Yewtee Point),"Choa Chu Kang North 6, Singapore 689580",Singapore,West,1.0,Chinese,103.7465136,1.3967859,No Phone Number Listed,Not in Michelin Guide Yet,https://maps.google.com/?cid=1425502447213900066,Not Awarded Any Yet,"Dine-in,Takeaway,Delivery",No Description Available Yet,B,1,3,2.33,excellent,0.7191,excellent,0.3991,good,0.2639,3.67,3.33,4.0
ChIJhYB_Y5kP2jERTIlrIBZX_tg,Good Fortune Seafood,"Pioneer Road North, Singapore 640964",Singapore,West,2.0,Seafood,103.6927976,1.3422408,6397 0480,Not in Michelin Guide Yet,https://maps.google.com/?cid=15636030708821756236,Not Awarded Any Yet,"Dine-in,Takeaway,Delivery,Reservations,Outdoor seating,Beer,Coffee,NFC payments,Wheelchair accessible",No Description Available Yet,B,1,3,3.67,average,0.9514,excellent,0.6659,good,0.8982,2.67,5.0,4.0
ChIJAQAAsAAc2jERbbHzLY1ImcM,Good Old Days Singapore Flavours,"60 Siloso Bch Walk, #01-03/04, Singapore 098997",Singapore,Central,2.0,Chinese,103.8171855,1.2516525,6361 0088,Not in Michelin Guide Yet,https://maps.google.com/?cid=14094376280031211885,Not Awarded Any Yet,"Dine-in,Takeaway,Reservations,Beer,Coffee,Credit cards,NFC payments,Wheelchair accessible",No Description Available Yet,A,0,5,4.0,good,0.8277,excellent,0.6056,good,0.9926,3.6,3.8,3.6
ChIJ1QdlAY4X2jERkzd5Pjn5Gdg,Grain | Meals On Demand And Catering,"5 Burn Road, Singapore 369972",Singapore,Central,2.0,Delivery,103.8849477,1.335164,3163 5335,Not in Michelin Guide Yet,https://maps.google.com/?cid=15571751210866784147,Not Awarded Any Yet,"Takeaway,Delivery,NFC payments,Wheelchair accessible",No Description Available Yet,A,0,5,5.0,good,0.802,excellent,0.9644,good,0.9805,4.0,5.0,4.0
ChIJF9leE50Z2jER4uEdueSxtsM,Grand Shanghai Restaurant,"390 Havelock Rd, Level 1 King's Centre, Singapore 169662",Singapore,Central,3.0,Chinese,103.8358913,1.2896087,6836 6866,Not in Michelin Guide Yet,https://maps.google.com/?cid=14102654879073690082,Not Awarded Any Yet,"Dine-in,Takeaway,Reservations,Beer,Wine,Cocktails,Credit cards,NFC payments,Wheelchair accessible",No Description Available Yet,A,0,3,4.67,good,0.6992,excellent,0.6399,good,0.8923,4.33,4.33,4.33
ChIJMZFqQ7kR2jERewwgbz_9dxo,Green On Earth Vegetarian Cafe (The Rail Mall),"Upper Bukit Timah Road, Singapore 678072",Singapore,West,2.0,Vegetarian,103.7680313,1.357767,6769 2230,Not in Michelin Guide Yet,https://maps.google.com/?cid=1907271416103832699,Not Awarded Any Yet,"Dine-in,Takeaway,Delivery,Reservations,Outdoor seating,Coffee,Credit cards,NFC payments,Wheelchair accessible",No Description Available Yet,B,1,3,5.0,good,0.6199,excellent,0.7002,good,0.8123,4.33,4.67,4.33
ChIJ5UCkFuEH2jERbLSqUpAAb4c,Greenhouse Bistro,"30 Tuas Bay Drive, Singapore 637548",Singapore,West,2.0,French,103.6316115,1.3154265,No Phone Number Listed,Not in Michelin Guide Yet,https://maps.google.com/?cid=9759019537397363820,Not Awarded Any Yet,"Dine-in,Takeaway,Reservations,Beer,Wine,Cocktails,Coffee,Credit cards,NFC payments,Wheelchair accessible",No Description Available Yet,B,1,5,2.8,good,0.7059,good,0.5541,good,0.8156,3.6,3.6,3.4
ChIJ-7mO4K8X2jERfxwr_C6lMlQ,Greenland Vegetarian Restaurant,"Hillside Drive, Singapore 534635",Singapore,North-East,2.0,Vegetarian,103.8794444,1.3555556,6385 7477,Not in Michelin Guide Yet,https://maps.google.com/?cid=6067093269239241855,Not Awarded Any Yet,"Dine-in,Takeaway,Delivery,Reservations,Coffee,Credit cards,NFC payments,Wheelchair accessible",No Description Available Yet,A,0,3,5.0,good,0.7684,excellent,0.9913,good,0.9943,4.33,4.67,4.0
ChIJAwFUL6QQ2jERRnZAgGX_g1k,Greenwood Fish Market | Seafood Restaurant & Market In Bukit Timah,"34 Greenwood Avenue, Singapore 289215",Singapore,Central,3.0,Seafood,103.806434,1.3317747,6467 4950,Not in Michelin Guide Yet,https://maps.google.com/?cid=6450279902733170246,Not Awarded Any Yet,"Dine-in,Takeaway,Delivery,Reservations,Outdoor seating,Beer,Wine,Cocktails,Coffee,Credit cards,NFC payments",No Description Available Yet,A,0,3,4.33,good,0.7378,excellent,0.6296,good,0.899,3.33,3.67,4.0
ChIJw4tLzbUe2jERvRFvI6krOhY,Greenwood Fish Market | Seafood Restaurant & Market In Sentosa,"31 Ocean Way, #01 - 04 / 05, 098375",Singapore,Central,3.0,Seafood,103.8419157,1.2477209,6262 0450,Not in Michelin Guide Yet,https://maps.google.com/?cid=1601640622927581629,Not Awarded Any Yet,"Dine-in,Takeaway,Delivery,Reservations,Outdoor seating,Beer,Wine,Cocktails,Coffee,Credit cards,NFC payments,Wheelchair accessible",No Description Available Yet,A,0,5,3.4,good,0.6968,good,0.6585,good,0.617,3.2,2.6,3.0
ChIJvU2IFW0Z2jERqVQbONHOScg,Group Therapy Coffee (Cross Street Exchange),"181 South Bridge Road, Singapore 048421",Singapore,Central,2.0,Cafe,103.8472071,1.2837768,6222 2554,Not in Michelin Guide Yet,https://maps.google.com/?cid=14432293878870267049,Not Awarded Any Yet,"Dine-in,Takeaway,Delivery,Reservations,Outdoor seating,Beer,Wine,Cocktails,Coffee,Credit cards,NFC payments,Wheelchair accessible",No Description Available Yet,A,0,4,5.0,average,0.8024,excellent,0.8608,good,0.8879,4.0,4.75,4.0
ChIJNX0hZdgW2jERAtCfhtkha58,Grub Stevens Road,"28 Stevens Road, Singapore 257878",Singapore,Central,2.0,Bistro,103.8286023,1.3136339,8891 9298,Not in Michelin Guide Yet,https://maps.google.com/?cid=11487312492688822274,Not Awarded Any Yet,"Dine-in,Takeaway,Delivery,Reservations,Outdoor seating,Beer,Wine,Coffee,Credit cards,NFC payments,Wheelchair accessible",No Description Available Yet,A,0,3,5.0,good,0.7471,excellent,0.9493,good,0.9948,4.0,4.67,4.0
ChIJl77HTYAX2jEReW4dEL_EREA,Gu Ma Jia Private Kitchen,"45 Tai Thong Crescent, Singapore 347866",Singapore,Central,2.0,Chinese,103.8699682,1.3284522,No Phone Number Listed,Not in Michelin Guide Yet,https://maps.google.com/?cid=4631042641731874425,Not Awarded Any Yet,"Dine-in,Takeaway,Delivery,Reservations,Beer,Wine,NFC payments,Wheelchair accessible",No Description Available Yet,A,0,3,4.0,good,0.84,good,0.726,good,0.8629,3.33,4.33,3.67
ChIJDzSicXgb2jERhQ4nFO72uaY,Gu Zao,"37 Teban Gardens Road, Singapore 600037",Singapore,West,1.0,Taiwanese,103.742732,1.3206765,No Phone Number Listed,Not in Michelin Guide Yet,https://maps.google.com/?cid=12013904983388262021,Not Awarded Any Yet,"Dine-in,Takeaway,Coffee,Wheelchair accessible",No Description Available Yet,A,0,3,4.67,good,0.8622,average,0.5832,good,0.6702,3.67,4.0,4.0
ChIJ1TVHBLgX2jERJyOKf3QJg6M,Guan Chee Hong Kong Roasted Duck,"105 Hougang Avenue 1, Singapore 530105",Singapore,North-East,1.0,Chinese,103.8904166,1.3536901,6283 6165,Not in Michelin Guide Yet,https://maps.google.com/?cid=11782271446091965223,Not Awarded Any Yet,"Dine-in,Takeaway,Outdoor seating,Coffee,Cash only,Wheelchair accessible",No Description Available Yet,A,0,5,3.4,good,0.6405,excellent,0.374,good,0.7155,3.6,3.8,3.6
ChIJAQAQgSMX2jERGxKv-J6tw3Q,Guan Yuan Noodle House,"22 Sin Ming Road, Singapore 570022",Singapore,North-East,1.0,Street Food,103.8394853,1.3576256,9123 6758,Not in Michelin Guide Yet,https://maps.google.com/?cid=8413759427146879515,Not Awarded Any Yet,,No Description Available Yet,A,0,1,4.0,good,0.9773,good,0.9964,good,0.9905,4.0,4.0,4.0
ChIJP_M0m0ca2jERuE0oCJCdsGY,Guangzhou Mian Shi Wanton Noodle,"48A Tanglin Halt Rd, #01-04, Singapore 148813",Singapore,Central,1.0,Street Food,103.7975584,1.3003728,No Phone Number Listed,Not in Michelin Guide Yet,https://maps.google.com/?cid=7399587429707435448,Not Awarded Any Yet,"Dine-in,Takeaway,Wheelchair accessible",No Description Available Yet,A,0,3,4.0,good,0.8148,good,0.7047,good,0.9018,4.0,4.33,4.0
ChIJhYB_Y5kP2jERXWjbkX1Ka_Q,Guicin Bee Hoon Nasi Lemak,"Jurong West Street 92, Singapore 604959",Singapore,West,1.0,Street Food,103.6904746,1.341483,No Phone Number Listed,Not in Michelin Guide Yet,https://maps.google.com/?cid=17612252670940899421,Not Awarded Any Yet,"Dine-in,Takeaway,Wheelchair accessible",No Description Available Yet,B,1,4,1.0,poor,0.8982,terrible,0.3964,poor,0.8749,1.75,2.0,2.5
ChIJCT5MmKQX2jERducydLVf_1A,Guo Chang Mala Xiang Guo,"CP, Singapore 530982",Singapore,North-East,1.0,Chinese,103.8793229,1.3809538,No Phone Number Listed,Not in Michelin Guide Yet,https://maps.google.com/?cid=5836488875038664566,Not Awarded Any Yet,Takeaway,No Description Available Yet,A,0,5,4.2,good,0.955,excellent,0.7147,good,0.9308,4.2,4.8,4.0
ChIJEQWOiAwZ2jERTjMciUorsNw,Guo Fu Hotpot,"7 Wallich St, #02 - 01 Guoco Tower, Singapore 078884",Singapore,Central,2.0,Chinese,103.8452062,1.2767378,6557 0906,Not in Michelin Guide Yet,https://maps.google.com/?cid=15902257883373122382,Not Awarded Any Yet,"Dine-in,Reservations,Beer,Wine,Credit cards,NFC payments,Wheelchair accessible",No Description Available Yet,A,0,3,5.0,good,0.8554,good,0.8544,good,0.5891,4.0,4.33,4.0
ChIJi23YbQ4H2jERUj66I5FSJiU,Gv Restaurant,"109 Tuas View Square, Singapore 637620",Singapore,West,1.0,Indian,103.6273484,1.3008866,8268 2648,Not in Michelin Guide Yet,https://maps.google.com/?cid=2676917811841482322,Not Awarded Any Yet,"Dine-in,Takeaway,Coffee",No Description Available Yet,A,0,3,3.0,poor,0.7812,poor,0.8434,poor,0.6155,3.0,3.0,3.0
ChIJVVUp60Ia2jERi24_dFNev4o,Gyu-Kaku Japanese Bbq,"1 Vista Exchange Green, Singapore 138617",Singapore,Central,3.0,Yakiniku,103.7885449,1.3069375,6735 4001,Not in Michelin Guide Yet,https://maps.google.com/?cid=9997813410311401099,Not Awarded Any Yet,"Dine-in,Reservations,Beer,Wine,Cocktails,Credit cards,NFC payments,Wheelchair accessible",No Description Available Yet,A,0,4,2.75,poor,0.8242,excellent,0.6876,good,0.7003,3.25,3.25,2.75
ChIJY3rKFQAV2jER7CbHE2-l-ns,Hai Ge Ji Beef Noodles,"461B Yishun Street 42, Singapore 762461",Singapore,North,1.0,Chinese,103.8504834,1.4288563,9478 2070,Not in Michelin Guide Yet,https://maps.google.com/?cid=8933634707334571756,Not Awarded Any Yet,"Dine-in,Takeaway,Delivery,NFC payments",No Description Available Yet,A,0,4,3.75,poor,0.6423,good,0.2675,good,0.7755,2.75,3.75,3.75
ChIJ91wkKwAV2jERV6l_fqywEcY,Hai Liang Mala Hotpot Mala Xiang Guo,"120 Canberra Crescent, Singapore 750120",Singapore,North,1.0,Chinese,103.8311578,1.445391,No Phone Number Listed,Not in Michelin Guide Yet,https://maps.google.com/?cid=14272382949016971607,Not Awarded Any Yet,"Dine-in,Delivery,Wheelchair accessible",No Description Available Yet,B,1,4,2.75,poor,0.7421,poor,0.3758,good,0.5866,2.75,2.75,3.75
ChIJDZQ07mIR2jERgru_mR7xpkw,Hai Nan Hometown Curry,"Bukit Panjang Road, Singapore 679947",Singapore,West,1.0,Street Food,103.7725003,1.3776095,No Phone Number Listed,Not in Michelin Guide Yet,https://maps.google.com/?cid=5523367106747284354,Not Awarded Any Yet,"Dine-in,Takeaway",No Description Available Yet,A,0,5,4.2,good,0.7236,excellent,0.2755,good,0.8484,3.2,3.4,3.6
ChIJU5tzKaEV2jERQglqQy112PU,Hai Nan Zai (Yishun Avenue 11),"Yishun Avenue 11, Singapore 762426",Singapore,North,1.0,Street Food,103.8465798,1.4237973,No Phone Number Listed,Not in Michelin Guide Yet,https://maps.google.com/?cid=17715037971526846786,Not Awarded Any Yet,"Dine-in,Takeaway,Wheelchair accessible",No Description Available Yet,A,0,5,2.2,good,0.7388,good,0.3571,good,0.8736,3.2,3.0,3.6
ChIJ6TIyfwAV2jERRvYBFD_npdE,Hai Nan Zai (Yishun Avenue 6),"Yishun Avenue 6, Singapore 768160",Singapore,North,1.0,Street Food,103.8416417,1.4374094,No Phone Number Listed,Not in Michelin Guide Yet,https://maps.google.com/?cid=15106734783188825670,Not Awarded Any Yet,"Dine-in,Takeaway",No Description Available Yet,A,0,5,3.8,good,0.6289,excellent,0.2151,good,0.8132,3.6,4.2,3.6
ChIJhY7qup4T2jERSQieSMC31Zg,Hai Zhong Bao (Woodlands 11),"11 Woodlands Close, Singapore 737853",Singapore,North,2.0,Seafood,103.8027609,1.4348694,6339 5794,Not in Michelin Guide Yet,https://maps.google.com/?cid=11012910500284336201,Not Awarded Any Yet,"Dine-in,Takeaway,Delivery,Outdoor seating,Coffee,NFC payments,Wheelchair accessible",No Description Available Yet,B,1,4,1.25,poor,0.8282,terrible,0.5617,good,0.7022,2.25,2.0,3.0
ChIJNeM67-MW2jERB2ypzlk1yJ4,Hai Zhong Bao Live Seafood,"422 Ang Mo Kio Avenue 3, Singapore 560422",Singapore,North-East,2.0,Asian,103.8510786,1.3677526,6451 2140,Not in Michelin Guide Yet,https://maps.google.com/?cid=11441453513170316295,Not Awarded Any Yet,"Dine-in,Takeaway,Reservations,Outdoor seating,Beer,Coffee,Credit cards,NFC payments,Wheelchair accessible",No Description Available Yet,B,1,5,1.4,poor,0.5898,poor,0.4662,good,0.6901,2.8,2.8,3.6
ChIJyT6CuaUa2jERkQYyhx57XWA,Haji E-Moiden Food Stall,"37 Teban Gardens Road, Singapore 600037",Singapore,West,1.0,Street Food,103.7427862,1.3208287,No Phone Number Listed,Not in Michelin Guide Yet,https://maps.google.com/?cid=6943841571522610833,Not Awarded Any Yet,"Dine-in,Takeaway,Delivery,Cash only,Wheelchair accessible",No Description Available Yet,A,0,5,4.2,good,0.6921,excellent,0.8269,good,0.9707,3.8,4.0,3.6
ChIJGe1DirMZ2jERs1gcYkrfbIs,Haji Kadir Food Chains,"505 Beach Road, Singapore 199583",Singapore,Central,1.0,Halal,103.8639278,1.3030913,6294 0750,Not in Michelin Guide Yet,https://maps.google.com/?cid=10046650379323332787,Not Awarded Any Yet,"Dine-in,Takeaway,Delivery,Coffee,Credit cards,NFC payments,Wheelchair accessible",No Description Available Yet,B,1,4,4.0,good,0.6454,excellent,0.6353,good,0.9118,3.75,4.5,4.0
ChIJSywCtf8W2jERFOBMoHstIuE,Hajime Tonkatsu & Ramen (Myvillage (Serangoon Garden)),"#01-01 Farleigh Avenue, Singapore 556679",Singapore,North-East,2.0,Japanese,103.8652996,1.364948,8894 4193,Not in Michelin Guide Yet,https://maps.google.com/?cid=16222578816735567892,Not Awarded Any Yet,"Dine-in,Takeaway,Delivery,Beer,Coffee,Credit cards,NFC payments,Wheelchair accessible",No Description Available Yet,A,0,5,4.8,good,0.8541,excellent,0.8492,good,0.9957,4.0,4.6,4.0
ChIJE6bqS3wF2jER5DyDWiFDK4w,Hajjah Faridah Nasi Padang,"Third Lok Yang Road, Singapore 628909",Singapore,West,1.0,Indonesian,103.6899642,1.3249202,9173 1569,Not in Michelin Guide Yet,https://maps.google.com/?cid=10100240399840001252,Not Awarded Any Yet,"Dine-in,Takeaway,Delivery,NFC payments,Wheelchair accessible",No Description Available Yet,A,0,2,5.0,excellent,0.501,excellent,0.8126,good,0.8952,4.5,5.0,4.0
ChIJ3xWl3WwZ2jERV_p9XsP-ZbU,Hakata Ikkousha Ramen,"Apt/Blk 7, Tanjong Pagar Plz, #01-104B, 081007",Singapore,Central,2.0,Ramen,103.8432542,1.2771166,6538 1880,Not in Michelin Guide Yet,https://maps.google.com/?cid=13071133608570124887,Not Awarded Any Yet,"Dine-in,Takeaway,Delivery,Beer,Credit cards,NFC payments,Wheelchair accessible",No Description Available Yet,A,0,4,3.75,good,0.671,good,0.8128,good,0.8217,3.5,3.75,3.5
ChIJd0jKulUF2jERzRvrkyRc5ao,Hakata Japanese Restaurant (Newest),"1 West Coast Way, Singapore 129531",Singapore,Central,2.0,Japanese,103.7576526,1.3165221,6265 3680,Not in Michelin Guide Yet,https://maps.google.com/?cid=12314350068284726221,Not Awarded Any Yet,"Dine-in,Takeaway,Delivery,Reservations,Beer,Wine,Cocktails,Coffee,Credit cards,NFC payments,Wheelchair accessible",No Description Available Yet,A,0,4,4.75,good,0.8043,excellent,0.828,good,0.9956,3.75,4.25,4.0
ChIJYb8mL94T2jER9YydJ0CYbsk,Hakka Fat Moi Lei Cha Rice,"Woodlands Industrial Park E3, Singapore 757780",Singapore,North,1.0,Chinese,103.7989468,1.4555342,No Phone Number Listed,Not in Michelin Guide Yet,https://maps.google.com/?cid=14514706050371652853,Not Awarded Any Yet,"Dine-in,Takeaway,NFC payments",No Description Available Yet,A,0,4,5.0,excellent,0.7272,excellent,0.7882,good,0.9797,4.25,4.75,4.25
ChIJOzIVm4AF2jERKcrCdeHuGAM,Han's,"1 Joo Koon Bus Interchange, Singapore 629117",Singapore,West,2.0,Cafe,103.6787828,1.3272086,6708 6773,Not in Michelin Guide Yet,https://maps.google.com/?cid=223190833665591849,Not Awarded Any Yet,"Dine-in,Takeaway,Delivery,Coffee,Credit cards,NFC payments,Wheelchair accessible",No Description Available Yet,A,0,4,2.5,poor,0.7036,poor,0.4422,good,0.8729,2.75,3.25,2.75
ChIJnUKdYNYb2jERsEuHNwLsBYY,Han's Cafe (Bukit Merah),"Blk 169 Jalan Bukit Merah, #01-21, Singapore 150169",Singapore,Central,2.0,Cafe,103.8192604,1.2833708,6708 6750,Not in Michelin Guide Yet,https://maps.google.com/?cid=9657384470231600048,Not Awarded Any Yet,"Dine-in,Takeaway,Coffee,Credit cards,NFC payments,Wheelchair accessible",No Description Available Yet,A,0,4,3.25,good,0.8257,excellent,0.6746,good,0.9574,3.25,4.25,3.5
ChIJrVNIVrsR2jERxZNJWrM_Jk4,Han's Cafe (Hillion Mall),"17 Petir Road, Singapore 678278",Singapore,West,2.0,Cafe,103.7629791,1.3783544,6708 6775,Not in Michelin Guide Yet,https://maps.google.com/?cid=5631258423619851205,Not Awarded Any Yet,"Dine-in,Takeaway,Delivery,Coffee,Credit cards,NFC payments,Wheelchair accessible",No Description Available Yet,A,0,5,2.4,poor,0.7897,good,0.5414,poor,0.8039,2.6,2.4,2.8
ChIJk543fVQR2jERhvEB7OHFXeY,Han's Union (Springleaf Garden),"906 Upper Thomson Road, Singapore 787433",Singapore,North,2.0,Cafe,103.8186528,1.3975981,6708 6765,Not in Michelin Guide Yet,https://maps.google.com/?cid=16599641375675380102,Not Awarded Any Yet,"Dine-in,Takeaway,Outdoor seating,Beer,Coffee,Credit cards,NFC payments,Wheelchair accessible",No Description Available Yet,A,0,3,5.0,good,0.9313,excellent,0.9586,good,0.9707,3.67,4.67,4.0
ChIJ82KCjowZ2jER37FvW5wmONU,Hana Japanese Restaurant,"Orchard Promenade, Singapore 238882",Singapore,Central,3.0,Japanese,103.8286111,1.3061111,6737 5525,Not in Michelin Guide Yet,https://maps.google.com/?cid=15364072581765247455,Not Awarded Any Yet,"Dine-in,Takeaway,Delivery,Reservations,Beer,Wine,Cocktails,Coffee,Credit cards,Wheelchair accessible",No Description Available Yet,A,0,3,5.0,good,0.9143,excellent,0.7196,good,0.9962,3.67,5.0,4.0
ChIJF2cko9wV2jERS_C9cqw0JyA,Handmande Noodles,"BLK 717 Yishun Street 71, #01-335, Singapore 760717, 178879",Singapore,North,1.0,Noodle Shop,103.8280946,1.4258903,8887 6859,Not in Michelin Guide Yet,https://maps.google.com/?cid=2316878448569479243,Not Awarded Any Yet,"Dine-in,Takeaway,Delivery",No Description Available Yet,B,1,5,5.0,good,0.6262,good,0.5312,good,0.7964,3.4,3.8,4.0
ChIJO1bi02wZ2jERV6naWny5scs,Han’S Cafe,"7 Wallich Street, #B2 - 25, Guoco Tower, Singapore 078884",Singapore,Central,2.0,Cafe,103.844954,1.2768533,6708 6735,Not in Michelin Guide Yet,https://maps.google.com/?cid=14677716604328520023,Not Awarded Any Yet,"Dine-in,Takeaway,Coffee,Credit cards,NFC payments,Wheelchair accessible",No Description Available Yet,A,0,5,2.2,poor,0.8169,good,0.7642,good,0.7478,2.6,3.0,2.8
ChIJ684taQAF2jERqBjW1F5UiVE,Hao Jia Ji,"1 Joo Koon Bus Interchange, Singapore 629117",Singapore,West,1.0,Chinese,103.6787287,1.3271683,No Phone Number Listed,Not in Michelin Guide Yet,https://maps.google.com/?cid=5875319955155982504,Not Awarded Any Yet,,No Description Available Yet,A,0,3,3.67,excellent,0.8229,excellent,0.7927,good,0.9942,3.67,3.67,3.0
ChIJsR15T-0b2jERpgjITh6CZM4,Happiness Healthy Fish Meat Soup,"37 Teban Gardens Road, Singapore 600037",Singapore,West,1.0,Street Food,103.7427812,1.32086,No Phone Number Listed,Not in Michelin Guide Yet,https://maps.google.com/?cid=14872154936166582438,Not Awarded Any Yet,"Dine-in,Takeaway,Wheelchair accessible",No Description Available Yet,A,0,5,3.8,good,0.8645,good,0.4479,good,0.8895,3.8,4.2,3.8
ChIJZwPAVn8Z2jERltWOM-GHGl4,Happy Oven (Tiong Bahru Main Bakery),"40 Beo Cres, #01-08, Singapore 160040",Singapore,Central,1.0,Bakery,103.8277118,1.2890129,6270 7411,Not in Michelin Guide Yet,https://maps.google.com/?cid=6780881590262093206,Not Awarded Any Yet,"Takeaway,Delivery,Credit cards,NFC payments,Wheelchair accessible",No Description Available Yet,A,0,5,3.6,poor,0.9228,excellent,0.8879,good,0.8393,3.2,3.4,3.8
ChIJoellFGYV2jER2vKI1GPY8j8,Happy Thai Food (Sembawang),"8 Jalan Legundi, Singapore 759274",Singapore,North,1.0,Thai,103.823688,1.4416506,6714 6682,Not in Michelin Guide Yet,https://maps.google.com/?cid=4607983292032545498,Not Awarded Any Yet,"Dine-in,Takeaway,Delivery,Reservations,Outdoor seating,Beer,Wine,Credit cards,NFC payments,Wheelchair accessible",No Description Available Yet,B,1,5,4.2,average,0.8782,excellent,0.5588,good,0.9233,3.0,4.2,3.4
ChIJ6y5i3oMU2jER-GgJ3IOuN18,Happy Village Restaurant (Happy Kampong Seafood Malu Malu),"81 Jalan Malu-malu, Singapore 769468",Singapore,North,2.0,Seafood,103.8259012,1.4442202,6555 1018,Not in Michelin Guide Yet,https://maps.google.com/?cid=6861144438677793016,Not Awarded Any Yet,"Dine-in,Takeaway,Delivery,Reservations,Outdoor seating,Beer,Coffee,Wheelchair accessible",No Description Available Yet,A,0,3,4.67,average,0.7276,average,0.5755,good,0.848,4.0,4.0,3.67
ChIJpfgvhowZ2jERbVbSD5w0-FY,Hard Rock Cafe Singapore,"50 Cuscaden Road, Singapore 249724",Singapore,Central,3.0,American,103.8281191,1.3057768,6235 5232,Not in Michelin Guide Yet,https://maps.google.com/?cid=6266816726371030637,Not Awarded Any Yet,"Dine-in,Takeaway,Delivery,Reservations,Live music,Beer,Wine,Cocktails,Coffee,Credit cards,NFC payments",Rock ’n’ roll-themed chain with a high-energy vibe serving burgers & American classics.,A,0,4,5.0,good,0.5736,excellent,0.8093,excellent,0.88,4.25,5.0,4.5
ChIJE-cm2wsZ2jERLKCBfIV0RxM,Harry's Boat Quay,"Boat Quay, Singapore 049820",Singapore,Central,2.0,Western,103.8499858,1.2859348,8268 8243,Not in Michelin Guide Yet,https://maps.google.com/?cid=1389207126735429676,Not Awarded Any Yet,"Dine-in,Takeaway,Reservations,Outdoor seating,Live music,Cocktails,Coffee,Credit cards,NFC payments",No Description Available Yet,A,0,3,4.67,excellent,0.7476,excellent,0.9891,good,0.7088,4.67,5.0,4.0
ChIJI3jdvMAb2jERtq4a-GxN5ZU,Harry's Mapletree Business City,"40 Pasir Panjang Rd, #02-43/44, Singapore 117383",Singapore,Central,2.0,Western,103.7995597,1.2756788,8268 8092,Not in Michelin Guide Yet,https://maps.google.com/?cid=10801124411732307638,Not Awarded Any Yet,"Dine-in,Takeaway,Reservations,Outdoor seating,Beer,Wine,Cocktails,Coffee,Credit cards,NFC payments,Wheelchair accessible",No Description Available Yet,A,0,5,5.0,good,0.8039,excellent,0.8712,good,0.8449,3.8,4.6,4.0
ChIJt5JC8JIX2jER3syTBziS_zQ,Harry's Tai Seng,"18 Tai Seng Street, Singapore 539775",Singapore,North-East,2.0,Western,103.889089,1.3362549,8268 8167,Not in Michelin Guide Yet,https://maps.google.com/?cid=3818931778376420574,Not Awarded Any Yet,"Dine-in,Takeaway,Reservations,Outdoor seating,Beer,Wine,Cocktails,Coffee,Credit cards,NFC payments,Wheelchair accessible",No Description Available Yet,A,0,3,4.0,good,0.692,good,0.6197,good,0.9863,4.0,3.67,3.67
ChIJrd5LNwIX2jER1F4Z5kptLpg,Havefun Karaoke & Bistro (Thomson Plaza),"Upper Thomson Road, Singapore 576583",Singapore,North-East,1.0,Bar,103.8308643,1.3548791,6261 8082,Not in Michelin Guide Yet,https://maps.google.com/?cid=10965822311149166292,Not Awarded Any Yet,"Dine-in,Takeaway,Delivery,Reservations,Live music,Beer,Wine,Cocktails,Coffee,Credit cards,NFC payments,Wheelchair accessible",No Description Available Yet,A,0,3,5.0,average,0.7676,good,0.8044,good,0.6888,4.0,4.33,4.0
ChIJZQviFgMZ2jERtCmpRJZhkPI,Hawker Chan,"OCBC Skyway, Singapore 018593",Singapore,Central,1.0,Singaporean,103.8641983,1.2809854,No Phone Number Listed,Not in Michelin Guide Yet,https://maps.google.com/?cid=17478577451849820596,Not Awarded Any Yet,"Dine-in,Takeaway,NFC payments,Wheelchair accessible",No Description Available Yet,A,0,4,1.0,poor,0.7595,terrible,0.3521,poor,0.6766,2.5,2.0,2.5
ChIJre2lGAAX2jERWhfpjUyJWBA,He Jia Huan,"1 Lentor Central, Singapore 788887",Singapore,North,2.0,Chinese,103.8342147,1.3860289,6219 3591,Not in Michelin Guide Yet,https://maps.google.com/?cid=1177842264448767834,Not Awarded Any Yet,"Dine-in,Takeaway,Delivery,Reservations",No Description Available Yet,A,0,4,4.25,good,0.9041,excellent,0.7489,good,0.9847,3.5,4.0,4.0
ChIJ_W5cgnUT2jERIFQVg7Z5nm4,He Zhi Rong Korean Food,"676 Woodlands Drive 71, Singapore 730676",Singapore,North,1.0,Asian Grocery Store,103.800649,1.4398604,No Phone Number Listed,Not in Michelin Guide Yet,https://maps.google.com/?cid=7970942215282578464,Not Awarded Any Yet,,No Description Available Yet,A,0,4,4.0,average,0.8093,excellent,0.5858,good,0.8449,3.5,3.75,3.75
ChIJC_JDKDAX2jERo9qgi6wI9TA,Heavenly Wang,"Upper Thomson Road, Singapore 576583",Singapore,North-East,1.0,Cafe,103.8308906,1.3548586,No Phone Number Listed,Not in Michelin Guide Yet,https://maps.google.com/?cid=3527735420284623523,Not Awarded Any Yet,"Dine-in,Takeaway,Coffee,NFC payments,Wheelchair accessible",No Description Available Yet,B,1,5,2.6,good,0.372,good,0.156,good,0.5439,3.0,3.6,4.0
ChIJoeBXbssb2jERsnEOvlPtBrQ,Hei Lun Shi Tang,"1 Queensway, #02-47, Singapore 149053",Singapore,Central,1.0,Chinese,103.8031063,1.2875231,9817 4793,Not in Michelin Guide Yet,https://maps.google.com/?cid=12972316720613978546,Not Awarded Any Yet,"Dine-in,Takeaway,Delivery,Credit cards,NFC payments,Wheelchair accessible",No Description Available Yet,B,1,3,4.67,good,0.5948,excellent,0.736,good,0.8227,4.0,5.0,4.0
ChIJnwzYEYEU2jERSJu3xztD_gg,Hei Sushi (Sembawang),"604 Sembawang Road, Singapore 758459",Singapore,North,2.0,Japanese,103.8249288,1.4418319,8851 8421,Not in Michelin Guide Yet,https://maps.google.com/?cid=648029320420760392,Not Awarded Any Yet,"Dine-in,Takeaway,Delivery,Reservations,Credit cards,NFC payments,Wheelchair accessible",No Description Available Yet,A,0,4,2.5,good,0.7486,excellent,0.5732,good,0.5428,3.25,3.75,3.0
ChIJv7xlbo0X2jERhJLcBjGAJnc,Hei Sushi (Tai Seng Street),"28 Tai Seng Street, Singapore 534106",Singapore,North-East,2.0,Japanese,103.8890157,1.3348951,6382 1494,Not in Michelin Guide Yet,https://maps.google.com/?cid=8585690687685300868,Not Awarded Any Yet,"Dine-in,Takeaway,Delivery,Reservations,Outdoor seating,Credit cards,NFC payments,Wheelchair accessible",No Description Available Yet,A,0,4,4.0,good,0.8066,excellent,0.7164,good,0.9572,3.5,4.5,4.25
ChIJi5uMBo0H2jERGsnIllgMnys,Heng Heng Boneless Duck Rice,"47 Tuas South Avenue 1, Singapore 637601",Singapore,West,1.0,Street Food,103.6290285,1.3187464,9325 4844,Not in Michelin Guide Yet,https://maps.google.com/?cid=3143244639554291994,Not Awarded Any Yet,"Dine-in,Takeaway,Delivery",No Description Available Yet,A,0,4,5.0,good,0.711,excellent,0.7528,good,0.9786,4.0,5.0,4.0
ChIJXwPeS1ER2jERN7SA9Gv38ik,Heng Heng Noodle House,"Senja Close, Singapore 677632",Singapore,West,1.0,Street Food,103.7610569,1.3872816,No Phone Number Listed,Not in Michelin Guide Yet,https://maps.google.com/?cid=3022750342954660919,Not Awarded Any Yet,"Dine-in,Takeaway,Wheelchair accessible",No Description Available Yet,A,0,5,3.8,good,0.5267,excellent,0.2442,good,0.8023,3.6,3.4,4.0
ChIJ3V_o4G8U2jER11HABmPzqPs,Heng Hua Restaurant,"748 Yishun Street 72, Singapore 760749",Singapore,North,2.0,Chinese,103.8334326,1.4272486,6757 1762,Not in Michelin Guide Yet,https://maps.google.com/?cid=18134011506247881175,Not Awarded Any Yet,"Dine-in,Takeaway,Delivery,Reservations,Outdoor seating,Beer,Coffee,NFC payments,Wheelchair accessible",No Description Available Yet,A,0,4,4.25,good,0.7671,good,0.4646,good,0.9666,3.25,3.25,3.25
ChIJucjD4T8Q2jERCH4DSeuecVw,Heng Huat Fried Kway Tiao,"121 Pasir Panjang Rd, #01-36, Singapore 118543",Singapore,Central,1.0,Street Food,103.79121,1.2759454,9735 5236,Not in Michelin Guide Yet,https://maps.google.com/?cid=6661280057237143048,Not Awarded Any Yet,"Dine-in,Takeaway,Outdoor seating,Cash only,Wheelchair accessible",No Description Available Yet,B,1,4,3.5,good,0.6437,good,0.6055,good,0.8565,3.5,3.75,3.5
ChIJnX74agAT2jER72CBzRSnLd8,Heng Ji Soup & Western,"Canberra Road, Singapore 750425",Singapore,North,1.0,Western,103.819522,1.4536181,No Phone Number Listed,Not in Michelin Guide Yet,https://maps.google.com/?cid=16081693552198901999,Not Awarded Any Yet,"Takeaway,Wheelchair accessible",No Description Available Yet,A,0,1,4.0,good,0.7625,excellent,0.4617,good,0.9963,4.0,5.0,4.0
ChIJs1zhSQAR2jEREzJN_Sw5NwI,Herbal Soup,"Choa Chu Kang Street 62, Singapore 680624",Singapore,West,1.0,Chinese,103.7467024,1.398136,No Phone Number Listed,Not in Michelin Guide Yet,https://maps.google.com/?cid=159659177185980947,Not Awarded Any Yet,,No Description Available Yet,A,0,2,4.0,average,0.509,average,0.5359,average,0.5555,4.0,4.0,3.5
ChIJpeFN7aob2jERoaTWj84uyQM,Heyya Braised Duck (Greenwood),"Greenwood Avenue, Singapore 289215",Singapore,Central,1.0,Chinese,103.8069312,1.3313379,8800 1132,Not in Michelin Guide Yet,https://maps.google.com/?cid=272800717143975073,Not Awarded Any Yet,"Dine-in,Takeaway,Delivery,Coffee",No Description Available Yet,A,0,4,5.0,good,0.9077,excellent,0.888,good,0.922,4.0,4.5,4.0
ChIJP21YatMR2jER65OA_XyHZzE,Heyya Braised Duck (Keat Hong),"253 Keat, 253 Choa Chu Kang Ave 1, #01-24 Hong Food Centre & Market, 680253",Singapore,West,1.0,Street Food,103.744394,1.3774405,8800 1132,Not in Michelin Guide Yet,https://maps.google.com/?cid=3559963001358423019,Not Awarded Any Yet,"Dine-in,Takeaway,Delivery",No Description Available Yet,A,0,4,2.5,poor,0.744,good,0.443,poor,0.7727,2.75,2.75,3.25
ChIJp3Xzzb4b2jER-VtJo_5e5fI,Hillman 99 Restaurant (West Coast),"99 Pasir Panjang Rd, Singapore 118517",Singapore,Central,2.0,Chinese,103.7949379,1.2750237,6474 6835,Not in Michelin Guide Yet,https://maps.google.com/?cid=17502499974599498745,Not Awarded Any Yet,"Dine-in,Takeaway,Reservations,Outdoor seating,Beer,Credit cards,NFC payments",No Description Available Yet,A,0,5,3.6,good,0.7843,excellent,0.5006,good,0.6542,3.0,3.4,3.6
ChIJKdeRZMgZ2jERnPLznyEl61w,Hillman Restaurant,"147 Kitchener Road, Singapore 208524",Singapore,Central,2.0,Chinese,103.8572327,1.3097278,6221 5073,Not in Michelin Guide Yet,https://maps.google.com/?cid=6695486097364087452,Not Awarded Any Yet,"Dine-in,Takeaway,Delivery,Reservations,Beer,Coffee,Credit cards,NFC payments",No Description Available Yet,A,0,3,4.33,average,0.5791,good,0.502,good,0.5843,3.0,4.33,3.67
ChIJMduSTzgQ2jEROj60t5-zEL8,Hilltop Garden Restaurant,"Bukit Batok West Avenue 2, Singapore 659206",Singapore,West,3.0,Chinese,103.7494101,1.3525875,6316 5500,Not in Michelin Guide Yet,https://maps.google.com/?cid=13767701559434821178,Not Awarded Any Yet,"Dine-in,Takeaway,Reservations,Beer,Coffee,Credit cards,NFC payments,Wheelchair accessible",No Description Available Yet,B,1,3,3.0,good,0.7406,good,0.4913,good,0.7027,3.33,4.0,3.67
ChIJFdruaMEb2jERMCmyEfu4Tws,Himawari Japanese Restaurant,"991B Alexandra Rd, #01-08/09, Singapore 119970",Singapore,Central,2.0,Japanese,103.8033299,1.2738884,6272 1110,Not in Michelin Guide Yet,https://maps.google.com/?cid=815073446050539824,Not Awarded Any Yet,"Dine-in,Takeaway,Delivery,Reservations,Beer,Wine,Coffee,Credit cards,NFC payments,Wheelchair accessible",No Description Available Yet,A,0,5,4.4,good,0.6916,good,0.4223,good,0.9734,4.0,4.4,4.0
ChIJAXBY2D0U2jERZWpNAYMidOw,Himawari Japanese Restaurant Occ,"Orchid Club Road, Singapore 763513",Singapore,North,2.0,Japanese,103.8448136,1.4136054,6834 3313,Not in Michelin Guide Yet,https://maps.google.com/?cid=17038281236307339877,Not Awarded Any Yet,"Dine-in,Takeaway,Delivery,Reservations,Outdoor seating,Beer,Coffee,Credit cards,NFC payments,Wheelchair accessible",No Description Available Yet,A,0,4,3.75,good,0.8314,good,0.6502,good,0.924,3.5,3.75,3.25
ChIJgQDMidMV2jERz98M13-0yD8,Hjh. Hadijah Muslim Food,"461 Yishun Avenue 6, Singapore 760461",Singapore,North,1.0,Indian,103.8499767,1.4284349,No Phone Number Listed,Not in Michelin Guide Yet,https://maps.google.com/?cid=4596121880893382607,Not Awarded Any Yet,"Dine-in,Takeaway,Coffee",No Description Available Yet,A,0,4,5.0,good,0.6388,excellent,0.6849,good,0.7488,3.75,4.5,4.0
ChIJuaxwKscW2jERGYyq6wvkx8U,Ho Bee Roasted Food,"628 Ang Mo Kio Avenue 4, Singapore 560628",Singapore,North-East,1.0,Street Food,103.8408624,1.3811402,9227 5608,Not in Michelin Guide Yet,https://maps.google.com/?cid=14251610285686819865,Not Awarded Any Yet,"Dine-in,Takeaway,Delivery,Wheelchair accessible",No Description Available Yet,A,0,5,2.6,poor,0.7037,poor,0.493,good,0.345,2.0,2.2,3.4
ChIJx1v13ukP2jERMcET_e5u7vo,Ho Huat Fried Hokkien Prawn Mee,"221B Boon Lay Place, Singapore 642221",Singapore,West,1.0,Street Food,103.7130635,1.3457259,6268 1033,Not in Michelin Guide Yet,https://maps.google.com/?cid=18081511526666322225,Not Awarded Any Yet,"Dine-in,Takeaway,Delivery",No Description Available Yet,B,1,5,2.2,poor,0.6592,excellent,0.5234,good,0.7391,2.4,4.2,3.4
ChIJs5CBlukR2jERQb2TQVnIMr8,Ho Kee Pau (Choa Chu Kang Ave 4),"21 Choa Chu Kang Ave 4, B1-K28 Lot One, Singapore 689812",Singapore,West,1.0,Dim Sum,103.7449142,1.3851169,6760 9180,Not in Michelin Guide Yet,https://maps.google.com/?cid=13777294495757614401,Not Awarded Any Yet,"Dine-in,Takeaway,Wheelchair accessible",No Description Available Yet,A,0,5,1.8,poor,0.8633,poor,0.7029,poor,0.7048,2.4,2.4,2.2
ChIJU1VVxeYW2jER8aRzZVZb8IA,Ho Kee Pau (Ang Mo Kio Avenue 3),"53 Ang Mo Kio Avenue 3, Singapore 569933",Singapore,North-East,1.0,Street Food,103.8481594,1.3690023,6456 2804,Not in Michelin Guide Yet,https://maps.google.com/?cid=9291026457892726001,Not Awarded Any Yet,"Dine-in,Takeaway",No Description Available Yet,A,0,5,1.8,poor,0.7121,terrible,0.6659,poor,0.7507,2.4,2.6,2.8
ChIJXYErmqgT2jERr_jcqYtfr4s,Ho Kee Pau (Woodlands Integrated Transport Hub),"Woodlands Integrated Transport Hub, Singapore 738343",Singapore,North,1.0,Dim Sum,103.7862271,1.4362634,6894 3778,Not in Michelin Guide Yet,https://maps.google.com/?cid=10065368745651271855,Not Awarded Any Yet,"Dine-in,Takeaway",No Description Available Yet,A,0,5,1.8,poor,0.8071,terrible,0.6024,poor,0.9608,2.0,1.8,2.2
ChIJUR6ysaYX2jERicLzZs2SkFQ,Ho Kee Pau (Serangoon Central),"23 Serangoon Central, Singapore 556083",Singapore,North-East,1.0,Dim Sum,103.8729481,1.3502237,6634 2054,Not in Michelin Guide Yet,https://maps.google.com/?cid=6093531706725483145,Not Awarded Any Yet,"Dine-in,Takeaway,Coffee,NFC payments",No Description Available Yet,A,0,5,1.6,poor,0.8829,poor,0.7222,average,0.7802,2.2,2.4,2.2
ChIJ_3locQAR2jERund4T1OLN5k,Ho Yeah Nasi Lemak,"440 Bukit Batok West Avenue 8, Singapore 650440",Singapore,West,1.0,Street Food,103.7395207,1.3559765,No Phone Number Listed,Not in Michelin Guide Yet,https://maps.google.com/?cid=11040446201453901754,Not Awarded Any Yet,,No Description Available Yet,A,0,4,4.75,good,0.6724,excellent,0.5727,good,0.9087,4.25,4.75,4.25
ChIJv6LPtLUZ2jERaizuiJCGBk4,Hoe Hokkien Mee,"861 North Bridge Road, Singapore 198783",Singapore,Central,1.0,Street Food,103.863816,1.3056577,9099 1178,Not in Michelin Guide Yet,https://maps.google.com/?cid=5622329140149365866,Not Awarded Any Yet,"Dine-in,Takeaway,Delivery",No Description Available Yet,B,1,4,4.0,good,0.7,excellent,0.4299,good,0.9746,3.25,4.5,4.0
ChIJ_fRXp4wF2jERZjsOHEVqJQ8,Hoe Kee Noodle House,"14 Lok Yang Way, Singapore 628459",Singapore,West,1.0,Chinese Noodle,103.6900163,1.3250234,8126 8042,Not in Michelin Guide Yet,https://maps.google.com/?cid=1091395329763195750,Not Awarded Any Yet,Takeaway,No Description Available Yet,A,0,5,4.6,good,0.7556,good,0.5482,good,0.9608,3.6,4.2,4.0
ChIJTX7DHlsT2jERXMaZyzUSdzI,Hoe Kee Teik Coffeeshop,"55 Sungei Kadut Drive, Singapore 729577",Singapore,North,1.0,Street Food,103.7437748,1.4185644,No Phone Number Listed,Not in Michelin Guide Yet,https://maps.google.com/?cid=3636395246383384156,Not Awarded Any Yet,"Dine-in,Takeaway,Coffee",No Description Available Yet,A,0,4,4.25,good,0.8853,excellent,0.7375,good,0.9487,3.75,4.5,3.75
ChIJXXY6J20Z2jERRzsabUgPrcE,Hokkaido Izakaya,"95 Tg Pagar Rd, Singapore 088516",Singapore,Central,2.0,Izakaya,103.8437592,1.2774552,6221 7118,Not in Michelin Guide Yet,https://maps.google.com/?cid=13955827624033532743,Not Awarded Any Yet,"Reservations,Beer,Wine,NFC payments",No Description Available Yet,A,0,4,4.75,good,0.7088,excellent,0.7893,good,0.9974,4.25,5.0,4.25
ChIJrWbzWcAR2jER23rv9RZ3eck,Hokkaido Ramen,"1 Jalan Anak Bukit, Singapore 588996",Singapore,Central,2.0,Ramen,103.7788641,1.3386705,No Phone Number Listed,Not in Michelin Guide Yet,https://maps.google.com/?cid=14517765814304602843,Not Awarded Any Yet,"Dine-in,Takeaway,Delivery,Credit cards",No Description Available Yet,A,0,3,4.33,good,0.7152,excellent,0.9721,good,0.9481,4.0,4.67,4.0
ChIJ00Z-8soX2jERQjNFf1h6ZLA,Hokkaido-Ya,"301 Upper Thomson Road, Singapore 574408",Singapore,North-East,2.0,Japanese,103.8307721,1.3547546,6254 0010,Not in Michelin Guide Yet,https://maps.google.com/?cid=12710418568857334594,Not Awarded Any Yet,"Dine-in,Takeaway,Delivery,Beer,Credit cards,NFC payments",No Description Available Yet,A,0,3,3.33,poor,0.5593,excellent,0.5692,good,0.8057,2.67,3.67,3.33
ChIJGc8TpWsa2jERSFrowt5WsTA,Holland Village Market & Food Centre,"1 Lorong Mambong, Singapore 277700",Singapore,Central,1.0,Street Food,103.7949113,1.311087,No Phone Number Listed,Not in Michelin Guide Yet,https://maps.google.com/?cid=3508681099451062856,Not Awarded Any Yet,"Dine-in,Takeaway,Outdoor seating,Beer,Coffee,NFC payments,Wheelchair accessible",No Description Available Yet,A,0,5,4.0,good,0.8538,good,0.5963,good,0.8085,3.6,3.6,3.4
ChIJm-knKAAR2jERnf68mOXqkQo,Hong Fa Japanese & Korean Cuisine,"640A Senja Link, Singapore 670643",Singapore,West,1.0,Japanese,103.7611279,1.3878581,No Phone Number Listed,Not in Michelin Guide Yet,https://maps.google.com/?cid=761648083833257629,Not Awarded Any Yet,Takeaway,No Description Available Yet,A,0,3,3.0,average,0.4287,good,0.3188,average,0.8107,3.0,3.67,3.0
ChIJPeJgHb8P2jERBcJ1S8vhPdI,Hong Heng Roasted Delights,"Jalan Bahar, Singapore 640271",Singapore,West,1.0,Chinese,103.7029461,1.3490888,No Phone Number Listed,Not in Michelin Guide Yet,https://maps.google.com/?cid=15149512984804835845,Not Awarded Any Yet,"Dine-in,Takeaway,Wheelchair accessible",No Description Available Yet,A,0,5,4.8,good,0.7617,excellent,0.5583,good,0.6684,3.8,4.6,4.0
ChIJc2KYngET2jERn5ZlQJ8UlUg,Hong Ji Herbs Bak Kut Teh (Marsiling),"19 Marsiling Lane, Singapore 730019",Singapore,North,1.0,Street Food,103.7771673,1.4428334,9799 2614,Not in Michelin Guide Yet,https://maps.google.com/?cid=5230109216473454239,Not Awarded Any Yet,"Dine-in,Takeaway,Delivery,Outdoor seating,Beer,Coffee,Cash only,Wheelchair accessible",No Description Available Yet,A,0,4,2.25,good,0.6219,excellent,0.6885,good,0.8341,3.5,4.0,3.25
ChIJR47LW1QR2jERDfJ8gzelyhI,Hong Ji Herbs Bak Kut Teh (Upper Thomson),"910B Upper Thomson Road, Singapore 787113",Singapore,North,2.0,Street Food,103.8182953,1.3986173,8261 5694,Not in Michelin Guide Yet,https://maps.google.com/?cid=1354076295826043405,Not Awarded Any Yet,"Dine-in,Takeaway,Delivery,Outdoor seating,Coffee",No Description Available Yet,A,0,5,3.0,good,0.7821,excellent,0.3914,good,0.8186,3.2,3.8,3.2
ChIJMfHt3pUP2jERC2GRZyy0eRo,Hong Ji Porridge,"505 Jurong West Avenue 1, Singapore 640505",Singapore,West,1.0,Street Food,103.7184631,1.3499852,9729 2745,Not in Michelin Guide Yet,https://maps.google.com/?cid=1907754019977257227,Not Awarded Any Yet,"Dine-in,Takeaway,Wheelchair accessible",No Description Available Yet,A,0,3,5.0,good,0.9044,excellent,0.76,good,0.9008,3.67,4.67,4.0
ChIJCVQoEjAR2jERPCe20zxUSwU,Hong Jie Wanton Noodle (,"Choa Chu Kang Crescent, Singapore 681691",Singapore,West,1.0,Street Food,103.750234,1.401565,No Phone Number Listed,Not in Michelin Guide Yet,https://maps.google.com/?cid=381491213669639996,Not Awarded Any Yet,"Dine-in,Takeaway",No Description Available Yet,A,0,5,4.0,good,0.525,good,0.4607,good,0.6606,3.8,4.2,4.0
ChIJCQYQBgAT2jERBz1BUsAXRE8,Hong Kee Fried Delights,"302 Woodlands Street 31, Singapore 730302",Singapore,North,1.0,Chinese,103.774189,1.4314178,No Phone Number Listed,Not in Michelin Guide Yet,https://maps.google.com/?cid=5711716342193798407,Not Awarded Any Yet,Takeaway,No Description Available Yet,A,0,5,3.8,good,0.8812,excellent,0.6238,good,0.9872,3.6,4.0,3.4
ChIJPVz4U8QR2jERaJTXZH9ZYnU,Hong Kiat Seafood Restaurant,"214 Choa Chu Kang Avenue 1, Singapore 689473",Singapore,West,2.0,Seafood,103.743854,1.376655,6763 0304,Not in Michelin Guide Yet,https://maps.google.com/?cid=8458421453842781288,Not Awarded Any Yet,"Dine-in,Takeaway,Delivery,Reservations,Outdoor seating,Beer,Coffee,Wheelchair accessible",No Description Available Yet,A,0,1,5.0,good,0.8874,good,0.9988,good,0.9986,4.0,4.0,4.0
ChIJD2KRPfwa2jERpjI_2ZxVBRA,Hong Kong Kitchen,"24 Clementi Rd, Singapore 129753",Singapore,Central,1.0,Chinese,103.7687545,1.2930409,6779 7889,Not in Michelin Guide Yet,https://maps.google.com/?cid=1154423011638456998,Not Awarded Any Yet,"Dine-in,Takeaway,Reservations,Beer,Coffee",No Description Available Yet,B,1,4,3.25,good,0.9014,good,0.5166,good,0.8996,3.5,3.25,3.25
ChIJTxf0-dYb2jER22pj7IhCVYk,Hong Kong Street Restaurant (Clementi West St 2),"720 Clementi West Street 2, Singapore 120720",Singapore,Central,2.0,Chinese,103.7635239,1.3027453,No Phone Number Listed,Not in Michelin Guide Yet,https://maps.google.com/?cid=9895888912065456859,Not Awarded Any Yet,"Dine-in,Takeaway",No Description Available Yet,A,0,3,2.33,poor,0.8154,poor,0.6917,poor,0.7576,3.0,3.0,2.67
ChIJ5TAELCkR2jER2cp3Vxeu9bw,Hong Long Boneless Chicken Rice,"485 Segar Road, Singapore 670485",Singapore,West,1.0,Street Food,103.7710089,1.3888107,No Phone Number Listed,Not in Michelin Guide Yet,https://maps.google.com/?cid=13615980463699512025,Not Awarded Any Yet,"Dine-in,Takeaway,Wheelchair accessible",No Description Available Yet,A,0,5,4.0,good,0.7114,excellent,0.5138,good,0.8833,3.4,4.0,4.0
ChIJI-GtkNwP2jERHCAs51h_8vo,Hong Man Tian Traditional Charcoal Roast,"501 Jurong West Street 51, Singapore 640501",Singapore,West,1.0,Street Food,103.7187488,1.350351,8181 8430,Not in Michelin Guide Yet,https://maps.google.com/?cid=18082655473658241052,Not Awarded Any Yet,Dine-in,No Description Available Yet,A,0,5,2.6,good,0.8549,terrible,0.5397,good,0.9452,3.2,2.8,3.4
ChIJ65F9ozwY2jERNvkOn8KncIU,Hong Qin Fish And Duck Porridge,"134 Geylang East Avenue 1, Singapore 389781",Singapore,Central,1.0,Street Food,103.8856312,1.3158726,9061 4988,Not in Michelin Guide Yet,https://maps.google.com/?cid=9615369658770061622,Not Awarded Any Yet,"Dine-in,Takeaway,Outdoor seating,Coffee",No Description Available Yet,A,0,4,3.0,poor,0.8356,excellent,0.714,good,0.7843,3.25,4.0,3.5
ChIJk82ZbgAT2jERSzV0zUZ5yPs,Hong Yu Kitchen,"Canberra Road, Singapore 750425",Singapore,North,2.0,Chinese,103.8195363,1.4535795,No Phone Number Listed,Not in Michelin Guide Yet,https://maps.google.com/?cid=18142884443863659851,Not Awarded Any Yet,"Takeaway,Wheelchair accessible",No Description Available Yet,A,0,3,1.0,poor,0.7975,good,0.4722,poor,0.5348,2.33,2.33,2.67
ChIJ1RJxPHEP2jERbXO-IRgJ07M,Hong Yun Ge Seafood,"959 Jurong West Street 92, Singapore 640959",Singapore,West,2.0,Seafood,103.6904491,1.3414067,8458 7630,Not in Michelin Guide Yet,https://maps.google.com/?cid=12957710552125043565,Not Awarded Any Yet,"Dine-in,Takeaway,Coffee,Wheelchair accessible",No Description Available Yet,A,0,2,2.5,good,0.8848,good,0.3883,average,0.8747,3.0,3.0,2.0
ChIJUXAAUEUa2jERTkJUfdD1DXM,Hoodadak Korean Restaurant 후다닥 한국 음식점,"1 Fusionopolis Pl, #01-10 Galaxis, Singapore 138522",Singapore,Central,2.0,Korean,103.7882033,1.2995285,6320 3477,Not in Michelin Guide Yet,https://maps.google.com/?cid=8290552764863627854,Not Awarded Any Yet,"Dine-in,Takeaway,Delivery,Reservations,Credit cards,NFC payments,Wheelchair accessible",No Description Available Yet,A,0,4,3.5,good,0.4892,good,0.425,good,0.4318,3.0,2.5,3.25
ChIJHRVGTj8Y2jERonVbhUBfrTQ,Hougang Otah,"51 Old Airport Road, Singapore 390051",Singapore,Central,1.0,Street Food,103.8858505,1.308232,6342 0873,Not in Michelin Guide Yet,https://maps.google.com/?cid=3795794791663105442,Not Awarded Any Yet,"Dine-in,Takeaway,Wheelchair accessible",No Description Available Yet,A,0,3,2.33,poor,0.945,poor,0.9057,terrible,0.5943,2.67,3.0,2.0
ChIJbyRDlAMb2jEREdxo1co6yss,House Of Braised Duck,"Dunearn Close, Singapore 289876",Singapore,Central,1.0,Street Food,103.8141144,1.3242436,No Phone Number Listed,Not in Michelin Guide Yet,https://maps.google.com/?cid=14684614177833147409,Not Awarded Any Yet,"Dine-in,Takeaway,Wheelchair accessible",No Description Available Yet,A,0,5,2.4,poor,0.7856,terrible,0.4765,good,0.6351,2.8,2.6,2.8
ChIJcVi6HlwT2jERBqhHHDRoxxk,Hua Seafood,"Admiralty Street, Singapore 757440",Singapore,North,2.0,Seafood,103.8155209,1.4618535,8302 1390,Not in Michelin Guide Yet,https://maps.google.com/?cid=1857567944335665158,Not Awarded Any Yet,"Dine-in,Takeaway,Beer,Coffee",No Description Available Yet,A,0,3,3.0,average,0.8256,average,0.7208,good,0.9201,3.33,4.0,3.67
ChIJ5XNRyGkT2jERHQ3JTBDpKDI,Hua Zai Hk Style Roasted Delight,"573 Woodlands Drive 16, Singapore 730573",Singapore,North,1.0,Chinese,103.7986632,1.4309529,No Phone Number Listed,Not in Michelin Guide Yet,https://maps.google.com/?cid=3614394957181816093,Not Awarded Any Yet,"Dine-in,Takeaway,Delivery",No Description Available Yet,B,1,4,2.5,good,0.7099,excellent,0.7254,good,0.7358,3.25,3.75,3.25
ChIJv3lqgIkX2jERajl9GtSPInM,Hua Zai Hong Kong Style Roasted Delight,"455 Sengkang West Avenue, Singapore 790455",Singapore,North-East,1.0,Chinese,103.8710127,1.3913577,No Phone Number Listed,Not in Michelin Guide Yet,https://maps.google.com/?cid=8296351604710127978,Not Awarded Any Yet,"Dine-in,Takeaway,Wheelchair accessible",No Description Available Yet,A,0,5,1.6,poor,0.8269,poor,0.4908,good,0.918,2.2,2.8,3.2
ChIJd5xTc_sP2jER015X9CqWOrs,Huan Le You Tiao,"3 Yung Sheng Road, Singapore 618499",Singapore,West,1.0,Street Food,103.7216851,1.3345777,9299 4095,Not in Michelin Guide Yet,https://maps.google.com/?cid=13491260744973901523,Not Awarded Any Yet,"Dine-in,Takeaway,Wheelchair accessible",No Description Available Yet,A,0,4,5.0,good,0.7508,good,0.6555,good,0.9844,3.75,4.25,4.0
ChIJq6r6kq0T2jERxLpn0US3850,Huat Huat Bbq,"Woodlands Street 11, Singapore 730166",Singapore,North,1.0,Barbecue,103.7753992,1.4336992,8414 1144,Not in Michelin Guide Yet,https://maps.google.com/?cid=11381642189494270660,Not Awarded Any Yet,"Dine-in,Takeaway",No Description Available Yet,A,0,5,4.0,good,0.9007,excellent,0.6486,good,0.9137,3.6,4.0,4.0
ChIJZb8IEgAZ2jER-E68jPjiarg,Huat Huat Bbq Chicken Wings,"Rocks, Singapore 018593",Singapore,Central,1.0,Barbecue,103.8684294,1.2824967,No Phone Number Listed,Not in Michelin Guide Yet,https://maps.google.com/?cid=13288683207650987768,Not Awarded Any Yet,Takeaway,No Description Available Yet,B,1,4,2.5,good,0.771,excellent,0.6824,terrible,0.5731,3.0,3.0,2.25
ChIJb1DJSj0a2jERW4ZnkdplszE,Huber's Bistro,"Dempsey Road, Singapore 249679",Singapore,Central,2.0,French,103.8101245,1.3069042,6737 1488,Not in Michelin Guide Yet,https://maps.google.com/?cid=3581318118106433115,Not Awarded Any Yet,"Dine-in,Takeaway,Delivery,Reservations,Outdoor seating,Beer,Wine,Cocktails,Coffee,Credit cards,NFC payments,Wheelchair accessible",No Description Available Yet,A,0,4,4.75,good,0.6341,excellent,0.6871,good,0.9926,4.0,5.0,4.0
ChIJrfF8eUIX2jERYrbRZDmRI1s,Hup Chong Hakka Yong Dou Foo,"Lorong 1 Toa Payoh, Singapore 312403",Singapore,Central,1.0,Chinese,103.8443501,1.3386294,9093 2009,Not in Michelin Guide Yet,https://maps.google.com/?cid=6567252357326943842,Not Awarded Any Yet,"Dine-in,Takeaway,Outdoor seating,Coffee,Wheelchair accessible",No Description Available Yet,B,1,3,4.67,average,0.6137,excellent,0.7259,good,0.8191,4.0,4.67,4.0
ChIJlT54vmsX2jER3zBPOzr6pdg,Hup Chong Yong Tau Foo Blk 203,"203 Toa Payoh North, Singapore 310203",Singapore,Central,1.0,Street Food,103.8488524,1.3420987,No Phone Number Listed,Not in Michelin Guide Yet,https://maps.google.com/?cid=15611158811359785183,Not Awarded Any Yet,"Dine-in,Takeaway,Outdoor seating,Coffee,Cash only,Wheelchair accessible",No Description Available Yet,B,1,5,5.0,good,0.633,good,0.2411,good,0.8384,3.8,3.2,4.0
ChIJ25-aekQT2jERbG_FBf9eldU,Hup Heng Poultry Industries,"30 Senoko Crescent, Singapore 737723",Singapore,North,1.0,Services,103.8065079,1.463274,6257 0366,Not in Michelin Guide Yet,https://maps.google.com/?cid=15390311751015034732,Not Awarded Any Yet,,No Description Available Yet,A,0,1,5.0,average,0.9323,excellent,0.9643,good,0.9563,3.0,5.0,4.0
ChIJmXswnlIS2jER2NqV3cZWv1s,Hup Lee Economic Bee Hoon,"304 Woodlands Street 31, Singapore 730304",Singapore,North,1.0,Street Food,103.7737059,1.4300111,No Phone Number Listed,Not in Michelin Guide Yet,https://maps.google.com/?cid=6611098190124276440,Not Awarded Any Yet,"Takeaway,Delivery,Wheelchair accessible",No Description Available Yet,A,0,4,3.5,good,0.8242,excellent,0.5488,good,0.8095,3.0,3.5,3.5
ChIJLYAU83kU2jER9xb5s47jENk,Hup Lee Fried Bee Hoon,"Yishun Avenue 11, Singapore 762426",Singapore,North,1.0,Street Food,103.8465798,1.4237973,No Phone Number Listed,Not in Michelin Guide Yet,https://maps.google.com/?cid=15641251707902039799,Not Awarded Any Yet,"Dine-in,Takeaway,Outdoor seating,Cash only,Wheelchair accessible",No Description Available Yet,A,0,4,1.0,poor,0.7858,excellent,0.1977,good,0.476,2.25,3.0,3.5
ChIJZ8NpgCQX2jEROo8lGhnbQQE,Hup Seng Duck Rice,"36 Sin Ming Drive, Singapore 575710",Singapore,North-East,1.0,Street Food,103.837049,1.3589055,No Phone Number Listed,Not in Michelin Guide Yet,https://maps.google.com/?cid=90594368383455034,Not Awarded Any Yet,"Dine-in,Takeaway,Outdoor seating,Coffee,Cash only",No Description Available Yet,A,0,4,3.75,good,0.699,excellent,0.7547,good,0.763,3.5,3.75,3.5
ChIJLyPWYcMW2jER_TT9hsHYaMQ,Hupkee Fishball,"158 Ang Mo Kio Avenue 4, Singapore 560161",Singapore,North-East,1.0,Noodle Shop,103.8389724,1.3748338,8812 2138,Not in Michelin Guide Yet,https://maps.google.com/?cid=14152800154716812541,Not Awarded Any Yet,"Dine-in,Takeaway,Cash only,Wheelchair accessible",No Description Available Yet,B,1,4,5.0,good,0.6372,excellent,0.4918,good,0.9763,4.0,4.5,4.0
ChIJ4WqJnNsV2jERaxWhQMrZ4lE,Huxulao Jian Zao Curry Noodle (Yishun),"717 Yishun Street 71, Singapore 760717",Singapore,North,1.0,Street Food,103.8281603,1.4259942,8934 3988,Not in Michelin Guide Yet,https://maps.google.com/?cid=5900517924499690859,Not Awarded Any Yet,"Dine-in,Takeaway,Delivery,Coffee",No Description Available Yet,B,1,4,3.0,poor,0.6526,average,0.6242,good,0.8295,2.75,3.25,3.5
ChIJHTeC7DUQ2jERQJ0WFpTQDCs,Hwa Jin Vegetarian Family Restaurant,"359 #01-393, Bukit Batok West Avenue 5, Singapore 650359",Singapore,West,2.0,Vegetarian,103.7512015,1.361389,6677 1492,Not in Michelin Guide Yet,https://maps.google.com/?cid=3102083577795747136,Not Awarded Any Yet,"Dine-in,Takeaway,Outdoor seating,Coffee,Cash only",No Description Available Yet,A,0,3,3.0,poor,0.6436,excellent,0.6675,good,0.774,3.0,3.67,3.33
ChIJRXG86rUW2jER9_HLCFXPO_4,Hwa Seafood,"9 Tagore Lane, Singapore 787478",Singapore,North,2.0,Seafood,103.8257655,1.3837142,6452 0918,Not in Michelin Guide Yet,https://maps.google.com/?cid=18319463873386377719,Not Awarded Any Yet,"Dine-in,Takeaway,Delivery,Reservations,Outdoor seating,Beer,Coffee,NFC payments,Wheelchair accessible",No Description Available Yet,A,0,5,3.4,average,0.8471,excellent,0.6618,good,0.8287,3.0,3.8,3.2
ChIJIRgaGwAb2jERzVwlBsow4EY,Hwee Teng Chicken Rice,"Teban Gardens Road, Singapore 600065",Singapore,West,1.0,Street Food,103.7384347,1.3221121,No Phone Number Listed,Not in Michelin Guide Yet,https://maps.google.com/?cid=5107135621682781389,Not Awarded Any Yet,"Takeaway,Wheelchair accessible",No Description Available Yet,A,0,1,5.0,good,0.9291,good,0.9955,good,0.9957,4.0,4.0,4.0
ChIJ01HpHqQV2jERNboHaejGzzw,Icg Chicken & Burger,"Yishun Avenue 6, Singapore 760246",Singapore,North,1.0,Western,103.8431869,1.4356325,No Phone Number Listed,Not in Michelin Guide Yet,https://maps.google.com/?cid=4381939663951608373,Not Awarded Any Yet,"Dine-in,Takeaway,Delivery,Beer,NFC payments,Wheelchair accessible",No Description Available Yet,A,0,5,4.8,good,0.7104,excellent,0.687,good,0.9952,4.2,4.6,4.2
ChIJ2xbC4ecZ2jERC5o0wMnu_2g,Ichiban Boshi (United Square),"101 Thomson Road, Singapore 307591",Singapore,Central,2.0,Japanese,103.8437276,1.3173062,6258 7786,Not in Michelin Guide Yet,https://maps.google.com/?cid=7566028449286232587,Not Awarded Any Yet,"Dine-in,Takeaway,Beer,Credit cards,NFC payments,Wheelchair accessible",No Description Available Yet,A,0,4,1.75,poor,0.572,average,0.4506,average,0.7118,2.5,2.75,2.5
ChIJuVFyxewP2jERdx6rfc4fUT0,Idaten Udon,"1 Jurong West Central 2, Singapore 648886",Singapore,West,1.0,Japanese,103.706464,1.339874,6794 8325,Not in Michelin Guide Yet,https://maps.google.com/?cid=4418347681159257719,Not Awarded Any Yet,"Dine-in,Takeaway,Delivery,Credit cards,NFC payments,Wheelchair accessible",No Description Available Yet,A,0,5,4.8,good,0.8879,excellent,0.7426,good,0.9595,3.6,4.6,4.0
ChIJk4rSNkIa2jERMcqQayMFvB8,Ikki Izakaya,"North Buona Vista Road, Singapore 139350",Singapore,Central,2.0,Japanese,103.7911825,1.3063089,8138 8578,Not in Michelin Guide Yet,https://maps.google.com/?cid=2286708360484014641,Not Awarded Any Yet,"Dine-in,Takeaway,Reservations,Outdoor seating,Beer,Wine,Cocktails,Coffee,Credit cards,NFC payments,Wheelchair accessible",No Description Available Yet,A,0,4,3.75,good,0.9014,good,0.8082,good,0.9412,3.25,3.5,3.5
ChIJk2JMPHYZ2jERhGbxO8AaUV8,Ikoi Japanese Restaurant,"401 Havelock Road, Singapore 169631",Singapore,Central,2.0,Buffet,103.8374848,1.2884223,6887 3788,Not in Michelin Guide Yet,https://maps.google.com/?cid=6868300319658436228,Not Awarded Any Yet,"Dine-in,Reservations,Beer,Wine,Cocktails,Credit cards,NFC payments",No Description Available Yet,A,0,3,4.0,average,0.8345,excellent,0.7188,good,0.6696,3.0,3.67,3.33
ChIJFQYC8YwZ2jERAoscWba7IaQ,Il Cielo,"581 Orchard Road, Singapore 238883",Singapore,Central,3.0,Italian,103.8293282,1.3059057,6730 3395,Not in Michelin Guide Yet,https://maps.google.com/?cid=11826940488305117954,Not Awarded Any Yet,"Dine-in,Takeaway,Delivery,Reservations,Outdoor seating,Beer,Wine,Cocktails,Coffee,Credit cards,NFC payments,Wheelchair accessible",No Description Available Yet,A,0,4,4.75,good,0.783,excellent,0.976,good,0.9976,4.0,4.75,4.0
ChIJ9coFPjQY2jERbycvhMP_z-w,Imam Banana Leaf Restaurant,"12 Lorong 1 Geylang, Singapore 389120",Singapore,Central,2.0,Indian,103.8725542,1.3110978,6744 8644,Not in Michelin Guide Yet,https://maps.google.com/?cid=17064138728331487087,Not Awarded Any Yet,"Dine-in,Takeaway,Outdoor seating,Coffee,NFC payments",No Description Available Yet,B,1,4,1.75,poor,0.7512,terrible,0.5251,terrible,0.8124,2.5,1.75,2.25
ChIJV49qPgAX2jERJ1d0fo-248I,Imperial Copper Hotpot & Bbq,"134 Tagore Lane, Singapore 787557",Singapore,North,2.0,Chinese,103.8292566,1.3858264,8288 5044,Not in Michelin Guide Yet,https://maps.google.com/?cid=14043268790489470759,Not Awarded Any Yet,"Dine-in,Takeaway",No Description Available Yet,A,0,1,5.0,good,0.6998,excellent,0.9943,good,0.9949,4.0,5.0,4.0
ChIJu3mTX4MZ2jERWcwY_B4TjsU,Imperial Treasure Cantonese Cuisine,"1 Kim Seng Promenade, Singapore 237994",Singapore,Central,3.0,Chinese,103.8322833,1.2927329,6732 2232,Not in Michelin Guide Yet,https://maps.google.com/?cid=14235336495964146777,Not Awarded Any Yet,"Dine-in,Takeaway,Delivery,Reservations,Beer,Wine,Credit cards,NFC payments,Wheelchair accessible",No Description Available Yet,A,0,3,4.0,good,0.7055,excellent,0.3867,good,0.6606,3.33,3.67,3.67
ChIJf8wL7FcW2jERfRYMDyRQuw0,Impetus Engineering,"2 Serangoon North Avenue 5, Singapore 554915",Singapore,North-East,1.0,Services,103.8691675,1.3723898,6285 8112,Not in Michelin Guide Yet,https://maps.google.com/?cid=989472658939451005,Not Awarded Any Yet,,No Description Available Yet,A,0,3,5.0,average,0.5245,excellent,0.8256,good,0.3227,4.0,4.67,4.33
ChIJocGLsaIX2jER3pa988O9QP8,Indian Banana Leaf Restaurant,"3 Ang Mo Kio Street 66, Singapore 569061",Singapore,North-East,2.0,Indian,103.8506644,1.3918418,8504 4383,Not in Michelin Guide Yet,https://maps.google.com/?cid=18392909527486666462,Not Awarded Any Yet,"Dine-in,Takeaway,Reservations,Outdoor seating,Beer,Wine,Cocktails,Coffee,Credit cards,NFC payments,Wheelchair accessible",No Description Available Yet,A,0,4,2.0,poor,0.62,excellent,0.6282,good,0.8605,2.75,3.5,3.75
ChIJQ6vp0p4Q2jERP7DoFs_sID8,Indian Curry House Bukit Timah,"Bukit Timah Road, Singapore 279886",Singapore,Central,2.0,Indian,103.7951244,1.3313948,6463 6289,Not in Michelin Guide Yet,https://maps.google.com/?cid=4548895997830934591,Not Awarded Any Yet,"Dine-in,Takeaway,Delivery,Reservations,Outdoor seating,Beer,Wine,Cocktails,Coffee,Credit cards,NFC payments,Wheelchair accessible",No Description Available Yet,B,1,4,5.0,good,0.7883,excellent,0.9184,good,0.9958,3.75,5.0,4.0
ChIJwc5NEScP2jERCxDB6TFLfTk,Indian Muslim / Halal Food (Vellimani Restaurant,"Tuas Avenue 7, Singapore 638377",Singapore,West,1.0,Indian,103.6448,1.3331069,8847 4267,Not in Michelin Guide Yet,https://maps.google.com/?cid=4142549909997948939,Not Awarded Any Yet,"Dine-in,Takeaway,Delivery,Coffee",No Description Available Yet,A,0,4,3.0,excellent,0.7353,excellent,0.5899,good,0.8134,4.0,3.75,3.25
ChIJEQKx4RQR2jEReD5XO7a4B2U,Inori Japanese Dining,"Upper Bukit Timah Road, Singapore 678214",Singapore,West,4.0,Japanese,103.7663291,1.3677018,8819 2175,Not in Michelin Guide Yet,https://maps.google.com/?cid=7279990415486828152,Not Awarded Any Yet,"Dine-in,Takeaway,Reservations,Beer,Wine,Coffee,Credit cards,NFC payments,Wheelchair accessible",No Description Available Yet,A,0,3,5.0,excellent,0.8141,excellent,0.7011,excellent,0.9972,4.33,4.67,4.67
ChIJjYlQqlMQ2jERNTV5U98WYMY,Io Italian Osteria (Hillv2 (Singapore)),"Hillview Avenue, Singapore 667980",Singapore,West,2.0,Italian,103.7645031,1.3629771,6710 7150,Not in Michelin Guide Yet,https://maps.google.com/?cid=14294450365707924789,Not Awarded Any Yet,"Dine-in,Takeaway,Delivery,Reservations,Beer,Wine,Cocktails,Coffee,Credit cards,NFC payments,Wheelchair accessible","Hip destination offering homestyle Italian cooking & wood-fired pizzas in stylish, modern surrounds.",A,0,5,5.0,good,0.7901,excellent,0.9817,good,0.9473,4.4,4.8,4.2
ChIJRZQmB4EV2jERfx6XOZgFR3c,Ipoh Curry Mee,"Yishun Avenue 6, Singapore 768160",Singapore,North,1.0,Street Food,103.8416558,1.4373883,No Phone Number Listed,Not in Michelin Guide Yet,https://maps.google.com/?cid=8594844565219253887,Not Awarded Any Yet,"Dine-in,Takeaway,Coffee",No Description Available Yet,A,0,4,4.75,good,0.7581,excellent,0.6459,good,0.9415,4.25,4.5,4.0
ChIJ_f-P1CIa2jERlsTTEm1rTq8,Ippoh Tempura Bar By Ginza Ippoh,"17 Dempsey Road, Singapore 249676",Singapore,Central,4.0,Japanese,103.8102205,1.3057459,1800 304 3388,Not in Michelin Guide Yet,https://maps.google.com/?cid=12632152121032295574,Not Awarded Any Yet,"Dine-in,Reservations,Beer,Wine,Credit cards,NFC payments,Wheelchair accessible",No Description Available Yet,A,0,4,4.0,average,0.878,excellent,0.6346,good,0.7634,2.75,3.75,4.25
ChIJ9zD_6kIa2jERxVJliCNzFJA,Ippudo The Star Vista,"1 Vista Exchange Green, Singapore 150162",Singapore,Central,2.0,Ramen,103.7884824,1.3068059,6734 1596,Not in Michelin Guide Yet,https://maps.google.com/?cid=10382049637445227205,Not Awarded Any Yet,"Dine-in,Takeaway,Delivery,Beer,Credit cards,NFC payments,Wheelchair accessible",No Description Available Yet,A,0,1,5.0,good,0.2914,good,0.1845,good,0.9931,4.0,4.0,4.0
ChIJIXEngZ0Z2jERxt7KOocOzbM,Irodori Restaurant,"382 Havelock Road, Singapore 169629",Singapore,Central,2.0,Japanese,103.8366667,1.2893658,6737 2002,Not in Michelin Guide Yet,https://maps.google.com/?cid=12956027676984532678,Not Awarded Any Yet,"Dine-in,Reservations,Beer,Wine,Coffee,Credit cards,NFC payments,Wheelchair accessible",No Description Available Yet,A,0,5,3.8,good,0.8089,excellent,0.9187,good,0.9936,3.4,4.0,3.6
ChIJ_QR0YIET2jERH6Nrf9A7JnI,Ironmian Ban Mian,"Woodlands Height, Singapore 737858",Singapore,North,1.0,Street Food,103.799284,1.4284946,No Phone Number Listed,Not in Michelin Guide Yet,https://maps.google.com/?cid=8225327536115786527,Not Awarded Any Yet,"Dine-in,Takeaway,Reservations,Cash only,Wheelchair accessible",No Description Available Yet,B,1,3,3.67,average,0.417,excellent,0.1371,good,0.6907,3.0,4.67,4.0
ChIJNTMA6IwZ2jERDdtQN0z6imM,Ishinomaki Grill & Sake,"Orchard Road, Singapore 238883",Singapore,Central,3.0,Japanese,103.8294809,1.3066034,6737 1065,Not in Michelin Guide Yet,https://maps.google.com/?cid=7172820561793440525,Not Awarded Any Yet,"Dine-in,Takeaway,Delivery,Reservations,Beer,Wine,Coffee,Credit cards,NFC payments,Wheelchair accessible",No Description Available Yet,A,0,5,4.8,good,0.872,excellent,0.8657,good,0.9974,4.0,4.8,4.2
ChIJkZqJeBgY2jERx_AR7wwXndk,Iskina Cebu Restaurant,"73A Ayer Rajah Cres., #01-27, Singapore 139957",Singapore,Central,1.0,Filipino,103.7872378,1.2975045,9230 8181,Not in Michelin Guide Yet,https://maps.google.com/?cid=15680714821891911879,Not Awarded Any Yet,"Dine-in,Takeaway,NFC payments,Wheelchair accessible",No Description Available Yet,A,0,3,3.33,poor,0.7094,average,0.5778,poor,0.8268,2.67,3.33,2.67
ChIJc0MiK7cZ2jER_P76Fittxqc,Islamic Restaurant International,"North Bridge Road, Singapore 198702",Singapore,Central,2.0,Asian,103.85893,1.3030833,6298 7563,Not in Michelin Guide Yet,https://maps.google.com/?cid=12089470281559244540,Not Awarded Any Yet,"Dine-in,Takeaway,Delivery,Reservations,Outdoor seating,Coffee,Credit cards,NFC payments",No Description Available Yet,A,0,4,3.0,terrible,0.9619,excellent,0.3767,good,0.7776,2.25,3.0,3.75
ChIJmZwg-y4b2jER5qIdPwvds8A,Island Cafe,"Clementi West Street 2, Singapore 120721",Singapore,Central,2.0,Cafe,103.7641265,1.3022842,8129 7988,Not in Michelin Guide Yet,https://maps.google.com/?cid=13885685116486656742,Not Awarded Any Yet,"Dine-in,Takeaway,Coffee",No Description Available Yet,A,0,5,5.0,good,0.651,excellent,0.5402,good,0.8639,4.2,4.6,3.8
ChIJEYbG7_Ea2jERzPiMfCb8yVY,Island Penang Kitchen,"#01-126, 721 Clementi West Street 2, Singapore 120721",Singapore,Central,2.0,Malaysian,103.764474,1.3025584,6873 0163,Not in Michelin Guide Yet,https://maps.google.com/?cid=6253806799809214668,Not Awarded Any Yet,"Dine-in,Takeaway,Delivery,Outdoor seating,Coffee","Basic restaurant serving Malaysian meals such as curries & noodle soups, plus seafood & meat dishes.",B,1,4,4.75,good,0.6764,excellent,0.4953,good,0.7475,4.0,4.5,4.0
ChIJeReqdQAP2jERxkwMDIFwGXY,Istanbul Indian Muslim Foods,"501 Jurong West Street 51, Singapore 640501",Singapore,West,1.0,Indian,103.7187373,1.350472,No Phone Number Listed,Not in Michelin Guide Yet,https://maps.google.com/?cid=8509956670448487622,Not Awarded Any Yet,"Dine-in,Takeaway",No Description Available Yet,A,0,3,1.0,poor,0.61,terrible,0.3034,terrible,0.7125,2.0,1.0,1.33
ChIJvUUHX2sZ2jERiuf2ZRpP8h0,Itadakimasu By Parco,"100 Tras St, #02-10/11, #03 - 10 to 15 and #03 - K1, 079027",Singapore,Central,2.0,Japanese,103.8435,1.2745064,No Phone Number Listed,Not in Michelin Guide Yet,https://maps.google.com/?cid=2157874146262312842,Not Awarded Any Yet,"Dine-in,Takeaway,Reservations,Beer,Wine,Credit cards,NFC payments,Wheelchair accessible",No Description Available Yet,A,0,3,3.33,good,0.6721,good,0.6619,good,0.7845,3.33,3.0,3.33
ChIJW_gF7YsX2jEREuiUaEVYYU4,Ivegan Thomson Plaza,"Upper Thomson Road, Singapore 576583",Singapore,North-East,2.0,Vegan,103.8308643,1.3548791,9812 9109,Not in Michelin Guide Yet,https://maps.google.com/?cid=5647892462829889554,Not Awarded Any Yet,"Dine-in,Takeaway,Reservations,Beer,Wine,Coffee,Credit cards,NFC payments,Wheelchair accessible",No Description Available Yet,A,0,4,4.75,good,0.8097,excellent,0.753,good,0.989,4.0,4.75,4.0
ChIJgxdqAJAQ2jER-F11NQ5gnFg,Ivins Peranakan Restaurant (Binjai Park),"21 Binjai Park, Singapore 589830",Singapore,Central,1.0,Peranakan,103.7869465,1.3363179,6468 3060,Not in Michelin Guide Yet,https://maps.google.com/?cid=6385083985847213560,Not Awarded Any Yet,"Dine-in,Takeaway,Delivery,Reservations,Beer,Coffee,Credit cards,NFC payments",No Description Available Yet,A,0,4,3.75,good,0.633,good,0.5557,good,0.9537,3.0,3.75,3.5
ChIJz98YzcYP2jERIiAl6CV-HiA,Iwarna Aquafarm,"Jalan Lekar, Singapore 698918",Singapore,West,1.0,Ranch,103.723999,1.3774137,9225 9393,Not in Michelin Guide Yet,https://maps.google.com/?cid=2314425959788650530,Not Awarded Any Yet,Delivery,No Description Available Yet,A,0,3,5.0,good,0.7795,good,0.9985,good,0.7955,4.33,4.33,4.0
ChIJb1LlsMwb2jERcTj_tisJaKs,Jack's Place Anchorpoint,"370 Alexandra Road, Anchorpoint, #01-09/10, 159953",Singapore,Central,2.0,Western,103.8047615,1.2882835,6475 9790,Not in Michelin Guide Yet,https://maps.google.com/?cid=12351132061422008433,Not Awarded Any Yet,"Dine-in,Takeaway,Delivery,Reservations,Beer,Wine,Coffee,Credit cards,NFC payments,Wheelchair accessible",No Description Available Yet,A,0,4,4.75,good,0.858,excellent,0.9973,good,0.9822,4.25,4.75,4.0
ChIJHQDtIegW2jERd_nSiPl5U-g,Jack's Place Ang Mo Kio,"Ang Mo Kio Central 2, Singapore 569666",Singapore,North-East,2.0,Western,103.8456175,1.3737652,6454 9677,Not in Michelin Guide Yet,https://maps.google.com/?cid=16740858352515610999,Not Awarded Any Yet,"Dine-in,Takeaway,Reservations,Beer,Wine,Cocktails,Coffee,Credit cards,NFC payments,Wheelchair accessible",No Description Available Yet,A,0,5,3.4,good,0.8619,good,0.8276,good,0.9052,3.4,3.8,3.4
ChIJReunHQ8Q2jERpOkqPd4g7GM,Jack's Place Jem,"50 Jurong Gateway Road, Singapore 608549",Singapore,West,2.0,Western,103.7436699,1.3337765,6734 8812,Not in Michelin Guide Yet,https://maps.google.com/?cid=7200166043139631524,Not Awarded Any Yet,"Dine-in,Takeaway,Delivery,Reservations,Beer,Wine,Coffee,Credit cards,NFC payments,Wheelchair accessible",No Description Available Yet,A,0,3,4.33,good,0.8149,good,0.9687,good,0.9587,4.0,4.33,4.0
ChIJdzGUJvMP2jERvyYteznGcVc,Jack's Place Safra Jurong,"333 Boon Lay Way, Singapore 649848",Singapore,West,2.0,Western,103.7058618,1.3349032,6795 9226,Not in Michelin Guide Yet,https://maps.google.com/?cid=6301035303850026687,Not Awarded Any Yet,"Dine-in,Takeaway,Delivery,Reservations,Outdoor seating,Beer,Wine,Cocktails,Coffee,Credit cards,NFC payments,Wheelchair accessible",No Description Available Yet,A,0,5,3.4,good,0.6998,excellent,0.7721,good,0.6474,3.2,3.4,3.4
ChIJN7A8tmYX2jERgQ48HDgdMPA,Jack's Place Toa Payoh,"Lorong 6 Toa Payoh, Singapore 319402",Singapore,Central,2.0,Western,103.8493871,1.3313077,6252 6311,Not in Michelin Guide Yet,https://maps.google.com/?cid=17307365494813888129,Not Awarded Any Yet,"Dine-in,Takeaway,Delivery,Reservations,Beer,Wine,Coffee,Credit cards,NFC payments,Wheelchair accessible",No Description Available Yet,A,0,4,5.0,good,0.8257,excellent,0.9134,good,0.9682,4.0,4.5,4.0
ChIJbxecDwkZ2jER0yu4AVyCuK0,Jade,"1 Fullerton Square, Singapore 049178",Singapore,Central,3.0,Chinese,103.8532374,1.286448,6877 8188,Not in Michelin Guide Yet,https://maps.google.com/?cid=12517898495953742803,Not Awarded Any Yet,"Dine-in,Reservations,Beer,Wine,Coffee,Credit cards,NFC payments,Wheelchair accessible",No Description Available Yet,A,0,2,5.0,good,0.5259,excellent,0.9063,good,0.9841,4.0,5.0,4.0
ChIJZWQq3D0X2jERWzykNKgSCHo,Jai Thai,"7 Clover Way, Singapore 579078",Singapore,North-East,1.0,Thai,103.8431015,1.3501667,6258 0228,Not in Michelin Guide Yet,https://maps.google.com/?cid=8793298786087877723,Not Awarded Any Yet,"Dine-in,Takeaway,Delivery,Reservations,Beer,Coffee,Credit cards,NFC payments",No Description Available Yet,B,1,5,3.8,poor,0.7364,good,0.7425,good,0.9504,2.8,3.4,3.2
ChIJH3j8Y2IF2jERxSFLHCQfMZ0,Jalan 33 Cafe,"33 Jln Buroh, Singapore 619487",Singapore,West,2.0,Cafe,103.714772,1.314745,8043 6725,Not in Michelin Guide Yet,https://maps.google.com/?cid=11326868777767477701,Not Awarded Any Yet,"Takeaway,Delivery",No Description Available Yet,B,1,5,3.6,good,0.8464,excellent,0.6697,good,0.9075,3.4,4.0,3.4
ChIJF4Z5FgAP2jER6qnddHOhCrQ,Jalan Bahar Japanese & Korean Cuisine,"Jalan Bahar, Singapore 640271",Singapore,West,1.0,Japanese,103.7029365,1.3491443,No Phone Number Listed,Not in Michelin Guide Yet,https://maps.google.com/?cid=12973359193848130026,Not Awarded Any Yet,"Takeaway,Wheelchair accessible",No Description Available Yet,B,1,2,5.0,excellent,0.3922,excellent,0.3923,good,0.7102,4.5,4.5,4.0
ChIJx3dfCOgZ2jERO-vkvXWijb4,Jalan Kayu The Prata Cafe,"101 Thomson Road, Singapore 307591",Singapore,Central,1.0,Indian,103.8436045,1.3171849,No Phone Number Listed,Not in Michelin Guide Yet,https://maps.google.com/?cid=13730809465503279931,Not Awarded Any Yet,"Dine-in,Takeaway,Delivery,Coffee,Cash only",No Description Available Yet,B,1,2,5.0,good,0.7934,excellent,0.5712,good,0.9884,4.0,5.0,4.0
ChIJd10d7HIV2jERG5YK0PIoJuQ,Jalan Tua Kong Mee Pok,"646 Yishun Avenue 4, Singapore 760646",Singapore,North,1.0,Street Food,103.8384487,1.4218101,No Phone Number Listed,Not in Michelin Guide Yet,https://maps.google.com/?cid=16439872513100125723,Not Awarded Any Yet,,No Description Available Yet,B,1,2,2.0,poor,0.2341,excellent,0.0696,good,0.9102,2.0,4.5,3.0
ChIJH2qMV_Ab2jERmx2LbOg0S1Y,Jang San Korean Restaurant 장산왕족발,"1 West Coast Way, Singapore 129531",Singapore,Central,1.0,Korean,103.7571912,1.3171058,8679 4622,Not in Michelin Guide Yet,https://maps.google.com/?cid=6218121883373215131,Not Awarded Any Yet,"Dine-in,Takeaway,Reservations,Beer,Wine,Credit cards,NFC payments",No Description Available Yet,A,0,5,4.2,good,0.7361,excellent,0.7043,good,0.8408,3.8,3.8,3.6
ChIJ39nBb8sb2jER3QF_pQ01SMc,Janggut Laksa (Queensway Shopping Centre),"1 Queensway, #01-59, Singapore 149053",Singapore,Central,1.0,Noodle Shop,103.8034222,1.2876196,No Phone Number Listed,Not in Michelin Guide Yet,https://maps.google.com/?cid=14359785744598237661,Not Awarded Any Yet,"Dine-in,Takeaway,Delivery",No Description Available Yet,A,0,3,4.33,good,0.781,good,0.726,good,0.9588,3.67,4.33,4.0
ChIJx-3UNbEP2jERizd_MWvFATw,Jap & Korean Cuisine,"Jurong West Street 61, Singapore 640637",Singapore,West,1.0,Korean,103.6973935,1.3411147,No Phone Number Listed,Not in Michelin Guide Yet,https://maps.google.com/?cid=4323954181434980235,Not Awarded Any Yet,"Dine-in,Takeaway,Wheelchair accessible",No Description Available Yet,A,0,5,4.0,good,0.5988,excellent,0.556,good,0.8158,3.6,4.4,3.6
ChIJnarjbgAR2jERMhdpzT8bQqI,Japanese And Korean Food,"4 Bukit Batok Street 41, Singapore 657991",Singapore,West,1.0,Japanese,103.7414609,1.3555344,No Phone Number Listed,Not in Michelin Guide Yet,https://maps.google.com/?cid=11691937543450335026,Not Awarded Any Yet,Takeaway,No Description Available Yet,A,0,2,5.0,excellent,0.3126,excellent,0.2491,good,0.9264,4.5,4.5,4.0
ChIJW7MgQqMT2jERWVLUeCXc3PU,Japanese Cuisine,"548 Woodlands Drive 44, Singapore 730548",Singapore,North,1.0,Japanese,103.79373,1.43111,No Phone Number Listed,Not in Michelin Guide Yet,https://maps.google.com/?cid=17716277087667769945,Not Awarded Any Yet,"Dine-in,Takeaway",No Description Available Yet,A,0,1,3.0,average,0.3765,average,0.2042,average,0.9617,3.0,3.0,3.0
ChIJ6WOW6mAU2jERNM4zR-gp6TY,Jb Tai Pai Tong,"Yishun Avenue 6, Singapore 760248",Singapore,North,2.0,Street Food,103.8432354,1.4356826,9019 9638,Not in Michelin Guide Yet,https://maps.google.com/?cid=3956739825225420340,Not Awarded Any Yet,"Dine-in,Takeaway,Delivery,Reservations,Wine,Coffee,Wheelchair accessible",No Description Available Yet,A,0,5,2.6,poor,0.7256,poor,0.4857,good,0.6682,2.8,2.8,3.0
ChIJdY7JN4oZ2jERVg6-qPEGJ3U,Jen Singapore Tanglin By Shangri-La,"1A Cuscaden Road, Singapore 249716",Singapore,Central,4.0,Hotel,103.8239282,1.304326,6738 2222,Not in Michelin Guide Yet,https://maps.google.com/?cid=8441723661517196886,Not Awarded Any Yet,"Cash only,Wheelchair accessible","Contemporary hotel with refined quarters, eateries & a spa, plus a pool & a free area shuttle.",A,0,3,3.67,good,0.6368,average,0.6748,good,0.7899,4.33,4.0,4.0
ChIJEScmu34W2jERk-UcQmtiV2s,Jerry's Barbecue & Grill,"275 Jalan Kayu, Singapore 799503",Singapore,North-East,2.0,Barbecue,103.8729858,1.3973132,6484 0151,Not in Michelin Guide Yet,https://maps.google.com/?cid=7734759097842328979,Not Awarded Any Yet,"Dine-in,Takeaway,Reservations,Outdoor seating,Beer,Wine,Cocktails,Coffee,Credit cards,NFC payments",No Description Available Yet,A,0,4,4.75,good,0.8189,excellent,0.7632,good,0.9972,4.25,5.0,4.0
ChIJyd5nY4oQ2jERb_ZqKZD1XvU,Jew Kit (Bukit Timah Shopping Centre),"170 Upper Bukit Timah Road, Singapore 588179",Singapore,Central,1.0,Chinese,103.7758483,1.3433673,6463 2637,Not in Michelin Guide Yet,https://maps.google.com/?cid=17680839186622117487,Not Awarded Any Yet,"Dine-in,Takeaway,Delivery,Reservations,Coffee,Credit cards,NFC payments,Wheelchair accessible",No Description Available Yet,B,1,4,4.75,good,0.7507,excellent,0.6556,good,0.9775,4.0,4.75,4.0
ChIJvUeISQAX2jERhHb73GGA_jk,Jew Kit (Lentor Modern),"1 Lentor Central, Singapore 788887",Singapore,North,1.0,Chinese,103.8347619,1.3853962,6906 3762,Not in Michelin Guide Yet,https://maps.google.com/?cid=4178918662054049412,Not Awarded Any Yet,"Takeaway,Coffee",No Description Available Yet,B,1,5,5.0,good,0.9025,excellent,0.5249,good,0.8299,4.0,4.6,4.0
ChIJOXeUfkEQ2jERp7WUGzoIboc,Jew Kit Hainanese Chicken Rice (Bukit Batok East Avenue 4),"Bukit Batok East Avenue 4, Singapore 650272",Singapore,West,1.0,Fusion,103.7576156,1.3483656,6569 0112,Not in Michelin Guide Yet,https://maps.google.com/?cid=9758746488222299559,Not Awarded Any Yet,"Dine-in,Takeaway,Delivery,Coffee,NFC payments",No Description Available Yet,A,0,5,2.0,poor,0.7584,poor,0.8239,terrible,0.5508,2.4,2.2,2.2
ChIJhy5bjjAR2jERffHcA93zuU0,Jew Kit Hainanese Chicken Rice (Upper Bukit Timah),"456 Upper Bukit Timah Road, Singapore 678072",Singapore,West,1.0,Chinese,103.7675697,1.3598797,6531 0590,Not in Michelin Guide Yet,https://maps.google.com/?cid=5600775742190055805,Not Awarded Any Yet,"Dine-in,Takeaway,Delivery,Coffee,Credit cards,NFC payments,Wheelchair accessible",No Description Available Yet,A,0,5,3.4,good,0.7979,good,0.5646,good,0.9022,3.0,3.4,3.6
ChIJ5YxzSyI92jERY70TSYwEZf0,Ji De Chi Dessert (Paya Lebar Square),"60 Paya Lebar Road, Singapore 409051",Singapore,Central,1.0,Dessert Shop,103.8925563,1.3191725,No Phone Number Listed,Not in Michelin Guide Yet,https://maps.google.com/?cid=18259005264811507043,Not Awarded Any Yet,"Dine-in,Takeaway,Credit cards,NFC payments,Wheelchair accessible",No Description Available Yet,A,0,3,3.67,average,0.7122,excellent,0.5366,good,0.9848,3.0,3.33,3.0
ChIJF171x5YZ2jERHJNrLHo8ZrM,Ji De Chi Dessert (Square 2 Novena),"Sinaran Drive, Singapore 307506",Singapore,Central,1.0,Dessert Shop,103.8441846,1.32088,No Phone Number Listed,Not in Michelin Guide Yet,https://maps.google.com/?cid=12927086275842511644,Not Awarded Any Yet,"Dine-in,Takeaway,NFC payments,Wheelchair accessible",No Description Available Yet,A,0,5,3.8,good,0.5878,excellent,0.451,good,0.7852,2.8,3.4,3.6
ChIJx46HetMF2jEROF_4KBTbA1A,Ji Xiang Vegetarian,"14 Lok Yang Way, Singapore 628459",Singapore,West,1.0,Vegetarian,103.6900266,1.3249184,No Phone Number Listed,Not in Michelin Guide Yet,https://maps.google.com/?cid=5765692827597561656,Not Awarded Any Yet,"Dine-in,Takeaway,Wheelchair accessible",No Description Available Yet,A,0,4,4.75,good,0.841,good,0.8115,good,0.8685,4.0,4.25,4.0
ChIJsVF7OaIb2jERjdhpBTHeXJs,Jia Jia Specialty Made Chilli,"Clementi West Street 2, Singapore 120731",Singapore,Central,1.0,Chinese,103.762272,1.3040621,No Phone Number Listed,Not in Michelin Guide Yet,https://maps.google.com/?cid=11195067075861797005,Not Awarded Any Yet,"Dine-in,Takeaway",No Description Available Yet,A,0,2,4.5,good,0.968,excellent,0.3405,good,0.9849,4.0,4.5,4.0
ChIJwfrrdwAR2jER6Pqs6wkFLmo,Jia Jia Vegetarian (Bangkit),"257 Bangkit Road, Singapore 670257",Singapore,West,1.0,Vegetarian,103.7732216,1.3787767,No Phone Number Listed,Not in Michelin Guide Yet,https://maps.google.com/?cid=7651058357115878120,Not Awarded Any Yet,"Dine-in,Takeaway",No Description Available Yet,B,1,5,3.4,good,0.743,excellent,0.4489,good,0.8083,3.8,4.0,3.6
ChIJsWkrBM8P2jER241ct6s5TbA,Jia Jia Vegetarian (Jurong West Street 92),"959 Jurong West Street 92, Singapore 640959",Singapore,West,1.0,Vegetarian,103.690471,1.3415846,No Phone Number Listed,Not in Michelin Guide Yet,https://maps.google.com/?cid=12703873533560524251,Not Awarded Any Yet,"Dine-in,Takeaway,Wheelchair accessible",No Description Available Yet,B,1,5,4.0,good,0.8907,excellent,0.7093,good,0.9022,3.0,4.2,4.0
ChIJfQwnHz0X2jERDlWPJ4Qj37M,Jia Jia Vegetarian (Sengkang West),"455 Sengkang West Avenue, Singapore 790455",Singapore,North-East,1.0,Vegetarian,103.8710335,1.3913879,No Phone Number Listed,Not in Michelin Guide Yet,https://maps.google.com/?cid=12961117303101936910,Not Awarded Any Yet,"Dine-in,Takeaway",No Description Available Yet,A,0,4,3.0,good,0.8547,excellent,0.519,good,0.6277,3.0,3.0,3.5
ChIJHeJbwNEW2jER0YJqPOQMnl4,Jia Jia Xing Pigs Organ Soup,"Off upper Thomson Jalan Leban, Singapore 574419",Singapore,North-East,1.0,Street Food,103.8290073,1.3724165,No Phone Number Listed,Not in Michelin Guide Yet,https://maps.google.com/?cid=6817901060291199697,Not Awarded Any Yet,"Dine-in,Takeaway,Wheelchair accessible",No Description Available Yet,A,0,4,4.75,good,0.804,good,0.6276,good,0.8161,4.0,4.25,4.0
ChIJj0wxPEIT2jERO2Ud0IZuTRc,Jia Le Yong Tau Foo,"676 Woodlands Drive 71, Singapore 730676",Singapore,North,1.0,Street Food,103.8004642,1.4399434,No Phone Number Listed,Not in Michelin Guide Yet,https://maps.google.com/?cid=1679119761375323451,Not Awarded Any Yet,"Dine-in,Takeaway",No Description Available Yet,A,0,5,4.6,good,0.8354,good,0.5839,good,0.9451,4.2,4.4,4.0
ChIJU2Q_SgAF2jERx3JVePyNM6c,Jia Yan Seafood,"Yuan Ching Road, Singapore 618642",Singapore,West,2.0,Seafood,103.7255315,1.3255518,8073 1655,Not in Michelin Guide Yet,https://maps.google.com/?cid=12048129543636349639,Not Awarded Any Yet,"Dine-in,Takeaway,Wheelchair accessible",No Description Available Yet,B,1,4,4.75,good,0.953,excellent,0.844,good,0.9918,4.0,4.5,4.0
ChIJ4yVh0S4R2jERQRpQTRMufZo,Jia Yi Premium,"Bangkit Road, Singapore 670260",Singapore,West,1.0,Street Food,103.7732566,1.377062,No Phone Number Listed,Not in Michelin Guide Yet,https://maps.google.com/?cid=11132104514366085697,Not Awarded Any Yet,"Takeaway,Wheelchair accessible",No Description Available Yet,A,0,4,4.5,good,0.6158,good,0.487,good,0.7503,3.5,3.75,4.0
ChIJ46a73Dsb2jERVMYblr8Bew0,Jiak Ba Food Heaven,"460 Alexandra Rd, #01-18 Alexandra Retail Centre (ARC), Singapore 119963",Singapore,Central,1.0,Taiwanese,103.8015216,1.2736761,6398 0017,Not in Michelin Guide Yet,https://maps.google.com/?cid=971372066997257812,Not Awarded Any Yet,"Dine-in,Takeaway,Delivery,Credit cards,NFC payments",No Description Available Yet,A,0,4,3.75,good,0.556,excellent,0.9592,good,0.8658,3.5,4.75,3.5
ChIJE_tHvVIQ2jERc_C8ThQBc0c,Jiak Modern Tzechar (Hillv2),"4 Hillview Rise, Singapore 667981",Singapore,West,2.0,Singaporean,103.7645915,1.3633504,6265 1097,Not in Michelin Guide Yet,https://maps.google.com/?cid=5148459985746587763,Not Awarded Any Yet,"Dine-in,Takeaway,Delivery,Reservations,Coffee,Credit cards,NFC payments,Wheelchair accessible",No Description Available Yet,A,0,5,3.6,good,0.744,excellent,0.7072,good,0.9175,3.0,3.4,4.0
ChIJ4cgqBwAT2jERmD8GrKxEmDo,Jiak Papa Ban Mian Fish Soup,"Seletar Expressway, Singapore 737924",Singapore,North,1.0,Street Food,103.7946139,1.4247072,No Phone Number Listed,Not in Michelin Guide Yet,https://maps.google.com/?cid=4222200159070994328,Not Awarded Any Yet,"Takeaway,Wheelchair accessible",No Description Available Yet,A,0,2,2.5,good,0.8766,good,0.6643,good,0.7446,3.0,2.5,2.5
ChIJMeJ_FwAR2jERlOOiftvSd54,Jiang Hu Mao Cai,"1 Woodlands Road, Singapore 677899",Singapore,West,2.0,Chinese,103.7603371,1.3805117,8525 6555,Not in Michelin Guide Yet,https://maps.google.com/?cid=11418827220385457044,Not Awarded Any Yet,"Dine-in,Takeaway",No Description Available Yet,A,0,4,3.5,good,0.8086,good,0.6329,good,0.7934,3.0,3.0,3.25
ChIJtazRWUQa2jER_pD2DqGY0WI,Jimmy Monkey Cafe & Bar,"9 one-north Gateway, Singapore 138643",Singapore,Central,2.0,Cafe,103.7902504,1.3018774,6777 8470,Not in Michelin Guide Yet,https://maps.google.com/?cid=7120640303357661438,Not Awarded Any Yet,"Dine-in,Takeaway,Delivery,Reservations,Beer,Wine,Cocktails,Coffee,Credit cards,NFC payments,Wheelchair accessible",No Description Available Yet,A,0,4,4.0,good,0.6738,excellent,0.9819,good,0.9574,3.5,3.75,3.25
ChIJNd0eCM0b2jERIX5lVNMXatI,Jin Jin Dessert,"6 Jalan Bukit Merah, #01-21 ABC Brickworks Market Food Centre, Singapore 150006",Singapore,Central,1.0,Street Food,103.8081639,1.286817,9093 2018,Not in Michelin Guide Yet,https://maps.google.com/?cid=15161957291917671969,Not Awarded Any Yet,"Dine-in,Takeaway,Cash only,Wheelchair accessible",No Description Available Yet,B,1,5,4.0,good,0.8468,excellent,0.6311,good,0.9591,3.0,3.6,3.2
ChIJHUV-EgAV2jERcDln-onHJ9A,Jin Kimchi Express (Yishun) Non Halal,"Yishun Avenue 4, Singapore 760507",Singapore,North,1.0,Korean,103.8396956,1.4155504,6910 3180,Not in Michelin Guide Yet,https://maps.google.com/?cid=14999176479406242160,Not Awarded Any Yet,"Takeaway,NFC payments",No Description Available Yet,A,0,4,4.75,good,0.8121,excellent,0.7099,good,0.997,4.0,4.5,4.25
ChIJ68TQkKkT2jERbDCXjm2REFM,Jin Le Woodlands Claypot Rice,"111 Woodlands Street 13, Singapore 730111",Singapore,North,2.0,Chinese,103.7822353,1.4376955,9772 8613,Not in Michelin Guide Yet,https://maps.google.com/?cid=5985443804505124972,Not Awarded Any Yet,"Dine-in,Takeaway,Outdoor seating,Coffee",No Description Available Yet,A,0,5,3.0,poor,0.6869,poor,0.3788,good,0.7044,2.4,2.8,2.6
ChIJHeJbwNEW2jEROnl0gk4_u6M,Jing Ji Fishball Noodles,"Off upper Thomson Jalan Leban, Singapore 574419",Singapore,North-East,1.0,Street Food,103.829008,1.372362,9755 9907,Not in Michelin Guide Yet,https://maps.google.com/?cid=11798093255255816506,Not Awarded Any Yet,"Dine-in,Takeaway",No Description Available Yet,B,1,5,4.0,good,0.5913,good,0.4959,good,0.9574,3.4,3.4,4.0
ChIJuwj3ZAAP2jERv5RH9QjS_YQ,Jing Ran Restaurant,"Upper Jurong Road, Singapore 638365",Singapore,West,2.0,Chinese,103.6813728,1.329666,6513 8187,Not in Michelin Guide Yet,https://maps.google.com/?cid=9583046518030963903,Not Awarded Any Yet,"Dine-in,Takeaway,Reservations,Beer,Coffee,Credit cards,NFC payments",No Description Available Yet,A,0,4,4.75,good,0.7921,good,0.7025,good,0.7062,3.75,4.25,3.75
ChIJcWHIXwAX2jER0AUVyDfgF5k,Jkc Japanese & Korean Cuisine,"465 Fernvale Rd, #01-01 Fernvale Vines, Singapore 790465",Singapore,North-East,1.0,Japanese,103.8760768,1.3981642,No Phone Number Listed,Not in Michelin Guide Yet,https://maps.google.com/?cid=11031532342451963344,Not Awarded Any Yet,Takeaway,No Description Available Yet,A,0,1,3.0,good,0.3174,good,0.0989,good,0.8058,4.0,4.0,4.0
ChIJN550KU4V2jERoFZ6JduAo4w,Jo Japanese Restaurant,"Seletar Club Road, Singapore 798552",Singapore,North-East,3.0,Japanese,103.8581298,1.4096081,8310 3388,Not in Michelin Guide Yet,https://maps.google.com/?cid=10134085265228715680,Not Awarded Any Yet,"Dine-in,Reservations,Beer,Wine,Credit cards,NFC payments",No Description Available Yet,A,0,4,5.0,good,0.8301,excellent,0.9439,good,0.9921,4.0,5.0,4.25
ChIJIadbw8sb2jER3i-OvZSCBGk,Joe’S Thai Kitchen,"Block 125 Bukit Merah Lane 1, #01-182, Singapore 150125",Singapore,Central,2.0,Thai,103.8027435,1.2855796,6270 8484,Not in Michelin Guide Yet,https://maps.google.com/?cid=7567316849236258782,Not Awarded Any Yet,"Dine-in,Takeaway,Delivery,Reservations,Outdoor seating,Beer,Coffee,NFC payments,Wheelchair accessible",No Description Available Yet,A,0,3,4.67,average,0.5513,good,0.5367,good,0.7038,3.0,3.33,4.0
ChIJ2UinHQAT2jEREyZmBJcqeew,Johnson Duck,"325 Woodlands Street 32, Singapore 730325",Singapore,North,1.0,Street Food,103.7796678,1.4308285,No Phone Number Listed,Not in Michelin Guide Yet,https://maps.google.com/?cid=17039697493235213843,Not Awarded Any Yet,"Dine-in,Takeaway,Wheelchair accessible",No Description Available Yet,A,0,5,3.0,good,0.5416,good,0.4886,good,0.6107,3.4,3.6,4.0
ChIJgzs7DQAT2jERTbjnPZwPYXc,Jom! Chicken Rice,"Woodlands Drive 44, Singapore 730548",Singapore,North,1.0,Street Food,103.7937429,1.4305795,No Phone Number Listed,Not in Michelin Guide Yet,https://maps.google.com/?cid=8602173926982269005,Not Awarded Any Yet,"Dine-in,Takeaway,Wheelchair accessible",No Description Available Yet,A,0,4,3.25,poor,0.8476,excellent,0.6894,good,0.9344,2.75,3.0,3.0
ChIJ0VP4IH4P2jERo7DWjpjpSDg,Joo Koon Eating House,"1 Joo Koon Bus Interchange, Singapore 629117",Singapore,West,1.0,Street Food,103.6775709,1.3274588,No Phone Number Listed,Not in Michelin Guide Yet,https://maps.google.com/?cid=4055748305887867043,Not Awarded Any Yet,"Dine-in,Takeaway,Beer,Coffee,NFC payments,Wheelchair accessible",No Description Available Yet,A,0,2,1.0,poor,0.914,good,0.5461,good,0.3146,2.0,2.5,2.5
ChIJHwZEaooQ2jERMQ1AGzikrK8,Joomak,"144 Upper Bukit Timah Road, Singapore 588177",Singapore,Central,2.0,Korean,103.7764176,1.3425018,9082 0074,Not in Michelin Guide Yet,https://maps.google.com/?cid=12658673213513927985,Not Awarded Any Yet,"Dine-in,Takeaway,Reservations,Beer,Credit cards,NFC payments",No Description Available Yet,A,0,5,5.0,good,0.7642,excellent,0.8281,good,0.9953,4.0,5.0,4.2
ChIJz86GbZka2jERAFWm-I-74wU,Jovis Cafe (The Dining Place),"Faber Drive, Singapore 129424",Singapore,Central,2.0,Cafe,103.7565771,1.3205816,6815 3300,Not in Michelin Guide Yet,https://maps.google.com/?cid=424389016929326336,Not Awarded Any Yet,"Dine-in,Takeaway,Delivery,Reservations,Outdoor seating,Live music,Beer,Wine,Coffee,Credit cards,NFC payments,Wheelchair accessible",No Description Available Yet,A,0,4,4.75,good,0.7242,excellent,0.658,good,0.9849,3.75,4.75,4.0
ChIJPxjKmlIQ2jERxaMc0bPJ3vU,Joyden Canton,"Stadium Walk, Singapore 397694",Singapore,Central,2.0,Chinese,103.876502,1.3026208,6446 8488,Not in Michelin Guide Yet,https://maps.google.com/?cid=17716819758266753989,Not Awarded Any Yet,"Reservations,Beer,Credit cards,NFC payments,Wheelchair accessible",No Description Available Yet,A,0,5,3.4,poor,0.797,average,0.5594,good,0.9035,3.0,3.0,3.4
ChIJeXSOYI0a2jERDdI-Q938U8c,Joyden Seafood,"5 Stadium Walk, Singapore 397693",Singapore,Central,2.0,Chinese,103.8764421,1.3022164,6446 8488,Not in Michelin Guide Yet,https://maps.google.com/?cid=14363101663860806157,Not Awarded Any Yet,"Dine-in,Takeaway,Reservations,NFC payments,Wheelchair accessible",No Description Available Yet,A,0,3,3.33,poor,0.737,poor,0.8032,terrible,0.7531,2.67,3.0,2.0
ChIJPeJgHb8P2jERGRkjiF8dVvg,Joyful Paradise Mala Xiang Guo,"9 Jurong West Avenue 5, Singapore 649487",Singapore,West,1.0,Chinese,103.7029984,1.3488689,No Phone Number Listed,Not in Michelin Guide Yet,https://maps.google.com/?cid=17894522465546344729,Not Awarded Any Yet,"Dine-in,NFC payments,Wheelchair accessible",No Description Available Yet,A,0,3,3.33,poor,0.9579,excellent,0.4795,good,0.7405,2.67,3.33,3.33
ChIJB48WBPYV2jER5yTLU4aiLoo,Joyful Seafood At 120 Canberra Crescent,"120 Canberra Crescent, Singapore 750120",Singapore,North,2.0,Chinese,103.8310951,1.4452932,8950 3262,Not in Michelin Guide Yet,https://maps.google.com/?cid=9957074523977884903,Not Awarded Any Yet,"Dine-in,Takeaway,Beer,Coffee,Wheelchair accessible",No Description Available Yet,A,0,4,2.75,good,0.8343,excellent,0.5708,good,0.8874,3.0,3.0,3.5
ChIJEx16_JkU2jEROHhcIMj1Joc,Js Bar & Grill,"1036 Sembawang Road, Singapore 758501",Singapore,North,2.0,Western,103.832834,1.453621,6481 0388,Not in Michelin Guide Yet,https://maps.google.com/?cid=9738741484120471608,Not Awarded Any Yet,"Dine-in,Takeaway,Reservations,Outdoor seating,Beer,Wine,NFC payments",No Description Available Yet,A,0,4,4.0,good,0.8368,good,0.5743,good,0.6277,3.5,3.5,3.5
ChIJXeoiYWMF2jERbGzEkOmpme0,Jtk Food & Beer House,"Jalan Tukang, Singapore 618494",Singapore,West,1.0,Western,103.7163268,1.3265651,8135 2768,Not in Michelin Guide Yet,https://maps.google.com/?cid=17120902279046917228,Not Awarded Any Yet,"Dine-in,Takeaway,Delivery,Beer,Coffee,Credit cards,NFC payments",No Description Available Yet,A,0,3,2.0,poor,0.8896,terrible,0.3729,average,0.7602,2.67,2.0,2.0
ChIJO6_6IQAT2jERl2aFRGBlZ7I,Ju Feng Wanton Noodle,"326 Woodlands Street 32, Singapore 730326",Singapore,North,1.0,Street Food,103.7792876,1.4303741,No Phone Number Listed,Not in Michelin Guide Yet,https://maps.google.com/?cid=12855355125493229207,Not Awarded Any Yet,,No Description Available Yet,A,0,3,4.0,good,0.5928,good,0.4551,good,0.9778,3.67,4.33,4.0
ChIJw_MQ1NQV2jERPz458YBCKk8,Ju Shin Jung Seletar Cc,"101 Seletar Club Rd, Level 2 Country Club Singapore 798273",Singapore,North-East,3.0,Korean,103.858132,1.4096539,6464 0872,Not in Michelin Guide Yet,https://maps.google.com/?cid=5704444999588462143,Not Awarded Any Yet,"Dine-in,Takeaway,Delivery,Reservations,Credit cards,NFC payments",No Description Available Yet,A,0,4,4.5,good,0.9342,excellent,0.8926,good,0.9901,4.25,4.5,4.0
ChIJa82TAsYR2jERgwHsRYKEYLw,Jub Jub Mookata,"Choa Chu Kang Avenue 7, Singapore 681812",Singapore,West,2.0,Thai,103.7466753,1.3738286,No Phone Number Listed,Not in Michelin Guide Yet,https://maps.google.com/?cid=13573994971948384643,Not Awarded Any Yet,"Dine-in,Takeaway,Outdoor seating,Beer,Coffee,Credit cards,NFC payments,Wheelchair accessible",No Description Available Yet,B,1,4,4.75,good,0.6882,good,0.5166,good,0.8596,4.0,4.25,4.0
ChIJO_st7bsb2jERpmZiCYIMY0o,Jubilant Hainamese Chicken Rice,"121 Pasir Panjang Rd, #01-32 Pasir Panjang Food Centre, Singapore 118543",Singapore,Central,1.0,Street Food,103.7912552,1.27598,No Phone Number Listed,Not in Michelin Guide Yet,https://maps.google.com/?cid=5360141734143747750,Not Awarded Any Yet,"Dine-in,Takeaway,Wheelchair accessible",No Description Available Yet,A,0,5,4.4,good,0.6997,excellent,0.7614,good,0.9547,4.0,4.8,3.8
ChIJsfizTCMa2jER0PvLzgOm59g,Jumbo Seafood (Dempsey Hill),"11 Dempsey Road, Singapore 249673",Singapore,Central,3.0,Seafood,103.8099395,1.3043337,6479 3435,Not in Michelin Guide Yet,https://maps.google.com/?cid=15629643567097183184,Not Awarded Any Yet,"Dine-in,Takeaway,Reservations,Outdoor seating,Beer,Wine,Cocktails,Coffee,Credit cards,NFC payments,Wheelchair accessible",No Description Available Yet,B,1,4,5.0,average,0.7404,excellent,0.7668,good,0.776,3.25,4.75,3.75
ChIJi0HoLYoP2jERvSvI8K_PMMI,Jurong Soon Lee Eating House,"11 Soon Lee Road, Singapore 628084",Singapore,West,1.0,Street Food,103.7005767,1.3294606,No Phone Number Listed,Not in Michelin Guide Yet,https://maps.google.com/?cid=13992912396806007741,Not Awarded Any Yet,"Dine-in,Takeaway,Outdoor seating,Beer,Coffee,Cash only",No Description Available Yet,A,0,1,1.0,good,0.4167,excellent,0.4765,good,0.4315,4.0,5.0,4.0
ChIJG9uCAYEU2jER3-Eon0sd7nI,Just Acia,"604 Sembawang Road, Singapore 758459",Singapore,North,2.0,Singaporean,103.8248907,1.4418355,6555 7798,Not in Michelin Guide Yet,https://maps.google.com/?cid=8281588975410930143,Not Awarded Any Yet,"Dine-in,Takeaway,Coffee,Credit cards,NFC payments,Wheelchair accessible",No Description Available Yet,A,0,5,5.0,good,0.8825,excellent,0.9366,good,0.8658,4.0,4.8,4.0
ChIJBRNFl0EU2jERYrg5OJ55kuE,Just Greens Vegetarian (Yishun Branch),"Yishun Avenue 11, Singapore 761428",Singapore,North,1.0,Vegetarian,103.8469771,1.4241254,6555 1812,Not in Michelin Guide Yet,https://maps.google.com/?cid=16254187725588641890,Not Awarded Any Yet,"Dine-in,Takeaway,Delivery,Coffee,Wheelchair accessible",No Description Available Yet,A,0,5,4.2,good,0.7118,excellent,0.5705,good,0.8634,3.8,4.6,4.2
ChIJw8hMfAAX2jER3rTNghLTrqY,Jws Grille Factory,"465 Fernvale Road, Singapore 790465",Singapore,North-East,1.0,Western,103.8760955,1.3980399,No Phone Number Listed,Not in Michelin Guide Yet,https://maps.google.com/?cid=12010769332701082846,Not Awarded Any Yet,,No Description Available Yet,A,0,4,2.25,poor,0.8977,poor,0.8242,poor,0.8369,2.5,2.5,2.25
ChIJ_0C_3mwZ2jERXaCQInHCutM,Kajiken (Original),"1 Tras Link, #01-03 Orchid Hotel Singapore, Singapore 078867",Singapore,Central,2.0,Ramen,103.843733,1.2772362,No Phone Number Listed,Not in Michelin Guide Yet,https://maps.google.com/?cid=15256720478837973085,Not Awarded Any Yet,"Dine-in,Takeaway,Outdoor seating,Beer",No Description Available Yet,A,0,3,4.67,good,0.6477,excellent,0.6029,good,0.8112,4.0,5.0,4.0
ChIJk5QnQWoT2jEREq19R5DIqFA,Kaki Makan,"Senoko South Road, Singapore 758091",Singapore,North,1.0,Street Food,103.8035085,1.4574926,6887 8300,Not in Michelin Guide Yet,https://maps.google.com/?cid=5812115841121889554,Not Awarded Any Yet,"Dine-in,Takeaway,Coffee",No Description Available Yet,B,1,1,3.0,poor,0.7563,terrible,0.9356,terrible,0.1123,2.0,1.0,1.0
ChIJY-E1JwAF2jERrp5y5ytGBOA,Kallang Airport Wanton Noodle (Fairprice Hub),"1 Joo Koon Bus Interchange, Singapore 629117",Singapore,West,1.0,Street Food,103.6785834,1.3272115,No Phone Number Listed,Not in Michelin Guide Yet,https://maps.google.com/?cid=16142104118783286958,Not Awarded Any Yet,"Dine-in,Takeaway,NFC payments,Wheelchair accessible",No Description Available Yet,A,0,5,3.0,poor,0.7717,excellent,0.288,good,0.7938,2.8,3.0,2.8
ChIJGbzFAwAF2jERrv97R3Bc6fg,Kampong House Mini Wok,"Yuan Ching Road, Singapore 618642",Singapore,West,1.0,Malay,103.7255663,1.3254147,No Phone Number Listed,Not in Michelin Guide Yet,https://maps.google.com/?cid=17935968628285112238,Not Awarded Any Yet,"Dine-in,Takeaway,Wheelchair accessible",No Description Available Yet,A,0,5,4.4,good,0.8718,excellent,0.4841,good,0.9861,3.8,4.8,4.0
ChIJ0ZvOGrAR2jERwNGybdInVoc,Karu's Indian Banana Leaf Restaurant,"808 Upper Bukit Timah Road, Singapore 678144",Singapore,West,2.0,Indian,103.7631484,1.3733188,6762 7284,Not in Michelin Guide Yet,https://maps.google.com/?cid=9752025827854438848,Not Awarded Any Yet,"Dine-in,Takeaway,Delivery,Reservations,Beer,Coffee,Credit cards,NFC payments,Wheelchair accessible",No Description Available Yet,A,0,2,3.5,good,0.9336,good,0.937,good,0.999,3.0,3.0,3.0
ChIJhSMMAKAP2jERWgjkqOnEZN0,Kaung Myanmar Home Cuisine (ကောင်း အိမ်ချက်မြန်မာထမင်းဆိုင်),"Soon Lee Road, Singapore 628085",Singapore,West,2.0,Myanmar,103.6987526,1.3325278,No Phone Number Listed,Not in Michelin Guide Yet,https://maps.google.com/?cid=15953092287893080154,Not Awarded Any Yet,"Dine-in,Takeaway,Delivery,Coffee",No Description Available Yet,A,0,1,5.0,good,0.6155,good,0.5531,good,0.9612,4.0,4.0,4.0
ChIJRbZc3YoX2jERzyBC_kXUYKs,Kay Lee Roast Meat,"Upper Paya Lebar Road, Singapore 534829",Singapore,North-East,2.0,Street Food,103.8865065,1.3383814,6743 8778,Not in Michelin Guide Yet,https://maps.google.com/?cid=12349103575333478607,Not Awarded Any Yet,"Dine-in,Takeaway,Delivery,Coffee,NFC payments",No Description Available Yet,A,0,5,3.4,good,0.7973,good,0.4189,good,0.8186,3.2,3.6,4.0
ChIJobbt1W0X2jERXp9vqJo1kJs,Kelly Jie Seafood • Formerly Tpy Mellben Seafood,"211 Lorong 8 Toa Payoh, Singapore 310211",Singapore,Central,2.0,Seafood,103.853753,1.340401,8123 4156,Not in Michelin Guide Yet,https://maps.google.com/?cid=11209518410892287838,Not Awarded Any Yet,"Dine-in,Takeaway,Delivery,Reservations,Outdoor seating,Beer,Coffee,Credit cards,NFC payments,Wheelchair accessible",No Description Available Yet,A,0,4,4.75,good,0.7677,excellent,0.7739,good,0.9696,3.75,5.0,4.0
ChIJAQAAUNEW2jER1aIMNG81c9E,Keng Lee Yin Pin,"590 Upper Thomson Road, Singapore 574419",Singapore,North-East,1.0,Street Food,103.8290565,1.3725597,No Phone Number Listed,Not in Michelin Guide Yet,https://maps.google.com/?cid=15092465527979549397,Not Awarded Any Yet,"Takeaway,Coffee",No Description Available Yet,A,0,3,5.0,good,0.7657,excellent,0.8226,good,0.4271,4.0,4.67,4.0
ChIJ47NO1xcY2jERyFbfhYX2QFU,Keng Wah Sung Cafe,"783 Geylang Road, Singapore 389672",Singapore,Central,1.0,Coffee Shop,103.8915396,1.3151236,No Phone Number Listed,Not in Michelin Guide Yet,https://maps.google.com/?cid=6143180945070446280,Not Awarded Any Yet,"Dine-in,Takeaway,Outdoor seating,Beer,Coffee,Cash only,Wheelchair accessible",No Description Available Yet,A,0,4,4.75,good,0.7489,excellent,0.6507,good,0.861,3.5,3.75,4.0
ChIJMbnU8c8Z2jERLbDGj9KdwpQ,Khalsa Restaurant,"2 Tessensohn Road, Singapore 217646",Singapore,Central,1.0,Indian,103.8571395,1.3166314,6338 6907,Not in Michelin Guide Yet,https://maps.google.com/?cid=10719303590776057901,Not Awarded Any Yet,"Dine-in,Takeaway,Coffee,Wheelchair accessible",No Description Available Yet,A,0,2,5.0,average,0.943,excellent,0.9138,good,0.9975,3.5,5.0,4.0
ChIJHeJbwNEW2jERFSHGJOJcgMM,Khoon's Katong Laksa & Seafood Soup,"Upper Thomson Road, Singapore 574419",Singapore,North-East,1.0,Seafood,103.8290261,1.3724791,No Phone Number Listed,Not in Michelin Guide Yet,https://maps.google.com/?cid=14087361760764240149,Not Awarded Any Yet,"Dine-in,Takeaway,Wheelchair accessible",No Description Available Yet,A,0,4,2.0,poor,0.449,terrible,0.3157,poor,0.693,2.5,2.0,2.25
ChIJ61p5UZcZ2jERq2f3Wv25g-s,Killiney Kopitiam,"65 Killiney Road, Singapore 239524",Singapore,Central,1.0,Point of interest,103.8394317,1.2988675,6734 3910,Not in Michelin Guide Yet,https://maps.google.com/?cid=16970612318666188715,Not Awarded Any Yet,"Dine-in,Takeaway,Outdoor seating,Coffee",No Description Available Yet,B,1,3,4.67,average,0.4469,excellent,0.6041,good,0.5416,3.0,3.33,3.0
ChIJo4A8CgAb2jERssA9l_GDyN0,Kim Chac's Vietnamese Food,"198 Pandan Loop, Singapore 128355",Singapore,Central,1.0,Vietnamese,103.7523971,1.3113898,No Phone Number Listed,Not in Michelin Guide Yet,https://maps.google.com/?cid=15981168351371968690,Not Awarded Any Yet,"Dine-in,Takeaway,Coffee",No Description Available Yet,A,0,2,5.0,good,0.8556,excellent,0.8002,good,0.999,4.0,5.0,4.0
ChIJD2b63mgX2jER0T1F34oPiQk,Kim Keat Hokkien Mee,"92 Lorong 4 Toa Payoh, Singapore 310092",Singapore,Central,2.0,Street Food,103.8496439,1.3380931,9011 4400,Not in Michelin Guide Yet,https://maps.google.com/?cid=687097507276471761,Not Awarded Any Yet,"Dine-in,Takeaway,Outdoor seating,Beer,Coffee,Cash only,Wheelchair accessible",No Description Available Yet,A,0,3,3.33,good,0.8249,good,0.3964,good,0.723,4.0,4.33,4.0
ChIJz9UsSnQV2jERzPomxMVmc4k,Kim Poh Fishhead Steamboat,"Yishun Avenue 6, Singapore 768160",Singapore,North,2.0,Chinese,103.8416191,1.4374126,8246 1101,Not in Michelin Guide Yet,https://maps.google.com/?cid=9904373005103332044,Not Awarded Any Yet,"Dine-in,Takeaway,Delivery,Reservations,Outdoor seating,Coffee,Wheelchair accessible",No Description Available Yet,B,1,5,2.2,poor,0.926,terrible,0.7505,poor,0.8272,2.4,2.0,2.8
ChIJByKUI6cR2jER4lOR_DjfH1g,Kim San Leng Food Centre Bukit Panjang,"Bangkit Road, Singapore 670260",Singapore,West,1.0,Coffee Shop,103.773481,1.3770278,6694 4429,Not in Michelin Guide Yet,https://maps.google.com/?cid=6350039435464233954,Not Awarded Any Yet,"Dine-in,Takeaway,Outdoor seating,Beer,Coffee,NFC payments,Wheelchair accessible",No Description Available Yet,A,0,2,4.0,good,0.9372,good,0.8068,good,0.4574,2.5,2.5,2.5
ChIJcYA953UZ2jERdl6owL8Apow,Kim's Family Korean Restaurant,"Lorong Kilat, Singapore 598120",Singapore,Central,2.0,Korean,103.7741259,1.3408902,6465 0535,Not in Michelin Guide Yet,https://maps.google.com/?cid=10134788835014893174,Not Awarded Any Yet,"Dine-in,Takeaway,Reservations,Beer,Credit cards,NFC payments",No Description Available Yet,A,0,5,4.6,good,0.7543,excellent,0.8716,good,0.9775,4.0,4.8,4.0
ChIJJyC8-LMT2jER1WgUifKrFdo,Kimly Dim Sum (Blk 211 Marsiling Crescent),"211 Marsiling Crescent, Singapore 730211",Singapore,North,1.0,Dim Sum,103.7736212,1.4459423,No Phone Number Listed,Not in Michelin Guide Yet,https://maps.google.com/?cid=15714655532949465301,Not Awarded Any Yet,"Dine-in,Takeaway",No Description Available Yet,A,0,4,1.0,poor,0.7817,poor,0.8979,terrible,0.5457,2.5,2.5,2.0
ChIJfyoMPK8T2jERvZfmhszA9e4,Kimly Dim Sum (Blk 676 Kampung Admiralty),"676 Woodlands Drive 71, Singapore 730676",Singapore,North,1.0,Chinese,103.8008056,1.4397745,No Phone Number Listed,Not in Michelin Guide Yet,https://maps.google.com/?cid=17218880734990079933,Not Awarded Any Yet,,No Description Available Yet,A,0,1,2.0,poor,0.6249,poor,0.4805,poor,0.9984,2.0,2.0,2.0
ChIJi-F8rnsP2jER540vtmbPwe0,Kimly Mixed Rice,"501 Jurong West Street 51, Singapore 640501",Singapore,West,1.0,Street Food,103.7187788,1.3504083,No Phone Number Listed,Not in Michelin Guide Yet,https://maps.google.com/?cid=17132202497544261095,Not Awarded Any Yet,"Dine-in,Takeaway,Wheelchair accessible",No Description Available Yet,A,0,5,2.4,good,0.6145,excellent,0.6627,good,0.6681,3.4,3.2,2.8
ChIJs5LwKCwT2jERGK7iEoRkIPA,Kimly Mixed Rice (Marsiling Road),"187C Marsiling Road, Singapore 733187",Singapore,North,1.0,Street Food,103.7747027,1.4382744,No Phone Number Listed,Not in Michelin Guide Yet,https://maps.google.com/?cid=17302940286772751896,Not Awarded Any Yet,"Dine-in,Takeaway",No Description Available Yet,B,1,1,2.0,good,0.9746,good,0.5212,good,0.9703,4.0,4.0,4.0
ChIJvZ3W2QAV2jEREs4-S1MHTh0,Kimly Mixed Rice (Yishun Ave 4),"Yishun Avenue 4, Singapore 760507",Singapore,North,1.0,Korean,103.8396956,1.4155504,No Phone Number Listed,Not in Michelin Guide Yet,https://maps.google.com/?cid=2111633329609428498,Not Awarded Any Yet,"Dine-in,Takeaway",No Description Available Yet,A,0,1,5.0,good,0.8758,good,0.9784,good,0.9791,4.0,4.0,4.0
ChIJiYYOhEEU2jERmzrgcFlz0t4,Kimly Zi Char (418 Yishun),"Yishun Avenue 11, Singapore 761428",Singapore,North,1.0,Seafood,103.8469516,1.424106,6757 0127,Not in Michelin Guide Yet,https://maps.google.com/?cid=16056022449512266395,Not Awarded Any Yet,"Dine-in,Takeaway,Reservations,Coffee,NFC payments",No Description Available Yet,B,1,4,2.75,good,0.6363,excellent,0.5621,good,0.6199,4.0,4.5,4.0
ChIJXcNvNWwW2jERHTE_qRJyGi4,Kimly Zi Char (Blk 308 Anchorvale),"308C Sengkang East Avenue, Singapore 543308",Singapore,North-East,1.0,Seafood,103.8865675,1.3892568,6384 7855,Not in Michelin Guide Yet,https://maps.google.com/?cid=3322093099613630749,Not Awarded Any Yet,"Dine-in,Takeaway,Reservations,Coffee,Wheelchair accessible",No Description Available Yet,A,0,2,3.0,good,0.6526,excellent,0.5108,good,0.765,3.0,3.0,3.0
ChIJWUlfg0AT2jER23c8cxmFoXI,Kin Arai Thai Food,"248 Woodlands Industrial Park E5, Singapore 757883",Singapore,North,1.0,Thai,103.7921948,1.452132,No Phone Number Listed,Not in Michelin Guide Yet,https://maps.google.com/?cid=8260029535928219611,Not Awarded Any Yet,,No Description Available Yet,A,0,5,4.2,good,0.8114,good,0.6566,good,0.8328,4.2,4.4,4.2
ChIJHenLA_ET2jERbOlUI2JLLOc,Kin Kao Mai Thai Restaurant Sembawang,"43 Admiralty Road West, Singapore 759962",Singapore,North,2.0,Thai,103.8194072,1.4694763,9274 8585,Not in Michelin Guide Yet,https://maps.google.com/?cid=16657772006608267628,Not Awarded Any Yet,"Dine-in,Takeaway,Delivery,Reservations,Outdoor seating,Beer,Wine,Cocktails,NFC payments",No Description Available Yet,A,0,4,4.0,good,0.7948,excellent,0.7358,good,0.8387,3.5,4.5,4.25
ChIJ87idLAAb2jER0CnStvqNluY,King Grouper Fish Soup,"1 Pasir Panjang Rd, #02-07 Labrador Tower, Singapore 118479",Singapore,Central,1.0,Street Food,103.8018967,1.2721447,No Phone Number Listed,Not in Michelin Guide Yet,https://maps.google.com/?cid=16615623983178590672,Not Awarded Any Yet,"Takeaway,Wheelchair accessible",No Description Available Yet,A,0,1,3.0,poor,0.1919,poor,0.0721,good,0.2157,2.0,2.0,4.0
ChIJ2-nlhPkT2jER841ainFYQvk,King Of Fried Rice (Woodlands Street 11),"Woodlands Street 11, Singapore 730166",Singapore,North,2.0,Street Food,103.7754364,1.4333158,No Phone Number Listed,Not in Michelin Guide Yet,https://maps.google.com/?cid=17961015508582698483,Not Awarded Any Yet,"Dine-in,Takeaway,Outdoor seating,Coffee,Wheelchair accessible",No Description Available Yet,A,0,5,4.6,average,0.8157,excellent,0.6589,good,0.8122,3.2,3.8,3.6
ChIJVyZsKQAX2jERi_DuOywNpb8,King Of Fried Rice (Sengkang West),"433A Sengkang West Way, Singapore 791433",Singapore,North-East,1.0,Street Food,103.8775152,1.394934,No Phone Number Listed,Not in Michelin Guide Yet,https://maps.google.com/?cid=13809458316036731019,Not Awarded Any Yet,"Takeaway,Coffee,Wheelchair accessible",No Description Available Yet,A,0,2,5.0,average,0.9723,excellent,0.9516,good,0.9896,3.0,5.0,4.0
ChIJn7uB2PMR2jERVl8yf7i4FQg,King Of Fried Rice (Bukit Panjang),"Bangkit Road, Singapore 670260",Singapore,West,1.0,Street Food,103.7732989,1.376941,No Phone Number Listed,Not in Michelin Guide Yet,https://maps.google.com/?cid=582574829361848150,Not Awarded Any Yet,"Dine-in,Takeaway,Coffee,Wheelchair accessible",No Description Available Yet,A,0,3,5.0,good,0.701,excellent,0.48,good,0.8222,3.67,4.67,4.0
ChIJo8Nh_Q4Z2jERONS2OMrJ5tA,Kinki Restaurant + Bar - Japanese Fusion (Customs House),"#02-02, Customs House, 70 Collyer Quay, Singapore 049323",Singapore,Central,3.0,Japanese,103.8534753,1.2824913,8363 6697,Not in Michelin Guide Yet,https://maps.google.com/?cid=15052940674904544312,Not Awarded Any Yet,"Dine-in,Takeaway,Delivery,Reservations,Outdoor seating,Beer,Wine,Cocktails,Coffee,Credit cards,NFC payments,Wheelchair accessible",Dimly- it contemporary eatery offering cooked Japanese dishes & sushi alongside sake & cocktails.,A,0,5,5.0,excellent,0.7688,excellent,0.9886,good,0.8902,4.6,4.6,4.2
ChIJzd9lsXcZ2jERt4_hG0Sra1M,Kintamani Restaurant (Halal-Certified),"405 Havelock Rd, Level 3 Furama Riverfront, Singapore 169633",Singapore,Central,2.0,Indonesian,103.8359488,1.2875615,6739 6463,Not in Michelin Guide Yet,https://maps.google.com/?cid=6011086436669951927,Not Awarded Any Yet,"Dine-in,Takeaway,Delivery,Reservations,Coffee,Credit cards,NFC payments,Wheelchair accessible",No Description Available Yet,A,0,4,4.5,good,0.7842,good,0.7115,good,0.7727,3.25,3.75,3.5
ChIJ_WYxW7gP2jERf9ous37UmlY,Kjm Curry House,"276 Jurong West Street 25, Singapore 640276",Singapore,West,1.0,Indian,103.7039019,1.3537805,8425 0666,Not in Michelin Guide Yet,https://maps.google.com/?cid=6240533874312403583,Not Awarded Any Yet,"Dine-in,Takeaway,Delivery,Outdoor seating,Beer,Coffee,Cash only,Wheelchair accessible",No Description Available Yet,B,1,1,1.0,poor,0.6489,terrible,0.543,poor,0.3845,2.0,1.0,2.0
ChIJDeLY65UE2jERLYIiZj1snS4,Kjm Curry House & Restaurant,"3 Sakra Rd, 627878",Singapore,West,2.0,Indian,103.704543,1.2673385,9865 1168,Not in Michelin Guide Yet,https://maps.google.com/?cid=3358959908050600493,Not Awarded Any Yet,"Dine-in,Takeaway,Coffee,Cash only",No Description Available Yet,B,1,3,2.33,poor,0.876,poor,0.7011,poor,0.8804,2.33,3.0,2.67
ChIJnbZALm0Z2jERqM4NvFkehe8,Kko Kko Na Ra 꼬꼬나라 (Hdc),"33 Tras St, #02-01, Singapore 078973",Singapore,Central,3.0,Korean,103.8446269,1.278454,6225 9282,Not in Michelin Guide Yet,https://maps.google.com/?cid=17259234517723238056,Not Awarded Any Yet,"Dine-in,Takeaway,Delivery,Reservations,Beer,Wine,Cocktails,Coffee,Credit cards,NFC payments","Homemade, Korean dishes served in a country-style cafe specializing in fried chicken recipes.",A,0,3,5.0,good,0.8475,excellent,0.6467,good,0.9965,4.33,5.0,4.33
ChIJR5pg544X2jERATUsnm4DMAw,Kl Traditional Chilli Ban Mee,"554 MacPherson Road, Singapore 368230",Singapore,Central,1.0,Chinese Noodle,103.88494,1.33252,8088 0095,Not in Michelin Guide Yet,https://maps.google.com/?cid=878205700972229889,Not Awarded Any Yet,"Dine-in,Takeaway,Delivery,Reservations,Beer,Cash only",No Description Available Yet,A,0,4,3.5,poor,0.7196,poor,0.5347,good,0.5645,2.5,2.25,3.0
ChIJ0YE-84QP2jER8T6Om_QxM2Q,Kms Indian Muslim Food/442,"442 Jurong West Avenue 1, Singapore 640442",Singapore,West,1.0,Indian,103.7192414,1.3515937,8435 3137,Not in Michelin Guide Yet,https://maps.google.com/?cid=7220169554256609009,Not Awarded Any Yet,"Dine-in,Takeaway,Coffee,NFC payments,Wheelchair accessible",No Description Available Yet,A,0,4,5.0,good,0.7236,excellent,0.5563,good,0.8987,4.0,4.5,4.25
ChIJfeQqVroP2jERJgebI9BxvdM,Kns Restaurant (Cleantech),"36 Cleantech Loop, Singapore 636737",Singapore,West,1.0,Indian,103.6914419,1.3529632,8758 7505,Not in Michelin Guide Yet,https://maps.google.com/?cid=15257476251365607206,Not Awarded Any Yet,"Dine-in,Takeaway,Delivery,Coffee,NFC payments",No Description Available Yet,B,1,4,4.0,average,0.8998,excellent,0.8342,good,0.9978,3.75,4.75,4.25
ChIJ-b2mGjgT2jERStYhYNjd0eU,Kns Restaurant (Woodlands Avenue 1),"120 Woodlands Avenue 1, Singapore 739069",Singapore,North,2.0,Indian,103.7920485,1.427508,6974 8267,Not in Michelin Guide Yet,https://maps.google.com/?cid=16560261226213529162,Not Awarded Any Yet,"Dine-in,Takeaway,Delivery,Coffee,Credit cards,NFC payments,Wheelchair accessible",No Description Available Yet,B,1,2,1.0,poor,0.5548,good,0.5229,good,0.5858,2.0,2.5,3.0
ChIJX2UWr3oX2jERE3nGhfZjJHE,Kok Kee Turtle Soup,"Lorong 7 Toa Payoh, Singapore 311021",Singapore,Central,1.0,Street Food,103.8570169,1.3354642,No Phone Number Listed,Not in Michelin Guide Yet,https://maps.google.com/?cid=8152751135904921875,Not Awarded Any Yet,"Dine-in,Takeaway,Wheelchair accessible",No Description Available Yet,A,0,3,4.67,good,0.4284,good,0.4475,good,0.9299,3.33,4.33,4.0
ChIJhR8u_XsF2jERARhKkjhgL90,Kong Kee Roasted Food,"2 Tukang Innovation Grove, Singapore 618305",Singapore,West,1.0,Chinese,103.710235,1.325245,8660 4788,Not in Michelin Guide Yet,https://maps.google.com/?cid=15938063402376239105,Not Awarded Any Yet,"Takeaway,Wheelchair accessible",No Description Available Yet,A,0,1,4.0,poor,0.9738,good,0.01,good,0.0598,2.0,4.0,4.0
ChIJ8e1FwKwZ2jEReVCH8WB0PCQ,Kontiki,"Tanjong Rhu Promenade, Singapore 437435",Singapore,Central,2.0,American,103.8667581,1.2949615,6268 5225,Not in Michelin Guide Yet,https://maps.google.com/?cid=2611089843685904505,Not Awarded Any Yet,"Dine-in,Takeaway,Delivery,Reservations,Outdoor seating,Live music,Beer,Wine,Cocktails,Coffee,Credit cards,NFC payments,Wheelchair accessible",No Description Available Yet,A,0,5,3.8,good,0.7685,excellent,0.7116,good,0.9385,3.8,4.4,3.6
ChIJVQDzhuQR2jERcXkwaCjP6q0,Koo Kee,"#01-03 Yew Tee Close, Singapore 689578",Singapore,West,1.0,Asian,103.7467721,1.397219,No Phone Number Listed,Not in Michelin Guide Yet,https://maps.google.com/?cid=12532056685565475185,Not Awarded Any Yet,"Dine-in,Takeaway,NFC payments",No Description Available Yet,A,0,5,3.0,poor,0.6233,poor,0.5293,good,0.6654,2.8,2.8,2.6
ChIJ5zalwdsV2jER5nzjKk4rfUs,Koo Kee Yong Tow Foo Mee (Yishun Avenue 11),"Yishun Avenue 11, Singapore 762426",Singapore,North,1.0,Chinese,103.8465798,1.4237973,No Phone Number Listed,Not in Michelin Guide Yet,https://maps.google.com/?cid=5439551539660422374,Not Awarded Any Yet,"Dine-in,Takeaway,Delivery",No Description Available Yet,A,0,5,2.0,poor,0.7903,poor,0.6164,good,0.8878,2.8,2.2,2.4
ChIJOSCrcgAV2jERUrivA12xdgs,Koo Kee Yong Tow Foo Mee (Canberra Street),"105 Canberra Street, Singapore 750105",Singapore,North,1.0,Chinese,103.8325914,1.4484515,No Phone Number Listed,Not in Michelin Guide Yet,https://maps.google.com/?cid=826042594720987218,Not Awarded Any Yet,"Dine-in,Takeaway,Delivery,Coffee",No Description Available Yet,A,0,4,1.75,poor,0.6866,terrible,0.4513,poor,0.6956,2.25,1.75,2.0
ChIJZ-hRPgAR2jERGdzrdHts-7I,Koo Kee Yong Tow Foo Mee (Bangkit),"Bangkit Road, Singapore 670260",Singapore,West,1.0,Street Food,103.7732824,1.3769055,No Phone Number Listed,Not in Michelin Guide Yet,https://maps.google.com/?cid=12897021235403938841,Not Awarded Any Yet,"Dine-in,Takeaway,Delivery",No Description Available Yet,A,0,3,2.67,poor,0.5267,poor,0.5921,good,0.7806,3.0,3.0,3.67
ChIJh1iSHB8P2jERXF7abcIwVQ0,Koo Kee Yong Tow Foo Mee (Jurong West Avenue 5),"Jurong West Avenue 5, Singapore 640762",Singapore,West,1.0,Street Food,103.6976086,1.3489162,No Phone Number Listed,Not in Michelin Guide Yet,https://maps.google.com/?cid=960727707138285148,Not Awarded Any Yet,"Dine-in,Takeaway,Wheelchair accessible",No Description Available Yet,A,0,1,5.0,good,0.9614,good,0.7504,good,0.9753,4.0,4.0,4.0
ChIJxTkseIoQ2jERoyBLZf90dgI,Koon Bak Kut Teh,"10 Cheong Chin Nam Rd, Singapore 599735",Singapore,Central,1.0,Street Food,103.7753157,1.3425874,6463 0111,Not in Michelin Guide Yet,https://maps.google.com/?cid=177457875592618147,Not Awarded Any Yet,"Dine-in,Takeaway,Reservations,Credit cards,NFC payments",No Description Available Yet,A,0,4,1.0,poor,0.9277,poor,0.7592,poor,0.9822,2.0,1.5,2.25
ChIJ8a3wFwAR2jERoRglBV-LM2g,Kopi Korner,"475 Choa Chu Kang Avenue 3, Singapore 680475",Singapore,West,1.0,Family,103.7393833,1.3777793,6966 0347,Not in Michelin Guide Yet,https://maps.google.com/?cid=7508498243981220001,Not Awarded Any Yet,"Dine-in,Takeaway,Delivery,Coffee,Credit cards,NFC payments",No Description Available Yet,A,0,4,4.0,good,0.7128,good,0.5367,good,0.8291,4.0,4.25,4.25
ChIJNQt1fWUU2jERS_ehDs9FbYk,Kopitiam,"930 Yishun Avenue 2, #B2-12, Northpoint City North Wing, 930 Yishun Ave 2, #B2, 10 Northpoint, 769098",Singapore,North,1.0,Food Court,103.8357694,1.42959,6257 9139,Not in Michelin Guide Yet,https://maps.google.com/?cid=9902647911263631179,Not Awarded Any Yet,"Dine-in,Takeaway,Delivery,Credit cards,NFC payments,Wheelchair accessible",No Description Available Yet,B,1,3,1.0,poor,0.9271,terrible,0.5883,poor,0.8946,1.67,1.0,2.67
ChIJu_U9EPQR2jERRvvuXShyR5g,Korean Cuisine,"624 Choa Chu Kang Street 62, Singapore 680624",Singapore,West,1.0,Korean,103.7470075,1.3980083,No Phone Number Listed,Not in Michelin Guide Yet,https://maps.google.com/?cid=10972864534811704134,Not Awarded Any Yet,"Dine-in,Takeaway,NFC payments",No Description Available Yet,A,0,5,4.4,good,0.7467,good,0.6334,good,0.9905,3.4,3.6,3.4
ChIJgbuP4XwV2jERLYhXgfPb7i8,Korean Fusion Bistro,"Yishun Avenue 6, Singapore 760248",Singapore,North,2.0,French,103.8430976,1.4357311,No Phone Number Listed,Not in Michelin Guide Yet,https://maps.google.com/?cid=3453939803133282349,Not Awarded Any Yet,"Dine-in,Takeaway,Beer,NFC payments",No Description Available Yet,A,0,4,4.0,good,0.9292,good,0.5472,good,0.8268,3.0,3.75,3.5
ChIJaevVlVUF2jERgaorrauImrs,Kotobuki,"Jalan Ahmad Ibrahim, Singapore 618642",Singapore,West,2.0,Japanese,103.7249765,1.3255659,6261 2272,Not in Michelin Guide Yet,https://maps.google.com/?cid=13518267502432070273,Not Awarded Any Yet,"Dine-in,Takeaway,Delivery,Reservations,Outdoor seating,Beer,Wine,Coffee,Credit cards,NFC payments",No Description Available Yet,A,0,5,4.2,average,0.6021,excellent,0.4999,good,0.5665,2.8,3.4,4.0
ChIJiRdftsMW2jERhkQJwzQdFv4,Kow Loon Hong Kong Dim Sum,"151 Ang Mo Kio Avenue 5, Singapore 560151",Singapore,North-East,1.0,Dim Sum,103.8408966,1.3767872,No Phone Number Listed,Not in Michelin Guide Yet,https://maps.google.com/?cid=18308853447568999558,Not Awarded Any Yet,"Dine-in,Takeaway,Delivery,Outdoor seating,Beer,Coffee,Wheelchair accessible",No Description Available Yet,A,0,3,3.67,good,0.9026,good,0.5731,good,0.7056,3.33,3.33,3.67
ChIJteOrSQA92jERKf14wedHTzw,Ks Mixed Vegetable Rice,"11 Soon Lee Road, Singapore 628084",Singapore,West,1.0,Street Food,103.7005587,1.3294929,8816 7856,Not in Michelin Guide Yet,https://maps.google.com/?cid=4345771226144767273,Not Awarded Any Yet,"Dine-in,Takeaway",No Description Available Yet,A,0,1,5.0,good,0.9962,good,0.8897,good,0.9948,4.0,4.0,4.0
ChIJYTaNEBYT2jERSQwCZF79OUM,Ku-Kai Izakaya,"43 Admiralty Road West, Singapore 759962",Singapore,North,2.0,Izakaya,103.8198033,1.4697376,8304 3028,Not in Michelin Guide Yet,https://maps.google.com/?cid=4844181456060288073,Not Awarded Any Yet,"Dine-in,Takeaway,Reservations,Outdoor seating,Beer,Wine,Cocktails,Credit cards,NFC payments,Wheelchair accessible",No Description Available Yet,A,0,4,3.25,good,0.7906,good,0.3926,good,0.9885,3.5,3.75,3.25
ChIJJSZsRwAX2jERuBGsYQv0_UI,Kubis Authentic Korean Food,"1 Hougang Street 91, Singapore 538692",Singapore,North-East,1.0,Korean,103.8793109,1.3759849,No Phone Number Listed,Not in Michelin Guide Yet,https://maps.google.com/?cid=4827282705331524024,Not Awarded Any Yet,Takeaway,No Description Available Yet,B,1,3,2.33,poor,0.9042,poor,0.7957,poor,0.9868,2.67,3.0,2.67
ChIJr-0AJBMZ2jERKGlcZe2AbZg,Kuro Maguro Sushi And Dining,"7 Wallich St, #01 - 04, Singapore 078884",Singapore,Central,3.0,Japanese,103.8458822,1.2768041,6386 8561,Not in Michelin Guide Yet,https://maps.google.com/?cid=10983576823322667304,Not Awarded Any Yet,"Dine-in,Takeaway,Delivery,Reservations,Outdoor seating,Beer,Credit cards,NFC payments,Wheelchair accessible",No Description Available Yet,A,0,4,5.0,good,0.7664,excellent,0.8357,good,0.9804,3.5,4.5,4.0
ChIJAS_k8IUX2jER0bmaX1gn01E,Kushi Japanese Dining,"601 MacPherson Road, Singapore 368242",Singapore,Central,2.0,Japanese,103.8879094,1.3335511,6904 0728,Not in Michelin Guide Yet,https://maps.google.com/?cid=5896099597672692177,Not Awarded Any Yet,"Dine-in,Takeaway,Reservations,Outdoor seating,Beer,Wine,Coffee,Credit cards,NFC payments",No Description Available Yet,A,0,4,4.75,average,0.8789,excellent,0.8693,good,0.5679,3.75,4.5,4.0
ChIJYZeQpw8Q2jERogJHqQbzii4,Kushiya Japanese Grill House,"J-Walk, Singapore 608531",Singapore,West,2.0,Japanese,103.7428516,1.3341863,No Phone Number Listed,Not in Michelin Guide Yet,https://maps.google.com/?cid=3353760082466112162,Not Awarded Any Yet,"Dine-in,Takeaway,Reservations,Beer,Credit cards,NFC payments,Wheelchair accessible",No Description Available Yet,A,0,3,3.67,average,0.8989,excellent,0.4081,good,0.994,3.0,4.0,3.33
ChIJSwxxza4e2jERCRLenKJJs1M,Kwee Zeen,"2 Bukit Manis Rd, Sentosa, 099891",Singapore,Central,4.0,Singaporean,103.827427,1.2452322,6708 8366,Not in Michelin Guide Yet,https://maps.google.com/?cid=6031245288744555017,Not Awarded Any Yet,"Dine-in,Reservations,Outdoor seating,Beer,Wine,Coffee,Credit cards,NFC payments,Wheelchair accessible",No Description Available Yet,B,1,5,5.0,good,0.8336,excellent,0.9969,good,0.9927,4.2,4.8,4.0
ChIJzX8R020Q2jER5gDQig7kV9o,Kwong Satay Supply Store / Factory,"20 Bukit Batok Street 23, Singapore 658080",Singapore,West,1.0,Food,103.7570868,1.3385198,6565 0002,Not in Michelin Guide Yet,https://maps.google.com/?cid=15733294574351679718,Not Awarded Any Yet,Delivery,No Description Available Yet,B,1,5,2.2,poor,0.8718,terrible,0.9224,good,0.6453,2.8,2.4,3.0
ChIJm2-pfgAR2jERKTQeYiF_KxA,L&M Seafood,"257 Bangkit Road, Singapore 670257",Singapore,West,1.0,Seafood,103.7735715,1.3787703,9077 6466,Not in Michelin Guide Yet,https://maps.google.com/?cid=1165164709962200105,Not Awarded Any Yet,"Dine-in,Takeaway",No Description Available Yet,A,0,1,5.0,good,0.8081,excellent,0.5202,good,0.9967,4.0,5.0,4.0
ChIJv5ozQQgX2jERGYnJ6WlR8iI,L&M Seafood Sengkang,"455 Sengkang West Avenue, Singapore 790455",Singapore,North-East,1.0,Seafood,103.870956,1.3913936,8757 0274,Not in Michelin Guide Yet,https://maps.google.com/?cid=2518164656989243673,Not Awarded Any Yet,"Dine-in,Takeaway,Delivery,Outdoor seating,Coffee,Wheelchair accessible",No Description Available Yet,B,1,5,1.4,poor,0.549,terrible,0.4073,good,0.6395,2.6,2.4,2.6
ChIJaVH6Em0Z2jEReVw-iSTIIIk,"L'entrecTe Singapore Duxton Hill, The Steak & Fries Bistro","36 Duxton Hill, Singapore 089614",Singapore,Central,3.0,French,103.8427972,1.2784569,6690 7561,Not in Michelin Guide Yet,https://maps.google.com/?cid=9881117641697811577,Not Awarded Any Yet,"Dine-in,Takeaway,Delivery,Reservations,Outdoor seating,Beer,Wine,Cocktails,Coffee,Credit cards,NFC payments",No Description Available Yet,A,0,5,4.6,good,0.8619,excellent,0.9639,good,0.9945,4.4,4.8,4.2
ChIJX_JPS-sW2jERooB7r0kZSfI,L'rez,"180 Ang Mo Kio Avenue 8, Singapore 569830",Singapore,North-East,1.0,Fine Dining,103.849446,1.3825909,6550 1263,Not in Michelin Guide Yet,https://maps.google.com/?cid=17458513234745852066,Not Awarded Any Yet,"Dine-in,Reservations,Coffee,Credit cards,NFC payments,Wheelchair accessible",No Description Available Yet,A,0,3,4.67,good,0.7461,good,0.9359,good,0.9674,3.67,4.33,4.33
ChIJQVoZp3Aa2jERwuK3oa6kWEc,La Braceria Pizza & Grill,"5 Greendale Avenue, Singapore 288945",Singapore,Central,2.0,Italian,103.8071743,1.33172,6465 5918,Not in Michelin Guide Yet,https://maps.google.com/?cid=5141040044587868866,Not Awarded Any Yet,"Dine-in,Takeaway,Reservations,Outdoor seating,Beer,Wine,Cocktails,Coffee,Credit cards,NFC payments,Wheelchair accessible",No Description Available Yet,A,0,5,4.6,good,0.8658,good,0.8001,good,0.9857,4.0,4.4,4.2
ChIJdc_8l2sa2jERke0T9OeTYq0,La Nonna,"Lorong Mambong, Singapore 277691",Singapore,Central,2.0,Italian,103.7948548,1.3116821,6468 1982,Not in Michelin Guide Yet,https://maps.google.com/?cid=12493710940720852369,Not Awarded Any Yet,"Dine-in,Takeaway,Delivery,Reservations,Outdoor seating,Beer,Wine,Cocktails,Coffee,Credit cards,NFC payments",No Description Available Yet,B,1,3,3.0,poor,0.7397,excellent,0.4337,good,0.8932,2.67,2.67,3.33
ChIJ64N3fQoX2jERnAykmps0LYg,La Pizzaiola (Jalan Riang),"Jalan Riang, Singapore 358987",Singapore,Central,2.0,Italian,103.867581,1.3473616,6282 5031,Not in Michelin Guide Yet,https://maps.google.com/?cid=9812557006029196444,Not Awarded Any Yet,"Dine-in,Takeaway,Reservations,Beer,Wine,Coffee,Credit cards,NFC payments,Wheelchair accessible",No Description Available Yet,B,1,5,5.0,good,0.8291,excellent,0.7037,good,0.9067,3.4,4.2,3.4
ChIJDbCht8kW2jER5frVa0OVx78,La Pizzaiola (Kalidasa),"19 Kalidasa Avenue, Singapore 788847",Singapore,North,2.0,Italian,103.8296747,1.381556,6455 4648,Not in Michelin Guide Yet,https://maps.google.com/?cid=13819178098414189285,Not Awarded Any Yet,"Dine-in,Takeaway,Delivery,Reservations,Beer,Wine,Coffee,Credit cards,NFC payments",No Description Available Yet,A,0,3,5.0,average,0.7225,excellent,0.7943,good,0.9986,4.0,5.0,4.0
ChIJHZwtBBgF2jERwBX0c8CSqc0,La Toscana,"Jalan Tepong, Singapore 618293",Singapore,West,1.0,Italian,103.7222195,1.3089324,6265 9572,Not in Michelin Guide Yet,https://maps.google.com/?cid=14819537404116080064,Not Awarded Any Yet,Takeaway,No Description Available Yet,A,0,1,3.0,good,0.7719,excellent,0.9995,good,0.921,4.0,5.0,4.0
ChIJ38B4NQAX2jERn9Ps4NI1FAw,Laddas House (Private Home Dining (Bookings Only)),"458B Sengkang West Road, Singapore 792458",Singapore,North-East,4.0,Asian,103.8701957,1.3929109,9239 6737,Not in Michelin Guide Yet,https://maps.google.com/?cid=870379807822369695,Not Awarded Any Yet,"Dine-in,Reservations,Wine,Credit cards,NFC payments,Wheelchair accessible",No Description Available Yet,A,0,5,5.0,excellent,0.809,excellent,0.9874,good,0.9973,4.2,5.0,4.4
ChIJjZxlLGgX2jERrOzYAnKMkcY,Lai Kee Dim Sum (Toa Payoh),"126 Lorong 1 Toa Payoh, Singapore 310126",Singapore,Central,1.0,Dim Sum,103.8450094,1.3382356,8731 3488,Not in Michelin Guide Yet,https://maps.google.com/?cid=14308371912434707628,Not Awarded Any Yet,"Dine-in,Takeaway,Coffee,Wheelchair accessible",No Description Available Yet,A,0,5,2.4,poor,0.884,terrible,0.5524,poor,0.9184,2.4,2.2,2.6
ChIJGWZ0_JkU2jERDfAHJXbTttM,Lai Sun Eating House,"1036 Sembawang Road, Singapore 758501",Singapore,North,1.0,Fusion,103.832875,1.453652,6758 2268,Not in Michelin Guide Yet,https://maps.google.com/?cid=15255613292145012749,Not Awarded Any Yet,"Dine-in,Takeaway,Coffee",No Description Available Yet,A,0,1,4.0,good,0.3796,good,0.3412,good,0.4475,4.0,4.0,4.0
ChIJ5U-mxs8Z2jERYNcyc4aAt7c,Lam's Kitchen (Race Course),"Balestier Road, Singapore 328127",Singapore,Central,2.0,Chinese,103.8582974,1.3162577,6398 1154,Not in Michelin Guide Yet,https://maps.google.com/?cid=13238190944625547104,Not Awarded Any Yet,"Dine-in,Takeaway,Outdoor seating,Coffee",No Description Available Yet,A,0,5,3.4,good,0.7294,good,0.5252,good,0.9632,3.4,3.4,3.2
ChIJNYsVZKgZ2jERBLkr5C73Bs4,Lam's Noodle & Salt Baked Chicken (Causeway Point),"Woodlands Square, Singapore 737736",Singapore,North,1.0,Street Food,103.7865859,1.4362312,6336 0848 ext. 2101,Not in Michelin Guide Yet,https://maps.google.com/?cid=14845825002442045700,Not Awarded Any Yet,"Dine-in,Takeaway,NFC payments,Wheelchair accessible",No Description Available Yet,A,0,4,4.0,poor,0.9012,good,0.3451,good,0.944,3.0,3.75,3.5
ChIJNYsVZKgZ2jERI1JN0KsKRbE,Lam's Noodle & Salt Baked Chicken (Toa Payoh 500),"Toa Payoh Bus Interchange, Singapore 310530",Singapore,Central,1.0,Street Food,103.8473985,1.3326811,No Phone Number Listed,Not in Michelin Guide Yet,https://maps.google.com/?cid=12773627651156693539,Not Awarded Any Yet,"Dine-in,Takeaway,Wheelchair accessible",No Description Available Yet,A,0,5,2.0,good,0.6856,good,0.5866,good,0.7469,3.2,3.2,2.8
ChIJY_r1agAb2jERmtKPZnsSW1k,Lao Ban Niang Mixed Rice,"1 Pasir Panjang Rd, #02-07 Labrador Tower, Singapore 118479",Singapore,Central,1.0,Street Food,103.8012524,1.2717295,No Phone Number Listed,Not in Michelin Guide Yet,https://maps.google.com/?cid=6438760413467234970,Not Awarded Any Yet,"Takeaway,Wheelchair accessible",No Description Available Yet,A,0,3,2.0,good,0.723,excellent,0.4802,good,0.7824,2.33,3.33,3.33
ChIJcWWxFzQP2jER07XjB2Yx5ZU,Lao Er Herbal Soup 2 (Ah Er Soup 2),"Jalan Bahar, Singapore 640271",Singapore,West,1.0,Street Food,103.7028817,1.3490054,No Phone Number Listed,Not in Michelin Guide Yet,https://maps.google.com/?cid=10801093595606791635,Not Awarded Any Yet,"Dine-in,Takeaway,Wheelchair accessible",No Description Available Yet,A,0,5,3.2,poor,0.6199,excellent,0.3771,good,0.8892,3.0,3.6,3.8
ChIJPwB8UiUX2jERcL45qMK4-xI,Lao Hero Kitchen,"267 Jln Kayu, Singapore 799495",Singapore,North-East,2.0,Chinese,103.8729502,1.3971375,6483 0325,Not in Michelin Guide Yet,https://maps.google.com/?cid=1367890058022600304,Not Awarded Any Yet,"Dine-in,Takeaway,Delivery,Reservations,Outdoor seating,Beer,Coffee,Credit cards,NFC payments,Wheelchair accessible",No Description Available Yet,A,0,4,4.5,good,0.7876,excellent,0.6675,good,0.9903,3.75,4.75,4.25
ChIJLXf8wEIa2jERn8Tv4gUowGc,Lao Huo Tang,"#B1-31 Vista Exchange Green, Singapore 139221",Singapore,Central,2.0,Chinese,103.7880721,1.3068148,6262 3125,Not in Michelin Guide Yet,https://maps.google.com/?cid=7476019387182335135,Not Awarded Any Yet,"Dine-in,Takeaway,Reservations,Credit cards,NFC payments",No Description Available Yet,B,1,5,4.2,good,0.7949,good,0.8131,good,0.7895,3.8,4.0,4.0
ChIJj4C_rp4T2jERAqWUNU7BrME,Lao Ji Ban Mian,"10 Marsiling Industrial Estate Road 1, Singapore 739276",Singapore,North,1.0,Noodle Shop,103.7812573,1.4408629,No Phone Number Listed,Not in Michelin Guide Yet,https://maps.google.com/?cid=13955741886964868354,Not Awarded Any Yet,"Dine-in,Takeaway",No Description Available Yet,A,0,5,2.4,poor,0.8494,good,0.4377,good,0.739,2.8,2.4,3.4
ChIJYZK24gwR2jERt04Kils-TQg,Lao San Prawn Noodles,"Bangkit Road, Singapore 670260",Singapore,West,1.0,Street Food,103.7734615,1.3770034,No Phone Number Listed,Not in Michelin Guide Yet,https://maps.google.com/?cid=598202888389021367,Not Awarded Any Yet,"Dine-in,Takeaway,Coffee,Wheelchair accessible",No Description Available Yet,A,0,5,1.8,poor,0.8794,poor,0.6151,good,0.8495,2.4,2.0,2.4
ChIJ5Y6l4Q0Z2jERYL0KDIjT6v0,Lau Pa Sat,"18 Raffles Quay, Singapore 048582",Singapore,Central,1.0,Street Food,103.8503809,1.2805121,6220 2138,Not in Michelin Guide Yet,https://maps.google.com/?cid=18296669017417104736,Not Awarded Any Yet,"Dine-in,Takeaway,Delivery,Outdoor seating,Live music,Beer,Wine,Coffee,Credit cards,NFC payments,Wheelchair accessible",Rebuilt Victorian covered hawker centre in CBD with local delicacies & international food stalls.,A,0,4,3.0,good,0.8592,excellent,0.7096,good,0.979,3.0,3.0,3.0
ChIJsT_npM0b2jER4NflEEMMLi4,Lau Phua Chay Authentic Roasted Delicacies,"120 Bukit Merah Lane 1, #01-20, Singapore 150120",Singapore,Central,1.0,Street Food,103.8044561,1.2863531,9663 6862,Not in Michelin Guide Yet,https://maps.google.com/?cid=3327610656859215840,Not Awarded Any Yet,"Dine-in,Takeaway,Wheelchair accessible",No Description Available Yet,A,0,3,4.33,good,0.5431,good,0.3479,good,0.722,4.0,4.33,4.0
ChIJEbNU1Z4V2jERI0fkofPr3wc,Lau's Steamed Fish,"Yishun Avenue 1, Singapore 761431",Singapore,North,1.0,Seafood,103.8473955,1.4200727,No Phone Number Listed,Not in Michelin Guide Yet,https://maps.google.com/?cid=567431509697644323,Not Awarded Any Yet,"Dine-in,Takeaway,Wheelchair accessible",No Description Available Yet,A,0,5,4.8,good,0.6332,excellent,0.5696,good,0.9131,4.0,3.8,4.0
ChIJnwvSIJIZ2jERpSK-8lcGiPk,Lawry's The Prime Rib Singapore,"Orchard Road, Singapore 238855",Singapore,Central,4.0,American,103.8369979,1.3018632,6836 3333,Not in Michelin Guide Yet,https://maps.google.com/?cid=17980628487081173669,Not Awarded Any Yet,"Dine-in,Takeaway,Delivery,Reservations,Beer,Wine,Cocktails,Coffee,Credit cards,NFC payments,Wheelchair accessible",Outpost of a classic beef & seafood fine-dining chain with tableside carving in a formal setting.,A,0,4,4.0,poor,0.6548,good,0.4166,good,0.5462,3.25,3.5,3.25
ChIJ_0dnTtwb2jERK4mQ3ngnayQ,Lazy Lizard (Pasir Panjang),"28 Clementi Rd, Singapore 129754",Singapore,Central,2.0,Western,103.7687374,1.2930834,6250 0797,Not in Michelin Guide Yet,https://maps.google.com/?cid=2624234607957018923,Not Awarded Any Yet,"Dine-in,Takeaway,Reservations,Outdoor seating,Beer,Wine,Cocktails,Coffee,Credit cards,NFC payments",No Description Available Yet,B,1,5,4.4,average,0.861,good,0.7661,good,0.9594,3.8,4.4,4.0
ChIJwRt5Z9UR2jERlx4tm6NgfUQ,Lazy Lizard (Upper Thomson),"906M Upper Thomson Road, Singapore 787110",Singapore,North,2.0,Western,103.8184663,1.3979554,6252 0706,Not in Michelin Guide Yet,https://maps.google.com/?cid=4935207022467292823,Not Awarded Any Yet,"Dine-in,Takeaway,Delivery,Reservations,Outdoor seating,Beer,Wine,Cocktails,Coffee,Credit cards,NFC payments",No Description Available Yet,A,0,4,5.0,good,0.742,excellent,0.7387,good,0.9677,3.75,5.0,4.0
ChIJ_W4jlTUX2jERTsCj3jMn0tM,Lazy Lizard Flora Vista,"7 Ang Mo Kio Street 66, Singapore 569061",Singapore,North-East,2.0,Western,103.850521,1.3916463,6363 9789,Not in Michelin Guide Yet,https://maps.google.com/?cid=15263305190844121166,Not Awarded Any Yet,"Dine-in,Takeaway,Reservations,Outdoor seating,Beer,Wine,Cocktails,Coffee,Credit cards,NFC payments,Wheelchair accessible",No Description Available Yet,A,0,2,4.5,good,0.6995,excellent,0.7901,good,0.9658,4.0,5.0,4.0
ChIJwQyZ1p4Q2jER9f_JXtK3Pz4,Lazy Lizard Sixth Avenue,"Sixth Avenue, Singapore 276472",Singapore,Central,2.0,Western,103.7951531,1.3312023,6468 6289,Not in Michelin Guide Yet,https://maps.google.com/?cid=4485505868045615093,Not Awarded Any Yet,"Dine-in,Takeaway,Reservations,Outdoor seating,Beer,Wine,Cocktails,Coffee,Credit cards",No Description Available Yet,A,0,4,5.0,good,0.8757,excellent,0.4514,good,0.9986,3.75,4.5,4.25
ChIJ-5bVl7wZ2jERrsn5hx4WypI,Le Bistrot Du Sommelier,"Armenian Street, Singapore 179939",Singapore,Central,3.0,French,103.8493965,1.2946317,9821 3047,Not in Michelin Guide Yet,https://maps.google.com/?cid=10577290995219155374,Not Awarded Any Yet,"Dine-in,Takeaway,Delivery,Reservations,Outdoor seating,Beer,Wine,Cocktails,Coffee,Credit cards,NFC payments",No Description Available Yet,A,0,4,4.25,good,0.6736,good,0.5731,good,0.8321,3.75,3.75,3.5
ChIJiQvWZwAR2jERpAiQSjT-oVw,Le Da Chicken Rice,"429A Choa Chu Kang Avenue 4, Singapore 681429",Singapore,West,1.0,Asian,103.7405924,1.3833279,No Phone Number Listed,Not in Michelin Guide Yet,https://maps.google.com/?cid=6674895623282493604,Not Awarded Any Yet,"Dine-in,Takeaway",No Description Available Yet,A,0,5,3.2,good,0.5623,good,0.5499,good,0.8368,3.6,3.8,3.4
ChIJozAd4eEb2jERkA7-7FffCxY,Le Faubourg,"2 Gunner Lane #01-02 Mess Hall Block 17, opp The Barracks Hotel, 099567",Singapore,Central,2.0,Cafe,103.8208749,1.2526575,6677 7128,Not in Michelin Guide Yet,https://maps.google.com/?cid=1588608862309453456,Not Awarded Any Yet,"Dine-in,Takeaway,Reservations,Outdoor seating,Beer,Wine,Cocktails,Coffee,Credit cards,NFC payments,Wheelchair accessible",No Description Available Yet,A,0,5,4.2,good,0.724,excellent,0.782,good,0.911,3.6,4.6,4.0
ChIJeZT0x1MV2jER7unNMZtZCx8,Le Man Seafood Restaurant 470B,"470 Yishun Street 42, Singapore 760470",Singapore,North,2.0,Seafood,103.8521722,1.4258119,8833 9648,Not in Michelin Guide Yet,https://maps.google.com/?cid=2236980163009964526,Not Awarded Any Yet,"Dine-in,Takeaway,Delivery",No Description Available Yet,A,0,3,3.33,good,0.7768,good,0.6785,good,0.9845,3.33,3.0,3.33
ChIJm1PTlzIb2jEROYxOzsnSODQ,Le Ping Healthy Fish Meat Soup,"37 Teban Gardens Road, Singapore 600037",Singapore,West,1.0,Street Food,103.7427586,1.3208803,No Phone Number Listed,Not in Michelin Guide Yet,https://maps.google.com/?cid=3762989252859563065,Not Awarded Any Yet,"Takeaway,Wheelchair accessible",No Description Available Yet,A,0,5,4.6,good,0.5611,good,0.6754,good,0.8766,4.0,4.4,4.0
ChIJaUeopZsQ2jER5lgsno5fs3s,"Le Rida (Mediterranean. French. North Indian).Bukit Timah, Six Avenue","Bukit Timah Road, Singapore 589622",Singapore,Central,2.0,Mediterranean,103.790322,1.3331651,6463 4755,Not in Michelin Guide Yet,https://maps.google.com/?cid=8913573153640044774,Not Awarded Any Yet,"Dine-in,Takeaway,Delivery,Reservations,Outdoor seating,Beer,Wine,Cocktails,Coffee,Credit cards,NFC payments,Wheelchair accessible",No Description Available Yet,A,0,2,5.0,excellent,0.9044,excellent,0.9715,good,0.9989,4.5,5.0,4.0
ChIJN-0bWvQR2jEROfyAUTB13ME,Le Tian Tian,"1 Jalan Anak Bukit, Singapore 588996",Singapore,Central,1.0,Asian,103.7790277,1.3390694,No Phone Number Listed,Not in Michelin Guide Yet,https://maps.google.com/?cid=13969168994582723641,Not Awarded Any Yet,"Dine-in,Takeaway,Delivery,Coffee,NFC payments",No Description Available Yet,A,0,5,5.0,good,0.8395,excellent,0.6492,good,0.9959,3.8,4.8,4.0
ChIJQ1yL3w4Q2jER5rhj00bjvxk,Lee Wee & Brothers (J-Walk),"J-Walk, Singapore 608532",Singapore,West,1.0,Takeout,103.7434183,1.333462,6535 6535,Not in Michelin Guide Yet,https://maps.google.com/?cid=1855451464833677542,Not Awarded Any Yet,"Takeaway,Delivery,NFC payments",No Description Available Yet,A,0,5,3.0,poor,0.741,terrible,0.5881,good,0.7963,2.8,2.6,3.2
ChIJeS1mv6YX2jERnCQXj-N-9L4,Lee Wee & Brothers (Serangoon Bus Interchange),"Serangoon Bus Interchange, Singapore 556138",Singapore,North-East,1.0,Takeout,103.8723969,1.3507688,6535 6535,Not in Michelin Guide Yet,https://maps.google.com/?cid=13759762277347042460,Not Awarded Any Yet,"Dine-in,Takeaway,Delivery,NFC payments",No Description Available Yet,A,0,5,3.8,good,0.7011,good,0.5099,good,0.7807,3.2,2.8,3.0
ChIJ6wPSCpka2jERY4aGT9ER4LI,Lee's Taiwanese,"112 Faber Dr, Singapore 129424",Singapore,Central,2.0,Taiwanese,103.7564325,1.3203926,6777 7886,Not in Michelin Guide Yet,https://maps.google.com/?cid=12889321724214412899,Not Awarded Any Yet,"Dine-in,Takeaway,Delivery,Outdoor seating,Beer,Credit cards,NFC payments,Wheelchair accessible",No Description Available Yet,A,0,5,4.6,average,0.7937,good,0.7157,good,0.868,3.4,3.8,3.4
ChIJ4xfK2MQZ2jERAd_k46BCEvE,Legendary Bak Kut Teh (Rangoon),"Rangoon Road, Singapore 218431",Singapore,Central,2.0,Street Food,103.8534135,1.3162606,6292 0938,Not in Michelin Guide Yet,https://maps.google.com/?cid=17371019971507052289,Not Awarded Any Yet,"Dine-in,Takeaway,Reservations,Outdoor seating,Credit cards,NFC payments",No Description Available Yet,B,1,5,4.2,good,0.6131,excellent,0.5219,good,0.966,3.6,4.0,3.2
ChIJHcaYLpMP2jERjhDMRZ9A7-k,Legendary Hong Kong Restaurant (Jurong Point ),"#03-80 Boon Lay Bus Interchange, Singapore 648331",Singapore,West,2.0,Chinese,103.7058776,1.3399211,No Phone Number Listed,Not in Michelin Guide Yet,https://maps.google.com/?cid=16856762983086035086,Not Awarded Any Yet,"Dine-in,Delivery,Reservations,Coffee,Credit cards,NFC payments,Wheelchair accessible",No Description Available Yet,A,0,5,5.0,excellent,0.793,excellent,0.7415,good,0.8866,4.2,4.8,4.0
ChIJVSEMYgAP2jERarsv_76vjEM,Lek Aroy Thai Food Master Jalan Bahar,"9 Jurong West Avenue 5, Singapore 649487",Singapore,West,1.0,Thai,103.7027903,1.3492883,No Phone Number Listed,Not in Michelin Guide Yet,https://maps.google.com/?cid=4867458532140628842,Not Awarded Any Yet,Takeaway,No Description Available Yet,A,0,3,4.33,good,0.8965,good,0.9906,good,0.9751,3.67,4.33,4.0
ChIJHTZW3IkQ2jERmG9TmvrDex8,Leng Kee Fish Soup,"Jalan Seh Chuan, Singapore 598578",Singapore,Central,1.0,Street Food,103.775054,1.3407156,9685 6138,Not in Michelin Guide Yet,https://maps.google.com/?cid=2268622318409576344,Not Awarded Any Yet,"Dine-in,Takeaway,Delivery,Wheelchair accessible",No Description Available Yet,A,0,4,5.0,good,0.8076,excellent,0.7467,good,0.9831,4.0,4.5,4.0
ChIJS0DshQ0W2jERYQU_6-jDZ5U,Lenu Chef’S Wai Noodle Bar At Compass One,"1 Sengkang Square, Singapore 545078",Singapore,North-East,2.0,Chinese Noodle,103.8949211,1.3923474,6487 9489,Not in Michelin Guide Yet,https://maps.google.com/?cid=10765788839399064929,Not Awarded Any Yet,"Dine-in,Takeaway,Credit cards,NFC payments,Wheelchair accessible",No Description Available Yet,A,0,3,3.67,good,0.6751,excellent,0.728,good,0.7217,3.33,3.33,4.0
ChIJaXosalYb2jERrgEO-MJtRwA,Lerrmak (440 Pasir Panjang),"440A Pasir Panjang Rd, Singapore 118782",Singapore,Central,1.0,Halal,103.7683733,1.2923786,8971 3009,Not in Michelin Guide Yet,https://maps.google.com/?cid=20105407499207086,Not Awarded Any Yet,"Dine-in,Takeaway,Delivery,Reservations,Outdoor seating,Coffee,Credit cards,NFC payments,Wheelchair accessible",No Description Available Yet,B,1,3,5.0,excellent,0.5799,excellent,0.8504,good,0.9856,4.67,5.0,4.33
ChIJ4zA5zmQW2jERSvCJPPx0IdQ,Let's Eat! (The Seletar Mall),"33 Sengkang W Ave, #B2-05/06 The Seletar Mall, Singapore 797653",Singapore,North-East,1.0,Singaporean,103.8761588,1.3912449,6370 1155,Not in Michelin Guide Yet,https://maps.google.com/?cid=15285627236968427594,Not Awarded Any Yet,"Dine-in,Takeaway,Delivery,Coffee,Credit cards,NFC payments,Wheelchair accessible",No Description Available Yet,A,0,4,2.25,poor,0.695,terrible,0.8205,good,0.6424,2.25,2.25,3.0
ChIJuVSo3A8Z2jERPTOqcYWM9i4,Level33,"8 Marina Blvd, #33 - 01 Tower 1, Singapore 018981",Singapore,Central,3.0,Western,103.8541594,1.2802436,6834 3133,Not in Michelin Guide Yet,https://maps.google.com/?cid=3384046674781025085,Not Awarded Any Yet,"Dine-in,Takeaway,Delivery,Reservations,Outdoor seating,Beer,Wine,Cocktails,Coffee,Credit cards,NFC payments,Wheelchair accessible",No Description Available Yet,A,0,5,3.4,good,0.5049,good,0.5761,good,0.6863,3.0,3.4,4.0
ChIJ1598OHER2jERqVBpLxyCb_A,Lian Soon Huat Seafood (Bukit Panjang),"259 Bukit Panjang Ring Road, Singapore 671259",Singapore,West,2.0,Seafood,103.7730518,1.3772852,9226 9000,Not in Michelin Guide Yet,https://maps.google.com/?cid=17325209349083713705,Not Awarded Any Yet,"Dine-in,Takeaway,Delivery,Reservations,Beer,Coffee,Credit cards",No Description Available Yet,B,1,5,2.4,poor,0.6243,good,0.3566,good,0.8059,2.8,3.4,3.2
ChIJD7mz8kEU2jER2L1CLrvkuGI,Lian Soon Huat Seafood 417 Yishun,"Yishun Avenue 11, Singapore 762426",Singapore,North,2.0,Seafood,103.8465289,1.4236682,9795 5102,Not in Michelin Guide Yet,https://maps.google.com/?cid=7113687104017841624,Not Awarded Any Yet,"Dine-in,Takeaway,Delivery,Reservations,Outdoor seating,Beer,Coffee,NFC payments",No Description Available Yet,B,1,4,3.5,good,0.4927,average,0.424,good,0.7137,3.0,3.5,3.5
ChIJ1ceJAYIZ2jERBDq8G-PB1Ck,Liang Kee Teochew Restaurant,"554 MacPherson Road, Singapore 368230",Singapore,Central,2.0,Chinese,103.8850935,1.3324028,6278 7026,Not in Michelin Guide Yet,https://maps.google.com/?cid=3014247231784761860,Not Awarded Any Yet,"Dine-in,Takeaway,Reservations,Beer,Wine,Credit cards,NFC payments,Wheelchair accessible",No Description Available Yet,A,0,4,4.5,good,0.6888,excellent,0.5607,good,0.9376,4.25,4.5,4.0
ChIJR9dgZHUT2jERGpPxdGiKxjA,Like Pudding Hot & Cold Dessert,"Blk 676 Woodlands Drive 71, Singapore 730676",Singapore,North,1.0,Street Food,103.8004148,1.4397394,No Phone Number Listed,Not in Michelin Guide Yet,https://maps.google.com/?cid=3514648740452471578,Not Awarded Any Yet,"Takeaway,Wheelchair accessible",No Description Available Yet,A,0,5,3.4,average,0.8483,excellent,0.5901,good,0.9206,3.2,3.4,3.6
ChIJbwya1gwT2jER3GZxdN-9DDw,Lim's Hainanese Chicken Rice (‘S,"Admiralty Road West, Singapore 757780",Singapore,North,1.0,Street Food,103.7996199,1.455904,9711 9421,Not in Michelin Guide Yet,https://maps.google.com/?cid=4327042109425149660,Not Awarded Any Yet,"Dine-in,Takeaway,Delivery,Coffee,Cash only",No Description Available Yet,A,0,3,5.0,good,0.8998,excellent,0.8042,good,0.9973,3.67,4.67,4.0
ChIJY18bnYAF2jERp96elLomTro,Lim's Yong Tau Foo (Joo Koon Circle),"1 Joo Koon Bus Interchange, Singapore 629117",Singapore,West,1.0,Street Food,103.6788361,1.3273513,9621 7818,Not in Michelin Guide Yet,https://maps.google.com/?cid=13424710122037239463,Not Awarded Any Yet,"Dine-in,Takeaway,Wheelchair accessible",No Description Available Yet,A,0,3,1.33,poor,0.5581,average,0.5664,poor,0.4925,2.67,3.0,2.67
ChIJm3ExVFIP2jER3-M1OVngvy0,Lin Ji Koka Noodles,"Nanyang Walk, Singapore 638075",Singapore,West,1.0,Noodle Shop,103.6810514,1.3502569,8830 7870,Not in Michelin Guide Yet,https://maps.google.com/?cid=3296600126075036639,Not Awarded Any Yet,"Dine-in,Takeaway",No Description Available Yet,A,0,1,5.0,good,0.77,excellent,0.703,good,0.9991,4.0,5.0,4.0
ChIJPxzpoTsR2jERPlT4hQc6UPw,Linda Banh Mi,"467 Bukit Batok West Avenue 9, Singapore 650467",Singapore,West,1.0,Takeout,103.7434517,1.3571595,No Phone Number Listed,Not in Michelin Guide Yet,https://maps.google.com/?cid=18181095499681518654,Not Awarded Any Yet,"Dine-in,Takeaway,Delivery,Coffee",No Description Available Yet,A,0,4,4.75,good,0.6672,good,0.4926,good,0.9466,4.0,4.25,4.0
ChIJUw9ZUoUQ2jER2vah4NE87Io,Lino (Binjai Park),"5 Binjai Park, Singapore 589821",Singapore,Central,2.0,Italian,103.7866954,1.3357543,9738 0891,Not in Michelin Guide Yet,https://maps.google.com/?cid=10010442943852312282,Not Awarded Any Yet,"Dine-in,Takeaway,Delivery,Reservations,Outdoor seating,Beer,Wine,Cocktails,Coffee,Credit cards,NFC payments",Polished option presenting wood-fired pizza & other Italian fare in a chic space that has a terrace.,A,0,3,4.67,excellent,0.8414,excellent,0.6942,good,0.9587,4.67,5.0,4.0
ChIJXzcVmgET2jERg0_fHeYSrJQ,Lion City Teochew Kway Teow Soup,"21 Marsiling Lane, Singapore 730021",Singapore,North,1.0,Chinese,103.7770039,1.4439625,9221 4121,Not in Michelin Guide Yet,https://maps.google.com/?cid=10712958393160519555,Not Awarded Any Yet,"Dine-in,Takeaway,Delivery,NFC payments,Wheelchair accessible",No Description Available Yet,A,0,5,4.8,good,0.814,good,0.9044,good,0.9881,3.6,4.4,4.0
ChIJ756pFwsf2jERSX3p6a-SwwI,"Little Farms Table, Sentosa (Restaurant)","1 Cove Ave, #02-14 Sentosa, 098537",Singapore,Central,2.0,Western,103.8399516,1.2472748,3158 2457,Not in Michelin Guide Yet,https://maps.google.com/?cid=199164092775759177,Not Awarded Any Yet,"Dine-in,Takeaway,Reservations,Outdoor seating,Beer,Wine,Cocktails,Coffee,Credit cards,NFC payments",No Description Available Yet,A,0,4,5.0,excellent,0.8163,excellent,0.9019,good,0.6576,4.25,4.5,4.0
ChIJ1VfC29gR2jERW6utEC6wo5E,Little Lazy Lizard,"789 Bukit Timah Road, Singapore 269761",Singapore,Central,2.0,Western,103.7961955,1.3311585,6261 0384,Not in Michelin Guide Yet,https://maps.google.com/?cid=10494425268598188891,Not Awarded Any Yet,"Dine-in,Takeaway,Reservations,Outdoor seating,Beer,Wine,Cocktails,Coffee,Credit cards,NFC payments",No Description Available Yet,A,0,4,4.5,excellent,0.7716,excellent,0.952,good,0.9602,4.5,5.0,4.0
ChIJa4YZJG8Z2jERg4a_sKwmYgI,Little Part 1 Cafe,"54 Blair Rd, #01-01, Singapore 089954",Singapore,Central,2.0,Cafe,103.8357315,1.2759299,6909 8354,Not in Michelin Guide Yet,https://maps.google.com/?cid=171742258935072387,Not Awarded Any Yet,"Dine-in,Takeaway,Delivery,Reservations,Outdoor seating,Beer,Wine,Cocktails,Coffee,Credit cards,NFC payments,Wheelchair accessible",No Description Available Yet,A,0,4,4.75,good,0.8243,good,0.663,good,0.9919,3.75,4.25,4.0
ChIJAQAw2jgY2jERGf2nxrKejs4,Little Red Chick Western Delights,"34 Cassia Crescent, Singapore 390034",Singapore,Central,1.0,Western,103.8846052,1.3094164,No Phone Number Listed,Not in Michelin Guide Yet,https://maps.google.com/?cid=14884008309180333337,Not Awarded Any Yet,Takeaway,No Description Available Yet,A,0,5,3.2,poor,0.8151,excellent,0.6574,good,0.8902,3.0,3.0,3.2
ChIJzbhQ0TAY2jERmVT4TumA0fM,Liu Da Ma Bbq,"26 Lorong 11 Geylang, Singapore 388703",Singapore,Central,2.0,Street Food,103.8769591,1.3132773,6600 8646,Not in Michelin Guide Yet,https://maps.google.com/?cid=17568965360889648281,Not Awarded Any Yet,"Dine-in,Takeaway,Delivery,Reservations,Beer,Credit cards,NFC payments",No Description Available Yet,A,0,1,4.0,good,0.8999,excellent,0.8859,good,0.9979,4.0,5.0,4.0
ChIJy7EYLdQP2jER9XI0YZpYTIs,Liu He Hong Kong Style Roasted,"546 Jurong West Street 42, Singapore 640546",Singapore,West,1.0,Chinese,103.715007,1.3526037,9084 8166,Not in Michelin Guide Yet,https://maps.google.com/?cid=10037495089581028085,Not Awarded Any Yet,"Dine-in,Takeaway,Outdoor seating,Coffee,NFC payments",No Description Available Yet,A,0,2,5.0,excellent,0.955,excellent,0.8194,good,0.9976,4.5,4.5,4.0
ChIJ8Seg-YkQ2jERAS5t2xouE04,Living Wholesome Vegetarian (Thunder Tea Rice),"Jalan Seh Chuan, Singapore 598578",Singapore,Central,1.0,Vegetarian,103.775054,1.3407156,8928 9389,Not in Michelin Guide Yet,https://maps.google.com/?cid=5625891052401274369,Not Awarded Any Yet,"Dine-in,Takeaway,Delivery,Wheelchair accessible",No Description Available Yet,A,0,5,4.4,good,0.7249,good,0.6039,good,0.9332,3.8,4.4,4.0
ChIJVUFS5CIa2jERGicUsfSt_2w,Long Beach (Dempsey Hill),"25 Dempsey Road, Singapore 249670",Singapore,Central,3.0,Seafood,103.8119806,1.3059056,6323 2222,Not in Michelin Guide Yet,https://maps.google.com/?cid=7854187541611947802,Not Awarded Any Yet,"Dine-in,Takeaway,Reservations,Outdoor seating,Beer,Wine,Cocktails,Coffee,Credit cards,NFC payments",No Description Available Yet,A,0,4,4.0,good,0.7692,excellent,0.8165,good,0.7926,3.75,4.0,3.75
ChIJCwTEpckZ2jERaI8MYiA0FoQ,Long House Soon Kee (Boneless) Duck Rice,"Balestier Road, Singapore 329930",Singapore,Central,1.0,Street Food,103.8490059,1.3256648,8849 2454,Not in Michelin Guide Yet,https://maps.google.com/?cid=9517852176182710120,Not Awarded Any Yet,"Dine-in,Takeaway,Cash only,Wheelchair accessible",No Description Available Yet,A,0,4,4.75,average,0.6257,excellent,0.6023,good,0.9407,3.25,4.75,4.0
ChIJNQt1fWUU2jERXjCBRv5Ro8I,Long John Silver's (Yishun Avenue 2),"Yishun Avenue 2, Singapore 769093",Singapore,North,1.0,Fast Food,103.8356573,1.4299981,6754 7710,Not in Michelin Guide Yet,https://maps.google.com/?cid=14025143817108271198,Not Awarded Any Yet,"Dine-in,Takeaway,Coffee,Credit cards,NFC payments,Wheelchair accessible","Counter-serve chain offering fried fish & seafood combos, plus chicken & sides.",A,0,5,1.6,poor,0.6611,terrible,0.7159,good,0.7152,2.4,1.8,3.0
ChIJmz5GU7sR2jERZ0WphfShC8k,Long John Silver's (Bukit Panjang Integrated Transport Hub),"Bukit Panjang Integrated Transport Hub, Singapore 678205",Singapore,West,1.0,Fast Food,103.7633571,1.3782562,6266 0191,Not in Michelin Guide Yet,https://maps.google.com/?cid=14486850697953887591,Not Awarded Any Yet,"Dine-in,Takeaway,Coffee,Credit cards,NFC payments,Wheelchair accessible","Counter-serve chain offering fried fish & seafood combos, plus chicken & sides.",A,0,5,2.2,good,0.5613,good,0.5204,good,0.7853,3.2,3.4,3.2
ChIJ91FiZnUT2jERXgrOq0s0Ufs,Long John Silver's (Woodlands),"676 Woodlands Drive 71, Singapore 730676",Singapore,North,1.0,Fast Food,103.8005859,1.4400347,6873 2820,Not in Michelin Guide Yet,https://maps.google.com/?cid=18109313076243073630,Not Awarded Any Yet,"Dine-in,Takeaway,Coffee,Credit cards,NFC payments,Wheelchair accessible","Counter-serve chain offering fried fish & seafood combos, plus chicken & sides.",A,0,3,3.67,poor,0.6629,excellent,0.6891,good,0.9507,2.67,3.33,3.0
ChIJrbAO1H4Z2jERHmVW1amCAX0,Long John Silver's (Tiong Bahru),"302 Tiong Bahru Road, #01-160, Tiong Bahru Plaza, Singapore 168732",Singapore,Central,1.0,Fast Food,103.8278352,1.286426,6254 1018,Not in Michelin Guide Yet,https://maps.google.com/?cid=9007624395657995550,Not Awarded Any Yet,"Dine-in,Takeaway,Delivery,Coffee,Credit cards,NFC payments,Wheelchair accessible","Counter-serve chain offering fried fish & seafood combos, plus chicken & sides.",A,0,5,1.8,poor,0.6528,terrible,0.5172,good,0.6878,2.2,2.4,2.8
ChIJM-WPhZIX2jERRy3vKQ_zGCs,Long John Silver's (Tai Seng Street),"Tai Seng Street, Singapore 534120",Singapore,North-East,1.0,Fast Food,103.8890365,1.3364487,6386 0853,Not in Michelin Guide Yet,https://maps.google.com/?cid=3105499189525556551,Not Awarded Any Yet,"Dine-in,Takeaway,Outdoor seating,Coffee,Credit cards,NFC payments,Wheelchair accessible","Counter-serve chain offering fried fish & seafood combos, plus chicken & sides.",A,0,4,1.75,poor,0.6141,excellent,0.5137,good,0.6148,2.5,3.0,3.5
ChIJb-ErmBYX2jERoSTj8YtpRuw,Long John Silver's (Bishan Place),"9 Bishan Place, Singapore 579837",Singapore,North-East,1.0,Fast Food,103.8483881,1.3500872,6251 2462,Not in Michelin Guide Yet,https://maps.google.com/?cid=17025411491100304545,Not Awarded Any Yet,"Dine-in,Takeaway,Coffee,Credit cards,NFC payments,Wheelchair accessible","Counter-serve chain offering fried fish & seafood combos, plus chicken & sides.",A,0,5,3.0,poor,0.7328,terrible,0.6852,good,0.5548,2.8,2.6,3.0
ChIJy64vxOwP2jERBfsyVIfbLAQ,Long John Silver's (Jurong West Central 2),"1 Jurong West Central 2, Singapore 648886",Singapore,West,1.0,Fast Food,103.7069125,1.3393953,6795 2551,Not in Michelin Guide Yet,https://maps.google.com/?cid=300856649406675717,Not Awarded Any Yet,"Dine-in,Takeaway,Delivery,Coffee,Credit cards,NFC payments,Wheelchair accessible","Counter-serve chain offering fried fish & seafood combos, plus chicken & sides.",A,0,5,1.2,poor,0.5851,poor,0.5032,good,0.7043,2.4,2.2,3.0
ChIJ5WWwr6Ua2jER6Ljh9BgevXQ,Long Yuan Healthy Fish Meat Soup,"37 Teban Gardens Road, Singapore 600037",Singapore,West,1.0,Street Food,103.7428141,1.3205725,No Phone Number Listed,Not in Michelin Guide Yet,https://maps.google.com/?cid=8411912771534436584,Not Awarded Any Yet,"Dine-in,Takeaway",No Description Available Yet,A,0,3,4.67,good,0.7706,excellent,0.7564,good,0.9952,4.33,4.67,4.0
ChIJPYPWbW0Z2jEReQs9n82N3UY,Lucha Loco (Mexican Cocina Y Mezcaleria),"Duxton Hill, Singapore 089604",Singapore,Central,2.0,Mexican,103.8427282,1.278802,8798 1035,Not in Michelin Guide Yet,https://maps.google.com/?cid=5106393466787400569,Not Awarded Any Yet,"Dine-in,Takeaway,Delivery,Reservations,Outdoor seating,Beer,Wine,Cocktails,Coffee,Credit cards,NFC payments,Wheelchair accessible",No Description Available Yet,A,0,5,4.6,good,0.722,excellent,0.8635,good,0.9446,4.4,4.8,4.0
ChIJ6Tiou28T2jERyeaBSC3p8_M,M.R Indian Food,"Choa Chu Kang North 7, Singapore 681672",Singapore,West,1.0,Indian,103.7480556,1.4010333,No Phone Number Listed,Not in Michelin Guide Yet,https://maps.google.com/?cid=17578650151256450761,Not Awarded Any Yet,"Dine-in,Wheelchair accessible",No Description Available Yet,A,0,4,2.25,good,0.6618,good,0.5273,good,0.6048,3.5,3.25,3.25
ChIJuzuvVjMa2jERN9QuE0pDZZ8,Ma Maison (Anchorpoint),"370 Alexandra Rd, #01-12, Singapore 159953",Singapore,Central,2.0,Japanese,103.8048202,1.2883465,6479 1670,Not in Michelin Guide Yet,https://maps.google.com/?cid=11485660410106795063,Not Awarded Any Yet,"Dine-in,Takeaway,Reservations,Beer,Wine,Coffee,Credit cards,NFC payments,Wheelchair accessible",No Description Available Yet,B,1,5,4.8,good,0.6944,excellent,0.9049,good,0.9647,4.0,4.8,4.0
ChIJkQGWmbwZ2jERRuDwN6RisFk,Mackenzie Rex Restaurant,"Prinsep Street, Singapore 188351",Singapore,Central,2.0,Halal,103.8499979,1.2998773,6336 1702,Not in Michelin Guide Yet,https://maps.google.com/?cid=6462773922729353286,Not Awarded Any Yet,"Dine-in,Takeaway,Reservations,Outdoor seating,Coffee,Credit cards,NFC payments,Wheelchair accessible",No Description Available Yet,B,1,1,2.0,poor,0.423,terrible,0.258,terrible,0.0508,2.0,1.0,1.0
ChIJ3zkq6S4X2jERN2AwB9eKoKw,Mad Charcoal,"Link@AMK, #08-32 Ang Mo Kio Street 62, Singapore 569139",Singapore,North-East,2.0,Bar & Grill,103.8455076,1.3859679,8878 0280,Not in Michelin Guide Yet,https://maps.google.com/?cid=12439094826940522551,Not Awarded Any Yet,"Dine-in,Takeaway,Outdoor seating,Beer,Coffee,Credit cards,NFC payments,Wheelchair accessible",No Description Available Yet,A,0,5,4.6,average,0.7217,excellent,0.5161,good,0.8331,3.2,4.6,4.2
ChIJQfZ_mMYH2jERYIEkhTWFs_s,Madras Coffee House's (Tuas Outlet),"22 Tech Park Crescent, Singapore 638118",Singapore,West,1.0,Indian,103.6310555,1.3103913,9366 9024,Not in Michelin Guide Yet,https://maps.google.com/?cid=18136986589264642400,Not Awarded Any Yet,Coffee,No Description Available Yet,A,0,2,5.0,good,0.9472,excellent,0.9028,good,0.998,4.0,5.0,4.0
ChIJQ2e-zA8a2jERXOicj9vqwjk,Madrinaa Italiano,"44 Jalan Merah Saga, Singapore 278116",Singapore,Central,2.0,Italian,103.7965864,1.3113911,6474 7342,Not in Michelin Guide Yet,https://maps.google.com/?cid=4162147234371922012,Not Awarded Any Yet,"Dine-in,Takeaway,Delivery,Reservations,Outdoor seating,Beer,Wine,Coffee,Credit cards,Wheelchair accessible",No Description Available Yet,A,0,5,3.2,poor,0.9125,excellent,0.5761,good,0.7956,2.8,2.8,3.2
ChIJtcnsf_AV2jER66UC9aSkWlQ,Mahan Nasi Padang,"470 Yishun Street 42, Singapore 760470",Singapore,North,1.0,Indonesian,103.8521602,1.4258108,No Phone Number Listed,Not in Michelin Guide Yet,https://maps.google.com/?cid=6078351675482088939,Not Awarded Any Yet,"Dine-in,Takeaway,Wheelchair accessible",No Description Available Yet,B,1,4,3.0,poor,0.8696,good,0.4572,good,0.3878,2.75,2.75,3.25
ChIJu1cLagoZ2jERyONfJ48r9hs,Maimon Nasi Padang,"49A Serangoon Garden Way, Singapore 555945",Singapore,North-East,1.0,Indonesian,103.8665271,1.3630609,9021 0156,Not in Michelin Guide Yet,https://maps.google.com/?cid=2014845777135789000,Not Awarded Any Yet,"Dine-in,NFC payments,Wheelchair accessible",No Description Available Yet,B,1,3,2.67,good,0.4268,excellent,0.4898,average,0.8897,3.33,3.33,3.0
ChIJ65qiGgMZ2jERhFwGRZk4dEo,Makan By The Bay Seafood Halal,"Rocks, Singapore 018593",Singapore,Central,3.0,Seafood,103.8688133,1.2822826,9150 1425,Not in Michelin Guide Yet,https://maps.google.com/?cid=5364975287044299908,Not Awarded Any Yet,"Dine-in,Takeaway,Delivery,Reservations,Beer,Coffee,NFC payments,Wheelchair accessible",No Description Available Yet,A,0,3,1.33,poor,0.7088,poor,0.4746,good,0.9859,2.0,1.67,2.33
ChIJgYa2leQZ2jER2Qqi77H4WWg,Makan Empire By Nasi Lemak Ayam Taliwang,"20 Woodlands Drive 17, Singapore 737924",Singapore,North,1.0,Halal,103.7946395,1.425021,8089 1465,Not in Michelin Guide Yet,https://maps.google.com/?cid=7519314495985027801,Not Awarded Any Yet,"Dine-in,Takeaway,Delivery,Reservations,Coffee,NFC payments,Wheelchair accessible",No Description Available Yet,A,0,5,5.0,good,0.7889,excellent,0.9868,good,0.9942,4.4,4.6,4.0
ChIJiz0y1GEZ2jERPsWznuo58bY,Makko Teck Neo,"Blk 35 Telok Blangah Rise, #01-303, Singapore 090035",Singapore,Central,2.0,Peranakan,103.822421,1.2730573,6275 1330,Not in Michelin Guide Yet,https://maps.google.com/?cid=13182381264137864510,Not Awarded Any Yet,"Dine-in,Takeaway,Delivery,Reservations,Outdoor seating,Coffee,NFC payments",No Description Available Yet,A,0,4,4.25,good,0.863,excellent,0.6479,good,0.9846,3.5,4.5,4.0
ChIJFWtqm_MP2jERRsh5t41P_BY,Mala You,"50 Jurong West Street 61, Singapore 648202",Singapore,West,2.0,Chinese,103.6974152,1.3412561,No Phone Number Listed,Not in Michelin Guide Yet,https://maps.google.com/?cid=1656286233052694598,Not Awarded Any Yet,"Dine-in,Takeaway,Delivery",No Description Available Yet,B,1,1,3.0,poor,0.7889,good,0.3819,good,0.94,2.0,4.0,4.0
ChIJTzyeN2sY2jERM41FKudsoME,Malaysian Local Delights,"Tanjong Katong Road, Singapore 437066",Singapore,Central,2.0,Malaysian,103.8953401,1.3070622,6440 8378,Not in Michelin Guide Yet,https://maps.google.com/?cid=13952271385696242995,Not Awarded Any Yet,"Dine-in,Takeaway,Beer,Coffee,NFC payments",No Description Available Yet,A,0,3,4.67,good,0.7364,good,0.6388,good,0.8948,4.0,4.0,4.0
ChIJY9jVNgAR2jERaay4TeY4lvk,"Man Chee Kee Pig's Organ Soup, Porridge, Braising","Choa Chu Kang North 7, Singapore 681678",Singapore,West,1.0,Street Food,103.7448926,1.4017298,No Phone Number Listed,Not in Michelin Guide Yet,https://maps.google.com/?cid=17984624723748236393,Not Awarded Any Yet,"Takeaway,Wheelchair accessible",No Description Available Yet,A,0,5,1.6,poor,0.5311,poor,0.1748,good,0.7291,2.8,2.0,3.6
ChIJt7a1YKgZ2jER1U6XOjXyMCA,"Mandarin Oriental, Singapore","5 Raffles Ave., Singapore 039797",Singapore,Central,4.0,Hotel,103.8574746,1.2913368,6338 0066,Not in Michelin Guide Yet,https://maps.google.com/?cid=2319620118525988565,Not Awarded Any Yet,"Credit cards,Wheelchair accessible","Sophisticated quarters in an upscale bayside property with a pool, a spa & refined dining.",A,0,4,4.25,good,0.6702,excellent,0.7814,good,0.7037,3.75,4.0,4.0
ChIJsfizTCMa2jERVoFTdcVe2uE,Margarita's Dempsey Hill,"11 Dempsey Road, Singapore 249673",Singapore,Central,3.0,Mexican,103.8102191,1.3039682,6471 3228,Not in Michelin Guide Yet,https://maps.google.com/?cid=16274424405626683734,Not Awarded Any Yet,"Dine-in,Takeaway,Reservations,Outdoor seating,Beer,Wine,Cocktails,Coffee,Credit cards,NFC payments,Wheelchair accessible",No Description Available Yet,A,0,2,4.5,good,0.5124,excellent,0.3841,good,0.9936,4.0,4.5,4.0
ChIJKR31YIcZ2jER2K7MxMLk44k,Marina Bbq Seafood,"Rocks, Singapore 018593",Singapore,Central,1.0,Barbecue,103.8685857,1.2825271,No Phone Number Listed,Not in Michelin Guide Yet,https://maps.google.com/?cid=9936036728085982936,Not Awarded Any Yet,"Dine-in,Takeaway,Credit cards,NFC payments,Wheelchair accessible",No Description Available Yet,A,0,5,2.8,good,0.662,good,0.4423,good,0.7519,2.8,2.8,3.6
ChIJO_0iuLQI2jERkcDiNJD7aIA,Marina Bistro,"Tuas West Drive, Singapore 638404",Singapore,West,2.0,French,103.6352544,1.3422185,6869 2299,Not in Michelin Guide Yet,https://maps.google.com/?cid=9252922031213822097,Not Awarded Any Yet,"Dine-in,Takeaway,Reservations,Outdoor seating,Beer,Wine,Cocktails,Coffee,Credit cards,NFC payments,Wheelchair accessible",No Description Available Yet,A,0,5,5.0,good,0.7543,good,0.9064,good,0.5999,4.2,4.4,4.0
ChIJbfDuOGwZ2jER0mtQ4rwdx7Q,Mariners' Corner Restaurant,"106 Clementi Street 12, Singapore 120106",Singapore,Central,2.0,Western,103.7695238,1.322078,6224 9928,Not in Michelin Guide Yet,https://maps.google.com/?cid=13026413144280427474,Not Awarded Any Yet,"Dine-in,Takeaway,Reservations,Beer,Wine,Coffee,Credit cards,NFC payments,Wheelchair accessible",No Description Available Yet,A,0,2,4.5,good,0.9421,excellent,0.7343,good,0.9796,4.0,4.5,4.0
ChIJZdE7U60T2jERcwsXdvPX8Y0,Marsiling Food House S11 Coffee Shop,"302 Woodlands Street 31, Singapore 730302",Singapore,North,2.0,Street Food,103.7740918,1.4314523,No Phone Number Listed,Not in Michelin Guide Yet,https://maps.google.com/?cid=10228193669393353587,Not Awarded Any Yet,"Dine-in,Takeaway,Beer,Coffee",No Description Available Yet,A,0,5,1.2,poor,0.7408,poor,0.6152,good,0.3757,2.2,2.0,2.4
ChIJh0USdNIb2jERlV50n9wZwic,Masala Curry Chicken Noodle,"37 Teban Gardens Road, Singapore 600037",Singapore,West,1.0,Indian,103.7427812,1.32086,No Phone Number Listed,Not in Michelin Guide Yet,https://maps.google.com/?cid=2864880748319760021,Not Awarded Any Yet,"Dine-in,Takeaway,Wheelchair accessible",No Description Available Yet,B,1,4,3.5,good,0.6849,excellent,0.5101,good,0.9688,3.5,3.75,3.5
ChIJV6kKRQAX2jERjuPYEdfrWZg,Master Tang,"Hougang Street 91, Singapore 538692",Singapore,North-East,1.0,Street Food,103.8794516,1.3759466,No Phone Number Listed,Not in Michelin Guide Yet,https://maps.google.com/?cid=10978064875642217358,Not Awarded Any Yet,"Takeaway,Wheelchair accessible",No Description Available Yet,B,1,1,5.0,good,0.7654,good,0.6425,good,0.9964,4.0,4.0,4.0
ChIJj9trUm0X2jERX0VD2SHNLQU,Mata Thai,"508, #01-390 Bishan St.11, 570508",Singapore,North-East,2.0,Thai,103.8492686,1.3487765,9339 3082,Not in Michelin Guide Yet,https://maps.google.com/?cid=373179889404298591,Not Awarded Any Yet,"Dine-in,Takeaway,Reservations,Outdoor seating,Coffee,Credit cards,NFC payments,Wheelchair accessible",No Description Available Yet,B,1,4,2.5,good,0.8857,good,0.639,good,0.8169,3.0,2.75,2.5
ChIJEeuPV_8V2jEREnlnrT4_2nc,Mata Thai (105 Canberra Street),"Blk 105 Canberra St, #01-01, Singapore 750105",Singapore,North,2.0,Thai,103.8325914,1.4484515,8468 0100,Not in Michelin Guide Yet,https://maps.google.com/?cid=8636284773866109202,Not Awarded Any Yet,"Dine-in,Takeaway,Delivery",No Description Available Yet,A,0,3,1.0,poor,0.363,poor,0.4536,good,0.106,2.67,2.0,2.33
ChIJs2cWuKUX2jER8l2zvwCKrBs,Mbk Thai Express,"Tagore Lane, Singapore 787831",Singapore,North,2.0,Thai,103.8274773,1.3878049,9764 4699,Not in Michelin Guide Yet,https://maps.google.com/?cid=1994120470839123442,Not Awarded Any Yet,"Delivery,Beer,Coffee",No Description Available Yet,A,0,2,5.0,good,0.6842,excellent,0.6259,good,0.9961,4.0,4.5,4.0
ChIJSWafK5kQ2jERaQ1kiqBGY3c,Meat N' Chill,"805 Bukit Timah Road, Singapore 279886",Singapore,Central,2.0,American,103.7950177,1.3315047,8812 4455,Not in Michelin Guide Yet,https://maps.google.com/?cid=8602797368538303849,Not Awarded Any Yet,"Dine-in,Takeaway,Delivery,Reservations,Outdoor seating,Beer,Wine,Coffee,NFC payments",No Description Available Yet,A,0,2,4.5,good,0.8521,good,0.729,good,0.725,3.0,3.0,4.0
ChIJv8VwWlQR2jER7Tq7qdxh8bs,Meeras Curry Banana Leaf Restaurant,"910B Upper Thomson Rd, Singapore 787112",Singapore,North,2.0,Indian,103.8183064,1.3983977,6455 8267,Not in Michelin Guide Yet,https://maps.google.com/?cid=13542713154848111341,Not Awarded Any Yet,"Dine-in,Takeaway,Outdoor seating,Coffee",No Description Available Yet,B,1,4,3.25,good,0.9253,excellent,0.5782,good,0.8081,2.75,3.0,3.0
ChIJEXJ9MQAV2jERXv4Yxz9KnVw,Meezaan Indian Food,"Yishun Avenue 6, Singapore 760248",Singapore,North,1.0,Indian,103.8428764,1.4362285,No Phone Number Listed,Not in Michelin Guide Yet,https://maps.google.com/?cid=6673571860616642142,Not Awarded Any Yet,"Dine-in,Takeaway",No Description Available Yet,A,0,1,3.0,average,0.7002,good,0.2026,good,0.997,3.0,4.0,4.0
ChIJCyw1YzQa2jER6EoEVDP8ywU,Mei Ling Market & Food Centre,"159 Mei Chin Rd, Singapore 140159",Singapore,Central,1.0,Street Food,103.8028827,1.2932672,6225 5632,Not in Michelin Guide Yet,https://maps.google.com/?cid=417704687845001960,Not Awarded Any Yet,"Dine-in,Takeaway,Outdoor seating,Beer,Coffee,Wheelchair accessible",No Description Available Yet,B,1,4,3.75,good,0.7307,good,0.3295,good,0.7233,3.5,3.75,4.0
ChIJz3ZC5GwZ2jERSz7uGSJMWXs,Mellben Signature (Tanjong Pagar),"7 Tanjong Pagar Plz, #01-105, Singapore 081007",Singapore,Central,2.0,Seafood,103.8430264,1.2770307,6220 5512,Not in Michelin Guide Yet,https://maps.google.com/?cid=8888219048940027467,Not Awarded Any Yet,"Dine-in,Takeaway,Delivery,Reservations,Outdoor seating,Beer,Coffee,Credit cards,NFC payments,Wheelchair accessible",No Description Available Yet,A,0,3,4.0,excellent,0.6203,excellent,0.6155,good,0.5877,3.67,3.67,4.33
ChIJ-eGhoVUZ2jERke_c5wvglEU,Mel’S Drive-In,"8 Sentosa Gateway, Universal Studios, 098269",Singapore,Central,1.0,Fast Food,103.822161,1.2552633,6577 8888,Not in Michelin Guide Yet,https://maps.google.com/?cid=5013878626909482897,Not Awarded Any Yet,"Dine-in,Takeaway,Outdoor seating,Coffee,Credit cards,NFC payments,Wheelchair accessible",No Description Available Yet,A,0,2,1.5,average,0.7066,excellent,0.6558,good,0.6868,3.5,4.5,4.0
ChIJTXSdb3UT2jERuEUWN8KACqI,Meng Ji Noodle House,"676 Woodlands Drive 71, Singapore 730676",Singapore,North,1.0,Street Food,103.8004396,1.440013,9697 9831,Not in Michelin Guide Yet,https://maps.google.com/?cid=11676286555547649464,Not Awarded Any Yet,"Dine-in,Takeaway,Wheelchair accessible",No Description Available Yet,A,0,4,3.5,good,0.8948,good,0.6325,good,0.8932,3.5,3.25,3.25
ChIJyeY7fQAP2jERhvwb2Yus-MI,Meng Long Lobster Pao Fan,"Jalan Bahar, Singapore 640271",Singapore,West,1.0,Seafood,103.7029788,1.3489571,No Phone Number Listed,Not in Michelin Guide Yet,https://maps.google.com/?cid=14049168754225183878,Not Awarded Any Yet,Takeaway,No Description Available Yet,B,1,4,4.75,good,0.7513,good,0.5276,good,0.8171,4.0,4.25,4.0
ChIJO-SBLm4X2jERIxE_3XNOw6o,Mentai-Ya Japanese Cuisine (Sengkang),"Fernvale Street, Singapore 790473",Singapore,North-East,1.0,Japanese,103.8817315,1.3977563,8188 8628,Not in Michelin Guide Yet,https://maps.google.com/?cid=12304764866446430499,Not Awarded Any Yet,"Takeaway,NFC payments",No Description Available Yet,A,0,5,2.6,good,0.6385,poor,0.4516,good,0.5854,3.0,2.8,3.2
ChIJVVVV5bAZ2jERPOPGM-FutfY,Merdandy Bar & Cafe,"511 Guillemard Road, Singapore 399849",Singapore,Central,2.0,Bar,103.8916542,1.3140614,9090 7905,Not in Michelin Guide Yet,https://maps.google.com/?cid=17777237017630270268,Not Awarded Any Yet,"Dine-in,Takeaway,Delivery,Reservations,Outdoor seating,Beer,Wine,Cocktails,NFC payments",No Description Available Yet,A,0,2,4.0,good,0.8814,excellent,0.9074,good,0.5017,3.0,5.0,4.0
ChIJ92lY7YUb2jERMCfx7QZOnr4,Mess Hall At Sentosa,"12 Artillery Avenue, Singapore 099953",Singapore,Central,3.0,Singaporean,103.8205871,1.2529085,No Phone Number Listed,Not in Michelin Guide Yet,https://maps.google.com/?cid=13735501705195366192,Not Awarded Any Yet,"Dine-in,Beer,Coffee,Credit cards,NFC payments,Wheelchair accessible",No Description Available Yet,A,0,2,5.0,average,0.8666,excellent,0.9272,good,0.9458,4.0,4.5,4.0
ChIJtSWVqA8Q2jER4pDxDNMNoLI,Miam Miam French Japanese Cafe Kitchen (Westgate)- All Day Dining,"J-Walk, Singapore 608531",Singapore,West,2.0,Fusion,103.7425238,1.3341307,6254 1434,Not in Michelin Guide Yet,https://maps.google.com/?cid=12871302935131295970,Not Awarded Any Yet,"Dine-in,Takeaway,Reservations,Outdoor seating,Beer,Wine,Coffee,Credit cards,NFC payments,Wheelchair accessible",No Description Available Yet,A,0,4,5.0,average,0.8663,good,0.9293,good,0.9955,3.5,4.25,4.25
ChIJc7g002MQ2jERDRvbJ5CBkaw,Micasa Kitchen & Bar,"Jalan Jurong Kechil, Singapore 596569",Singapore,Central,2.0,Spanish,103.7725311,1.3407548,6463 0263,Not in Michelin Guide Yet,https://maps.google.com/?cid=12434862502290594573,Not Awarded Any Yet,"Dine-in,Takeaway,Reservations,Outdoor seating,Beer,Wine,Cocktails,Coffee,Credit cards,NFC payments,Wheelchair accessible",No Description Available Yet,B,1,5,4.4,good,0.849,excellent,0.8387,good,0.9747,4.2,4.6,4.0
ChIJLQL2eEoV2jERKKoznTIVSss,Million Fishball Noodle,"417 Yishun Avenue 11, Singapore 760417",Singapore,North,1.0,Street Food,103.846642,1.4236373,No Phone Number Listed,Not in Michelin Guide Yet,https://maps.google.com/?cid=14648544045105916456,Not Awarded Any Yet,"Dine-in,Takeaway,Wheelchair accessible",No Description Available Yet,A,0,5,2.6,poor,0.8188,terrible,0.7291,good,0.9652,2.6,2.6,2.6
ChIJ8cWTI8gZ2jER8XkfOaIVoA8,Ming Chung Restaurant,"69 Maude Road, Singapore 208348",Singapore,Central,2.0,Chinese,103.8581482,1.3081046,6296 3428,Not in Michelin Guide Yet,https://maps.google.com/?cid=1125923693329873393,Not Awarded Any Yet,"Dine-in,Takeaway,Reservations,Outdoor seating,Beer,Coffee,Credit cards,NFC payments",No Description Available Yet,A,0,4,4.5,good,0.7724,excellent,0.6091,good,0.9986,3.75,4.75,4.0
ChIJG3PVr7kT2jERdr98DIcrfHY,Ming Fa Fishball (Kampung Admiralty),"Blk 676 Woodlands Drive 71, Singapore 730676",Singapore,North,1.0,Street Food,103.800688,1.439691,No Phone Number Listed,Not in Michelin Guide Yet,https://maps.google.com/?cid=8537746852617699190,Not Awarded Any Yet,"Dine-in,Takeaway",No Description Available Yet,A,0,5,1.8,good,0.6564,good,0.3007,good,0.6194,3.0,3.2,3.2
ChIJF6vTicUR2jERWl2qMg88ozw,Ming Kitchen,"475 Choa Chu Kang Avenue 3, Singapore 680475",Singapore,West,2.0,Chinese,103.7394383,1.3774502,8845 9513,Not in Michelin Guide Yet,https://maps.google.com/?cid=4369402099451714906,Not Awarded Any Yet,"Dine-in,Takeaway,Coffee,Wheelchair accessible",No Description Available Yet,B,1,4,1.0,poor,0.743,poor,0.6588,poor,0.732,2.0,1.75,1.5
ChIJed9z7UEa2jERl0GJ5AAxWTA,Ming Kitchen Live Seafood (Holland Drive),"46 Holland Drive, Singapore 270046",Singapore,Central,2.0,Seafood,103.7934578,1.3070695,8845 9565,Not in Michelin Guide Yet,https://maps.google.com/?cid=3483869666651750807,Not Awarded Any Yet,"Dine-in,Takeaway,Reservations,Outdoor seating,Beer,Coffee,NFC payments",No Description Available Yet,B,1,5,2.2,poor,0.664,average,0.4201,poor,0.8238,2.8,3.0,2.8
ChIJ7Vjd7WUT2jERMGWtP00A5Nc,Ming Kitchen Live Seafood (Woodlands Link),"27 Woodlands Link, #01-01 Chang Cheng HQ, Singapore 738732",Singapore,North,2.0,Seafood,103.810989,1.4522537,8845 9593,Not in Michelin Guide Yet,https://maps.google.com/?cid=15556559344625345840,Not Awarded Any Yet,"Dine-in,Takeaway,Live music,Wine,Wheelchair accessible",No Description Available Yet,B,1,5,3.4,good,0.6461,excellent,0.4567,good,0.877,3.6,4.2,3.8
ChIJ0f4gG_QR2jERfqMs_Ny5jlQ,Ming Kitchen Live Seafood (Yew Tee Square),"624 Choa Chu Kang Street 62, Singapore 680624",Singapore,West,2.0,Seafood,103.7468169,1.3981277,8845 9510,Not in Michelin Guide Yet,https://maps.google.com/?cid=6093011704653587326,Not Awarded Any Yet,"Dine-in,Takeaway,Beer",No Description Available Yet,B,1,5,1.0,poor,0.9274,terrible,0.7572,terrible,0.7527,1.8,1.4,1.8
ChIJpz0HMHsW2jERX4epSIswWUA,Ming Kitchen Seafood Restaurant (Fernvale Road),"437 Fernvale Road, Singapore 790437",Singapore,North-East,2.0,Fusion,103.876252,1.3923442,No Phone Number Listed,Not in Michelin Guide Yet,https://maps.google.com/?cid=4636790666132293471,Not Awarded Any Yet,"Dine-in,Takeaway,Delivery,Coffee",No Description Available Yet,A,0,1,5.0,good,0.4311,good,0.3184,good,0.9958,4.0,4.0,4.0
ChIJfyCWCwAT2jERbIVYLEEJ3U0,Ming Li Traditional Handmade Pau Dim Sum,"306A Woodlands Street 31, Singapore 731306",Singapore,North,1.0,Chinese,103.775093,1.4301978,No Phone Number Listed,Not in Michelin Guide Yet,https://maps.google.com/?cid=5610650886295029100,Not Awarded Any Yet,Takeaway,No Description Available Yet,A,0,4,4.25,good,0.7702,good,0.5472,good,0.9672,4.0,4.0,3.75
ChIJX9pR0bUe2jERJRzgcJSiH0M,Miska Cafe,"31 Ocean Way, #01-07, 098375",Singapore,Central,2.0,Mediterranean,103.8422985,1.2472309,6339 0903,Not in Michelin Guide Yet,https://maps.google.com/?cid=4836763283251797029,Not Awarded Any Yet,"Dine-in,Takeaway,Reservations,Outdoor seating,Beer,Wine,Cocktails,Coffee,Credit cards,NFC payments,Wheelchair accessible",No Description Available Yet,A,0,5,3.2,good,0.5234,excellent,0.4932,good,0.8509,3.4,3.6,4.4
ChIJQ4iSRQAR2jERLcOLSa2bPI8,Mita Sushi (Bukit Timah Plaza),"1 Jalan Anak Bukit, Singapore 588996",Singapore,Central,1.0,Japanese,103.7787857,1.3387788,9635 9267,Not in Michelin Guide Yet,https://maps.google.com/?cid=10321295614591877933,Not Awarded Any Yet,"Dine-in,Takeaway,Delivery,Beer,Coffee,Credit cards,NFC payments",No Description Available Yet,A,0,5,3.8,good,0.7423,excellent,0.7105,good,0.9833,4.2,4.8,4.0
ChIJe1GgSQAX2jERheP5E2ylKCo,Mixed Rice,"Link@AMK, #08-32 Ang Mo Kio Street 62, Singapore 569139",Singapore,North-East,1.0,Street Food,103.8454839,1.385913,No Phone Number Listed,Not in Michelin Guide Yet,https://maps.google.com/?cid=3037859832271594373,Not Awarded Any Yet,Takeaway,No Description Available Yet,A,0,1,3.0,good,0.9351,average,0.5873,good,0.9077,4.0,3.0,4.0
ChIJ04oiK_kZ2jERX0ctMP0WwiY,Miyabi Japanese Restaurant,"1 Plymouth Avenue, Singapore 297753",Singapore,Central,3.0,Japanese,103.8245858,1.3219317,6357 3335,Not in Michelin Guide Yet,https://maps.google.com/?cid=2792819995613939551,Not Awarded Any Yet,"Dine-in,Takeaway,Reservations,Beer,Wine,Credit cards,NFC payments,Wheelchair accessible",No Description Available Yet,A,0,4,3.25,poor,0.7655,poor,0.7769,good,0.8272,2.75,3.25,3.5
ChIJUdu_-BEV2jER4-msZHfpPPw,Mongkok Dim Sum,"908H Upper Thomson Road, Singapore 787113",Singapore,North,2.0,Chinese,103.8183898,1.3981987,8668 8829,Not in Michelin Guide Yet,https://maps.google.com/?cid=18175658895159912931,Not Awarded Any Yet,"Dine-in,Takeaway,Coffee",No Description Available Yet,B,1,2,4.5,average,0.9104,excellent,0.6366,good,0.998,3.5,4.5,4.0
ChIJCdb-JSAX2jERjCTOSIj-HeU,Mongkok Dimsum (Upper Thomson),"906P Upper Thomson Road, Singapore 787113",Singapore,North,2.0,Chinese,103.818428,1.3980247,8787 8829,Not in Michelin Guide Yet,https://maps.google.com/?cid=16509631670300583052,Not Awarded Any Yet,"Dine-in,Takeaway,Delivery,Reservations,Beer,Coffee,Credit cards,NFC payments",No Description Available Yet,B,1,3,4.67,good,0.7009,good,0.5046,good,0.7763,4.0,4.0,4.0
ChIJ752HKTcY2jERkPh4y2dw4Ww,Mongkok Dimsum (Geylang),"214 Geylang Road, Singapore 389274",Singapore,Central,2.0,Dim Sum,103.8768473,1.3119696,8484 8829,Not in Michelin Guide Yet,https://maps.google.com/?cid=7845675616953759888,Not Awarded Any Yet,"Dine-in,Takeaway,Delivery,Outdoor seating,Coffee,NFC payments",No Description Available Yet,B,1,3,4.33,good,0.6842,excellent,0.6238,good,0.9627,4.33,4.67,4.0
ChIJxblKLZMP2jERqInptdtj-pk,Monster Curry,"1 Jurong West Central 2, Singapore 648886",Singapore,West,2.0,Japanese Curry,103.7059075,1.3390834,6316 6319,Not in Michelin Guide Yet,https://maps.google.com/?cid=11095290427281607080,Not Awarded Any Yet,"Dine-in,Takeaway,Delivery,Outdoor seating,Coffee,Credit cards,NFC payments,Wheelchair accessible",No Description Available Yet,A,0,4,5.0,good,0.8056,excellent,0.7263,good,0.9648,4.0,4.75,4.0
ChIJXfiwI6kZ2jERDJYqTLj7BpE,Monster Curry (Nex),"23 Serangoon Central, Singapore 556083",Singapore,North-East,2.0,Japanese Curry,103.87209,1.3509937,6634 2168,Not in Michelin Guide Yet,https://maps.google.com/?cid=10450316754330228236,Not Awarded Any Yet,"Dine-in,Takeaway,Coffee,Credit cards,NFC payments",No Description Available Yet,A,0,5,5.0,average,0.8762,excellent,0.8577,good,0.8543,4.0,4.8,4.2
ChIJFR1DMJEZ2jER97UAiPBF-NI,Monster Curry (Vivo City),"1 HarbourFront Walk, #02-126/127/129 VivoCity, Singapore 098585",Singapore,Central,2.0,Japanese Curry,103.8228146,1.2634568,6221 3308,Not in Michelin Guide Yet,https://maps.google.com/?cid=15201977441565324791,Not Awarded Any Yet,"Dine-in,Takeaway,Beer,Coffee,Credit cards,NFC payments,Wheelchair accessible",No Description Available Yet,A,0,3,4.67,good,0.9302,good,0.9939,good,0.9942,3.67,4.0,4.0
ChIJd8QPNukR2jERaTPoSrco6PE,Monzen Izakaya And Grill,"4 Dairy Farm Ln, #01-04, Singapore 677622",Singapore,West,3.0,Japanese,103.7751171,1.3651839,9052 0600,Not in Michelin Guide Yet,https://maps.google.com/?cid=17431227125438362473,Not Awarded Any Yet,"Dine-in,Takeaway,Delivery,Reservations,Beer,Wine,Credit cards,NFC payments",No Description Available Yet,A,0,3,3.67,poor,0.9629,excellent,0.5189,good,0.9659,2.67,3.67,3.33
ChIJZfN4HSMa2jEROlvzGFzspWk,Morsels Restaurant & Gastro Wine Bar | Morsels Private Dining,"26 Dempsey Road, Singapore 249686",Singapore,Central,3.0,Asian Fusion,103.811817,1.3058011,6266 3822,Not in Michelin Guide Yet,https://maps.google.com/?cid=7612750625439439674,Not Awarded Any Yet,"Dine-in,Takeaway,Delivery,Reservations,Beer,Wine,Cocktails,Coffee,Credit cards,NFC payments",No Description Available Yet,A,0,5,4.2,good,0.7741,excellent,0.6628,good,0.9875,3.6,4.4,3.6
ChIJqYXtH3AP2jERkVSR2wkqdew,Mother Earth Vegetarian Restaurant,"Upper Jurong Road, Singapore 638365",Singapore,West,2.0,Vegetarian,103.6826171,1.329549,8644 3168,Not in Michelin Guide Yet,https://maps.google.com/?cid=17038570987052946577,Not Awarded Any Yet,"Dine-in,Takeaway,Delivery,Reservations,Coffee,Credit cards,Wheelchair accessible",No Description Available Yet,A,0,3,5.0,good,0.8157,excellent,0.8817,good,0.9938,3.67,4.67,4.0
ChIJVanJyN8b2jER-s5D_7DTzHE,Mount Faber Peak,"109 Mount Faber Rd, Singapore 099203",Singapore,Central,4.0,Observation Deck,103.819556,1.2712211,6361 0088,Not in Michelin Guide Yet,https://maps.google.com/?cid=8200161778685169402,Not Awarded Any Yet,Wheelchair accessible,"Accessed by cable car, this popular scenic spot atop Mount Faber features restaurants & gift shops.",A,0,3,3.67,average,0.8833,excellent,0.9152,good,0.7674,3.0,3.67,3.0
ChIJlV0IquwQ2jERwlLsIW5F1gc,Mountbatten Bar & Grill,"73 Bukit Tinggi Road, Singapore 289761",Singapore,Central,2.0,Western,103.792638,1.345831,6467 4311,Not in Michelin Guide Yet,https://maps.google.com/?cid=564715142599430850,Not Awarded Any Yet,"Dine-in,Takeaway,Reservations,Beer,Wine,Coffee,Wheelchair accessible",No Description Available Yet,A,0,5,4.8,good,0.7644,excellent,0.8149,good,0.952,4.2,4.8,4.0
ChIJxUYDdBIW2jERvjTD4fa4nwU,Mr Bean,"1 Sengkang Square, Singapore 545078",Singapore,North-East,1.0,Dessert Shop,103.895204,1.3916115,6385 4926,Not in Michelin Guide Yet,https://maps.google.com/?cid=405245861975766206,Not Awarded Any Yet,"Takeaway,Delivery,NFC payments,Wheelchair accessible",No Description Available Yet,A,0,4,2.0,good,0.5202,good,0.3601,good,0.4944,3.5,3.5,4.0
ChIJ2xwx_PMR2jERdGE8XSiudN0,Mr Bean (Yew Tee Point),"Yew Tee Close, Singapore 689579",Singapore,West,1.0,Dessert Shop,103.7467644,1.3971187,6509 1377,Not in Michelin Guide Yet,https://maps.google.com/?cid=15957570868066673012,Not Awarded Any Yet,"Dine-in,Takeaway,NFC payments,Wheelchair accessible",No Description Available Yet,A,0,3,4.33,good,0.5413,excellent,0.3582,good,0.843,3.67,4.67,3.67
ChIJRTHCVgAb2jERC2DWHmWNqBE,Mr Eggs (Labrador Tower),"1 Pasir Panjang Rd, #02-07 Labrador Tower, Singapore 118479",Singapore,Central,1.0,Food Court,103.8018967,1.2721447,No Phone Number Listed,Not in Michelin Guide Yet,https://maps.google.com/?cid=1272422360180744203,Not Awarded Any Yet,"Dine-in,Takeaway,Wheelchair accessible",No Description Available Yet,A,0,3,3.33,poor,0.8071,poor,0.5983,good,0.9352,2.67,2.67,3.33
ChIJG9ibc2IT2jERSWP4sH1cjVk,Mr Grumpy Nasi Ayam (Lucky Plaza Nasi Ayam Goreng) (Marsiling (Woodlands)),"302 Woodlands Street 31, Singapore 730302",Singapore,North,1.0,Malay,103.7744066,1.4318415,No Phone Number Listed,Not in Michelin Guide Yet,https://maps.google.com/?cid=6452915536001524553,Not Awarded Any Yet,"Dine-in,Takeaway,Delivery,Outdoor seating,Coffee",No Description Available Yet,B,1,4,3.25,good,0.6852,good,0.5179,good,0.8216,3.5,3.75,4.0
ChIJQYoqaxIU2jER5uITyvg5iPA,Mr Teh Tarik,"846 Yishun Ring Road, Singapore 760846",Singapore,North,1.0,Coffee Shop,103.8344827,1.4168746,No Phone Number Listed,Not in Michelin Guide Yet,https://maps.google.com/?cid=17332166906640327398,Not Awarded Any Yet,"Dine-in,Takeaway,Delivery,Outdoor seating,Coffee,NFC payments,Wheelchair accessible",No Description Available Yet,B,1,2,1.0,poor,0.7934,poor,0.756,poor,0.3366,2.0,1.5,1.5
ChIJm0uEyN4P2jERv2zPHS_FvZQ,Mr Teh Tarik Eating House,"456 Jurong West Street 41, Singapore 640456",Singapore,West,1.0,Food Court,103.7202753,1.3507622,No Phone Number Listed,Not in Michelin Guide Yet,https://maps.google.com/?cid=10717939494365916351,Not Awarded Any Yet,"Dine-in,Takeaway,Delivery,NFC payments,Wheelchair accessible",No Description Available Yet,A,0,2,2.0,poor,0.6184,excellent,0.5565,good,0.56,2.0,3.0,2.5
ChIJNWGAsrkV2jER63eAuHIfXQ8,Mr Uncle,"Sembawang Road, Singapore 758501",Singapore,North,2.0,Indian,103.832519,1.453460899999999,6988 4888,Not in Michelin Guide Yet,https://maps.google.com/?cid=1107075660985169899,Not Awarded Any Yet,"Dine-in,Takeaway,Delivery,Outdoor seating,Coffee,Credit cards,NFC payments,Wheelchair accessible",No Description Available Yet,A,0,3,4.0,average,0.8493,excellent,0.7395,good,0.7678,3.0,4.0,3.33
ChIJ-ZtvtowZ2jERyywaJQ_r4DU,Muddy Murphy's Irish Pub,"442 Orchard Road, Singapore 238879",Singapore,Central,2.0,Irish Pub,103.828947,1.3074953,8894 0805,Not in Michelin Guide Yet,https://maps.google.com/?cid=3882361329072876747,Not Awarded Any Yet,"Dine-in,Takeaway,Reservations,Outdoor seating,Live music,Beer,Wine,Cocktails,Coffee,Credit cards,NFC payments,Wheelchair accessible",No Description Available Yet,A,0,3,3.0,poor,0.6628,excellent,0.8369,good,0.824,2.33,4.67,4.0
ChIJ2-aiTDIY2jERL5pRG2hiLHI,Mufiz Spice Restaurant,"18 Upper Boon Keng Road, Singapore 380018",Singapore,Central,1.0,Indian,103.8721939,1.3154734,6909 9267,Not in Michelin Guide Yet,https://maps.google.com/?cid=8227058818573507119,Not Awarded Any Yet,"Dine-in,Takeaway,Coffee",No Description Available Yet,B,1,4,4.75,good,0.8024,excellent,0.7303,good,0.9977,3.75,4.5,4.0
ChIJuV2dfq0R2jERLLVMFGRuMtY,Mummy Noodle House (Bangkit),"257 Bangkit Road, Singapore 670257",Singapore,West,1.0,Noodle Shop,103.7732216,1.3787767,No Phone Number Listed,Not in Michelin Guide Yet,https://maps.google.com/?cid=15434520249068467500,Not Awarded Any Yet,"Dine-in,Takeaway,Delivery",No Description Available Yet,A,0,4,4.5,good,0.6477,excellent,0.509,good,0.986,3.75,4.75,4.0
ChIJ_YRdRSwX2jERdFtH2uksnQo,Munthirikallu-Exotic Taste Of Kerala,"132 Casuarina Rd, Singapore 579520",Singapore,North-East,2.0,Indian,103.8280233,1.3769843,8882 2984,Not in Michelin Guide Yet,https://maps.google.com/?cid=764816894623964020,Not Awarded Any Yet,"Dine-in,Takeaway,Delivery,Reservations,Beer,Wine,Cocktails,Coffee,NFC payments",No Description Available Yet,B,1,5,4.2,good,0.7772,good,0.7883,good,0.9869,3.8,4.4,4.0
ChIJ_5KuypMX2jERlf5laqTR5z0,Muslim Delights Malay Food And Noodles,"Upper Paya Lebar Road, Singapore 534829",Singapore,North-East,2.0,Halal,103.8865825,1.3382417,9633 0261,Not in Michelin Guide Yet,https://maps.google.com/?cid=4460764460023676565,Not Awarded Any Yet,"Dine-in,Takeaway,Outdoor seating,Coffee",No Description Available Yet,A,0,2,5.0,average,0.811,excellent,0.891,good,0.9976,3.5,5.0,4.0
ChIJW7MgQqMT2jERb0dT3coq-J8,Muslim Food,"548 Woodlands Drive 44, Singapore 730548",Singapore,North,1.0,Asian,103.7941123,1.4304747,8281 6926,Not in Michelin Guide Yet,https://maps.google.com/?cid=11527010297039767407,Not Awarded Any Yet,"Dine-in,Takeaway,Coffee",No Description Available Yet,A,0,1,1.0,average,0.4615,good,0.1968,good,0.8195,3.0,4.0,4.0
ChIJf8DhfgAR2jERGAoQ_FG2iew,Myeongdong Korean Food,"1 Jalan Anak Bukit, Singapore 588996",Singapore,Central,1.0,Korean,103.7789794,1.3390447,No Phone Number Listed,Not in Michelin Guide Yet,https://maps.google.com/?cid=17044354727997868568,Not Awarded Any Yet,"Dine-in,Takeaway,NFC payments",No Description Available Yet,A,0,1,4.0,good,0.9347,excellent,0.9679,good,0.9977,4.0,5.0,4.0
ChIJG7G_SbQe2jER-JTj3hW4Q80,Mykonos On The Bay,"31 Ocean Way, #01-10 Quayside Isle, Sentosa Cove, 098375",Singapore,Central,3.0,Greek,103.8422206,1.247028,6334 3818,Not in Michelin Guide Yet,https://maps.google.com/?cid=14790868005288121592,Not Awarded Any Yet,"Dine-in,Takeaway,Delivery,Reservations,Outdoor seating,Beer,Wine,Cocktails,Coffee,Credit cards,NFC payments,Wheelchair accessible",No Description Available Yet,A,0,4,5.0,good,0.7602,excellent,0.9189,good,0.9934,4.25,5.0,4.0
ChIJ7c4PBYkQ2jER00kMuYUmXlo,Myung Ga (명가) Ii,"Jalan Anak Bukit, Singapore 588996",Singapore,Central,2.0,Korean,103.7786133,1.3385566,6469 5123,Not in Michelin Guide Yet,https://maps.google.com/?cid=6511684467001412051,Not Awarded Any Yet,"Dine-in,Takeaway,Delivery,Reservations,Outdoor seating,Beer,Credit cards,NFC payments,Wheelchair accessible",No Description Available Yet,A,0,5,4.4,good,0.6798,excellent,0.6787,good,0.9488,4.0,4.6,4.0
ChIJkRf0AokQ2jERk5ls4IPRLsQ,Myungga I (명가 I),"1 Jalan Anak Bukit, Singapore 588996",Singapore,Central,2.0,Korean,103.7786758,1.3387468,6469 5123,Not in Michelin Guide Yet,https://maps.google.com/?cid=14136466644698700179,Not Awarded Any Yet,"Dine-in,Takeaway,Reservations,Beer,Credit cards,NFC payments,Wheelchair accessible",No Description Available Yet,A,0,5,4.8,good,0.7673,excellent,0.8783,good,0.8929,3.8,4.0,3.6
ChIJ26aPd4IX2jER-UjNLCWB0to,N & B Snack,"148 Potong Pasir Avenue 1, Singapore 350148",Singapore,Central,1.0,Dessert,103.8677912,1.3323264,6284 6323,Not in Michelin Guide Yet,https://maps.google.com/?cid=15767807242042951929,Not Awarded Any Yet,"Dine-in,Takeaway",No Description Available Yet,A,0,3,2.33,poor,0.8329,terrible,0.5353,good,0.356,2.0,1.0,3.33
ChIJZVJ6-5kU2jERuPN41dhGS3M,N&N Nasi Padang Corner,"1036 Sembawang Road, Singapore 758501",Singapore,North,2.0,Indonesian,103.8328682,1.4536695,9856 0618,Not in Michelin Guide Yet,https://maps.google.com/?cid=8307811834723365816,Not Awarded Any Yet,"Dine-in,Takeaway,Outdoor seating,Coffee,NFC payments",No Description Available Yet,A,0,3,2.0,good,0.6496,good,0.2576,good,0.822,3.0,3.0,3.0
ChIJn21oVcEb2jERX59EsA15tws,Naked Finn,"39 Malan Rd, Gillman Barracks, Singapore 109442",Singapore,Central,3.0,Seafood,103.8044092,1.2761698,6694 0807,Not in Michelin Guide Yet,https://maps.google.com/?cid=844276554854080351,Not Awarded Any Yet,"Dine-in,Reservations,Beer,Wine,Cocktails,Coffee,Credit cards,NFC payments,Wheelchair accessible",No Description Available Yet,A,0,3,4.67,good,0.6903,excellent,0.6039,good,0.9795,3.67,4.67,4.0
ChIJwcLtvTob2jERwi529qUtqrc,Nakin Thai,"720 Clementi West Street 2, Singapore 120720",Singapore,Central,1.0,Thai,103.7636101,1.3027956,No Phone Number Listed,Not in Michelin Guide Yet,https://maps.google.com/?cid=13234440645809417922,Not Awarded Any Yet,"Dine-in,Takeaway,Coffee",No Description Available Yet,A,0,5,1.8,poor,0.9108,poor,0.7642,terrible,0.9479,2.4,2.0,2.2
ChIJfSuPLzwR2jERyQgqBmjkdNI,Nam Kee Pau (Upper Bukit Timah),"446 Upper Bukit Timah Road, Singapore 678211",Singapore,West,1.0,Street Food,103.7675925,1.3596072,6370 1155,Not in Michelin Guide Yet,https://maps.google.com/?cid=15164996980694452425,Not Awarded Any Yet,"Takeaway,Delivery,Outdoor seating,Coffee",No Description Available Yet,A,0,4,3.5,good,0.529,excellent,0.4578,good,0.6595,3.25,3.75,3.75
ChIJz9sAS9sX2jERV1QGKvv9_8o,Nam Kee Pau (Marigold),"Marigold Drive, Singapore 576587",Singapore,North-East,1.0,Street Food,103.8308,1.3548,No Phone Number Listed,Not in Michelin Guide Yet,https://maps.google.com/?cid=14627689369906336855,Not Awarded Any Yet,Takeaway,No Description Available Yet,A,0,5,1.8,poor,0.8389,terrible,0.8058,terrible,0.6995,2.4,2.0,1.8
ChIJdTPcFQAF2jERkUSs3Pq6kTk,Nam Kee Pau (Joo Koon Bus Interchange),"Joo Koon Bus Interchange, Singapore 629116",Singapore,West,1.0,Street Food,103.6780653,1.3270992,No Phone Number Listed,Not in Michelin Guide Yet,https://maps.google.com/?cid=4148302318391805073,Not Awarded Any Yet,,No Description Available Yet,A,0,3,5.0,good,0.8897,good,0.7979,good,0.9958,4.0,4.33,4.0
ChIJUSP_2ioR2jER-oi38hcEwnk,Nami Korean Grill House By Hanjip,"18 Greenwood Avenue, Singapore 289215",Singapore,Central,4.0,Korean,103.8068784,1.3314568,8831 4180,Not in Michelin Guide Yet,https://maps.google.com/?cid=8773579524974020858,Not Awarded Any Yet,"Dine-in,Takeaway,Delivery,Reservations,Outdoor seating,Beer,Wine,Credit cards,NFC payments",No Description Available Yet,A,0,5,5.0,good,0.6505,excellent,0.9513,good,0.9458,4.4,4.8,4.0
ChIJbTCwXgAX2jERlpjtGwndoWE,Nan Yang Dao (Lentor Modern),"7 Lentor Central, Singapore 788890",Singapore,North,1.0,Asian,103.8350087,1.3852353,No Phone Number Listed,Not in Michelin Guide Yet,https://maps.google.com/?cid=7035147124122425494,Not Awarded Any Yet,"Dine-in,Delivery,Coffee",No Description Available Yet,A,0,5,5.0,good,0.6345,excellent,0.7247,good,0.5465,4.0,4.6,4.0
ChIJvb8xTgAX2jERJGZY-JOq0GI,Nan Yang Dao (Thomson Plaza),"Upper Thomson Road, Singapore 576583",Singapore,North-East,1.0,Asian,103.8308643,1.3548791,8101 8394,Not in Michelin Guide Yet,https://maps.google.com/?cid=7120378563376211492,Not Awarded Any Yet,"Dine-in,Takeaway,Delivery,Coffee,Credit cards,NFC payments,Wheelchair accessible",No Description Available Yet,A,0,5,3.8,good,0.4731,good,0.2353,good,0.7045,3.6,4.4,4.0
ChIJpacnPPwa2jERoFkXHFExOI8,Nana Original Thai Food Clementi,"18 Clementi Rd, Singapore 129747",Singapore,Central,1.0,Thai,103.7686345,1.2929144,8861 4209,Not in Michelin Guide Yet,https://maps.google.com/?cid=10320052770552895904,Not Awarded Any Yet,"Dine-in,Takeaway,Outdoor seating,Beer,Coffee,Credit cards,NFC payments",No Description Available Yet,A,0,5,2.8,poor,0.7458,poor,0.5704,poor,0.9617,2.4,2.8,2.8
ChIJO4L-b8EF2jERfcF00jX9Ae8,Nandhana's Restaurant,"1 Joo Koon Circle, Singapore 629117",Singapore,West,2.0,Indian,103.678449,1.3271539,6904 3766,Not in Michelin Guide Yet,https://maps.google.com/?cid=17222324857647448445,Not Awarded Any Yet,"Dine-in,Takeaway,Delivery,Reservations,Coffee,NFC payments,Wheelchair accessible",No Description Available Yet,A,0,2,3.0,excellent,0.9114,excellent,0.7238,good,0.9978,3.5,3.5,3.0
ChIJ-YcVucUV2jERo4NKS9Wl7WE,Nandhana’S Restaurant (Yishun),"Sembawang Road, Singapore 761701",Singapore,North,2.0,Indian,103.826507,1.428485,6015 0276,Not in Michelin Guide Yet,https://maps.google.com/?cid=7056478526669226915,Not Awarded Any Yet,"Dine-in,Takeaway,Delivery,Reservations,Coffee,Credit cards,NFC payments,Wheelchair accessible",No Description Available Yet,A,0,3,5.0,good,0.8809,excellent,0.6679,good,0.9973,4.33,5.0,4.0
ChIJxZ2RNaUZ2jERMo68GmZP218,Nando's Bugis Junction | Flame-Grilled Peri-Peri Chicken,"200 Victoria St, #01-85/86/87 Bugis Junction, Singapore 188021",Singapore,Central,2.0,Chicken,103.8547656,1.2989104,6338 6555,Not in Michelin Guide Yet,https://maps.google.com/?cid=6907201753456610866,Not Awarded Any Yet,"Dine-in,Takeaway,Reservations,Outdoor seating,Coffee,Credit cards,NFC payments,Wheelchair accessible",Afro-Portuguese chain for flame-grilled peri-peri chicken in African bird’s-eye chilli at different heat flavours.,A,0,5,3.4,good,0.7442,excellent,0.837,good,0.9364,3.4,3.8,3.4
ChIJp0JVlEIa2jERoGAY_U-BEbQ,Nando’S Star Vista | Flame-Grilled Peri-Peri Chicken,"1 Vista Exchange Green, Singapore 138617",Singapore,Central,2.0,Chicken,103.7882145,1.3070679,6694 0630,Not in Michelin Guide Yet,https://maps.google.com/?cid=12975294181979742368,Not Awarded Any Yet,"Dine-in,Takeaway,Reservations,Outdoor seating,Beer,Coffee,Credit cards,NFC payments,Wheelchair accessible",Afro-Portuguese chain for flame-grilled peri-peri chicken in African bird’s-eye chilli at different heat flavours.,A,0,5,2.0,poor,0.8084,poor,0.2054,good,0.8283,2.4,3.0,3.2
ChIJV34W7ecZ2jER_khbLcR0NSQ,Nanta Bbq,"175 Thomson Road, Singapore 307608",Singapore,Central,2.0,Korean Barbecue,103.8437226,1.3183031,6258 1391,Not in Michelin Guide Yet,https://maps.google.com/?cid=2609119945054439678,Not Awarded Any Yet,"Dine-in,Takeaway,Delivery,Reservations,Beer,Wine,Credit cards,NFC payments",No Description Available Yet,A,0,3,5.0,good,0.6194,good,0.4923,good,0.9659,3.67,4.33,4.0
ChIJuXj1BZQZ2jERjN8GIJf46og,Nasi Lemak Ayam Taliwang (Gardens By The Bay),"OCBC Skyway, Singapore 018593",Singapore,Central,1.0,Halal,103.8644893,1.2812978,8089 1465,Not in Michelin Guide Yet,https://maps.google.com/?cid=9865971261669564300,Not Awarded Any Yet,"Dine-in,Takeaway,Delivery,Coffee,NFC payments,Wheelchair accessible",No Description Available Yet,A,0,4,2.75,poor,0.8463,poor,0.4451,poor,0.7776,2.0,2.25,2.5
ChIJSe39_DYR2jERt6CwARTMatg,Nasi Lemak House .Com,"Jalan Anak Bukit, Singapore 588996",Singapore,Central,1.0,Street Food,103.7785632,1.338592,No Phone Number Listed,Not in Michelin Guide Yet,https://maps.google.com/?cid=15594501046023528631,Not Awarded Any Yet,"Dine-in,Takeaway,Coffee",No Description Available Yet,A,0,4,5.0,good,0.7201,excellent,0.7386,good,0.9158,3.5,4.5,4.0
ChIJf7JfE68b2jERfkjctooUmCA,Native Kitchen - Asian Cuisine/Local Favourites (Sentosa),"10 Artillery Avenue Sentosa Island, Lobby Level Village Hotel at Sentosa, 099951",Singapore,Central,2.0,Singaporean,103.8203696,1.2528069,6722 0818,Not in Michelin Guide Yet,https://maps.google.com/?cid=2348649791679645822,Not Awarded Any Yet,"Dine-in,Takeaway,Delivery,Reservations,Beer,Wine,Cocktails,Coffee,Credit cards,NFC payments,Wheelchair accessible",No Description Available Yet,A,0,4,5.0,good,0.7118,excellent,0.8341,good,0.8422,4.0,4.75,4.0
ChIJXeNqJ34P2jERIs_-8GD6GJ4,Navratna Indian Food & Pizza,"Joo Koon Bus Interchange, Singapore 629116",Singapore,West,1.0,Indian,103.6780429,1.3270973,No Phone Number Listed,Not in Michelin Guide Yet,https://maps.google.com/?cid=11392130551700705058,Not Awarded Any Yet,"Dine-in,Takeaway,Coffee,NFC payments,Wheelchair accessible",No Description Available Yet,B,1,3,1.33,poor,0.9079,excellent,0.5778,poor,0.9906,2.0,2.67,2.67
ChIJk4Tb_E8X2jERI63VAV5fJUw,"Nayana Kpop Cafe & RestaurantFlora Vista, Nice Korean Food (Amk Singapore, Indoor Pet Friendly, Vegetarian Options)","7 Ang Mo Kio Street 66, Singapore 569061",Singapore,North-East,2.0,Korean,103.8505798,1.3917673,No Phone Number Listed,Not in Michelin Guide Yet,https://maps.google.com/?cid=5486896578383162659,Not Awarded Any Yet,"Dine-in,Takeaway,Delivery,Reservations,Outdoor seating,Beer,Wine,Cocktails,Coffee,Credit cards,NFC payments,Wheelchair accessible",No Description Available Yet,A,0,2,5.0,average,0.8019,excellent,0.9788,good,0.9966,4.0,5.0,4.0
ChIJVVN5-ZkU2jERtx2kPosqNo4,Nelson Bar & Restaurant (Sembawang),"Sembawang Road, Singapore 758501",Singapore,North,2.0,Bar,103.8327361,1.4533759,8468 6666,Not in Michelin Guide Yet,https://maps.google.com/?cid=10247424779667905975,Not Awarded Any Yet,"Dine-in,Delivery,Reservations,Beer,Wine,Cocktails,Credit cards,NFC payments",No Description Available Yet,A,0,3,4.33,average,0.8947,excellent,0.9238,good,0.9438,3.33,4.67,4.0
ChIJ-eIsGtoP2jER5yDlEzrLACE,Neo Garden Restaurant,"406 Jurong West Street 42, Block 406, Singapore 640406",Singapore,West,3.0,Chinese,103.7225882,1.3542421,6560 1012,Not in Michelin Guide Yet,https://maps.google.com/?cid=2378124053553946855,Not Awarded Any Yet,"Takeaway,Reservations",No Description Available Yet,A,0,1,3.0,poor,0.7582,terrible,0.9839,terrible,0.7791,2.0,1.0,1.0
ChIJMTfXgw0R2jER4gj8kqiKLUc,New Nanyang | Hillv2,"4 Hillview Rise, Singapore 667979",Singapore,West,1.0,Singaporean,103.7644966,1.3630151,8016 3665,Not in Michelin Guide Yet,https://maps.google.com/?cid=5128908007269992674,Not Awarded Any Yet,"Dine-in,Takeaway,Delivery,Reservations,Outdoor seating,Beer,Cocktails,Coffee,Credit cards,NFC payments,Wheelchair accessible",No Description Available Yet,B,1,3,2.67,poor,0.7355,good,0.1173,good,0.5846,2.67,3.33,4.0
ChIJJb1OuVgT2jERRZkz3HVVBRE,New Palani Indian Food,"25 Woodlands Industrial Park E1, Singapore 757780",Singapore,North,1.0,Indian,103.79799,1.4551799,9887 1474,Not in Michelin Guide Yet,https://maps.google.com/?cid=1226480438222231877,Not Awarded Any Yet,"Dine-in,Takeaway,Wheelchair accessible",No Description Available Yet,B,1,2,4.0,good,0.9889,excellent,0.505,good,0.9534,4.0,4.5,4.0
ChIJ9dCiNt8X2jER5OWfcH_svP8,New Taste (Jalan Kayu),"243 Jalan Kayu, Singapore 799457",Singapore,North-East,2.0,Chinese,103.8729179,1.396385,6962 8586,Not in Michelin Guide Yet,https://maps.google.com/?cid=18427863807387756004,Not Awarded Any Yet,"Dine-in,Takeaway,Delivery,Reservations,Outdoor seating,Beer,Wine,Credit cards,NFC payments",No Description Available Yet,B,1,4,4.0,good,0.6596,excellent,0.5083,good,0.569,3.75,4.75,4.0
ChIJ7SeKDbIT2jER7ItBJMVOVk0,New World (Meng Kee) Famous Prawn Noodle,"302 Woodlands Street 31, Singapore 730302",Singapore,North,1.0,Noodle Shop,103.7740358,1.4314841,No Phone Number Listed,Not in Michelin Guide Yet,https://maps.google.com/?cid=5572728197541366764,Not Awarded Any Yet,"Dine-in,Takeaway",No Description Available Yet,A,0,5,4.2,good,0.5623,good,0.2832,good,0.705,3.2,3.0,4.0
ChIJe4wL_OsZ2jERySoDk6jlhNQ,Newton Food Centre,"500 Clemenceau Avenue North, Singapore 229495",Singapore,Central,1.0,Food Court,103.8395742,1.3119888,No Phone Number Listed,Not in Michelin Guide Yet,https://maps.google.com/?cid=15313617145150253769,Not Awarded Any Yet,"Dine-in,Takeaway,Delivery,Credit cards,NFC payments,Wheelchair accessible",Lively market with numerous stalls & hawkers offering seafood & local specialities.,A,0,1,3.0,poor,0.8293,poor,0.1636,good,0.6625,2.0,2.0,4.0
ChIJaVvEL9sZ2jER1hIYqxs_yxI,Ng Ah Sio Bak Kut Teh (Rangoon Road),"208 Rangoon Rd, Hong Building, Singapore 218453",Singapore,Central,2.0,Singaporean,103.8528465,1.3176018,6291 4537,Not in Michelin Guide Yet,https://maps.google.com/?cid=1354245501022114518,Not Awarded Any Yet,"Dine-in,Takeaway,Outdoor seating,Coffee,Credit cards,NFC payments,Wheelchair accessible","Casual, bustling spot known for its namesake peppery pork rib soup & other Singaporean classics.",A,0,4,3.5,good,0.7158,good,0.5463,good,0.7771,3.75,3.5,3.25
ChIJS44NPfwa2jERH1ygoIgk05w,Niqqi's The Cheese Prata Shop,"16 Clementi Rd, Singapore 129745",Singapore,Central,1.0,Indian,103.7685899,1.2928572,8222 9822,Not in Michelin Guide Yet,https://maps.google.com/?cid=11300416059231722527,Not Awarded Any Yet,"Dine-in,Takeaway,Delivery,Reservations,Outdoor seating,Coffee",No Description Available Yet,A,0,3,3.33,good,0.8969,excellent,0.6209,good,0.9659,3.33,3.33,3.0
ChIJ6YKu6vEa2jER-SoMeW_KAtE,Nks Indian Muslim,"#01-126, 721 Clementi West Street 2, Singapore 120721",Singapore,Central,1.0,Indian,103.7642174,1.3031277,No Phone Number Listed,Not in Michelin Guide Yet,https://maps.google.com/?cid=15060822684001381113,Not Awarded Any Yet,"Dine-in,Takeaway,Wheelchair accessible",No Description Available Yet,B,1,4,3.5,average,0.5599,excellent,0.6118,good,0.9033,3.5,3.75,3.75
ChIJWdqmIQAR2jERW1D8rk5jQRs,Nks Indian Muslim Food (Choa Chu Kang Street 62),"624 Choa Chu Kang Street 62, Singapore 680624",Singapore,West,1.0,Indian,103.7467985,1.3978458,No Phone Number Listed,Not in Michelin Guide Yet,https://maps.google.com/?cid=1963960102104617051,Not Awarded Any Yet,"Dine-in,Takeaway,Coffee",No Description Available Yet,A,0,4,3.25,good,0.6744,good,0.4866,good,0.6858,3.0,3.0,3.0
ChIJvTyrzTsY2jERoMU50NeYx7k,No Signboard Seafood At Geylang,"Geylang Road, Singapore 389406",Singapore,Central,3.0,Seafood,103.8827264,1.3128969,6842 3415,Not in Michelin Guide Yet,https://maps.google.com/?cid=13386836470060926368,Not Awarded Any Yet,"Dine-in,Takeaway,Reservations,Outdoor seating,Beer,Wine,Coffee,Credit cards,NFC payments,Wheelchair accessible",No Description Available Yet,B,1,2,3.0,good,0.5844,good,0.4174,good,0.7664,3.0,3.0,3.0
ChIJv4Mk4QYa2jERIgWstawGrA8,No. 1 Adam's Nasi Lemak,"2 Adam Road, Singapore 289876",Singapore,Central,1.0,Street Food,103.8141545,1.3240414,No Phone Number Listed,Not in Michelin Guide Yet,https://maps.google.com/?cid=1129284945415243042,Not Awarded Any Yet,"Dine-in,Takeaway,Wheelchair accessible",No Description Available Yet,A,0,5,2.4,poor,0.8222,good,0.6243,good,0.8872,2.4,3.2,3.2
ChIJZQgQCQAP2jER69LKMcJUbko,No. 8 Kitchen,"638A Jurong West Street 61, Singapore 641638",Singapore,West,1.0,Chinese,103.6977813,1.3418938,No Phone Number Listed,Not in Michelin Guide Yet,https://maps.google.com/?cid=5363317399280603883,Not Awarded Any Yet,,No Description Available Yet,A,0,4,3.0,good,0.6232,good,0.5225,good,0.8424,3.0,3.75,4.0
ChIJLfLd8WUR2jERJzv1LnUhq60,Nonya Bong The Peranakan,"691B Choa Chu Kang Crescent, Singapore 682691",Singapore,West,2.0,Peranakan,103.750866,1.4019304,8303 1755,Not in Michelin Guide Yet,https://maps.google.com/?cid=12514132776761768743,Not Awarded Any Yet,"Dine-in,Takeaway,Reservations,Coffee,NFC payments",No Description Available Yet,A,0,5,5.0,average,0.5147,excellent,0.4575,good,0.7544,4.0,4.2,4.2
ChIJMfRLwpcP2jERN9e19lLPheI,Noorvajagath,"815 Jurong West Avenue 5, Singapore 640816",Singapore,West,1.0,Street Food,103.6960676,1.3453576,8378 3712,Not in Michelin Guide Yet,https://maps.google.com/?cid=16322680379707610935,Not Awarded Any Yet,"Dine-in,Takeaway",No Description Available Yet,B,1,5,1.2,poor,0.7717,poor,0.8465,poor,0.6781,2.0,1.6,2.4
ChIJ7yFKFMgR2jERdKeiUVLXNaA,Ntp Western & Grill,"Bukit Panjang Road, Singapore 679947",Singapore,West,1.0,Western,103.7725022,1.3775186,No Phone Number Listed,Not in Michelin Guide Yet,https://maps.google.com/?cid=11544369968391038836,Not Awarded Any Yet,"Dine-in,Takeaway,Wheelchair accessible",No Description Available Yet,A,0,5,3.6,poor,0.9317,good,0.6076,good,0.9253,2.8,3.2,3.4
ChIJ4ahB-GAU2jER1Muq44LVxOg,Nurfir Nasi Ayam,"Yishun Avenue 6, Singapore 760248",Singapore,North,1.0,Malay,103.8431349,1.4361785,9474 1986,Not in Michelin Guide Yet,https://maps.google.com/?cid=16772765670376655828,Not Awarded Any Yet,"Dine-in,Takeaway,Delivery,Outdoor seating,Coffee,Cash only,Wheelchair accessible",No Description Available Yet,B,1,3,2.67,average,0.7455,average,0.4841,average,0.9579,3.0,3.0,3.0
ChIJQ6frzW0Q2jERs7aQiG-daxw,Nury Dian Xin Delight,"8A Admiralty Street, Singapore 757437",Singapore,North,2.0,Manufacturer,103.8147431,1.4630794,6564 5667,Not in Michelin Guide Yet,https://maps.google.com/?cid=2047903557928138419,Not Awarded Any Yet,Delivery,No Description Available Yet,A,0,5,5.0,excellent,0.6424,excellent,0.9356,good,0.9697,4.2,5.0,4.0
ChIJ60CIAdUb2jERSvwkMfwaEWM,Nyonya Curry Puff Cafe,"24 Sin Ming Road, Singapore 570024",Singapore,North-East,1.0,Food,103.8364533,1.3553434,9881 3552,Not in Michelin Guide Yet,https://maps.google.com/?cid=7138516554817535050,Not Awarded Any Yet,"Dine-in,Takeaway,Delivery",No Description Available Yet,A,0,5,4.2,good,0.8244,excellent,0.7186,good,0.951,3.8,4.0,3.4
ChIJ47ET1WEQ2jERXN5T1RcyCQo,O.Bba Jjajang & Bbq,"19 Cheong Chin Nam Road, Singapore 599736",Singapore,Central,2.0,Korean,103.7750924,1.3434531,6463 9262,Not in Michelin Guide Yet,https://maps.google.com/?cid=723164293114355292,Not Awarded Any Yet,"Dine-in,Takeaway,Delivery,Beer,Credit cards,NFC payments",No Description Available Yet,A,0,4,4.75,average,0.82,excellent,0.8408,good,0.8961,3.25,4.75,4.0
ChIJ_VQGYcQX2jER42EsUwsttT4,O2 Cafe Cucina 17,"3 Ang Mo Kio Electronics Park Road, Singapore 569450",Singapore,North-East,2.0,Cafe,103.8464965,1.3892748,No Phone Number Listed,Not in Michelin Guide Yet,https://maps.google.com/?cid=4518567327799468515,Not Awarded Any Yet,"Dine-in,Takeaway,Outdoor seating,Coffee,Credit cards,NFC payments,Wheelchair accessible",No Description Available Yet,A,0,4,4.0,good,0.5949,good,0.4465,good,0.7699,4.0,4.0,4.0
ChIJKVlOYI0Z2jERbutcJw5KbxQ,Oasis Bar & Restaurant,"10 Scotts Rd, Level 1 Terrace Wing, Singapore 228211",Singapore,Central,2.0,Western,103.8334004,1.3062616,6732 1234,Not in Michelin Guide Yet,https://maps.google.com/?cid=1472477027823840110,Not Awarded Any Yet,"Dine-in,Delivery,Reservations,Outdoor seating,Beer,Wine,Cocktails,Coffee,Credit cards,NFC payments,Wheelchair accessible",No Description Available Yet,A,0,5,4.8,good,0.7265,excellent,0.7473,good,0.8532,4.0,4.6,4.0
ChIJ-eGhoVUZ2jERqnCQOy9DEeo,Oasis Spice Caf,"8 Sentosa Gateway, Universal Studios, 098269",Singapore,Central,2.0,Indian,103.8225935,1.2538639,No Phone Number Listed,Not in Michelin Guide Yet,https://maps.google.com/?cid=16866335949621063850,Not Awarded Any Yet,"Dine-in,Takeaway,Outdoor seating,Coffee,Credit cards,NFC payments,Wheelchair accessible",No Description Available Yet,A,0,5,4.4,good,0.8368,excellent,0.8093,good,0.8546,3.4,4.2,4.0
ChIJJyodxP0b2jERvwv6K_-NPY8,Ocean Restaurant,"B1M, Equarius Hotel, 16 Sentosa Gateway, Resorts World Sentosa, 098133",Singapore,Central,4.0,Fine Dining,103.8166317,1.2579753,6577 6869,Not in Michelin Guide Yet,https://maps.google.com/?cid=10321562048097029055,Not Awarded Any Yet,"Dine-in,Reservations,Beer,Wine,Cocktails,Coffee,Credit cards,NFC payments,Wheelchair accessible","Underwater fine-dining venue with panoramic views of tropical fish, manta rays & reef sharks.",A,0,5,3.8,good,0.6381,excellent,0.9033,good,0.7131,3.8,4.4,3.4
ChIJg1kjEKAZ2jERUbu413xQv7c,Octapas (International Tapas Bar),"North Boat Quay, Singapore 179024",Singapore,Central,2.0,Bar,103.8468426,1.2903999,0917 523 8857,Not in Michelin Guide Yet,https://maps.google.com/?cid=13240389926617922385,Not Awarded Any Yet,"Dine-in,Takeaway,Reservations,Outdoor seating,Live music,Beer,Wine,Cocktails,Credit cards,NFC payments",No Description Available Yet,A,0,3,1.0,poor,0.6785,average,0.4611,good,0.5135,2.0,2.0,2.33
ChIJEZv0emYX2jER0c-P6GmF_Vc,Odeon Beef Noodles (Koufu Thomson Plaza),"Upper Thomson Road, Singapore 576583",Singapore,North-East,1.0,Street Food,103.8308906,1.3548586,No Phone Number Listed,Not in Michelin Guide Yet,https://maps.google.com/?cid=6340370540327325649,Not Awarded Any Yet,"Dine-in,Takeaway,NFC payments,Wheelchair accessible",No Description Available Yet,A,0,5,3.0,good,0.6702,good,0.4356,good,0.9097,3.2,3.2,3.2
ChIJCYzVZHUT2jERfDzBtFzLfgA,Ofanz Rojak & Popiah,"Blk 676 Woodlands Drive 71, Singapore 730676",Singapore,North,1.0,Street Food,103.8006002,1.4398187,No Phone Number Listed,Not in Michelin Guide Yet,https://maps.google.com/?cid=35689446095535228,Not Awarded Any Yet,"Takeaway,Wheelchair accessible",No Description Available Yet,A,0,5,3.4,good,0.6069,good,0.3813,good,0.8418,3.8,3.6,3.4
ChIJ04wCwu0T2jERegJBBuoxChs,Ok Chicken Rice & Humfull Laksa (Wh),"Woodlands Height, Singapore 737858",Singapore,North,1.0,Street Food,103.799284,1.4284946,6717 6291,Not in Michelin Guide Yet,https://maps.google.com/?cid=1948424669988192890,Not Awarded Any Yet,"Dine-in,Takeaway,Delivery,Wheelchair accessible",No Description Available Yet,A,0,5,4.2,average,0.734,excellent,0.7194,good,0.9204,3.8,4.4,4.4
ChIJyShzYDEV2jERLwdx-iLYb1k,Ok Chicken Rice & Humfull Laksa (Yishun),"Yishun Street 51, Singapore 763513",Singapore,North,1.0,Halal,103.8439258,1.4162877,9026 7051,Not in Michelin Guide Yet,https://maps.google.com/?cid=6444607236532668207,Not Awarded Any Yet,"Dine-in,Takeaway,Delivery,Coffee,NFC payments,Wheelchair accessible",No Description Available Yet,B,1,4,5.0,excellent,0.8002,good,0.9448,good,0.998,4.5,4.25,4.0
ChIJLWkAdQAR2jERjAFJ1Q1Is0g,Oka Japanese Restaurant,"Island Club Road, Singapore 578774",Singapore,North-East,3.0,Japanese,103.8184598,1.358925,6431 8256,Not in Michelin Guide Yet,https://maps.google.com/?cid=5238610015812125068,Not Awarded Any Yet,"Dine-in,Reservations,Beer,Credit cards,NFC payments",No Description Available Yet,A,0,3,5.0,good,0.5335,good,0.3304,good,0.6935,3.67,4.33,4.0
ChIJuU9qyPgb2jERidqJVhPuyUw,Ola Beach Club,"46 Siloso Bch Walk, 099005",Singapore,Central,3.0,Western,103.8152455,1.2531173,8028 3228,Not in Michelin Guide Yet,https://maps.google.com/?cid=5533215384025029257,Not Awarded Any Yet,"Dine-in,Delivery,Reservations,Outdoor seating,Beer,Wine,Cocktails,Coffee,Credit cards,NFC payments,Wheelchair accessible","Hawaiian-themed bar & water sports center with a swimming pool, a restaurant & DJs after dark.",A,0,5,4.8,excellent,0.8166,excellent,0.8685,good,0.9145,3.8,4.8,4.0
ChIJWzTvXEcY2jERvSzB8XNKKCk,Old Airport Road Food Centre,"51 Old Airport Road, Singapore 390051",Singapore,Central,1.0,Street Food,103.8858445,1.3082405,No Phone Number Listed,Not in Michelin Guide Yet,https://maps.google.com/?cid=2965702216461135037,Not Awarded Any Yet,"Dine-in,Takeaway,Delivery,Outdoor seating,Beer,Coffee,NFC payments,Wheelchair accessible","Busy indoor hawker center with stalls serving noodle soups, stir-fries, curries & dumplings.",B,1,3,5.0,average,0.9106,excellent,0.5527,good,0.9172,4.0,4.67,4.0
ChIJMa4IPwAT2jERjAGZzUgDrLE,Old Airport Road Wanton Mee,"20 Woodlands Drive 17, Singapore 737924",Singapore,North,1.0,Street Food,103.7943989,1.4247128,No Phone Number Listed,Not in Michelin Guide Yet,https://maps.google.com/?cid=12802611451929362828,Not Awarded Any Yet,"Dine-in,Takeaway,Wheelchair accessible",No Description Available Yet,A,0,5,3.0,good,0.6294,good,0.5256,good,0.6783,3.0,3.0,3.6
ChIJiU9mL2AZ2jER07ZospknPBk,Old Habits Cafe,"2 Telok Blangah Way, Mt Faber, #01-04 Next to the Swimming Pool, SAFRA, 098803",Singapore,Central,2.0,Cafe,103.8175278,1.2771481,8864 3343,Not in Michelin Guide Yet,https://maps.google.com/?cid=1818371890627524307,Not Awarded Any Yet,"Dine-in,Takeaway,Delivery,Reservations,Outdoor seating,Beer,Wine,Coffee,Credit cards,NFC payments,Wheelchair accessible",No Description Available Yet,A,0,3,5.0,good,0.6345,excellent,0.9709,good,0.9926,3.67,5.0,4.0
ChIJ3x7is3IZ2jERFSd4jaEqTC8,Old Nyonya,"1 Kadayanallur St, #01-04 Maxwell Food Centre, Singapore 069184",Singapore,Central,1.0,Street Food,103.8446788,1.2806167,8072 0948,Not in Michelin Guide Yet,https://maps.google.com/?cid=3408145891364185877,Not Awarded Any Yet,"Dine-in,Takeaway,Delivery,Outdoor seating,Beer,Coffee,Cash only,Wheelchair accessible",No Description Available Yet,B,1,5,4.2,good,0.7738,excellent,0.7628,good,0.966,3.8,4.2,3.8
ChIJl7Mt2S4b2jER4cqFkLjWtIE,Old Place Coffee,"37 Teban Gardens Road, Singapore 600037",Singapore,West,1.0,Cafe,103.7427812,1.32086,No Phone Number Listed,Not in Michelin Guide Yet,https://maps.google.com/?cid=9346331214887635681,Not Awarded Any Yet,"Dine-in,Takeaway,Coffee",No Description Available Yet,A,0,5,4.6,good,0.9181,good,0.8673,good,0.8009,4.0,4.0,4.0
ChIJg778KgAR2jERjZ5JerAQ3xo,Old Punggol Nasi Lemak | Economy Rice,"668a Choa Chu Kang Cres, Singapore 680668",Singapore,West,1.0,Street Food,103.7504553,1.4017334,No Phone Number Listed,Not in Michelin Guide Yet,https://maps.google.com/?cid=1936284714944536205,Not Awarded Any Yet,,No Description Available Yet,B,1,1,1.0,terrible,0.9866,terrible,0.7303,terrible,0.5736,1.0,1.0,1.0
ChIJERAvwEsY2jERBIvYoeeyuh0,Old Street Bak Kut Teh,"Stadium Riverside Walk, Singapore 397628",Singapore,Central,2.0,Street Food,103.8724007,1.3034977,6438 6886,Not in Michelin Guide Yet,https://maps.google.com/?cid=2142221280690604804,Not Awarded Any Yet,"Dine-in,Takeaway,Delivery,Coffee,Credit cards,NFC payments,Wheelchair accessible",No Description Available Yet,A,0,5,2.4,poor,0.8132,terrible,0.7085,good,0.7972,2.8,2.6,2.6
ChIJ2XO3SFAT2jERy8vBEk3wGw4,Old Times,"676 Woodlands Drive 71, Singapore 730676",Singapore,North,1.0,Street Food,103.8006515,1.4398741,No Phone Number Listed,Not in Michelin Guide Yet,https://maps.google.com/?cid=1016670354720017355,Not Awarded Any Yet,"Dine-in,Takeaway,Wheelchair accessible",No Description Available Yet,B,1,4,1.5,good,0.4445,good,0.1887,good,0.4513,3.5,3.25,3.5
ChIJ_d5uWgAR2jERETWtZFoJp8Q,Old Tiong Bahru Bak Kut Teh,"Anamalai Avenue, Singapore 276472",Singapore,Central,1.0,Chinese,103.7949767,1.3306312,9447 7577,Not in Michelin Guide Yet,https://maps.google.com/?cid=14170305036385334545,Not Awarded Any Yet,"Dine-in,Takeaway",No Description Available Yet,B,1,4,3.75,good,0.4588,excellent,0.5142,good,0.8238,3.5,3.75,3.5
ChIJnSxdILMR2jERn6Mzeid87bE,Omar Shariff Authentic Indian Cuisine,"Greenwood Avenue, Singapore 289215",Singapore,Central,2.0,Indian,103.8068962,1.331318,9151 0015,Not in Michelin Guide Yet,https://maps.google.com/?cid=12821040223189443487,Not Awarded Any Yet,"Dine-in,Takeaway,Delivery,Reservations,Outdoor seating,Coffee,Credit cards",No Description Available Yet,A,0,5,5.0,average,0.7313,excellent,0.6177,good,0.9687,3.8,4.8,3.8
ChIJNxkcycUX2jERQy0E0S6-P8c,Omot,"Soo Chow Garden Road, Singapore 577937",Singapore,North-East,2.0,Japanese,103.8312373,1.3545895,9450 1020,Not in Michelin Guide Yet,https://maps.google.com/?cid=14357403245364915523,Not Awarded Any Yet,"Dine-in,Takeaway,Delivery,Reservations,Beer,Cocktails,Credit cards,NFC payments",No Description Available Yet,A,0,4,2.75,good,0.8576,good,0.6031,good,0.9899,2.75,2.5,2.75
ChIJxxr--7cZ2jERH76ptjIrcp0,One Kueh At A Time,"713A Ang Mo Kio Avenue 6, Singapore 561713",Singapore,North-East,1.0,Takeout,103.8459022,1.371723,9795 6119,Not in Michelin Guide Yet,https://maps.google.com/?cid=11345177908112637471,Not Awarded Any Yet,"Takeaway,Delivery",No Description Available Yet,A,0,5,3.2,good,0.7394,excellent,0.4756,good,0.951,3.2,3.8,3.2
ChIJy9Q8XwoV2jERfpCCXitBAYo,One Ocean,"807 Yishun Ring Road, Singapore 760807",Singapore,North,2.0,Singaporean,103.8314391,1.416573,9625 8836,Not in Michelin Guide Yet,https://maps.google.com/?cid=9944301106735779966,Not Awarded Any Yet,"Takeaway,Coffee,Wheelchair accessible",No Description Available Yet,A,0,5,4.0,good,0.8822,excellent,0.6683,good,0.9927,3.8,4.2,3.8
ChIJ3UWEliMS2jERV--2pF8bfJU,One Sky Seafood Restaurant,"Woodlands Road, Singapore 729678",Singapore,North,2.0,Seafood,103.7566142,1.4083877,6256 3973,Not in Michelin Guide Yet,https://maps.google.com/?cid=10771514506362679127,Not Awarded Any Yet,"Dine-in,Takeaway,Delivery,Reservations,Outdoor seating,Beer,Coffee,Credit cards,NFC payments",No Description Available Yet,B,1,5,3.2,good,0.7509,good,0.7033,good,0.8716,3.0,3.0,3.6
ChIJW7MgQqMT2jERp-HB-xQjAT4,Ong Kee Pig Organ Soup Kway Chap,"Woodlands Drive 44, Singapore 730548",Singapore,North,1.0,Soup,103.7939058,1.4311733,No Phone Number Listed,Not in Michelin Guide Yet,https://maps.google.com/?cid=4467890878358348199,Not Awarded Any Yet,"Dine-in,Takeaway",No Description Available Yet,A,0,4,1.75,poor,0.8304,poor,0.5651,poor,0.808,2.25,2.5,2.25
ChIJ4997_OsZ2jERsjWBM7R3oqA,Ontap At Newton Food Center,"500 Clemenceau Avenue North, Singapore 229495",Singapore,Central,1.0,Street Food,103.8395562,1.3122654,No Phone Number Listed,Not in Michelin Guide Yet,https://maps.google.com/?cid=11574945608137520562,Not Awarded Any Yet,Beer,No Description Available Yet,B,1,3,5.0,good,0.7718,good,0.6863,good,0.229,3.67,4.33,4.0
ChIJB-h3MgAZ2jERB5WONmOTroc,Ooh Fu Thai,"Rocks, Singapore 018593",Singapore,Central,2.0,Thai,103.8688728,1.2821346,8313 1444,Not in Michelin Guide Yet,https://maps.google.com/?cid=9776913895394284807,Not Awarded Any Yet,"Dine-in,Takeaway,Wheelchair accessible",No Description Available Yet,A,0,4,3.5,poor,0.5015,excellent,0.337,average,0.9323,3.25,4.25,3.5
ChIJj2F29pUW2jERyb8zB7kf81c,Orange Point Coffee Shop,"Link@AMK, #08-32 Ang Mo Kio Street 62, Singapore 569139",Singapore,North-East,1.0,Coffee Shop,103.8454839,1.385913,6250 2238,Not in Michelin Guide Yet,https://maps.google.com/?cid=6337443980190662601,Not Awarded Any Yet,"Dine-in,Outdoor seating,Beer,Coffee,NFC payments",No Description Available Yet,A,0,4,2.5,good,0.8212,good,0.3828,good,0.9637,3.0,3.75,3.25
ChIJmROzynQU2jERyvVNn_XI0oY,Orchid Live Seafood,"Yishun Walk, Singapore 767944",Singapore,North,2.0,Seafood,103.8311004,1.4148567,6756 0311,Not in Michelin Guide Yet,https://maps.google.com/?cid=9715048303456810442,Not Awarded Any Yet,"Dine-in,Takeaway,Reservations,Outdoor seating,Beer,Wine,Credit cards,NFC payments,Wheelchair accessible",No Description Available Yet,A,0,5,4.4,good,0.7389,excellent,0.9015,good,0.9535,3.8,4.6,3.6
ChIJs34GmuER2jER-Ki9HPMQBro,Orchidville,"Sungei Tengah Road, Singapore 698985",Singapore,West,2.0,Chinese,103.7321327,1.3887661,9739 9602,Not in Michelin Guide Yet,https://maps.google.com/?cid=13404419977260148984,Not Awarded Any Yet,"Dine-in,Takeaway,Reservations,Beer,NFC payments,Wheelchair accessible",No Description Available Yet,A,0,3,5.0,average,0.8359,excellent,0.7823,good,0.9052,3.0,4.67,4.0
ChIJC49PrsUZ2jERyK3MoE4r_do,Oriental Ice Bistro,"Rangoon Road, Singapore 218374",Singapore,Central,2.0,Dessert Shop,103.8539502,1.3142305,6635 7426,Not in Michelin Guide Yet,https://maps.google.com/?cid=15779816286081297864,Not Awarded Any Yet,"Dine-in,Takeaway,Delivery,Credit cards,NFC payments,Wheelchair accessible",No Description Available Yet,B,1,4,4.5,good,0.8173,excellent,0.957,good,0.9962,4.25,4.5,4.0
ChIJmzY7Gmsa2jERKvr0lq11r7Q,Original Sin,"43 Jalan Merah Saga, Singapore 278115",Singapore,Central,3.0,Mediterranean,103.7965326,1.3112437,6475 5605,Not in Michelin Guide Yet,https://maps.google.com/?cid=13019754436173822506,Not Awarded Any Yet,"Dine-in,Takeaway,Delivery,Reservations,Outdoor seating,Beer,Wine,Cocktails,Coffee,Credit cards,NFC payments",No Description Available Yet,A,0,4,5.0,good,0.8178,excellent,0.5857,good,0.9011,3.75,4.75,4.0
ChIJncjPBA8U2jER5ol9uaCD7KY,Orto,"27 W Coast Hwy, Singapore 117867",Singapore,Central,2.0,Sports Activity Location,103.7805348,1.2831852,No Phone Number Listed,Not in Michelin Guide Yet,https://maps.google.com/?cid=12028133431129770470,Not Awarded Any Yet,"Credit cards,NFC payments,Wheelchair accessible","Recreational complex with prawning & fishing ponds, plus a trampoline park & a go-karting track.",B,1,3,5.0,average,0.851,excellent,0.9357,good,0.8387,4.0,4.67,4.0
ChIJufG1t1UZ2jERqqP4QaIoTzc,Osia Steak And Seafood Grill,"L2, Crockfords Tower, 10 Sentosa Gateway, Resorts World Sentosa, 098270",Singapore,Central,4.0,Seafood,103.8198997,1.2554492,6577 6560,Not in Michelin Guide Yet,https://maps.google.com/?cid=3985448872602805162,Not Awarded Any Yet,"Dine-in,Takeaway,Delivery,Reservations,Beer,Wine,Cocktails,Coffee,Credit cards,NFC payments,Wheelchair accessible",No Description Available Yet,B,1,4,4.75,excellent,0.7486,excellent,0.8552,good,0.9602,4.5,5.0,4.0
ChIJm1RmWm0Z2jERXcuhzAbomPc,Oso Ristorante,"100 Peck Seah St, #27-01 Oasia Hotel Downtown, Singapore 079333",Singapore,Central,3.0,Italian,103.8443705,1.2757603,9827 1224,Not in Michelin Guide Yet,https://maps.google.com/?cid=17841265039728823133,Not Awarded Any Yet,"Dine-in,Takeaway,Reservations,Outdoor seating,Beer,Wine,Cocktails,Coffee,Credit cards,NFC payments,Wheelchair accessible",No Description Available Yet,A,0,3,4.67,excellent,0.6083,excellent,0.5898,average,0.9925,4.33,4.33,4.0
ChIJYy-Okcwb2jERyei18XwxyXM,Otoko Ramen,"321 Alexandra Road, #01-16, Alexandra Central Mall, 159971",Singapore,Central,2.0,Ramen,103.8049925,1.2874884,6250 2889,Not in Michelin Guide Yet,https://maps.google.com/?cid=8343254197381490889,Not Awarded Any Yet,"Dine-in,Takeaway,Beer,Credit cards,NFC payments,Wheelchair accessible",No Description Available Yet,A,0,4,4.75,good,0.5057,excellent,0.5685,good,0.8009,4.0,4.5,4.0
ChIJV-nZfmoR2jEREsgc6uTWSjU,Otter Pizza (Bukit Timah Plaza),"Jalan Anak Bukit, Singapore 588996",Singapore,Central,1.0,Pizza,103.7786133,1.3385566,No Phone Number Listed,Not in Michelin Guide Yet,https://maps.google.com/?cid=3840117910955411474,Not Awarded Any Yet,"Takeaway,Credit cards,NFC payments",No Description Available Yet,A,0,5,3.4,good,0.8653,good,0.7958,good,0.7494,3.2,3.2,3.0
ChIJWxVlyBIZ2jER0Wo8fPFxt88,Otto Ristorante,"32 Maxwell Rd, #01-02/03 Maxwell Chambers, Singapore 069115",Singapore,Central,3.0,Italian,103.8463762,1.2770184,6227 6819,Not in Michelin Guide Yet,https://maps.google.com/?cid=14967557168574524113,Not Awarded Any Yet,"Dine-in,Delivery,Reservations,Outdoor seating,Beer,Wine,Cocktails,Coffee,Credit cards,NFC payments,Wheelchair accessible",No Description Available Yet,A,0,3,5.0,good,0.4982,good,0.5715,good,0.6968,4.0,4.33,4.33
ChIJmwmtjWoZ2jERpptsIibpe3I,Outram Park Ya Hua Rou Gu Cha,"7 Keppel Rd, #01-05/07 PSA, Singapore 089053",Singapore,Central,2.0,Street Food,103.8423891,1.2721092,6222 9610,Not in Michelin Guide Yet,https://maps.google.com/?cid=8249443492454767526,Not Awarded Any Yet,"Dine-in,Takeaway,Reservations,Outdoor seating,Beer,Coffee,NFC payments",No Description Available Yet,A,0,2,4.0,good,0.5757,excellent,0.4218,good,0.7694,4.0,5.0,4.0
ChIJWc3ssKUa2jERsQGFbfaLzwE,P. Baharnisha Muslim Food Stall,"37 Teban Gardens Road, Singapore 600037",Singapore,West,1.0,Indian,103.7427811,1.32086,9850 2416,Not in Michelin Guide Yet,https://maps.google.com/?cid=130476804732682673,Not Awarded Any Yet,"Dine-in,Takeaway,Cash only,Wheelchair accessible",No Description Available Yet,A,0,5,4.4,excellent,0.5305,excellent,0.5336,good,0.8376,4.2,4.0,4.2
ChIJMcoVOAAV2jERgL7LZPF67Jw,Pacific Mixed Rice (,"807 Yishun Ring Road, Singapore 760807",Singapore,North,1.0,Chinese,103.8315373,1.4167748,No Phone Number Listed,Not in Michelin Guide Yet,https://maps.google.com/?cid=11307547941617254016,Not Awarded Any Yet,"Dine-in,Takeaway",No Description Available Yet,A,0,3,2.33,poor,0.7081,good,0.7253,poor,0.5893,2.67,2.33,2.67
ChIJRXr6ZhoQ2jERSDl0jCyxe90,Padi Emas Coffee House,"214 Jurong East Street 21, Singapore 600214",Singapore,West,2.0,Food Court,103.7392893,1.3392237,9838 0214,Not in Michelin Guide Yet,https://maps.google.com/?cid=15959544509410589000,Not Awarded Any Yet,"Dine-in,Takeaway,Delivery,NFC payments,Wheelchair accessible",No Description Available Yet,A,0,3,4.33,good,0.9657,average,0.2448,good,0.8596,4.0,4.0,3.67
ChIJlbaBdqAP2jERlLl3ZDlREHY,Paik's Bibim,"50 Nanyang Avenue, Singapore 639798",Singapore,West,1.0,Korean,103.6807181,1.3471893,6262 0567,Not in Michelin Guide Yet,https://maps.google.com/?cid=8507389003043420564,Not Awarded Any Yet,"Dine-in,Takeaway,Delivery,Coffee,Credit cards,NFC payments,Wheelchair accessible",No Description Available Yet,A,0,3,4.67,good,0.7198,good,0.7395,good,0.9918,3.67,4.33,4.0
ChIJp8LskGwU2jERx0CL6BPaEmw,Pak Mandor Nasi Lemak,"646 Yishun Avenue 4, Singapore 760646",Singapore,North,1.0,Street Food,103.8385251,1.4218274,No Phone Number Listed,Not in Michelin Guide Yet,https://maps.google.com/?cid=7787526484717682887,Not Awarded Any Yet,"Dine-in,Takeaway,Outdoor seating,Coffee,Cash only,Wheelchair accessible",No Description Available Yet,B,1,4,3.75,good,0.817,good,0.4624,good,0.7772,3.5,3.75,4.0
ChIJsSmt3wgZ2jERzmVdqGYajrk,Palm Beach Seafood,"Fullerton Promenade, Singapore 049213",Singapore,Central,3.0,Seafood,103.8542701,1.2862888,6336 8118,Not in Michelin Guide Yet,https://maps.google.com/?cid=13370653371923260878,Not Awarded Any Yet,"Dine-in,Takeaway,Reservations,Outdoor seating,Beer,Wine,Cocktails,Coffee,Credit cards,NFC payments,Wheelchair accessible",No Description Available Yet,A,0,4,4.25,good,0.7662,excellent,0.7594,good,0.6509,4.25,4.5,4.25
ChIJD4LlFq8e2jER_28OQbhhaeI,Panamericana,"27 Bukit Manis Rd, Sentosa Golf Club, 099892",Singapore,Central,3.0,Western,103.8291314,1.2433595,6253 8182,Not in Michelin Guide Yet,https://maps.google.com/?cid=16314678569119674367,Not Awarded Any Yet,"Dine-in,Takeaway,Delivery,Reservations,Outdoor seating,Beer,Wine,Cocktails,Coffee,NFC payments,Wheelchair accessible",No Description Available Yet,A,0,5,4.4,good,0.7051,good,0.63,good,0.8792,3.8,4.2,4.0
ChIJi22MNZIX2jER6hOUK94w-dI,Pancake King,"105 Upper Paya Lebar Rd, #101, Singapore 534828",Singapore,North-East,1.0,Street Food,103.886825,1.337801,9358 7560,Not in Michelin Guide Yet,https://maps.google.com/?cid=15202235747937817578,Not Awarded Any Yet,"Dine-in,Takeaway,Coffee,NFC payments",No Description Available Yet,A,0,4,4.5,good,0.9295,excellent,0.3855,good,0.9868,3.75,4.5,3.75
ChIJAVYn5-cW2jERs-xtyMX0v9E,Pancake King Amk 727,"727 Ang Mo Kio Avenue 6, Singapore 560727",Singapore,North-East,1.0,Street Food,103.8460526,1.3731699,9137 7911,Not in Michelin Guide Yet,https://maps.google.com/?cid=15114068004787055795,Not Awarded Any Yet,"Dine-in,Takeaway,Coffee,Wheelchair accessible",No Description Available Yet,A,0,4,5.0,average,0.9762,excellent,0.8915,good,0.7629,3.5,5.0,4.0
ChIJsZ7fFwAX2jERGAS4sAX2ecA,Pancake King Serangoon Garden,"49A Serangoon Garden Way, Singapore 555945",Singapore,North-East,1.0,Bakery,103.8666116,1.3633699,9137 9722,Not in Michelin Guide Yet,https://maps.google.com/?cid=13869387031764272152,Not Awarded Any Yet,"Dine-in,Takeaway,Coffee,NFC payments,Wheelchair accessible",No Description Available Yet,A,0,5,5.0,average,0.7649,excellent,0.5125,good,0.9381,3.6,4.6,4.0
ChIJ__-PpKUa2jERpF99Ti667F8,Paofan Paradise -T.K Kitchen,"Teban Gardens Road, Singapore 600037",Singapore,West,2.0,Street Food,103.7428776,1.3204625,8330 7554,Not in Michelin Guide Yet,https://maps.google.com/?cid=6912104236154970020,Not Awarded Any Yet,"Dine-in,Takeaway,Delivery,Reservations,Outdoor seating,Live music,Beer,Coffee,Cash only,Wheelchair accessible",No Description Available Yet,A,0,5,3.2,good,0.5616,good,0.4239,good,0.7115,3.2,3.0,3.6
ChIJx4Watw8Q2jERuRfOeXNU-js,Paradise Dynasty At Westgate,"#02-13 J-Walk, Singapore 608531",Singapore,West,2.0,Chinese,103.74345,1.3341278,6465 9271,Not in Michelin Guide Yet,https://maps.google.com/?cid=4321859647356934073,Not Awarded Any Yet,"Dine-in,Takeaway,Delivery,Reservations,Beer,Credit cards,NFC payments,Wheelchair accessible",No Description Available Yet,A,0,3,5.0,average,0.8997,excellent,0.8034,good,0.9953,3.33,4.67,4.0
ChIJXQO8jg0W2jERP7k-JxdFdBg,Paradise Hotpot (Compass One),"Sengkang Square, Singapore 545078",Singapore,North-East,2.0,Chinese,103.8948898,1.3924366,6386 4838,Not in Michelin Guide Yet,https://maps.google.com/?cid=1762109319953692991,Not Awarded Any Yet,"Dine-in,Takeaway,Delivery,Reservations,Credit cards,NFC payments,Wheelchair accessible",No Description Available Yet,A,0,3,4.0,good,0.9006,excellent,0.5977,good,0.9287,4.0,5.0,4.0
ChIJV_3I1r4b2jERXm75U0No9uo,Paradise Restaurant,"93 Pasir Panjang Rd, Singapore 118513",Singapore,Central,1.0,Indian,103.795184,1.2749216,6352 0010,Not in Michelin Guide Yet,https://maps.google.com/?cid=16930834487526911582,Not Awarded Any Yet,"Dine-in,Outdoor seating,Coffee",No Description Available Yet,B,1,4,2.75,average,0.766,excellent,0.4588,excellent,0.9435,3.5,3.0,3.0
ChIJjS4cuwoZ2jERCTeN-k9LUIE,Paradox Singapore,"20 Merchant Rd, Singapore 058281",Singapore,Central,3.0,Hotel,103.8458053,1.2884308,6337 2288,Not in Michelin Guide Yet,https://maps.google.com/?cid=9318030435907614473,Not Awarded Any Yet,"Credit cards,Wheelchair accessible","Chic property with river views, 2 restaurants & an outdoor pool, plus a 2-story fitness center.",A,0,4,4.75,good,0.8942,excellent,0.9582,good,0.652,4.0,5.0,4.0
ChIJf3Yu7bsb2jERADDFSroHkq0,Pasir Panjang Food Centre,"121 Pasir Panjang Rd, Singapore 118543",Singapore,Central,1.0,Street Food,103.7912552,1.27598,No Phone Number Listed,Not in Michelin Guide Yet,https://maps.google.com/?cid=12507067611861037056,Not Awarded Any Yet,"Dine-in,Takeaway,Delivery,Outdoor seating,Beer,Coffee",No Description Available Yet,A,0,1,5.0,good,0.3229,good,0.174,good,0.1759,4.0,4.0,4.0
ChIJSaDTZxIZ2jERaij42zJQ5sI,Pasta E Formaggio(P&F) (International Plaza),"10 Anson Rd, #01-25 International Plaza, Singapore 079903",Singapore,Central,2.0,Italian,103.8459859,1.2761211,8114 5984,Not in Michelin Guide Yet,https://maps.google.com/?cid=14044000667370530922,Not Awarded Any Yet,"Dine-in,Takeaway,Delivery,Reservations,Outdoor seating,Beer,Wine,Coffee,Credit cards,NFC payments",No Description Available Yet,A,0,3,4.33,good,0.894,excellent,0.64,good,0.9629,4.33,4.67,4.0
ChIJna5ASpkQ2jERxc387naa1TE,Pasta Fresca Da Salvatore,"1 Fifth Avenue, Singapore 268802",Singapore,Central,2.0,Italian,103.7958249,1.3305976,6469 4920,Not in Michelin Guide Yet,https://maps.google.com/?cid=3590946113504202181,Not Awarded Any Yet,"Dine-in,Takeaway,Delivery,Reservations,Outdoor seating,Beer,Wine,Coffee,Credit cards,NFC payments,Wheelchair accessible",No Description Available Yet,B,1,3,4.33,good,0.6985,excellent,0.4661,good,0.9309,4.33,5.0,4.0
ChIJCUEDxqgZ2jERLoWQ7ycLoQ8,Paulaner BrUhaus Singapore,"9 Raffles Boulevard, Singapore 039596",Singapore,Central,2.0,German,103.8582873,1.2930767,6592 7912,Not in Michelin Guide Yet,https://maps.google.com/?cid=1126193647970190638,Not Awarded Any Yet,"Dine-in,Takeaway,Delivery,Reservations,Outdoor seating,Live music,Beer,Wine,Cocktails,Coffee,Credit cards,NFC payments,Wheelchair accessible","German comfort fare & beers served in a bustling, high-ceilinged pub with outdoor seating.",A,0,3,5.0,excellent,0.731,excellent,0.8101,good,0.7707,3.33,4.67,4.33
ChIJiykHSUIa2jERQ3nZ8_NBW_8,Peach Garden (The Metropolis),"9 North Buona Vista Drive, Singapore 138588",Singapore,Central,2.0,Chinese,103.7912667,1.3060038,6334 7833,Not in Michelin Guide Yet,https://maps.google.com/?cid=18400373218576267587,Not Awarded Any Yet,"Dine-in,Takeaway,Reservations,Outdoor seating,Beer,Wine,Credit cards,NFC payments,Wheelchair accessible",No Description Available Yet,A,0,4,4.0,good,0.6685,excellent,0.5402,good,0.5229,3.75,4.25,3.25
ChIJN0cGKDAX2jERKPM7k6kC5ug,Peach Garden (Thomson Plaza),"Upper Thomson Road, Singapore 576583",Singapore,North-East,2.0,Chinese,103.8308643,1.3548791,6451 3233,Not in Michelin Guide Yet,https://maps.google.com/?cid=16782103988785640232,Not Awarded Any Yet,"Dine-in,Takeaway,Reservations,Beer,Wine,Credit cards,NFC payments,Wheelchair accessible",No Description Available Yet,A,0,5,3.2,good,0.7951,good,0.8076,good,0.8714,3.4,3.4,3.4
ChIJBxcAf-IZ2jERpPV_h8SXdXk,Pearl Hill Garden Restaurant,1 Labrador Villa Rd,Singapore,Central,3.0,Chinese,103.8023731,1.2718599,9831 1751,Not in Michelin Guide Yet,https://maps.google.com/?cid=8752068321207121316,Not Awarded Any Yet,"Dine-in,Takeaway,Reservations,Beer,Wine,Coffee,Credit cards,NFC payments,Wheelchair accessible",No Description Available Yet,A,0,3,4.0,excellent,0.4838,excellent,0.8275,good,0.5142,3.67,3.67,4.0
ChIJGynR720F2jERSrPweA-IZ1A,Pearl's Court,"20 Pioneer Crescent, Singapore 627615",Singapore,West,1.0,Cafe,103.6949157,1.312625,No Phone Number Listed,Not in Michelin Guide Yet,https://maps.google.com/?cid=5793749045670359882,Not Awarded Any Yet,"Dine-in,Takeaway,Delivery,Coffee,Cash only,Wheelchair accessible",No Description Available Yet,A,0,2,2.0,good,0.9628,poor,0.2828,good,0.7419,3.0,2.0,3.0
ChIJMfzHEP8Z2jER47wjTEBYUl8,Pen & Inc Ntu Cafe & Bar,"76 Nanyang Drive, Singapore 637331",Singapore,West,2.0,Cafe,103.6797845,1.34748,6513 5780,Not in Michelin Guide Yet,https://maps.google.com/?cid=6868649414871989475,Not Awarded Any Yet,"Dine-in,Takeaway,Delivery,Reservations,Beer,Wine,Cocktails,Coffee,Credit cards,NFC payments,Wheelchair accessible",No Description Available Yet,A,0,1,5.0,excellent,0.8843,excellent,0.9253,good,0.9961,5.0,5.0,4.0
ChIJlT19iQ0W2jERlRjDm-Fx-kc,Penang Culture | All-Day Buffet | Halal Certified | Compassone,"1 Sengkang Square, Singapore 545078",Singapore,North-East,2.0,Malaysian,103.8954074,1.3922054,9129 5228,Not in Michelin Guide Yet,https://maps.google.com/?cid=5186583134665382037,Not Awarded Any Yet,"Dine-in,Takeaway,Reservations,Coffee,Credit cards,NFC payments,Wheelchair accessible",No Description Available Yet,A,0,5,3.2,poor,0.5678,excellent,0.2585,good,0.6649,3.0,3.6,3.8
ChIJEateaxUEBBARCgDGTnv2658,Penang Kitchen,"5 Coronation Road, Singapore 269695",Singapore,Central,2.0,Street Food,103.8105338,1.3233231,6466 6193,Not in Michelin Guide Yet,https://maps.google.com/?cid=11523575081020555274,Not Awarded Any Yet,"Dine-in,Takeaway,Beer,Wine,Coffee,Credit cards,NFC payments",No Description Available Yet,B,1,4,4.5,good,0.6334,good,0.3863,good,0.9472,3.25,4.0,4.0
ChIJhxAQ25ER2jERTNrAIxIEWbA,Penang Savour,"Yew Tee Close, Singapore 689579",Singapore,West,1.0,Street Food,103.7466908,1.3972337,9133 5432,Not in Michelin Guide Yet,https://maps.google.com/?cid=12707192299558328908,Not Awarded Any Yet,"Dine-in,Takeaway,Coffee,NFC payments",No Description Available Yet,B,1,5,4.2,good,0.6828,excellent,0.6112,good,0.9764,3.4,3.8,3.6
ChIJ_____zoY2jERaXrZkh3ZXuA,Penang Seafood Restaurant,"Aljunied Road, Singapore 388309",Singapore,Central,2.0,Malaysian,103.8821586,1.3147789,6841 3002,Not in Michelin Guide Yet,https://maps.google.com/?cid=16167598433347664489,Not Awarded Any Yet,"Dine-in,Takeaway,Delivery,Reservations,Outdoor seating,Beer,Coffee,Credit cards,NFC payments",No Description Available Yet,B,1,3,4.33,average,0.6824,excellent,0.2695,good,0.6908,3.33,3.67,4.0
ChIJP8NvoDoX2jERs9aVRfLWaEc,Peperoni Pizzeria (Upper Thomson),"267 Upper Thomson Road, Singapore 574394",Singapore,North-East,2.0,Italian,103.8332567,1.3536172,6681 6726,Not in Michelin Guide Yet,https://maps.google.com/?cid=5145598910308669107,Not Awarded Any Yet,"Dine-in,Takeaway,Reservations,Outdoor seating,Beer,Wine,Cocktails,Coffee,Credit cards,NFC payments",No Description Available Yet,A,0,5,5.0,good,0.873,excellent,0.8726,good,0.9961,3.6,5.0,4.0
ChIJN22jf6YQ2jERzaABnncXCHc,Peperoni Pizzeria (Greenwood Avenue),"6 Greenwood Avenue, Singapore 289195",Singapore,Central,2.0,Pizza,103.8072582,1.3312636,6681 6734,Not in Michelin Guide Yet,https://maps.google.com/?cid=8577131292846563533,Not Awarded Any Yet,"Dine-in,Takeaway,Delivery,Reservations,Outdoor seating,Beer,Wine,Cocktails,Coffee,Credit cards,NFC payments",No Description Available Yet,A,0,3,5.0,good,0.6708,excellent,0.6044,good,0.9375,3.67,4.67,4.33
ChIJuQ0K1ZIP2jERfgiBcSRWHoM,Pepper Lunch,"1 Jurong West Central 2, Singapore 648886",Singapore,West,2.0,Japanese,103.7054893,1.3388699,No Phone Number Listed,Not in Michelin Guide Yet,https://maps.google.com/?cid=9448083782792972414,Not Awarded Any Yet,"Dine-in,Takeaway,Coffee,Credit cards,NFC payments,Wheelchair accessible",No Description Available Yet,B,1,2,5.0,average,0.7786,excellent,0.5234,good,0.8308,4.0,4.5,4.0
ChIJ678bxeYW2jERu3w-sC6662Y,Pepper Lunch (Amk Hub),"Ang Mo Kio Avenue 3, Singapore 560322",Singapore,North-East,2.0,Japanese,103.8477705,1.369102,No Phone Number Listed,Not in Michelin Guide Yet,https://maps.google.com/?cid=7416225921083800763,Not Awarded Any Yet,"Dine-in,Takeaway,Credit cards,NFC payments,Wheelchair accessible",No Description Available Yet,B,1,4,3.25,good,0.7008,excellent,0.8162,good,0.6989,3.0,3.5,3.0
ChIJDSomDJMQ2jERW7_F0m45Dy0,Pergola Terrace Cafe,"Swiss Club Road, Singapore 288162",Singapore,Central,3.0,Western,103.790586,1.343947,6591 9431,Not in Michelin Guide Yet,https://maps.google.com/?cid=3246877004502777691,Not Awarded Any Yet,"Dine-in,Takeaway,Reservations,Outdoor seating,Beer,Wine,Cocktails,Coffee,Credit cards,NFC payments,Wheelchair accessible",No Description Available Yet,A,0,4,3.25,poor,0.5919,good,0.6525,good,0.8706,3.0,3.75,3.5
ChIJgaXCs84Z2jERPFKw0BxY1Eg,Petite Menu (Aqueen Prestige Hotel Lavender),"139 Lavender Street, Singapore 338739",Singapore,Central,2.0,European,103.8612969,1.3123863,6395 7780,Not in Michelin Guide Yet,https://maps.google.com/?cid=5247916346577015356,Not Awarded Any Yet,"Dine-in,Takeaway,Reservations,Coffee,Credit cards,NFC payments",No Description Available Yet,A,0,5,4.6,average,0.811,good,0.7101,good,0.7658,3.2,3.8,3.4
ChIJT5uO15IP2jERcOoENFJMWjQ,Pezzo,"1 Jurong West Central 2, Singapore 643698",Singapore,West,1.0,Pizza,103.7050141,1.3389495,8383 4368,Not in Michelin Guide Yet,https://maps.google.com/?cid=3772411553819978352,Not Awarded Any Yet,"Takeaway,Delivery,Reservations,Credit cards,NFC payments",No Description Available Yet,A,0,3,4.0,good,0.7428,excellent,0.8982,good,0.992,4.33,4.67,4.0
ChIJbesWllsb2jEReOXvjJuR8h8,Pham Quyen Halal Vietnamese Cuisine (Pasir Panjang),"440 Pasir Panjang Rd, Singapore 118782",Singapore,Central,1.0,Halal,103.7683459,1.2924096,8971 3009,Not in Michelin Guide Yet,https://maps.google.com/?cid=2302062456810235256,Not Awarded Any Yet,"Dine-in,Takeaway,Delivery,Reservations,Outdoor seating,Live music,Coffee,Credit cards,Wheelchair accessible",No Description Available Yet,A,0,2,5.0,excellent,0.5378,excellent,0.7188,good,0.9974,5.0,5.0,4.0
ChIJ-d2VabkR2jERYQ1K_MKnO1M,Phoenix Indian Restaurant,"Jurong Park Connector, Singapore 600119",Singapore,West,2.0,Indian,103.735502,1.334501,6468 1044,Not in Michelin Guide Yet,https://maps.google.com/?cid=5997571784672152929,Not Awarded Any Yet,"Dine-in,Takeaway,Delivery,Reservations,Outdoor seating,Beer,Wine,Coffee,Credit cards,NFC payments",No Description Available Yet,A,0,4,5.0,good,0.8237,excellent,0.9702,good,0.9809,3.75,4.75,4.25
ChIJn_-VG6Ub2jEReJQnN3fCGow,Picotin Brewhaus (Rochester),"35 Rochester Drive, Singapore 138639",Singapore,Central,2.0,Brewpub,103.787772,1.3058134,6568 3805,Not in Michelin Guide Yet,https://maps.google.com/?cid=10095595331986625656,Not Awarded Any Yet,"Dine-in,Takeaway,Delivery,Reservations,Outdoor seating,Live music,Beer,Wine,Cocktails,Coffee,Credit cards,NFC payments,Wheelchair accessible",No Description Available Yet,A,0,4,4.0,good,0.7757,good,0.6122,good,0.5238,3.0,3.5,3.5
ChIJNXNVrbEZ2jERFPPHBFHMMfE,Piedra Negra,"241 Beach Road, Singapore 189754",Singapore,Central,2.0,Mexican,103.8595413,1.300113,9003 6045,Not in Michelin Guide Yet,https://maps.google.com/?cid=17379897085344084756,Not Awarded Any Yet,"Dine-in,Takeaway,Reservations,Outdoor seating,Live music,Beer,Wine,Cocktails,Coffee,Credit cards,NFC payments,Wheelchair accessible",No Description Available Yet,A,0,4,4.75,good,0.8503,excellent,0.6472,good,0.9973,4.0,4.75,4.0
ChIJQUTqcWcW2jERFyMcFSDOG_c,Pietro Ristorante Italiano,"12 Jalan Kelulut, Singapore 809030",Singapore,North-East,2.0,Italian,103.8760128,1.3833072,6484 5528,Not in Michelin Guide Yet,https://maps.google.com/?cid=17806052188927828759,Not Awarded Any Yet,"Dine-in,Takeaway,Reservations,Outdoor seating,Beer,Wine,Cocktails,Coffee,Credit cards,NFC payments,Wheelchair accessible","Italian staples such as pasta, pizza, seafood & meat dishes are served at this informal eatery.",A,0,3,4.67,good,0.6911,excellent,0.5749,good,0.9484,4.0,5.0,4.0
ChIJDzMPn38P2jERRwiYiJfWOtg,Pig Organ Soup,"Upper Jurong Road, Singapore 638365",Singapore,West,1.0,Street Food,103.6811164,1.3296292,9841 4008,Not in Michelin Guide Yet,https://maps.google.com/?cid=15581001807161722951,Not Awarded Any Yet,"Dine-in,Takeaway,Wheelchair accessible",No Description Available Yet,A,0,5,4.6,good,0.803,excellent,0.6982,good,0.993,4.2,4.8,4.2
ChIJ_Rc_SAAF2jER2UDp37TF9-c,Pig’S Organ Soup,"14 Lok Yang Way, Singapore 628459",Singapore,West,1.0,Chinese,103.6899909,1.3250449,No Phone Number Listed,Not in Michelin Guide Yet,https://maps.google.com/?cid=16715045922650276057,Not Awarded Any Yet,"Dine-in,Takeaway",No Description Available Yet,B,1,4,5.0,good,0.7921,good,0.6931,good,0.939,4.0,4.25,4.0
ChIJ8X4IBwAT2jERnMGlKMXwGLI,Pin Sin Japanese & Korean Cuisine,"Woodlands (SLE) Park Connector, Singapore 731562",Singapore,North,1.0,Japanese,103.794498,1.4245508,No Phone Number Listed,Not in Michelin Guide Yet,https://maps.google.com/?cid=12833271867773403548,Not Awarded Any Yet,"Takeaway,Wheelchair accessible",No Description Available Yet,A,0,2,1.5,poor,0.93,terrible,0.759,poor,0.812,2.0,1.0,1.5
ChIJF5lONgAX2jER2-OfJ27XAp0,Pin Wei Chee Chong Fun,"1 Hougang Street 91, Singapore 538692",Singapore,North-East,1.0,Street Food,103.8793621,1.3760226,No Phone Number Listed,Not in Michelin Guide Yet,https://maps.google.com/?cid=11313842082019271643,Not Awarded Any Yet,"Takeaway,Wheelchair accessible",No Description Available Yet,A,0,2,4.5,average,0.6178,excellent,0.6253,excellent,0.9826,3.5,4.5,4.5
ChIJB1uZNQAT2jER8hw87TwyDGI,Pin Wei Hong Kong Style Chee Cheong Fun,"Woodlands Drive 44, Singapore 730548",Singapore,North,1.0,Chinese,103.7937399,1.4304636,No Phone Number Listed,Not in Michelin Guide Yet,https://maps.google.com/?cid=7065077152697031922,Not Awarded Any Yet,,No Description Available Yet,A,0,4,4.5,good,0.8109,excellent,0.5967,good,0.8963,3.25,4.0,4.0
ChIJHwZEaooQ2jERl-shndvFq7I,Pink Candy Korean Restaurant,"Bukit Timah Link, Singapore 588177",Singapore,Central,2.0,Korean,103.7763425,1.342311,9170 2365,Not in Michelin Guide Yet,https://maps.google.com/?cid=12874601506793450391,Not Awarded Any Yet,"Dine-in,Takeaway,Reservations,Outdoor seating,Beer,Credit cards,NFC payments,Wheelchair accessible",No Description Available Yet,A,0,4,3.0,good,0.8152,terrible,0.4297,good,0.8772,2.75,2.75,3.0
ChIJ5x6CCWsa2jERnmDss3H8ahw,"Pizza Express | The Star Vista (Buona Vista, Holland)","1 Vista Exchange Green, Singapore 150162",Singapore,Central,2.0,Pizza,103.7883997,1.3068072,6931 0388,Not in Michelin Guide Yet,https://maps.google.com/?cid=2047726545873428638,Not Awarded Any Yet,"Dine-in,Takeaway,Delivery,Reservations,Beer,Wine,Coffee,Credit cards,NFC payments,Wheelchair accessible",No Description Available Yet,A,0,4,3.75,good,0.5125,excellent,0.689,good,0.6059,3.5,3.75,3.25
ChIJp6_hZmkX2jERQTUZLgeWx3Q,Pk_Sl Food Corner Sg,"Choa Chu Kang Cres, Block 675, Singapore 680675",Singapore,West,1.0,Sri Lankan,103.7460597,1.4014368,8790 0296,Not in Michelin Guide Yet,https://maps.google.com/?cid=8414859386347402561,Not Awarded Any Yet,"Takeaway,Delivery",No Description Available Yet,A,0,4,5.0,good,0.6359,excellent,0.5281,good,0.7908,4.25,5.0,4.25
ChIJQ8QhrXsZ2jERQlp3QVnlFz4,Plain Vanilla Tiong Bahru,"1D Yong Siak St, Singapore 168641",Singapore,Central,2.0,Cafe,103.8305203,1.2823481,8363 7614,Not in Michelin Guide Yet,https://maps.google.com/?cid=4474296926329068098,Not Awarded Any Yet,"Dine-in,Takeaway,Delivery,Outdoor seating,Coffee,Credit cards,NFC payments",No Description Available Yet,B,1,4,4.5,poor,0.8195,excellent,0.8979,good,0.89,2.75,3.75,3.5
ChIJuZpD-MkR2jERPl4UG17xCeo,Plank Sourdough Pizza (Dairy Farm),"44 Dairy Farm Lane, Singapore 677662",Singapore,West,2.0,Pizza,103.7751875,1.3668468,8588 1146,Not in Michelin Guide Yet,https://maps.google.com/?cid=16864275666149072446,Not Awarded Any Yet,"Dine-in,Takeaway,Delivery,Coffee,Credit cards,NFC payments,Wheelchair accessible",No Description Available Yet,A,0,4,3.75,average,0.7093,excellent,0.9115,good,0.6259,3.5,4.0,3.5
ChIJ18eWVn8b2jERJRk4cgDFk-8,Plank Sourdough Pizza (South Buona Vista),"38 South Buona Vista Rd, Singapore 118164",Singapore,Central,2.0,Pizza,103.7870563,1.2807924,8847 2435,Not in Michelin Guide Yet,https://maps.google.com/?cid=17263358402348194085,Not Awarded Any Yet,"Dine-in,Takeaway,Delivery,Reservations,Beer,Coffee,Credit cards,NFC payments",No Description Available Yet,A,0,4,2.5,good,0.8068,poor,0.4816,good,0.7934,3.0,3.25,3.5
ChIJY_QHbJIF2jERGz0LSwtHjb8,Pnd Restaurant And Mini Mart,"9 Tuas South Street 15, Singapore 637077",Singapore,West,1.0,Indian,103.6363623,1.2779012,No Phone Number Listed,Not in Michelin Guide Yet,https://maps.google.com/?cid=13802766546789678363,Not Awarded Any Yet,"Takeaway,Coffee",No Description Available Yet,A,0,2,3.0,average,0.8433,excellent,0.8191,good,0.9948,2.5,3.0,3.0
ChIJVVWFpKUa2jERUL-eNR2_4hc,Poh Poh Roasted Chicken Rice,"37A Teban Gardens Road, Singapore 601037",Singapore,West,1.0,Street Food,103.7426929,1.3208937,No Phone Number Listed,Not in Michelin Guide Yet,https://maps.google.com/?cid=1721148139783503696,Not Awarded Any Yet,"Dine-in,Takeaway,Wheelchair accessible",No Description Available Yet,A,0,5,4.0,good,0.8836,good,0.6213,good,0.9153,3.6,3.8,3.4
ChIJ9xM2jLQX2jERnFE93i7yBHw,Ponggol Nasi Lemak (Upper Serangoon),"965 Upper Serangoon Rd, Singapore 534721",Singapore,North-East,2.0,Street Food,103.886654,1.3619451,6281 0020,Not in Michelin Guide Yet,https://maps.google.com/?cid=8936533843720884636,Not Awarded Any Yet,"Dine-in,Takeaway,Delivery,Outdoor seating,Beer,Coffee,Cash only",No Description Available Yet,B,1,4,2.0,average,0.8548,average,0.584,good,0.9392,2.5,2.75,3.0
ChIJrQz-084Z2jERmePkSYU4Om4,Ponggol Nasi Lemak (Jalan Besar),"371 Jalan Besar, Singapore 208998",Singapore,Central,1.0,Street Food,103.8596127,1.312841,6293 0020,Not in Michelin Guide Yet,https://maps.google.com/?cid=7942723037942834073,Not Awarded Any Yet,"Dine-in,Takeaway,Delivery,Coffee,Credit cards,Wheelchair accessible",No Description Available Yet,B,1,5,2.8,poor,0.6205,poor,0.4193,terrible,0.2909,2.4,2.6,2.6
ChIJxXDLPmsY2jER6hltIeWYPy8,Ponggol Nasi Lemak Centre,"238 Tanjong Katong Road, Singapore 437026",Singapore,Central,1.0,Street Food,103.8954676,1.3067511,6287 0020,Not in Michelin Guide Yet,https://maps.google.com/?cid=3404607953191115242,Not Awarded Any Yet,"Dine-in,Takeaway,Outdoor seating,Coffee,Cash only","Small, basic stall with adjacent seats turning out nasi lemak, chicken wings & other Asian staples.",A,0,3,3.0,good,0.6121,excellent,0.7456,good,0.6121,3.33,3.33,3.0
ChIJT8b8lyoF2jERvz2Kn-7INgU,Poon Kee Traditional Roasted Duck Wanton Noodle,"Soon Lee Street, Singapore 627606",Singapore,West,1.0,Street Food,103.6991673,1.3325934,9199 4181,Not in Michelin Guide Yet,https://maps.google.com/?cid=375708546136423871,Not Awarded Any Yet,"Dine-in,Takeaway,Delivery,Wheelchair accessible",No Description Available Yet,A,0,5,4.8,good,0.5468,excellent,0.4596,good,0.9762,4.2,4.8,4.2
ChIJAxuUA3oZ2jERTm-CQTLf9lI,Por Kee Eating House 1996,"69 Seng Poh Ln, #01-02, Singapore 160069",Singapore,Central,2.0,Chinese,103.8328017,1.2841687,6221 0582,Not in Michelin Guide Yet,https://maps.google.com/?cid=5978210962321338190,Not Awarded Any Yet,"Dine-in,Takeaway,Delivery,Reservations,Outdoor seating,Beer,Wine,Credit cards,NFC payments",No Description Available Yet,B,1,3,3.67,good,0.7706,excellent,0.7843,good,0.9937,3.33,4.0,3.33
ChIJmeetMX0T2jERAngoXa0Yhnk,Pot Addiction Korean Bbq & Hotpot | Sun Plaza,"30 Sembawang Drive, Singapore 757713",Singapore,North,2.0,Buffet,103.8200052,1.4482192,6592 2929,Not in Michelin Guide Yet,https://maps.google.com/?cid=8756713658339850242,Not Awarded Any Yet,"Dine-in,Takeaway,Delivery,Reservations,Beer,Credit cards,NFC payments,Wheelchair accessible",No Description Available Yet,A,0,4,5.0,good,0.7995,excellent,0.5763,good,0.9611,4.0,4.5,4.0
ChIJ2Wn_qg8Q2jERczXkF6FV3nU,Poulet (Westgate),"J-Walk, Singapore 609690",Singapore,West,2.0,French,103.7424817,1.3338231,6255 1240,Not in Michelin Guide Yet,https://maps.google.com/?cid=8493320097646261619,Not Awarded Any Yet,"Dine-in,Takeaway,Reservations,Coffee,Credit cards,NFC payments,Wheelchair accessible",No Description Available Yet,A,0,4,5.0,good,0.8051,excellent,0.9912,good,0.9892,3.75,4.75,4.0
ChIJt_4cKQAX2jERMvNBlP3eN3I,Pow Sing Kitchen,"Serangoon Garden Way, Singapore 555961",Singapore,North-East,2.0,Street Food,103.8657647,1.3633984,6284 0800,Not in Michelin Guide Yet,https://maps.google.com/?cid=8230292024738313010,Not Awarded Any Yet,"Dine-in,Takeaway,Delivery,Reservations,Beer,Coffee,Credit cards,NFC payments",No Description Available Yet,A,0,3,3.33,poor,0.5046,good,0.1532,good,0.785,2.67,3.33,3.33
ChIJ768PGxc82jER_MhC-hsOHdc,Pranakorn,"326 Serangoon Avenue 3, Singapore 550326",Singapore,North-East,2.0,Thai,103.8689723,1.3503871,6543 0883,Not in Michelin Guide Yet,https://maps.google.com/?cid=15500561005804701948,Not Awarded Any Yet,"Dine-in,Takeaway,Delivery,Reservations,Outdoor seating,Beer,Credit cards,NFC payments,Wheelchair accessible",No Description Available Yet,A,0,5,5.0,good,0.8953,excellent,0.7399,good,0.961,4.4,4.8,3.8
ChIJBT4RfwAb2jER_Z0wUIFV3DA,Prata Alley,"1 Pasir Panjang Rd, #01-09, Singapore 118479",Singapore,Central,1.0,Indian,103.8018967,1.2721447,No Phone Number Listed,Not in Michelin Guide Yet,https://maps.google.com/?cid=3520783022581390845,Not Awarded Any Yet,,No Description Available Yet,A,0,2,5.0,good,0.6924,excellent,0.8155,good,0.9148,4.0,5.0,4.0
ChIJwcqH-HAG2jERGcpr8J7Vixk,Ps Palani Vilas Eating House,"109 Tuas View Square, Singapore 637620",Singapore,West,1.0,Indian,103.6274172,1.3009974,9003 4163,Not in Michelin Guide Yet,https://maps.google.com/?cid=1840799751326124569,Not Awarded Any Yet,,No Description Available Yet,B,1,1,5.0,average,0.9793,excellent,0.9823,good,0.9904,3.0,5.0,4.0
ChIJBcxR3IwZ2jERXEfgu9SV-vs,Ps.Cafe Palais Renaissance,"390 Orchard Road, Singapore 238871",Singapore,Central,3.0,Cafe,103.8297596,1.3068808,6708 9288,Not in Michelin Guide Yet,https://maps.google.com/?cid=18156989588615219036,Not Awarded Any Yet,"Dine-in,Takeaway,Reservations,Outdoor seating,Beer,Wine,Cocktails,Coffee,NFC payments",No Description Available Yet,A,0,2,5.0,good,0.5668,excellent,0.9769,good,0.9978,4.0,5.0,4.0
ChIJGWCdmvUP2jER7jUwT8-fFRg,Pu Tien Xiao Chi,"Jalan Bahar, Singapore 640271",Singapore,West,2.0,Chinese,103.7029297,1.349181,No Phone Number Listed,Not in Michelin Guide Yet,https://maps.google.com/?cid=1735468944156800494,Not Awarded Any Yet,"Dine-in,Takeaway,Wheelchair accessible",No Description Available Yet,A,0,4,3.0,good,0.4776,excellent,0.5883,good,0.7795,4.0,4.5,4.0
ChIJxyAVvKYX2jERWDi7SrBCNhk,Putien Nex,"Serangoon Bus Interchange, Singapore 556138",Singapore,North-East,2.0,Chinese,103.8719911,1.3506853,6634 7833,Not in Michelin Guide Yet,https://maps.google.com/?cid=1816712824626034776,Not Awarded Any Yet,"Dine-in,Takeaway,Delivery,Reservations,Wine,Credit cards,NFC payments,Wheelchair accessible",No Description Available Yet,B,1,4,4.25,good,0.7608,excellent,0.6191,good,0.827,3.5,3.75,3.5
ChIJw5eRIlYZ2jER-BYGhws94Gw,Putien Resort World Sentosa,"26 Sentosa Gateway, #01-209 Resorts World Sentosa, Weave, 098138",Singapore,Central,2.0,Chinese,103.8199822,1.2572299,6513 3168,Not in Michelin Guide Yet,https://maps.google.com/?cid=7845337670598661880,Not Awarded Any Yet,"Dine-in,Takeaway,Reservations,Wine,Credit cards,NFC payments,Wheelchair accessible",No Description Available Yet,A,0,5,5.0,good,0.631,excellent,0.7737,good,0.7997,4.2,4.8,4.0
ChIJQ7ONulgZ2jERTqwkadCVJBw,Putien Vivocity,"1 HarbourFront Walk, #02 - 131 / 132 VivoCity, Singapore 098585",Singapore,Central,2.0,Chinese,103.8223318,1.2634208,6376 9358,Not in Michelin Guide Yet,https://maps.google.com/?cid=2027910454573313102,Not Awarded Any Yet,"Dine-in,Takeaway,Reservations,Beer,Wine,Credit cards,NFC payments,Wheelchair accessible",No Description Available Yet,B,1,5,5.0,good,0.9024,good,0.937,good,0.9747,3.6,4.4,3.8
ChIJnTvy1H0T2jERxUUfzu4EkWY,Qaiser Indian Muslim Food,"10 Marsiling Industrial Estate Road 1, Singapore 739276",Singapore,North,1.0,Indian,103.7813295,1.440893,8057 4051,Not in Michelin Guide Yet,https://maps.google.com/?cid=7390693887198578117,Not Awarded Any Yet,"Dine-in,Takeaway,Coffee",No Description Available Yet,A,0,2,5.0,good,0.9255,excellent,0.9868,good,0.9946,4.0,4.5,4.0
ChIJk9T8u6YX2jEROOKC4oBuB1g,Qi Ji,"Serangoon Link, Singapore 556083",Singapore,North-East,1.0,Street Food,103.8727277,1.350643,6283 8572,Not in Michelin Guide Yet,https://maps.google.com/?cid=6343160100009730616,Not Awarded Any Yet,"Dine-in,Takeaway,Coffee,NFC payments,Wheelchair accessible",No Description Available Yet,A,0,4,1.25,poor,0.6202,poor,0.3022,good,0.5991,2.0,1.5,2.75
ChIJjx7328UP2jERlHQ3LYq8Ssg,Qi Lin Xuan Chicken Rice,"442 Jurong West Avenue 1, Singapore 640442",Singapore,West,2.0,Street Food,103.7193409,1.3514981,6569 2540,Not in Michelin Guide Yet,https://maps.google.com/?cid=14432555257512293524,Not Awarded Any Yet,"Dine-in,Takeaway,Outdoor seating,Coffee,NFC payments,Wheelchair accessible",No Description Available Yet,A,0,5,4.8,good,0.6803,excellent,0.7235,good,0.9477,4.2,4.6,4.0
ChIJ_YF8cwAX2jER6kXgOBk3zBU,Qiu Lian Ban Mee,"1 Hougang Street 91, Singapore 538692",Singapore,North-East,1.0,Street Food,103.8793688,1.3759147,No Phone Number Listed,Not in Michelin Guide Yet,https://maps.google.com/?cid=1570690951513392618,Not Awarded Any Yet,"Takeaway,Wheelchair accessible",No Description Available Yet,B,1,5,2.6,poor,0.7421,good,0.392,good,0.6621,2.8,3.0,3.2
ChIJeysLRwAT2jERXdZXVnG1vzM,Qiu Yuan Mixed Veg Rice,"20 Woodlands Drive 17, Singapore 737924",Singapore,North,1.0,Street Food,103.7945383,1.4247067,No Phone Number Listed,Not in Michelin Guide Yet,https://maps.google.com/?cid=3728898514870589021,Not Awarded Any Yet,"Takeaway,Wheelchair accessible",No Description Available Yet,A,0,1,1.0,poor,0.8812,terrible,0.3311,poor,0.9994,2.0,1.0,2.0
ChIJUTmI1KcT2jER7UjoHHWuilQ,Qq Rice (Woodlands Mrt),"Woodlands Integrated Transport Hub, Singapore 738343",Singapore,North,1.0,Health Food Store,103.7866218,1.436708,6363 1282,Not in Michelin Guide Yet,https://maps.google.com/?cid=6091873263991408877,Not Awarded Any Yet,"Delivery,Credit cards,NFC payments,Wheelchair accessible",No Description Available Yet,A,0,4,3.0,average,0.9268,excellent,0.8836,good,0.8853,3.0,4.0,3.25
ChIJ01fgzLUe2jERxlhvImcbZ7g,Quayside Isle,"31 Ocean Way, 098375",Singapore,Central,3.0,Western,103.8420723,1.2476808,6887 3502,Not in Michelin Guide Yet,https://maps.google.com/?cid=13287619355353241798,Not Awarded Any Yet,"Dine-in,Takeaway,Reservations,Outdoor seating,Beer,Wine,Cocktails,Coffee,Credit cards,NFC payments,Wheelchair accessible","Upscale waterfront shopping center with international restaurants, plus boutiques & services.",A,0,1,1.0,poor,0.3889,poor,0.3443,good,0.2902,2.0,2.0,4.0
ChIJ39nBb8sb2jERt1ujliPF1zY,Queensway Famous Curry Chicken,"1 Queensway, Queensway shopping cenre, Singapore 149053",Singapore,Central,1.0,Singaporean,103.8035446,1.2876225,No Phone Number Listed,Not in Michelin Guide Yet,https://maps.google.com/?cid=3951843954682715063,Not Awarded Any Yet,"Dine-in,Takeaway,Coffee,Wheelchair accessible",No Description Available Yet,B,1,5,2.4,good,0.8227,terrible,0.7581,good,0.9051,3.0,2.8,2.8
ChIJwWjNccsb2jERESRPW2J8mbc,Queensway Lau Tan Tutu Kueh,"1 Queensway, #02-47, Singapore 149053",Singapore,Central,1.0,Street Food,103.803349,1.2877063,9817 4793,Not in Michelin Guide Yet,https://maps.google.com/?cid=13229742142258095121,Not Awarded Any Yet,"Takeaway,Wheelchair accessible",No Description Available Yet,A,0,5,2.0,poor,0.711,poor,0.2972,good,0.7324,2.4,2.8,3.2
ChIJR8qLTngb2jERncHT3pQir5o,Quentin’S Bar And Restaurant,"14 Mess, 2 Gunner Ln, #01-08 Hall Sentosa",Singapore,Central,3.0,Asian Fusion,103.8207408,1.2528382,8817 6742,Not in Michelin Guide Yet,https://maps.google.com/?cid=11146165625554190749,Not Awarded Any Yet,"Dine-in,Takeaway,Delivery,Reservations,Outdoor seating,Beer,Wine,Cocktails,Coffee,Credit cards,NFC payments,Wheelchair accessible",No Description Available Yet,A,0,5,5.0,good,0.7536,excellent,0.86,good,0.9823,4.4,4.8,4.0
ChIJF-LOjJIX2jEReIFttJdmY0E,Qun Fang Noodle House,"61 Fernvale Link, Singapore 799956",Singapore,North-East,2.0,Noodle Shop,103.878607,1.3960474,8967 9391,Not in Michelin Guide Yet,https://maps.google.com/?cid=4711722436912841080,Not Awarded Any Yet,"Dine-in,Takeaway",No Description Available Yet,A,0,5,3.6,good,0.6145,excellent,0.3796,good,0.7284,3.4,3.8,3.6
ChIJEywT3D0X2jER8BDUFJoXb_M,R Italian Kitchen & Smokehouse,"22 Greenwood Avenue, Singapore 289215",Singapore,Central,3.0,Italian,103.8067379,1.3315001,9424 8258,Not in Michelin Guide Yet,https://maps.google.com/?cid=17541265024173215984,Not Awarded Any Yet,"Dine-in,Takeaway,Delivery,Reservations,Outdoor seating,Beer,Wine,Cocktails,Coffee,Credit cards,NFC payments",No Description Available Yet,B,1,4,3.0,good,0.763,excellent,0.8984,good,0.9582,3.0,3.5,2.5
ChIJPV-ku7QI2jER0-78Eng_3gQ,Raffles Marina,"10 Tuas West Drive, Singapore 638404",Singapore,West,3.0,Marina,103.6355251,1.3427401,6861 8000,Not in Michelin Guide Yet,https://maps.google.com/?cid=350787605928668883,Not Awarded Any Yet,"Reservations,Credit cards,NFC payments,Wheelchair accessible",No Description Available Yet,A,0,4,4.0,good,0.6834,excellent,0.6373,good,0.8006,4.0,4.5,4.0
ChIJsXRg5xAb2jERcOAWEUdFzFs,Raja Rasa Indonesian Cuisine & Nasi Padang,"50 Science Park Rd, #01-03 The Kendall, Singapore 117406",Singapore,Central,1.0,Indonesian,103.7832022,1.2861436,No Phone Number Listed,Not in Michelin Guide Yet,https://maps.google.com/?cid=6614738124232122480,Not Awarded Any Yet,,No Description Available Yet,A,0,1,5.0,good,0.853,good,0.3361,good,0.9367,4.0,4.0,4.0
ChIJA_33Z-Ib2jERUPhVR3rK2JY,Ramen Hitoyoshi,"1 Maritime Square, #01-99 1st Floor HarbourFront Centre Singapore 099253",Singapore,Central,2.0,Ramen,103.8203582,1.2642175,6250 9867,Not in Michelin Guide Yet,https://maps.google.com/?cid=10869660327190329424,Not Awarded Any Yet,"Dine-in,Takeaway,Reservations,Beer,Credit cards,NFC payments,Wheelchair accessible",No Description Available Yet,A,0,3,3.67,poor,0.798,excellent,0.7001,good,0.9532,2.67,3.67,3.33
ChIJy3kl2mwZ2jERtd6AuRd52hs,Ramen Keisuke Gyoza King,"1 Tras Link, #01-15 Orchid Hotel Singapore, Singapore 078867",Singapore,Central,2.0,Japanese,103.843676,1.2767686,6604 6674,Not in Michelin Guide Yet,https://maps.google.com/?cid=2007049726750416565,Not Awarded Any Yet,"Dine-in,Takeaway,Outdoor seating,Beer,NFC payments",No Description Available Yet,A,0,5,3.2,good,0.7914,good,0.5361,good,0.6959,3.6,3.6,3.8
ChIJUT98ZxgY2jER9AkGIB3_Tzo,Ramen Keisuke Tonkotsu King Niku King (Paya Lebar),"60 Paya Lebar Road, Singapore 409051",Singapore,Central,2.0,Ramen,103.8928998,1.3189503,6214 3345,Not in Michelin Guide Yet,https://maps.google.com/?cid=4201857477916363252,Not Awarded Any Yet,"Dine-in,Takeaway,Beer,NFC payments",No Description Available Yet,A,0,3,2.67,poor,0.794,excellent,0.6342,good,0.8127,2.67,2.67,3.33
ChIJ9UBYpmwZ2jEROzy0wV08AhE,Ramen Keisuke Tori King,"100 Tras St, #03 - 15, Singapore 079027",Singapore,Central,2.0,Ramen,103.8436585,1.2745604,6604 6861,Not in Michelin Guide Yet,https://maps.google.com/?cid=1225608421977635899,Not Awarded Any Yet,"Dine-in,Takeaway,Beer,Credit cards,NFC payments,Wheelchair accessible",No Description Available Yet,A,0,3,3.67,good,0.8136,excellent,0.8946,excellent,0.785,3.33,3.33,3.67
ChIJaVHwgAsR2jERZ2-lfz2WPw0,Rampage Western Food,"Choa Chu Kang Crescent, Singapore 681691",Singapore,West,1.0,Western,103.7502474,1.401628,9663 3199,Not in Michelin Guide Yet,https://maps.google.com/?cid=954646836904554343,Not Awarded Any Yet,"Dine-in,Takeaway",No Description Available Yet,A,0,5,1.8,poor,0.8201,poor,0.8232,good,0.7057,2.4,2.4,3.0
ChIJV15mQ6Ub2jERvlB6iB9FrN8,Rangooli Restaurant (Clementi),"Clementi West Street 2, Singapore 120721",Singapore,Central,2.0,Indian,103.7642234,1.3023263,9889 5448,Not in Michelin Guide Yet,https://maps.google.com/?cid=16117333168188182718,Not Awarded Any Yet,"Dine-in,Takeaway,Delivery,Reservations,Outdoor seating,Beer,Wine,Coffee,Credit cards,NFC payments,Wheelchair accessible",No Description Available Yet,A,0,5,3.2,good,0.7491,excellent,0.6472,good,0.9599,3.2,3.4,3.2
ChIJt9bt54oR2jERfu3Zr9Zl9ew,Rangooli Restaurant (The Railmall),"452 Upper Bukit Timah Road, Singapore 678211",Singapore,West,2.0,Indian,103.7675918,1.3598167,6972 6275,Not in Michelin Guide Yet,https://maps.google.com/?cid=17074665534992805246,Not Awarded Any Yet,"Dine-in,Takeaway,Delivery,Reservations,Beer,Wine,Coffee,Credit cards,NFC payments",No Description Available Yet,A,0,3,5.0,good,0.8351,excellent,0.8149,excellent,0.9988,3.67,4.67,4.67
ChIJDVTpC_8S2jERSz_upFj7WYo,Rasa Istimewa Waterfront Restaurant,"Woodlands Jetty, Singapore 730919",Singapore,North,2.0,Halal,103.7776873,1.4539459,6366 9339,Not in Michelin Guide Yet,https://maps.google.com/?cid=9969275608304074571,Not Awarded Any Yet,"Dine-in,Takeaway,Delivery,Reservations,Coffee,Credit cards,NFC payments,Wheelchair accessible",No Description Available Yet,B,1,3,4.67,good,0.8619,excellent,0.5672,good,0.9892,4.0,5.0,4.0
ChIJlW0um74R2jERJB9IfmT4Qmo,Rasa Rasa (Teck Whye),"160A Jalan Teck Whye, Singapore 681160",Singapore,West,2.0,Halal,103.7572992,1.3803814,6763 2685,Not in Michelin Guide Yet,https://maps.google.com/?cid=7656955426982338340,Not Awarded Any Yet,"Dine-in,Takeaway,Delivery,Reservations,Outdoor seating,Coffee,Credit cards,NFC payments,Wheelchair accessible",No Description Available Yet,B,1,2,4.5,good,0.9976,excellent,0.4961,good,0.9924,4.0,4.5,4.0
ChIJ2e6Uu2kU2jERJNBBNMoMnN8,Rasa Rasa (Yishun),"348 Yishun Avenue 11, Singapore 760348",Singapore,North,2.0,Coffee Shop,103.8428669,1.4265573,6352 0336,Not in Michelin Guide Yet,https://maps.google.com/?cid=16112767629424447524,Not Awarded Any Yet,"Dine-in,Takeaway,Delivery,Coffee,Credit cards,NFC payments,Wheelchair accessible",No Description Available Yet,B,1,5,2.0,good,0.6613,excellent,0.587,good,0.6625,3.4,3.6,3.4
ChIJC5lEWAAV2jERl9agSH3s3nY,Rasa Sayang Western Food,"105 Canberra Street, Singapore 750105",Singapore,North,1.0,Western,103.8325717,1.4485044,No Phone Number Listed,Not in Michelin Guide Yet,https://maps.google.com/?cid=8565543564138829463,Not Awarded Any Yet,"Dine-in,Takeaway,Coffee,NFC payments",No Description Available Yet,A,0,5,1.0,poor,0.898,poor,0.7939,terrible,0.8506,1.8,1.8,2.0
ChIJWRKiMnIP2jERiJPMd_bHsTI,Red House Japanese Food,"815 Jurong West Avenue 5, Singapore 640816",Singapore,West,2.0,Japanese,103.6961706,1.3453452,No Phone Number Listed,Not in Michelin Guide Yet,https://maps.google.com/?cid=3652920634159960968,Not Awarded Any Yet,"Dine-in,Takeaway,NFC payments,Wheelchair accessible",No Description Available Yet,A,0,2,5.0,good,0.9984,excellent,0.7642,good,0.9966,4.0,5.0,4.0
ChIJYR6HCJ4Z2jERChIQxjl2MhI,Red House Seafood Grand Copthorne,"392 Havelock Rd, Level 2 Grand Copthorne Waterfront Hotel Singapore, Singapore 169663",Singapore,Central,3.0,Seafood,103.8352515,1.2903687,6735 7666,Not in Michelin Guide Yet,https://maps.google.com/?cid=1311240432026391050,Not Awarded Any Yet,"Dine-in,Takeaway,Delivery,Reservations,Outdoor seating,Beer,Wine,Cocktails,Credit cards,NFC payments,Wheelchair accessible",No Description Available Yet,A,0,5,4.8,average,0.8973,good,0.8447,good,0.9973,3.8,4.4,4.2
ChIJIds6rnUZ2jERPx6E0UCf6HM,Red Star Restaurant,"Block 54 Chin Swee Rd, #07-23, Singapore 160054",Singapore,Central,2.0,Cantonese,103.8411942,1.2874996,6532 5266,Not in Michelin Guide Yet,https://maps.google.com/?cid=8352100609700404799,Not Awarded Any Yet,"Dine-in,Takeaway,Reservations,Beer,Wine,Credit cards,NFC payments,Wheelchair accessible","Bustling, informal landmark spotlighting traditional Cantonese cuisine & dim sum.",B,1,3,3.33,average,0.8103,excellent,0.5121,good,0.977,3.0,3.67,3.0
ChIJZzTg5yIa2jERJDs-qLs7KtU,Reddot Brewhouse,"25A Dempsey Road, Singapore 247691",Singapore,Central,2.0,Western,103.8115459,1.3061805,6475 0500,Not in Michelin Guide Yet,https://maps.google.com/?cid=15360155156268071716,Not Awarded Any Yet,"Dine-in,Takeaway,Delivery,Reservations,Outdoor seating,Live music,Beer,Wine,Cocktails,Coffee,Credit cards,NFC payments,Wheelchair accessible",No Description Available Yet,A,0,4,5.0,good,0.8177,excellent,0.9496,good,0.7369,4.25,4.5,4.0
ChIJ94PkRqsb2jERj766IVTrIGM,Reedz Cafe,"10 Science Park Rd, #01-10 The Alpha, Singapore 117684",Singapore,Central,2.0,Salad Shop,103.7796998,1.288347,No Phone Number Listed,Not in Michelin Guide Yet,https://maps.google.com/?cid=7142967755585273487,Not Awarded Any Yet,"Dine-in,Takeaway,Delivery,Wheelchair accessible",No Description Available Yet,A,0,3,2.33,poor,0.8702,excellent,0.6648,good,0.5135,2.67,3.33,2.33
ChIJ-zEJvQYa2jERd8vrJa_-zzw,Relish By Wild Rocket,"#01-01B Cluny Park Road, Singapore 259760",Singapore,Central,2.0,Cafe,103.8144895,1.3225945,6763 1547,Not in Michelin Guide Yet,https://maps.google.com/?cid=4382000990663723895,Not Awarded Any Yet,"Dine-in,Takeaway,Delivery,Reservations,Beer,Wine,Coffee,Credit cards,NFC payments,Wheelchair accessible",No Description Available Yet,A,0,3,4.67,good,0.7178,excellent,0.4662,good,0.9971,4.33,4.67,4.0
ChIJf3soUvYT2jERp6kGuIjjuqI,Ren He Vegetarian,"Sembawang Drive, Singapore 757440",Singapore,North,1.0,Vegetarian,103.8158189,1.4621273,No Phone Number Listed,Not in Michelin Guide Yet,https://maps.google.com/?cid=11725934756155009447,Not Awarded Any Yet,"Dine-in,Takeaway",No Description Available Yet,C,2,4,2.75,good,0.9028,excellent,0.4395,good,0.8038,3.25,4.0,3.5
ChIJJyGW2gsQ2jERcmfbaL3nxLk,Rendezvous Bistro & Bar,"2 International Business Park, Singapore 609930",Singapore,West,2.0,Bistro,103.7469668,1.3299709,9745 2640,Not in Michelin Guide Yet,https://maps.google.com/?cid=13386078793146001266,Not Awarded Any Yet,"Dine-in,Takeaway,Reservations,Outdoor seating,Live music,Beer,Wine,Coffee,Credit cards,NFC payments",No Description Available Yet,A,0,5,4.0,good,0.9657,good,0.7957,good,0.9575,3.4,3.4,3.4
ChIJH2ARMa8a2jERxRzQbD0QwDw,Ri Sheng Seafood,"Teban Gardens Road, Singapore 600065",Singapore,West,2.0,Seafood,103.7384984,1.3220796,9856 1939,Not in Michelin Guide Yet,https://maps.google.com/?cid=4377516693808749765,Not Awarded Any Yet,,No Description Available Yet,B,1,4,4.75,good,0.91,excellent,0.9231,good,0.9887,4.0,4.5,4.0
ChIJyX7crW8R2jEROo_OSdO5KqE,Rice Garden Mixed Rice,"2 Senja Close, Singapore 677632",Singapore,West,1.0,Street Food,103.7609446,1.3872109,No Phone Number Listed,Not in Michelin Guide Yet,https://maps.google.com/?cid=11613298906255757114,Not Awarded Any Yet,"Takeaway,Wheelchair accessible",No Description Available Yet,A,0,5,2.2,poor,0.896,terrible,0.449,good,0.8086,2.0,1.6,2.6
ChIJCxvvjgIb2jER1HlfT5-p_Os,Ristorante Palermo,"2 Keppel Bay Vista, #02-03, 098382",Singapore,Central,3.0,Italian,103.8124338,1.2640047,6970 0887,Not in Michelin Guide Yet,https://maps.google.com/?cid=17004652794740701652,Not Awarded Any Yet,"Dine-in,Takeaway,Delivery,Reservations,Outdoor seating,Beer,Wine,Cocktails,Coffee,Credit cards,NFC payments,Wheelchair accessible",No Description Available Yet,A,0,5,5.0,good,0.7022,excellent,0.8292,good,0.9083,4.4,4.6,4.0
ChIJizsi_DIa2jERs55gooVkYoo,Ristorante Takada : Japanese Italian Restaurant : Pasta Pizza Wine (Alexandra),"#01-07, 356 Alexandra Rd, Alexis, 159948",Singapore,Central,3.0,Italian,103.8075963,1.2915246,9067 0141,Not in Michelin Guide Yet,https://maps.google.com/?cid=9971643050069368499,Not Awarded Any Yet,"Dine-in,Takeaway,Delivery,Reservations,Beer,Wine,Coffee,Credit cards,NFC payments,Wheelchair accessible",No Description Available Yet,A,0,4,5.0,average,0.8858,excellent,0.8438,excellent,0.9976,3.5,5.0,4.5
ChIJ71Rfs4EX2jER0pUWZ_yoSp0,River South (Hoe Nam) Prawn Noodles,"31 Tai Thong Crescent, Singapore 347859",Singapore,Central,2.0,Street Food,103.8698171,1.3288346,6281 9293,Not in Michelin Guide Yet,https://maps.google.com/?cid=11334057214246032850,Not Awarded Any Yet,"Dine-in,Takeaway,Delivery,Outdoor seating,Coffee","Longtime, popular place serving a variety of prawn-noodle plates & soups, plus some pork-based fare.",A,0,2,1.0,poor,0.887,poor,0.7217,good,0.9472,2.0,1.5,3.0
ChIJh639AC4P2jERqPGgdE94MLg,Riyana Western Food,"815 Jurong West Avenue 5, Singapore 640816",Singapore,West,1.0,Western,103.6960756,1.345327,8378 3712,Not in Michelin Guide Yet,https://maps.google.com/?cid=13272240384515305896,Not Awarded Any Yet,"Dine-in,Delivery,NFC payments",No Description Available Yet,A,0,5,2.8,poor,0.6435,good,0.2194,good,0.6467,2.8,3.2,3.6
ChIJifQkW6kV2jER-WIwevm9K4A,Roasted Delights,"Yishun Avenue 1, Singapore 761431",Singapore,North,1.0,Street Food,103.8475762,1.4201968,9694 5484,Not in Michelin Guide Yet,https://maps.google.com/?cid=9235684340047831801,Not Awarded Any Yet,"Dine-in,Takeaway,Wheelchair accessible",No Description Available Yet,A,0,4,3.75,good,0.7185,good,0.4128,good,0.9282,4.0,4.25,4.0
ChIJc0OYpNkZ2jERtfGEbyIVDrA,Robert Mee Siam,"Kim Keat Lane, Singapore 320089",Singapore,Central,1.0,Street Food,103.8540837,1.3234136,9383 8229,Not in Michelin Guide Yet,https://maps.google.com/?cid=12686100437993320885,Not Awarded Any Yet,"Dine-in,Takeaway,Wheelchair accessible",No Description Available Yet,B,1,4,3.75,good,0.7919,good,0.6608,good,0.8038,3.5,3.5,4.0
ChIJKaXSez0Y2jERQv6Aql_hXXI,Rochor Beancurd House,"Geylang Road, Singapore 389597",Singapore,Central,1.0,Cafe,103.8903957,1.3149103,8288 7020,Not in Michelin Guide Yet,https://maps.google.com/?cid=8240990694156598850,Not Awarded Any Yet,"Dine-in,Takeaway,Delivery,Outdoor seating,Cash only",No Description Available Yet,A,0,4,4.5,good,0.4861,excellent,0.3924,good,0.8568,3.5,4.5,4.0
ChIJc6a7MWQb2jERUI_GI6WAJkM,Rong Cheng Ji Chicken Rice,"429 Jurong West Ave 1, #01-322, Singapore 640429",Singapore,West,1.0,Street Food,103.7247115,1.3519894,9868 1958,Not in Michelin Guide Yet,https://maps.google.com/?cid=4838696296414351184,Not Awarded Any Yet,"Dine-in,Takeaway,Delivery,Coffee,Cash only,Wheelchair accessible",No Description Available Yet,A,0,5,4.2,good,0.7019,good,0.5597,good,0.7752,3.8,3.8,3.6
ChIJc3OUBtQb2jERiT4CAw1DFzc,Rong Kee Hk Roasted Delights (Redhill),"Blk 75D Redhill Rd, #01-102, Singapore 152075",Singapore,Central,1.0,Chinese,103.8154799,1.2883422,No Phone Number Listed,Not in Michelin Guide Yet,https://maps.google.com/?cid=3969715319714496137,Not Awarded Any Yet,"Dine-in,Takeaway,Coffee",No Description Available Yet,A,0,5,2.4,good,0.5201,good,0.3822,good,0.762,3.6,4.0,3.8
ChIJyeLHVLIR2jER0wCkaEqY87w,Rong Kee Hong Kong Roasted Delights,"547 Segar Road, Singapore 677721",Singapore,West,1.0,Chinese,103.7697321,1.3879603,No Phone Number Listed,Not in Michelin Guide Yet,https://maps.google.com/?cid=13615393543821721811,Not Awarded Any Yet,"Dine-in,Takeaway,Wheelchair accessible",No Description Available Yet,A,0,3,1.0,poor,0.6319,good,0.7332,good,0.6276,2.0,2.33,2.33
ChIJQy2HrawT2jERHnwFWEassjI,Rong Kee Roasted Delights (Woodlands Street 13),"166 Woodlands Street 13, Singapore 730166",Singapore,North,1.0,Chinese,103.7754141,1.4336933,No Phone Number Listed,Not in Michelin Guide Yet,https://maps.google.com/?cid=3653171665875336222,Not Awarded Any Yet,"Dine-in,Takeaway",No Description Available Yet,A,0,4,1.75,good,0.7079,average,0.5992,good,0.7563,3.5,3.5,3.5
ChIJAQAA8EEa2jERrpVDIRMrQN0,Rong Kee Roasted Delights (Holland),"40 Holland Drive, Singapore 270040",Singapore,Central,1.0,Street Food,103.7934398,1.3071989,No Phone Number Listed,Not in Michelin Guide Yet,https://maps.google.com/?cid=15942790042054006190,Not Awarded Any Yet,"Dine-in,Takeaway,NFC payments",No Description Available Yet,A,0,4,2.75,good,0.8183,excellent,0.7518,good,0.907,3.0,3.0,3.0
ChIJudRkb1wW2jERbRCmd8LIFy4,Rongji Seafood,"Yio Chu Kang Road, Singapore 805280",Singapore,North-East,2.0,Seafood,103.8759279,1.3785214,9622 7762,Not in Michelin Guide Yet,https://maps.google.com/?cid=3321343987765612653,Not Awarded Any Yet,"Dine-in,Takeaway,Reservations,Beer,Coffee,Cash only,Wheelchair accessible",No Description Available Yet,A,0,3,3.33,good,0.9588,excellent,0.8105,good,0.9577,3.33,4.0,4.0
ChIJ5yUNSEUa2jERwFbLzYcct0g,Roots (Onenorth Restaurant),"Fusionopolis Place, Singapore 138632",Singapore,Central,3.0,Western,103.78726,1.2996794,8040 5140,Not in Michelin Guide Yet,https://maps.google.com/?cid=5239688061067679424,Not Awarded Any Yet,"Dine-in,Takeaway,Reservations,Outdoor seating,Beer,Wine,Coffee,Credit cards,NFC payments,Wheelchair accessible",No Description Available Yet,A,0,4,5.0,good,0.8309,excellent,0.8127,good,0.9538,4.0,4.75,4.0
ChIJAaUa-RcU2jERfUdAHPUblEQ,Royal Palm (Orchid Country Club Restaurant),"Orchid Club Road, Singapore 769162",Singapore,North,2.0,Halal,103.8443196,1.4109962,6555 2165,Not in Michelin Guide Yet,https://maps.google.com/?cid=4941605430687188861,Not Awarded Any Yet,"Dine-in,Reservations,Outdoor seating,Live music,Coffee,Credit cards,NFC payments,Wheelchair accessible",No Description Available Yet,A,0,4,2.0,poor,0.7963,poor,0.6584,excellent,0.9137,2.25,2.5,3.0
ChIJS2f6Z40Z2jERLavQ4p6-R5s,Royal Plaza On Scotts Singapore,"25 Scotts Road, Singapore 228220",Singapore,Central,3.0,Hotel,103.8319667,1.3069695,6737 7966,Not in Michelin Guide Yet,https://maps.google.com/?cid=11189121388844722989,Not Awarded Any Yet,"Cash only,Wheelchair accessible",Refined rooms & suites in a slick business lodging featuring a Halal restaurant & an outdoor pool.,A,0,3,5.0,good,0.6351,excellent,0.5886,good,0.6796,4.0,5.0,4.0
ChIJt7XjpoMb2jERHu6tRHI8Ap8,Royal Taj (Village Hotel),"2, block 16 Gunner Ln, #02-06 Singapore Mess Hall, 099567",Singapore,Central,3.0,Indian,103.8207408,1.2528382,9118 5896,Not in Michelin Guide Yet,https://maps.google.com/?cid=11457786863460150814,Not Awarded Any Yet,"Dine-in,Takeaway,Delivery,Reservations,Outdoor seating,Beer,Wine,Cocktails,Coffee,Credit cards,NFC payments,Wheelchair accessible",No Description Available Yet,A,0,5,4.4,excellent,0.5755,excellent,0.6858,excellent,0.9496,3.6,4.2,4.0
ChIJTad-m4MR2jERtYyhEAGfCiI,Royal Thai Cuisine (Arcadia Road),"251A Arcadia Road, Singapore 289847",Singapore,Central,2.0,Thai,103.8098975,1.3346097,9643 6690,Not in Michelin Guide Yet,https://maps.google.com/?cid=2452947773979462837,Not Awarded Any Yet,"Dine-in,Takeaway,Reservations,Outdoor seating,Beer,Coffee,Credit cards,NFC payments",No Description Available Yet,A,0,1,5.0,average,0.9664,excellent,0.8524,good,0.9982,3.0,5.0,4.0
ChIJTZa2b1oR2jERLNETsstUmt0,Rsak Indian Muslim Food,"429A Choa Chu Kang Avenue 4, Singapore 681429",Singapore,West,1.0,Indian,103.7405924,1.3833279,9379 1345,Not in Michelin Guide Yet,https://maps.google.com/?cid=15968168662638252332,Not Awarded Any Yet,"Dine-in,Takeaway,Coffee,NFC payments",No Description Available Yet,A,0,4,3.5,poor,0.6824,excellent,0.4631,good,0.7208,2.5,3.0,3.5
ChIJxYzaWgAV2jERIM2gY3oqYWU,Ruan Fang Wanton Noodle,"780 Yishun Ring Road, Singapore 760780",Singapore,North,1.0,Street Food,103.8327773,1.422176,9003 1853,Not in Michelin Guide Yet,https://maps.google.com/?cid=7305166775717514528,Not Awarded Any Yet,"Dine-in,Takeaway",No Description Available Yet,A,0,1,3.0,average,0.9567,good,0.2098,average,0.965,3.0,4.0,3.0
ChIJXQv0JrEZ2jERIvaikq75sfU,Rumah Makan Minang (Kandahar Street),"20 Kandahar Street, Singapore 198885",Singapore,Central,2.0,Indonesian,103.8595966,1.3022991,6977 7064,Not in Michelin Guide Yet,https://maps.google.com/?cid=17704206138349909538,Not Awarded Any Yet,"Dine-in,Takeaway,Delivery,Reservations,Outdoor seating,Coffee,Credit cards,NFC payments,Wheelchair accessible","Halal Indonesian eatery serving nasi padang, beef rendang, satay & more in a low-key space.",B,1,3,5.0,good,0.8302,excellent,0.9163,good,0.9688,4.33,4.67,4.33
ChIJYWuy22wZ2jERzHWDrurjEMg,Ryo Sushi,"1 Tras Link, #01-06 Orchid Hotel, 078867",Singapore,Central,4.0,Sushi,103.84373,1.277155,No Phone Number Listed,Not in Michelin Guide Yet,https://maps.google.com/?cid=14416273004302661068,Not Awarded Any Yet,"Dine-in,Reservations,Beer,Credit cards,NFC payments",No Description Available Yet,A,0,4,5.0,good,0.7212,excellent,0.7205,good,0.7972,4.0,5.0,4.0
ChIJ93OMqfwW2jERk_ierzuhC_M,S-11 Amk 450,"450 Ang Mo Kio Avenue 10, Singapore 560450",Singapore,North-East,1.0,Coffee Shop,103.855418,1.3685565,No Phone Number Listed,Not in Michelin Guide Yet,https://maps.google.com/?cid=17513268853681879187,Not Awarded Any Yet,"Dine-in,Takeaway,Outdoor seating,Beer,Coffee,Wheelchair accessible",No Description Available Yet,A,0,3,4.0,good,0.7944,excellent,0.4638,good,0.8309,3.33,4.0,3.33
ChIJE0M5ac8F2jER4VyguvgqOAg,Saap Saap Thai,"1 Joo Koon Bus Interchange, Singapore 629117",Singapore,West,2.0,Thai,103.6786162,1.3271996,No Phone Number Listed,Not in Michelin Guide Yet,https://maps.google.com/?cid=592270598770547937,Not Awarded Any Yet,"Dine-in,Takeaway,Delivery,NFC payments,Wheelchair accessible",No Description Available Yet,A,0,5,2.4,poor,0.6908,terrible,0.5511,good,0.6036,2.6,2.4,3.0
ChIJ6UlNJgAT2jERjpYCNyn9zPU,Saayang Sayang Indonesian Nasi Padang,"Seletar Expressway, Singapore 737924",Singapore,North,1.0,Indonesian,103.7945947,1.4247859,No Phone Number Listed,Not in Michelin Guide Yet,https://maps.google.com/?cid=17711809787999721102,Not Awarded Any Yet,"Takeaway,Wheelchair accessible",No Description Available Yet,B,1,4,1.75,poor,0.8811,terrible,0.8008,good,0.7436,2.25,2.0,2.75
ChIJs1KdHQ8Z2jERZN0IHVn3gJ0,Sabai Fine Thai On The Bay,"70 Collyer Quay, Singapore 049323",Singapore,Central,1.0,Thai,103.85339,1.2824961,6535 3718,Not in Michelin Guide Yet,https://maps.google.com/?cid=11349343023084920164,Not Awarded Any Yet,"Dine-in,Takeaway,Delivery,Reservations,Outdoor seating,Beer,Wine,Cocktails,Coffee,Credit cards",No Description Available Yet,A,0,2,5.0,good,0.4606,excellent,0.6121,good,0.9822,4.0,5.0,4.0
ChIJLQr1tfMR2jER4Wt68moWhi8,Sabira Indian Muslim Food,"Choa Chu Kang Street 54, Singapore 689189",Singapore,West,1.0,Indian,103.7482705,1.3954315,8133 8872,Not in Michelin Guide Yet,https://maps.google.com/?cid=3424449215252294625,Not Awarded Any Yet,"Dine-in,Takeaway,Outdoor seating,Coffee,NFC payments,Wheelchair accessible",No Description Available Yet,A,0,4,3.0,good,0.596,excellent,0.4911,good,0.8799,3.75,3.75,3.0
ChIJucZNLRcV2jERcDPdU2EMc4M,Sabrina's Kitchen (Jalan Tampang),"18 Jalan Tampang, Singapore 759274",Singapore,North,2.0,Malay,103.8234663,1.4416557,8313 8473,Not in Michelin Guide Yet,https://maps.google.com/?cid=9471928053448651632,Not Awarded Any Yet,"Dine-in,Takeaway,Delivery,Credit cards,NFC payments",No Description Available Yet,B,1,4,4.75,good,0.7274,excellent,0.3586,good,0.9296,4.0,4.5,4.0
ChIJy6YytPIP2jER_3zeIbByHxE,Safra Jurong,"333 Boon Lay Way, Singapore 649848",Singapore,West,2.0,Sports Activity Location,103.7059808,1.3354052,6686 4333,Not in Michelin Guide Yet,https://maps.google.com/?cid=1233830923730844927,Not Awarded Any Yet,"Credit cards,NFC payments,Wheelchair accessible",No Description Available Yet,A,0,4,5.0,good,0.6678,good,0.8608,good,0.4553,4.0,4.25,4.0
ChIJ1278pRwb2jER5mLbqcDeKCY,Safra Mount Faber,"2 Telok Blangah Wy, Singapore 098803",Singapore,Central,3.0,Sports Activity Location,103.8173155,1.277675,6278 6011,Not in Michelin Guide Yet,https://maps.google.com/?cid=2749692491574502118,Not Awarded Any Yet,"Credit cards,NFC payments,Wheelchair accessible",No Description Available Yet,A,0,2,4.5,average,0.5128,excellent,0.3307,good,0.0112,4.0,3.5,4.0
ChIJZ8Pfa2MX2jER7O1oImJ0ViY,Safra Toa Payoh,"293 Lorong 6 Toa Payoh, Singapore 319387",Singapore,Central,1.0,Sports Activity Location,103.8546716,1.3302722,6259 4000,Not in Michelin Guide Yet,https://maps.google.com/?cid=2762523386271297004,Not Awarded Any Yet,"Credit cards,NFC payments,Wheelchair accessible",No Description Available Yet,A,0,2,1.0,poor,0.5294,terrible,0.3962,good,0.152,2.0,1.0,2.5
ChIJNadbjWYX2jERZQF2uivtRVs,Saizeriya (Lorong 6 Toa Payoh),"190 #01-578 Lorong 6 Toa Payoh, Singapore 310190",Singapore,Central,1.0,Italian,103.8494922,1.3328892,6253 8001,Not in Michelin Guide Yet,https://maps.google.com/?cid=6576923602912149861,Not Awarded Any Yet,"Dine-in,Takeaway,Delivery,Beer,Wine,Coffee,Credit cards,NFC payments",No Description Available Yet,A,0,4,3.75,poor,0.7358,excellent,0.8076,good,0.8239,3.25,3.0,3.75
ChIJh2k96o0a2jERSkqPTsp1nqM,Saizeriya (Clementi Avenue 3),"321 Clementi Avenue 3, Singapore 120321",Singapore,Central,1.0,Italian,103.7650332,1.3119864,6710 7590,Not in Michelin Guide Yet,https://maps.google.com/?cid=11789990386264394314,Not Awarded Any Yet,"Dine-in,Takeaway,Delivery,Beer,Wine,Coffee,Credit cards,NFC payments,Wheelchair accessible",No Description Available Yet,A,0,3,3.33,average,0.6904,average,0.803,good,0.9243,3.0,2.67,2.33
ChIJW66nSLwV2jERiA5Uv9Zwbnk,Saizeriya (Yishun Ring),"598 Yishun Ring Road, Singapore 768698",Singapore,North,1.0,Italian,103.8410316,1.4182745,6592 3537,Not in Michelin Guide Yet,https://maps.google.com/?cid=8750055193662721672,Not Awarded Any Yet,"Dine-in,Takeaway,Delivery,Wine,Credit cards,NFC payments,Wheelchair accessible",No Description Available Yet,A,0,5,4.0,poor,0.854,excellent,0.7688,good,0.9819,2.8,3.8,3.4
ChIJ3f94CugZ2jERAKitHlOLiGg,Saizeriya (Thomson),"101 Thomson Road, Singapore 307591",Singapore,Central,1.0,Italian,103.8436253,1.3175235,6250 5480,Not in Michelin Guide Yet,https://maps.google.com/?cid=7532423565890398208,Not Awarded Any Yet,"Dine-in,Takeaway,Delivery,Beer,Wine,Coffee,Credit cards,NFC payments,Wheelchair accessible",No Description Available Yet,A,0,5,2.8,average,0.5473,excellent,0.4867,good,0.7593,2.8,3.2,3.0
ChIJUcJbp7wR2jERjkFffFjo2bk,Saizeriya (Bukit Panjang Station Square),"Bukit Panjang Station Square, Singapore 679278",Singapore,West,1.0,Italian,103.7624543,1.3785816,6909 1461,Not in Michelin Guide Yet,https://maps.google.com/?cid=13391990433704264078,Not Awarded Any Yet,"Dine-in,Takeaway,Delivery,Beer,Wine,Coffee,Credit cards,NFC payments,Wheelchair accessible",No Description Available Yet,A,0,3,2.33,poor,0.7863,terrible,0.929,terrible,0.6274,2.67,2.33,2.0
ChIJsem_9TkV2jERh4pnHPKOKQU,Saizeriya (Yishun),"Yishun Walk, Singapore 767944",Singapore,North,1.0,Western,103.8311272,1.4143361,6970 2588,Not in Michelin Guide Yet,https://maps.google.com/?cid=371985614744554119,Not Awarded Any Yet,"Dine-in,Takeaway,Delivery,Wine,Coffee,Credit cards,NFC payments,Wheelchair accessible",No Description Available Yet,A,0,4,4.75,good,0.7677,good,0.7366,good,0.9875,3.75,4.0,4.0
ChIJGxMHocgZ2jERcqP2f7X0w_o,Saizeriya (Kitchener),"180 Kitchener Road, Singapore 208539",Singapore,Central,1.0,Italian,103.8565897,1.3113982,6834 4877,Not in Michelin Guide Yet,https://maps.google.com/?cid=18069555190313689970,Not Awarded Any Yet,"Dine-in,Takeaway,Delivery,Beer,Wine,Coffee,Credit cards,NFC payments,Wheelchair accessible",No Description Available Yet,A,0,5,1.8,poor,0.7943,poor,0.7975,good,0.7481,2.6,2.4,3.0
ChIJM9H3S3kR2jERDSkclfQn8NY,Saizeriya (Yew Tee),"#01-03 Yew Tee Close, Singapore 689578",Singapore,West,1.0,Italian,103.7467908,1.397305,6219 3557,Not in Michelin Guide Yet,https://maps.google.com/?cid=15487923049954289933,Not Awarded Any Yet,"Dine-in,Takeaway,Delivery,Beer,Wine,Coffee,Credit cards,NFC payments,Wheelchair accessible",No Description Available Yet,A,0,5,2.2,poor,0.8933,poor,0.6945,terrible,0.4525,2.4,2.2,1.8
ChIJgZVN1UQW2jERd9rgcWf1tiE,Saizeriya (Hougang 1),"Hougang Avenue 9, Singapore 538692",Singapore,North-East,1.0,Italian,103.8793639,1.3753886,6312 8644,Not in Michelin Guide Yet,https://maps.google.com/?cid=2429398873653959287,Not Awarded Any Yet,"Dine-in,Takeaway,Delivery,Beer,Wine,Coffee,Credit cards,NFC payments,Wheelchair accessible",No Description Available Yet,A,0,4,3.75,average,0.6574,excellent,0.41,good,0.9434,3.0,3.25,3.5
ChIJZSsB22QW2jER6QX3Pir53FU,Saizeriya (The Seletar Mall),"Sengkang West Avenue, Singapore 790410",Singapore,North-East,1.0,Italian,103.8761588,1.3912449,6386 9246,Not in Michelin Guide Yet,https://maps.google.com/?cid=6187093947940537833,Not Awarded Any Yet,"Dine-in,Takeaway,Delivery,Beer,Wine,Coffee,Credit cards,NFC payments,Wheelchair accessible",No Description Available Yet,A,0,5,1.2,poor,0.8441,terrible,0.7803,poor,0.8209,2.0,1.2,1.6
ChIJYWuy22wZ2jEReYQZ5RWDBN8,Sakari Sushi,"1 Tras Link, #01-05, Singapore 078867",Singapore,Central,4.0,Japanese,103.8437307,1.27719,9777 1791,Not in Michelin Guide Yet,https://maps.google.com/?cid=16070113500425979001,Not Awarded Any Yet,"Dine-in,Reservations,Beer,Credit cards,NFC payments",No Description Available Yet,A,0,5,4.0,good,0.6631,excellent,0.6377,good,0.7612,3.0,4.0,3.6
ChIJO7EYSccZ2jERD86YcpLhjC8,Sakunthala's Restaurant (Race Course Outlet),"Race Course Road, Singapore 218564",Singapore,Central,2.0,Indian,103.8512802,1.3086354,6293 6649,Not in Michelin Guide Yet,https://maps.google.com/?cid=3426361435626196495,Not Awarded Any Yet,"Dine-in,Takeaway,Delivery,Reservations,Coffee,Credit cards,NFC payments,Wheelchair accessible",No Description Available Yet,A,0,3,5.0,good,0.7661,excellent,0.7437,good,0.7406,3.33,3.67,3.33
ChIJnzw-g-cZ2jERCkE6CK2nf4k,Saladstop! Novena Square,"Sinaran Drive, Singapore 307684",Singapore,Central,1.0,Vegetarian,103.8436924,1.3205712,6420 2519,Not in Michelin Guide Yet,https://maps.google.com/?cid=9907822066847596810,Not Awarded Any Yet,"Dine-in,Takeaway,Delivery,Coffee,Credit cards,NFC payments,Wheelchair accessible",No Description Available Yet,A,0,5,3.8,good,0.7861,excellent,0.7146,good,0.7758,3.2,3.4,3.6
ChIJZzTg5yIa2jERNtVXMcuCOFU,Samy's Curry Restaurant,"25 Dempsey Road, Singapore 249670",Singapore,Central,2.0,Indian,103.8117619,1.3061228,6472 2080,Not in Michelin Guide Yet,https://maps.google.com/?cid=6140801901137483062,Not Awarded Any Yet,"Dine-in,Takeaway,Reservations,Outdoor seating,Beer,Wine,Coffee,Credit cards,NFC payments",Family-run fixture serving North & South Indian dishes & drinks in a relaxed setting.,C,2,4,4.75,good,0.863,excellent,0.9066,good,0.8764,3.75,5.0,4.0
ChIJj-RMRdEW2jERmjcLiec9KQ8,San Ba Wang Guo Zhi Shu Shi,"Off upper Thomson Jalan Leban, Singapore 574419",Singapore,North-East,1.0,Street Food,103.8289822,1.3724077,No Phone Number Listed,Not in Michelin Guide Yet,https://maps.google.com/?cid=1092472449260009370,Not Awarded Any Yet,,No Description Available Yet,A,0,3,4.33,good,0.6506,good,0.7384,good,0.8932,3.67,4.33,3.67
ChIJg2Xn2Y8X2jERJU4g5KAORcE,San Ren Xing (Thomson Plaza),"Upper Thomson Road, Singapore 576583",Singapore,North-East,2.0,Chinese,103.8308643,1.3548791,6970 2128,Not in Michelin Guide Yet,https://maps.google.com/?cid=13926553506898005541,Not Awarded Any Yet,"Dine-in,Takeaway,Delivery,Reservations,Beer,Credit cards,NFC payments,Wheelchair accessible",No Description Available Yet,A,0,5,4.8,average,0.9066,excellent,0.6599,good,0.9772,3.4,5.0,4.0
ChIJOZn4TccZ2jER5E5IYkf9_9Q,Sangeetha Bhavan Restaurant,"Rangoon Road, Singapore 218374",Singapore,Central,2.0,Indian,103.8541112,1.313887,6295 4747,Not in Michelin Guide Yet,https://maps.google.com/?cid=15348264538135351012,Not Awarded Any Yet,"Dine-in,Takeaway,Delivery,Reservations,Coffee,Credit cards,NFC payments",No Description Available Yet,B,1,4,4.5,good,0.725,excellent,0.5527,good,0.9914,3.5,4.0,3.75
ChIJUTAsVOwX2jER-ze3ko9WtEg,Sanook Kitchen (Thomson Plaza),"Upper Thomson Road, Singapore 576583",Singapore,North-East,2.0,Thai,103.8308906,1.3548586,6252 9391,Not in Michelin Guide Yet,https://maps.google.com/?cid=5238907441180522491,Not Awarded Any Yet,"Dine-in,Takeaway,Reservations,Coffee,Credit cards,NFC payments,Wheelchair accessible",No Description Available Yet,B,1,4,5.0,average,0.9088,good,0.8477,good,0.7767,3.0,3.5,3.5
ChIJnY-xpNAb2jERa2B79bIGXYc,Sarpino’S Pizza Dunearn,"314 Dunearn Road, Singapore 299551",Singapore,Central,1.0,Pizza Delivery,103.8174041,1.3232913,6636 3636,Not in Michelin Guide Yet,https://maps.google.com/?cid=9753959733646811243,Not Awarded Any Yet,"Takeaway,Delivery,NFC payments,Wheelchair accessible",No Description Available Yet,A,0,4,3.25,good,0.861,good,0.6954,good,0.6348,3.0,3.0,2.75
ChIJe5TGTaUZ2jERLAswMbq_VNc,Saute Sushi | Paya Lebar Square | Paya Lebar | Vegetarian Vegan Halal | Japanese Cuisines,"60 Paya Lebar Road, Singapore 409051",Singapore,Central,2.0,Vegetarian,103.8925563,1.3191725,8870 3565,Not in Michelin Guide Yet,https://maps.google.com/?cid=15516237422608255788,Not Awarded Any Yet,"Dine-in,Takeaway,Delivery,Credit cards,NFC payments,Wheelchair accessible",No Description Available Yet,A,0,5,5.0,good,0.6289,good,0.798,good,0.7918,4.0,4.4,4.0
ChIJ1WnHJhMZ2jERLDwEX_uj9tM,Sbcd Korean Tofu House,"7 Wallich St, B1 - 01 / 02 Guoco Tower, Singapore 078884",Singapore,Central,2.0,Korean,103.8455475,1.2770512,6386 6441,Not in Michelin Guide Yet,https://maps.google.com/?cid=15273575486299847724,Not Awarded Any Yet,"Dine-in,Takeaway,Reservations,Beer,Credit cards,NFC payments,Wheelchair accessible",No Description Available Yet,A,0,5,2.8,good,0.5184,excellent,0.4969,good,0.7904,3.4,4.2,3.6
ChIJhxv_i7QP2jERiFx_sVhZkPA,Sbm Food Corner (Bangladeshi Food),"Soon Lee Street, Singapore 627606",Singapore,West,1.0,Indian,103.6984368,1.3334914,9796 1073,Not in Michelin Guide Yet,https://maps.google.com/?cid=17334453203218947208,Not Awarded Any Yet,"Dine-in,Takeaway,Wheelchair accessible",No Description Available Yet,A,0,3,5.0,good,0.6917,excellent,0.5758,good,0.9934,4.0,4.67,3.67
ChIJAQAQmqIP2jERFCDKBI2afpA,Seafood Palace,"851 Jurong West Street 81, Singapore 640851",Singapore,West,2.0,Seafood,103.6925469,1.3466391,6200 6283,Not in Michelin Guide Yet,https://maps.google.com/?cid=10411929318988587028,Not Awarded Any Yet,"Dine-in,Takeaway,Delivery",No Description Available Yet,A,0,4,1.0,poor,0.7712,poor,0.6922,poor,0.7375,2.5,2.5,2.5
ChIJJzQJ_NEP2jERjbEi0dHASmg,Seafood Park,"501 Jurong West Street 51, Singapore 640501",Singapore,West,2.0,Seafood,103.7187305,1.3503947,6270 7334,Not in Michelin Guide Yet,https://maps.google.com/?cid=7515030935610503565,Not Awarded Any Yet,"Dine-in,Takeaway,Delivery,Wheelchair accessible",No Description Available Yet,B,1,5,2.6,good,0.4999,excellent,0.5101,good,0.8428,3.2,3.4,3.4
ChIJ6Q_N8D4X2jERcVXPZtgtuSk,Seasalt The Seafood Place,"38 Jalan Pemimpin, Singapore 577178",Singapore,North-East,1.0,Seafood,103.841584,1.348385,8200 5528,Not in Michelin Guide Yet,https://maps.google.com/?cid=3006484633707566449,Not Awarded Any Yet,Coffee,No Description Available Yet,B,1,2,4.5,good,0.9076,excellent,0.594,good,0.9978,4.0,4.5,4.0
ChIJJZO6vmYX2jERmMbuP_qPWYI,Secret Recipe,"470 Lor 6 Toa Payoh, #01-71, Singapore 310470",Singapore,Central,2.0,Bakery,103.8495333,1.3320862,6250 6523,Not in Michelin Guide Yet,https://maps.google.com/?cid=9392696802835089048,Not Awarded Any Yet,"Takeaway,Delivery,Coffee,Credit cards,NFC payments,Wheelchair accessible",No Description Available Yet,A,0,3,3.67,average,0.7478,excellent,0.7742,good,0.6123,2.67,3.67,3.0
ChIJXzcVmgET2jERmTDa7Qu-G6c,Selera Menanti Traditional Malay Cuisine,"21 Marsiling Lane, Singapore 730021",Singapore,North,1.0,Malay,103.7771358,1.4437034,No Phone Number Listed,Not in Michelin Guide Yet,https://maps.google.com/?cid=12041426987149570201,Not Awarded Any Yet,"Dine-in,Takeaway,Coffee,Wheelchair accessible",No Description Available Yet,A,0,3,3.33,good,0.9669,good,0.5455,good,0.9468,3.33,3.33,3.33
ChIJv4Mk4QYa2jERczmNSOPbWeY,Selera Rasa Nasi Lemak,"2 Adam Road, Singapore 289876",Singapore,Central,1.0,Street Food,103.8143035,1.3241634,9843 4509,Not in Michelin Guide Yet,https://maps.google.com/?cid=16598539670871947635,Not Awarded Any Yet,"Dine-in,Takeaway,Outdoor seating,Wheelchair accessible","Basic, popular hawker stall doling out nasi lemak, fried chicken wings & other familiar Asian eats.",B,1,2,5.0,good,0.6216,excellent,0.6507,good,0.9972,4.0,5.0,4.0
ChIJy0QfkQEX2jER-s6dxydOHSE,Sembawang Hills Chwee Kueh,"Upper Thomson Road, Singapore 574419",Singapore,North-East,1.0,Street Food,103.8289183,1.3724046,No Phone Number Listed,Not in Michelin Guide Yet,https://maps.google.com/?cid=2386149310335930106,Not Awarded Any Yet,Takeaway,No Description Available Yet,B,1,4,3.5,poor,0.5522,good,0.4648,good,0.8328,2.5,3.5,3.0
ChIJH1HG6tEW2jERGsch7FbDL5g,Sembawang Hills Food Centre,"590 Upper Thomson Rd, Singapore 574419",Singapore,North-East,1.0,Street Food,103.8290075,1.3722883,6225 5632,Not in Michelin Guide Yet,https://maps.google.com/?cid=10966198395766687514,Not Awarded Any Yet,"Dine-in,Takeaway,Outdoor seating,Beer,Coffee,NFC payments,Wheelchair accessible",No Description Available Yet,B,1,4,4.75,good,0.6054,excellent,0.5857,good,0.9912,3.75,4.75,4.0
ChIJQbmFsIEU2jERkxCMqpBIKB0,Sembawang Traditional Claypot Rice,"6 Jalan Tampang, Singapore 758948",Singapore,North,2.0,Chinese,103.8235893,1.4421427,6757 7144,Not in Michelin Guide Yet,https://maps.google.com/?cid=2101009012342132883,Not Awarded Any Yet,"Dine-in,Takeaway,Delivery,Reservations,Outdoor seating,Coffee,Cash only",No Description Available Yet,A,0,4,3.5,good,0.6564,average,0.6296,good,0.9894,4.0,3.25,4.0
ChIJHeJbwNEW2jER5hef5r9Uncg,Sen Seng Juices Corner,"Off upper Thomson Jalan Leban, Singapore 574419",Singapore,North-East,1.0,Street Food,103.8289874,1.3724099,No Phone Number Listed,Not in Michelin Guide Yet,https://maps.google.com/?cid=14455803562113832934,Not Awarded Any Yet,Takeaway,No Description Available Yet,B,1,3,4.67,average,0.7636,excellent,0.4707,good,0.9579,3.33,4.67,4.0
ChIJqfyCFgAX2jERKddFY-HoBbQ,Seng Heng Atas Roasted Delights (Hougang Street 91),"1 Hougang Street 91, Singapore 538692",Singapore,North-East,1.0,Street Food,103.879344,1.3760263,No Phone Number Listed,Not in Michelin Guide Yet,https://maps.google.com/?cid=12972030356441388841,Not Awarded Any Yet,Takeaway,No Description Available Yet,A,0,3,1.0,good,0.6849,average,0.834,average,0.7029,3.33,3.0,2.67
ChIJrYo5BwAT2jERoKakq_ow2d8,Seng Heng Atas Roasted Delights (Woodlands Avenue 4),"Woodlands Avenue 4, Singapore 730531",Singapore,North,1.0,Street Food,103.7937023,1.4304966,No Phone Number Listed,Not in Michelin Guide Yet,https://maps.google.com/?cid=16129977393583793824,Not Awarded Any Yet,Takeaway,No Description Available Yet,A,0,5,1.8,poor,0.7495,poor,0.6247,good,0.8428,2.2,2.0,2.8
ChIJY6nH_skX2jERDB9Lu3yL3eU,Seng Hock Delights,"Jalan Hock Chye, Singapore 538882",Singapore,North-East,1.0,Street Food,103.8915066,1.3588538,No Phone Number Listed,Not in Michelin Guide Yet,https://maps.google.com/?cid=16563548372373020428,Not Awarded Any Yet,,No Description Available Yet,A,0,1,5.0,good,0.9856,good,0.0478,good,0.998,4.0,4.0,4.0
ChIJHeJbwNEW2jER2A1LuMIAh3M,Seng Huat Duck Rice,"590 Upper Thomson Rd, #01-07, Singapore 574419",Singapore,North-East,1.0,Street Food,103.8289728,1.372406,No Phone Number Listed,Not in Michelin Guide Yet,https://maps.google.com/?cid=8324623272533233112,Not Awarded Any Yet,"Dine-in,Takeaway,Wheelchair accessible",No Description Available Yet,A,0,4,3.5,poor,0.832,excellent,0.6889,good,0.9426,2.75,3.5,2.75
ChIJR2jLC9gb2jERSOMeHzTdNNs,Seoul Garden Buffet & Seoul Garden Hotpot (Harbourfront Centre),"1 Maritime Square, #01-65 HarbourFront Centre, Singapore 099253",Singapore,Central,2.0,Korean Barbecue,103.8199438,1.2650798,6710 6339,Not in Michelin Guide Yet,https://maps.google.com/?cid=15795493009025327944,Not Awarded Any Yet,"Dine-in,Takeaway,Reservations,Coffee,Credit cards,NFC payments,Wheelchair accessible",No Description Available Yet,A,0,4,4.0,poor,0.8197,excellent,0.9427,good,0.6298,2.75,4.25,3.0
ChIJqzjMdA4Q2jERhp5llpougBk,Seoul Garden Hotpot & Cafe Imm,"Entrance, Singapore 609601",Singapore,West,2.0,Korean,103.7468492,1.3349575,6566 8339,Not in Michelin Guide Yet,https://maps.google.com/?cid=1837519889450245766,Not Awarded Any Yet,"Dine-in,Takeaway,Delivery,Reservations,Coffee,Credit cards,NFC payments,Wheelchair accessible",No Description Available Yet,A,0,5,4.0,good,0.8689,good,0.8124,good,0.907,3.8,3.8,4.0
ChIJE6d2GAAX2jERJhHSbce8RKE,Serangoon Soya Bean,"49A Serangoon Garden Way, Singapore 555945",Singapore,North-East,1.0,Street Food,103.8666709,1.3632268,No Phone Number Listed,Not in Michelin Guide Yet,https://maps.google.com/?cid=11620620503249719590,Not Awarded Any Yet,"Takeaway,Wheelchair accessible",No Description Available Yet,A,0,4,4.5,good,0.9705,good,0.3871,good,0.9758,3.75,4.0,3.75
ChIJjf0e-rMf2jERh_tGEBLxdjQ,Shaan North Indian Restaurant,"31 Ocean Way #01-08 Quayside Isle, 31 Ocean Way, #01-08 Sentosa Cove, 098375",Singapore,Central,3.0,Indian,103.8422318,1.2471122,6200 7908,Not in Michelin Guide Yet,https://maps.google.com/?cid=3780473997108902791,Not Awarded Any Yet,"Dine-in,Takeaway,Delivery,Reservations,Outdoor seating,Beer,Wine,Cocktails,Coffee,Credit cards,NFC payments,Wheelchair accessible",No Description Available Yet,A,0,3,5.0,good,0.6467,good,0.8542,good,0.9765,4.33,4.33,4.33
ChIJV2UavagT2jERroQfc72wJ0M,Shabu Sai Causeway Point,"Woodlands Integrated Transport Hub, Singapore 738343",Singapore,North,2.0,Japanese,103.7859059,1.4360684,6462 1557,Not in Michelin Guide Yet,https://maps.google.com/?cid=4839030652359640238,Not Awarded Any Yet,"Dine-in,Takeaway,Reservations,Coffee,Credit cards,NFC payments,Wheelchair accessible",No Description Available Yet,A,0,5,4.8,good,0.6814,excellent,0.5817,good,0.7758,4.0,4.6,4.0
ChIJp4zYJ6QZ2jER9SRcNdNCCIo,Shahi Maharani,"252 North Bridge Road, Singapore 179103",Singapore,Central,3.0,Indian,103.853902,1.2942553,6235 8840,Not in Michelin Guide Yet,https://maps.google.com/?cid=9946273251948504309,Not Awarded Any Yet,"Dine-in,Takeaway,Delivery,Reservations,Live music,Beer,Wine,Cocktails,Coffee,Credit cards,NFC payments,Wheelchair accessible",No Description Available Yet,C,2,4,4.0,good,0.6827,excellent,0.8542,good,0.9331,4.25,4.75,3.75
ChIJ7QvzlCoZ2jERBzQm1JmxJFw,Shake Shack Gardens By The Bay,Singapore 018593,Singapore,Central,2.0,Hamburger,103.8652031,1.2838777,No Phone Number Listed,Not in Michelin Guide Yet,https://maps.google.com/?cid=6639627024898339847,Not Awarded Any Yet,"Dine-in,Takeaway,Outdoor seating,Beer,Coffee,Credit cards,NFC payments,Wheelchair accessible","Hip, counter-serve chain for gourmet takes on fast-food classics like burgers & frozen custard.",A,0,4,3.5,good,0.5448,poor,0.2401,good,0.5198,3.0,3.25,3.75
ChIJK3NXs0ob2jERcwKu0HaZass,Shake Shack Sentosa,"43 Siloso Beach Walk, Sentosa, #01-04 iFly Singapore, 099010",Singapore,Central,2.0,Hamburger,103.8175724,1.2520666,No Phone Number Listed,Not in Michelin Guide Yet,https://maps.google.com/?cid=14657696672816956019,Not Awarded Any Yet,"Dine-in,Takeaway,Outdoor seating,Beer,Wine,Credit cards,NFC payments,Wheelchair accessible","Hip, counter-serve chain for gourmet takes on fast-food classics like burgers & frozen custard.",A,0,3,3.0,poor,0.7213,terrible,0.7751,poor,0.783,3.0,2.33,2.67
ChIJc5uDlnYU2jERdUy55sMeSqo,Shami Banana Leaf,"349 Sembawang Road, Singapore 758382",Singapore,North,2.0,Indian,103.825747,1.425906,6754 3898,Not in Michelin Guide Yet,https://maps.google.com/?cid=12270653961462697077,Not Awarded Any Yet,"Dine-in,Takeaway,Delivery,Reservations,Coffee,Credit cards,NFC payments",No Description Available Yet,A,0,3,4.67,average,0.7889,excellent,0.5093,good,0.9952,4.0,5.0,4.33
ChIJ40aBt_8W2jERuo-1JPazw4o,Shamiana Restaurant (Serangoon Garden Way),"Maju Avenue, Singapore 556686",Singapore,North-East,2.0,Indian,103.8658003,1.3652583,6283 9685,Not in Michelin Guide Yet,https://maps.google.com/?cid=9999033467451838394,Not Awarded Any Yet,"Dine-in,Takeaway,Delivery,Reservations,Coffee,Credit cards,NFC payments",No Description Available Yet,A,0,3,4.33,good,0.554,excellent,0.4647,good,0.8581,3.33,4.0,4.0
ChIJ1XfWM6MR2jERuXyhEH8fmyk,Shan Cheng (Ipoh Delicacies) ● (Bukit Panjang Plaza),"1 Jelebu Road, Singapore 677743",Singapore,West,1.0,Malaysian,103.7639979,1.3805645,6877 2419,Not in Michelin Guide Yet,https://maps.google.com/?cid=2998024607545523385,Not Awarded Any Yet,"Dine-in,Takeaway,Delivery,Wine,Coffee,Credit cards,NFC payments,Wheelchair accessible",No Description Available Yet,A,0,5,3.4,good,0.7444,good,0.5239,good,0.6835,3.4,3.2,3.2
ChIJQw9sc88Z2jERIS4Usvhg5Ns,Shang De Vegetarian,"Beatty Road, Singapore 218198",Singapore,Central,1.0,Vegetarian,103.8578025,1.3145459,9181 5153,Not in Michelin Guide Yet,https://maps.google.com/?cid=15844896010252070433,Not Awarded Any Yet,"Dine-in,Takeaway,Outdoor seating,Coffee",No Description Available Yet,A,0,5,4.2,poor,0.6857,excellent,0.4921,good,0.9322,2.8,4.2,4.2
ChIJ49bCdwAF2jERIlo8ZV8vxDQ,Shang Deng Handmade Noodles Fishball Noodle,"14 Lok Yang Way, Singapore 628459",Singapore,West,1.0,Street Food,103.6899909,1.3250449,No Phone Number Listed,Not in Michelin Guide Yet,https://maps.google.com/?cid=3802216072174393890,Not Awarded Any Yet,"Takeaway,Wheelchair accessible",No Description Available Yet,A,0,1,4.0,poor,0.6469,good,0.0666,good,0.8932,2.0,4.0,4.0
ChIJzU_iucMW2jER-6iSXttcQUM,Shanghai Renjia,"151 Ang Mo Kio Avenue 5, Singapore 560151",Singapore,North-East,2.0,Chinese,103.8414662,1.3767483,6368 6927,Not in Michelin Guide Yet,https://maps.google.com/?cid=4846256771281627387,Not Awarded Any Yet,"Dine-in,Takeaway,Reservations,Beer,Cash only",No Description Available Yet,A,0,3,3.67,good,0.8835,good,0.6145,good,0.9664,4.0,4.0,4.0
ChIJ0XH2OAAT2jERm4LNS1zrRas,Sheng Fa Mala Hotpot,"Woodlands Industrial Park E6, Singapore 757047",Singapore,North,1.0,Chinese,103.7991151,1.4493507,No Phone Number Listed,Not in Michelin Guide Yet,https://maps.google.com/?cid=12341529135519990427,Not Awarded Any Yet,"Dine-in,Takeaway",No Description Available Yet,B,1,2,1.0,poor,0.842,poor,0.4796,poor,0.601,2.0,1.5,1.5
ChIJk6jOLsIP2jERVjebyCiJOf8,Sheng Hong Hk Roasted Delight,"959 Jurong West Street 92, Singapore 640959",Singapore,West,1.0,Chinese,103.690471,1.3415846,No Phone Number Listed,Not in Michelin Guide Yet,https://maps.google.com/?cid=18390881361601443670,Not Awarded Any Yet,"Dine-in,Takeaway,Delivery,Wheelchair accessible",No Description Available Yet,A,0,5,2.8,good,0.5756,good,0.2666,good,0.5959,3.4,3.4,3.6
ChIJAwAARV0S2jER8_9uApD3osE,Sheng Yuan Coffeeshop (Kranji),"60 Jalan Lam Huat, Singapore 737869",Singapore,North,1.0,Coffee Shop,103.7522136,1.4308547,No Phone Number Listed,Not in Michelin Guide Yet,https://maps.google.com/?cid=13952986793435398131,Not Awarded Any Yet,"Dine-in,Takeaway,Coffee",No Description Available Yet,B,1,3,2.0,good,0.619,good,0.348,good,0.5682,4.0,4.0,4.0
ChIJ3dARAokQ2jERfMbYeSAERHM,Sherwood Snack Bar,"1 Jalan Anak Bukit, Singapore 588996",Singapore,Central,1.0,Street Food,103.7786926,1.3388106,No Phone Number Listed,Not in Michelin Guide Yet,https://maps.google.com/?cid=8305768150307751548,Not Awarded Any Yet,"Dine-in,Takeaway,Coffee",No Description Available Yet,B,1,5,3.6,good,0.8377,excellent,0.6144,good,0.9172,3.6,3.8,3.6
ChIJ__WpeJUR2jER2-TP0DrHitI,Shi Li Fang Hot Pot (Junction 10),"1 Woodlands Rd, #01-32, Singapore 677899",Singapore,West,2.0,Hot Pot,103.7604329,1.3803368,6235 1055,Not in Michelin Guide Yet,https://maps.google.com/?cid=15171157350176253147,Not Awarded Any Yet,"Dine-in,Reservations,Beer,Credit cards,NFC payments,Wheelchair accessible",No Description Available Yet,A,0,3,5.0,excellent,0.8086,excellent,0.9103,good,0.6835,4.67,4.67,4.0
ChIJJVkJniwV2jERLh5UCqEnoSM,Shi Tang By Mahota Kitchen (Yishun),"461 Yishun Avenue 6, Singapore 760461",Singapore,North,2.0,Street Food,103.8499767,1.4284349,8088 4610,Not in Michelin Guide Yet,https://maps.google.com/?cid=2567376835194396206,Not Awarded Any Yet,"Dine-in,Takeaway,Delivery,Reservations,Coffee,NFC payments",No Description Available Yet,B,1,5,3.4,poor,0.6292,excellent,0.6014,good,0.8105,3.2,3.8,3.4
ChIJ678bxeYW2jER3PkC0o9gLwA,Shihlin Taiwan Street Food (Amk),"53 Ang Mo Kio Avenue 3, Singapore 569933",Singapore,North-East,1.0,Taiwanese,103.8481594,1.3690023,No Phone Number Listed,Not in Michelin Guide Yet,https://maps.google.com/?cid=13335494725401052,Not Awarded Any Yet,"Takeaway,Credit cards,NFC payments,Wheelchair accessible",No Description Available Yet,A,0,3,2.33,poor,0.7949,terrible,0.9738,good,0.5245,3.0,2.33,2.33
ChIJy64vxOwP2jER6NO1VABiHQg,Shihlin Taiwan Street Food (Jurong Point),"1 Jurong West Central 2, Singapore 643698",Singapore,West,1.0,Taiwanese,103.704901,1.3388403,No Phone Number Listed,Not in Michelin Guide Yet,https://maps.google.com/?cid=584731280188756968,Not Awarded Any Yet,"Dine-in,Takeaway,Credit cards,NFC payments",No Description Available Yet,A,0,3,3.0,poor,0.6751,excellent,0.2389,good,0.6539,2.67,2.67,3.33
ChIJcV1a0n4Z2jERbbpaIpuKFe0,Shihlin Taiwan Street Food (Tiong Bahru Plaza),"302 Tiong Bahru Rd, #B1-K2, Singapore 168732",Singapore,Central,1.0,Taiwanese,103.8271452,1.2866545,No Phone Number Listed,Not in Michelin Guide Yet,https://maps.google.com/?cid=17083713160400779885,Not Awarded Any Yet,"Dine-in,Takeaway,NFC payments,Wheelchair accessible",No Description Available Yet,A,0,4,4.0,good,0.4469,good,0.6983,good,0.8384,3.75,4.25,4.0
ChIJNQt1fWUU2jER9wft0PoKNHM,Shihlin Taiwan Street Snacks (North Point),"#01-47 Yishun Central Service Road, Singapore 768794",Singapore,North,1.0,Taiwanese,103.8363867,1.4293749,No Phone Number Listed,Not in Michelin Guide Yet,https://maps.google.com/?cid=8301272085513963511,Not Awarded Any Yet,"Dine-in,Takeaway,Credit cards,NFC payments,Wheelchair accessible",No Description Available Yet,A,0,3,2.0,poor,0.8066,poor,0.5809,poor,0.6228,2.0,2.0,2.67
ChIJ6-IEPgAF2jERcsHih1UuuGg,Shin Jeong Korean Restaurant 1993,"1 Joo Koon Bus Interchange, Singapore 629117",Singapore,West,2.0,Korean,103.6780255,1.3271359,No Phone Number Listed,Not in Michelin Guide Yet,https://maps.google.com/?cid=7545832120546148722,Not Awarded Any Yet,Dine-in,No Description Available Yet,A,0,4,3.75,good,0.9298,excellent,0.5037,good,0.9938,3.25,3.75,3.75
ChIJ26f-6Z4Z2jERGpsI6a3XdiU,Shin Minori Japanese Restaurant (Ue Square),"81 Clemenceau Avenue, Singapore 239917",Singapore,Central,2.0,Japanese,103.8426977,1.2919659,6733 2272,Not in Michelin Guide Yet,https://maps.google.com/?cid=2699582168594160410,Not Awarded Any Yet,"Dine-in,Takeaway,Delivery,Reservations,Beer,Wine,Credit cards,NFC payments,Wheelchair accessible",No Description Available Yet,A,0,2,5.0,average,0.7827,excellent,0.3404,good,0.7341,3.0,4.5,4.0
ChIJBR2TgaYQ2jERS4RMTMzPUUQ,Shin Yuu (Greenwood),"8 Greenwood Avenue, Singapore 289198",Singapore,Central,2.0,Japanese,103.8071819,1.3312392,9688 2996,Not in Michelin Guide Yet,https://maps.google.com/?cid=4922944344053023819,Not Awarded Any Yet,"Dine-in,Takeaway,Reservations,Outdoor seating,Beer,Wine,Credit cards,NFC payments",No Description Available Yet,A,0,5,4.2,good,0.7642,excellent,0.677,good,0.7086,3.4,3.6,3.6
ChIJo8XdDIsZ2jERghtpkkSHTXc,Shinji By Kanesaka,"29 Tanglin Road, Singapore 247911",Singapore,Central,4.0,Japanese,103.8259335,1.3056718,6884 8239,Not in Michelin Guide Yet,https://maps.google.com/?cid=8596675992304032642,Not Awarded Any Yet,"Dine-in,Takeaway,Delivery,Reservations,Beer,Wine,Credit cards,NFC payments,Wheelchair accessible",No Description Available Yet,A,0,3,5.0,good,0.7925,excellent,0.9018,good,0.9632,4.33,5.0,4.33
ChIJr3YApn4W2jERpOoDzsTM4HM,Shu Vegetarian,"259 Jalan Kayu, Singapore 799507",Singapore,North-East,2.0,Vegetarian,103.8729536,1.3968574,6493 7265,Not in Michelin Guide Yet,https://maps.google.com/?cid=8349898854786919076,Not Awarded Any Yet,"Dine-in,Takeaway,Reservations,Outdoor seating,Coffee",No Description Available Yet,B,1,4,3.75,good,0.6048,excellent,0.6645,good,0.8724,3.5,4.0,4.25
ChIJHeJbwNEW2jERUD98-_Q4GZg,Shui Kway,"Off upper Thomson Jalan Leban, Singapore 574419",Singapore,North-East,1.0,Street Food,103.8289799,1.372207,No Phone Number Listed,Not in Michelin Guide Yet,https://maps.google.com/?cid=10959853793025212240,Not Awarded Any Yet,"Dine-in,Takeaway,Wheelchair accessible",No Description Available Yet,A,0,5,3.6,good,0.7102,good,0.3117,good,0.7926,3.0,3.4,3.2
ChIJy5g1pTsX2jER845msz2fEGc,Shun Fu Yuan Vegetarian,"320 Shunfu Road, Singapore 570320",Singapore,North-East,1.0,Vegetarian,103.8369829,1.3518582,9642 6646,Not in Michelin Guide Yet,https://maps.google.com/?cid=7426610872885612275,Not Awarded Any Yet,"Takeaway,Wheelchair accessible",No Description Available Yet,A,0,5,3.0,good,0.9313,good,0.3543,good,0.547,2.6,2.6,2.4
ChIJd1gGcY0P2jER4FKHiGL_CwY,Shun Heng Bbq (Jalan Bahar),"Jalan Bahar, Singapore 640271",Singapore,West,1.0,Street Food,103.7028746,1.3490437,9345 2682,Not in Michelin Guide Yet,https://maps.google.com/?cid=435722587633832672,Not Awarded Any Yet,"Dine-in,Takeaway,Wheelchair accessible",No Description Available Yet,A,0,3,3.33,good,0.8781,excellent,0.8708,good,0.8874,3.33,3.67,3.33
ChIJo72SHR8F2jERGdbMnKwnqsE,Shun Heng Bbq (Yung Ho),"Yung Ho Road, Singapore 618593",Singapore,West,1.0,Chinese,103.7254765,1.3257489,8184 3920,Not in Michelin Guide Yet,https://maps.google.com/?cid=13955010017679431193,Not Awarded Any Yet,"Dine-in,Takeaway,Delivery,Reservations",No Description Available Yet,A,0,4,5.0,excellent,0.7324,excellent,0.7001,good,0.9984,4.25,4.5,4.25
ChIJ00DPGXkV2jERv9rPyzRCHTY,Siam Kitchen (Khatib),"Yishun Walk, Singapore 767944",Singapore,North,2.0,Thai,103.8306592,1.4145727,6908 5616,Not in Michelin Guide Yet,https://maps.google.com/?cid=3899345646897846975,Not Awarded Any Yet,"Dine-in,Takeaway,Reservations,Coffee,Credit cards,NFC payments,Wheelchair accessible",No Description Available Yet,A,0,4,4.75,good,0.8779,excellent,0.9558,good,0.9968,4.0,4.5,4.0
ChIJZ-8DY4cP2jERQqO0pQJs274,Siam Square Mookata (Jurong West Avenue 1),"503 Jurong West Avenue 1, Singapore 640503",Singapore,West,2.0,Thai,103.7176511,1.350153,8119 6664,Not in Michelin Guide Yet,https://maps.google.com/?cid=13752704645731754818,Not Awarded Any Yet,"Dine-in,Delivery,Beer,Coffee,Wheelchair accessible",No Description Available Yet,A,0,5,1.0,poor,0.8009,poor,0.9232,good,0.8346,2.4,2.2,2.6
ChIJNWa0BsYV2jERcqtZROyQ6XE,Siam Square Mookata (Yishun Ring),"598 Yishun Ring Road, Singapore 768698",Singapore,North,2.0,Thai,103.8408861,1.4184122,8119 6664,Not in Michelin Guide Yet,https://maps.google.com/?cid=8208251140292848498,Not Awarded Any Yet,"Dine-in,Delivery,Reservations,Beer,Wine,Credit cards,NFC payments,Wheelchair accessible",No Description Available Yet,A,0,4,3.25,good,0.9266,poor,0.6271,good,0.88,3.0,3.25,3.5
ChIJnfuPazcR2jERAdoccYx5j6Y,Siam Square Mookata (Woodlands),"1 Woodlands Road, Singapore 677899",Singapore,West,2.0,Thai,103.7602587,1.3804871,8119 6664,Not in Michelin Guide Yet,https://maps.google.com/?cid=12001945176065759745,Not Awarded Any Yet,"Dine-in,Takeaway,Reservations,Beer,Credit cards,NFC payments,Wheelchair accessible",No Description Available Yet,A,0,3,1.0,poor,0.5952,poor,0.3913,poor,0.5697,2.0,2.67,2.67
ChIJT5ezlrMZ2jERbz9tM62fo7o,Siam Square Mookata (Best Mookata In Singapore),"6001 Nicoll Highway, Singapore 199589",Singapore,Central,2.0,Thai,103.8639555,1.3018192,8119 6664,Not in Michelin Guide Yet,https://maps.google.com/?cid=13448768478499389295,Not Awarded Any Yet,"Dine-in,Takeaway,Reservations,Beer,Coffee,NFC payments,Wheelchair accessible",No Description Available Yet,A,0,2,4.5,good,0.88,excellent,0.4877,good,0.9966,3.0,4.5,4.0
ChIJM6YwNRwX2jERkp1VdJB4NSY,Siam Square Mookata (Best Mookata Restaurant In Singapore) (Upper Thomson),"Upper Thomson Road, Singapore 574350",Singapore,North-East,2.0,Thai,103.8350584,1.3530486,8119 6664,Not in Michelin Guide Yet,https://maps.google.com/?cid=2753239309029318034,Not Awarded Any Yet,"Dine-in,Takeaway,Delivery,Reservations,Outdoor seating,Beer,Wine,Coffee,Credit cards,NFC payments,Wheelchair accessible",No Description Available Yet,A,0,5,4.0,good,0.8326,excellent,0.646,good,0.8409,3.2,4.0,3.6
ChIJufaZrz0Q2jERjiCKiNsRsh4,Siam Square Mookata (Best Mookata Restaurant In Singapore) (Bukit Batok Street 11),"155 Bukit Batok Street 11, Singapore 650155",Singapore,West,2.0,Thai,103.743534,1.348023,8119 6664,Not in Michelin Guide Yet,https://maps.google.com/?cid=2211850001578598542,Not Awarded Any Yet,"Dine-in,Takeaway,Reservations,Outdoor seating,Coffee,Credit cards,NFC payments,Wheelchair accessible",No Description Available Yet,A,0,4,2.0,poor,0.9854,poor,0.8418,poor,0.981,2.5,2.5,2.25
ChIJWbKNu4YX2jERiyvs-up-B3I,Siam Village (Jalan Wangi),"77 Jalan Wangi, Singapore 349388",Singapore,Central,2.0,Thai,103.8749282,1.330273,6284 0630,Not in Michelin Guide Yet,https://maps.google.com/?cid=8216675592857987979,Not Awarded Any Yet,"Dine-in,Takeaway,Delivery,Reservations,Outdoor seating,Beer,Wine,Coffee,Credit cards,NFC payments,Wheelchair accessible",No Description Available Yet,B,1,3,2.33,poor,0.8953,good,0.7182,poor,0.9485,2.67,2.33,2.67
ChIJ74c-FAAF2jERw7rrxu2zoaY,Sichuan Chef,"Joo Koon Bus Interchange, Singapore 629117",Singapore,West,1.0,Chinese,103.6782849,1.3271273,No Phone Number Listed,Not in Michelin Guide Yet,https://maps.google.com/?cid=12007075915372411587,Not Awarded Any Yet,,No Description Available Yet,B,1,1,5.0,average,0.776,excellent,0.385,good,0.9649,3.0,5.0,4.0
ChIJ4-_IPfkb2jERcA-runQLk84,Siloso Beach Cafe,"51 Imbiah Walk, 099538",Singapore,Central,2.0,Bistro,103.8146014,1.2544911,6722 3350,Not in Michelin Guide Yet,https://maps.google.com/?cid=14885253789365505904,Not Awarded Any Yet,"Dine-in,Takeaway,Delivery,Reservations,Outdoor seating,Beer,Wine,Cocktails,Coffee,Credit cards,NFC payments,Wheelchair accessible",No Description Available Yet,A,0,3,5.0,good,0.7622,good,0.9967,good,0.5902,4.0,4.33,4.0
ChIJ7aFemPAb2jER2H6rCmyLrEY,Silver Shell Cafe,"101 Siloso Rd, 098970",Singapore,Central,3.0,Buffet,103.8100783,1.2574494,6371 1966,Not in Michelin Guide Yet,https://maps.google.com/?cid=5092598574800928472,Not Awarded Any Yet,"Dine-in,Takeaway,Reservations,Outdoor seating,Beer,Wine,Cocktails,Coffee,Credit cards,NFC payments,Wheelchair accessible",No Description Available Yet,A,0,2,5.0,excellent,0.5449,excellent,0.9468,good,0.9958,4.5,5.0,4.0
ChIJu8G2J58Q2jERlhz51hefA0Q,Simply Bread,"1 Fifth Avenue, Singapore 268802",Singapore,Central,2.0,Bakery,103.795727,1.3306131,6466 7767,Not in Michelin Guide Yet,https://maps.google.com/?cid=4900935744248945814,Not Awarded Any Yet,"Dine-in,Takeaway,Coffee,NFC payments,Wheelchair accessible",No Description Available Yet,A,0,4,3.75,good,0.8186,excellent,0.7777,good,0.7855,3.0,3.0,3.25
ChIJW8KnXQAV2jERJiKPCDovdKM,Simply Hainanese Chicken Rice,"105 Canberra Street, Singapore 750105",Singapore,North,1.0,Street Food,103.8323588,1.4488354,No Phone Number Listed,Not in Michelin Guide Yet,https://maps.google.com/?cid=11778090851778896422,Not Awarded Any Yet,"Dine-in,Takeaway",No Description Available Yet,A,0,4,2.0,poor,0.8736,poor,0.7278,poor,0.7112,2.5,2.25,2.25
ChIJ2UvxHHoU2jERNjHl2WpE_uw,Sin Heng Kee Porridge,"Yishun Avenue 5, Singapore 761701",Singapore,North,2.0,Street Food,103.8275786,1.4304822,No Phone Number Listed,Not in Michelin Guide Yet,https://maps.google.com/?cid=17077162062748397878,Not Awarded Any Yet,"Dine-in,Takeaway,Outdoor seating,Coffee,NFC payments",No Description Available Yet,A,0,4,3.5,good,0.6622,good,0.5635,good,0.7066,3.75,3.75,3.5
ChIJHeJbwNEW2jERUlRLCaoafUw,Sin Hoe Huat Cafe,"590 Upper Thomson Road, Singapore 574419",Singapore,North-East,1.0,Cafe,103.8289617,1.3726062,No Phone Number Listed,Not in Michelin Guide Yet,https://maps.google.com/?cid=5511590836574049362,Not Awarded Any Yet,"Dine-in,Takeaway,Outdoor seating,Coffee",No Description Available Yet,A,0,5,4.4,good,0.6297,good,0.4853,good,0.9127,4.0,4.4,4.0
ChIJKdhRKWwZ2jER0fisaPg5p1Q,Sin Huat Xuan,"37 Kampong Bahru Rd, Singapore 169356",Singapore,Central,1.0,Chinese,103.8362846,1.276932,8883 2473,Not in Michelin Guide Yet,https://maps.google.com/?cid=6099907959367465169,Not Awarded Any Yet,"Dine-in,Takeaway,Outdoor seating,Beer,Coffee",No Description Available Yet,B,1,4,4.75,good,0.6854,excellent,0.6754,good,0.9693,4.0,4.5,4.0
ChIJvZz1lDQT2jERj7cmPqnnybc,Sin Kee Seafood Soup,"19 Marsiling Lane, Singapore 730019",Singapore,North,1.0,Seafood,103.7771673,1.4428334,8778 4552,Not in Michelin Guide Yet,https://maps.google.com/?cid=13243370893337868175,Not Awarded Any Yet,"Dine-in,Takeaway,Delivery,Outdoor seating,Coffee",No Description Available Yet,B,1,4,5.0,good,0.8486,excellent,0.713,good,0.991,4.0,4.75,4.25
ChIJAQAAUNEW2jER13B-WEpJu6Y,Sin Sin Ngo Hiang Prawn Cracker,"Off upper Thomson Jalan Leban, Singapore 574419",Singapore,North-East,1.0,Street Food,103.8289949,1.372392,6457 0272,Not in Michelin Guide Yet,https://maps.google.com/?cid=12014277014602019031,Not Awarded Any Yet,"Dine-in,Takeaway,Wheelchair accessible",No Description Available Yet,A,0,5,4.4,good,0.7587,excellent,0.5939,good,0.956,3.4,4.0,4.0
ChIJDc-nLQAR2jER90Ta9HhVxVE,Sin Xiang Kee Teochew Noodle,"Choa Chu Kang North 7, Singapore 681678",Singapore,West,2.0,Chinese,103.7447591,1.4015411,No Phone Number Listed,Not in Michelin Guide Yet,https://maps.google.com/?cid=5892209665476543735,Not Awarded Any Yet,"Dine-in,Takeaway",No Description Available Yet,A,0,3,3.0,good,0.6374,excellent,0.5013,good,0.8237,3.33,3.67,4.0
ChIJe5cwKXoU2jERh00Lrv2Was0,Sincerity Vegetarian Food,"Yishun Avenue 5, Singapore 761701",Singapore,North,1.0,Vegetarian,103.8281936,1.4313206,No Phone Number Listed,Not in Michelin Guide Yet,https://maps.google.com/?cid=14801809141597425031,Not Awarded Any Yet,"Dine-in,Takeaway,Coffee",No Description Available Yet,A,0,4,2.75,good,0.8842,terrible,0.3845,good,0.955,3.0,2.75,3.0
ChIJrUAmGooU2jERpQGg_6ESETg,Sing Poh Eating House,"285 Yishun Avenue 6, Singapore 760285",Singapore,North,1.0,Street Food,103.8394274,1.4398969,No Phone Number Listed,Not in Michelin Guide Yet,https://maps.google.com/?cid=4040030827715756453,Not Awarded Any Yet,"Dine-in,Takeaway,Outdoor seating,Coffee",No Description Available Yet,A,0,3,1.67,poor,0.9064,terrible,0.8575,good,0.5651,2.33,2.0,2.33
ChIJSbX3S8AR2jERl_s0sqLDSjw,Siong Bbq Seafood (Bukit Batok),"432A Bukit Batok West Ave. 8, Singapore 651432",Singapore,West,1.0,Chinese,103.7430275,1.3599969,8207 7668,Not in Michelin Guide Yet,https://maps.google.com/?cid=4344499894094199703,Not Awarded Any Yet,"Dine-in,Takeaway,Delivery,Reservations,Beer,Coffee,Wheelchair accessible",No Description Available Yet,A,0,5,3.2,good,0.758,excellent,0.6307,good,0.964,3.6,4.6,4.0
ChIJv4Mk4QYa2jERN70U6hzdTGk,Siti Nur Liyana Nasi Lemak,"Dunearn Close, Singapore 289876",Singapore,Central,1.0,Street Food,103.8141348,1.3242087,No Phone Number Listed,Not in Michelin Guide Yet,https://maps.google.com/?cid=7587682588468493623,Not Awarded Any Yet,Takeaway,No Description Available Yet,A,0,5,4.2,good,0.8849,excellent,0.8277,good,0.8872,3.4,4.0,3.6
ChIJCxUb2p4Q2jERj7RWTmTkYD4,Sixth Avenue Briyani,"12 Sixth Avenue, Singapore 276473",Singapore,Central,1.0,Indian,103.7950629,1.3309208,8152 4561,Not in Michelin Guide Yet,https://maps.google.com/?cid=4494843547577922703,Not Awarded Any Yet,Coffee,No Description Available Yet,C,2,5,3.6,average,0.7103,good,0.4112,good,0.796,3.4,3.8,4.0
ChIJlctw2p4Q2jERBYCrb0bjGmU,Sixth Avenue Nasi Lemak,"12 Sixth Avenue, Singapore 276473",Singapore,Central,1.0,Street Food,103.7950337,1.3309191,8586 1404,Not in Michelin Guide Yet,https://maps.google.com/?cid=7285385238885924869,Not Awarded Any Yet,"Dine-in,Takeaway,Outdoor seating,Coffee",No Description Available Yet,B,1,2,3.0,good,0.6727,good,0.5024,good,0.9766,3.0,3.0,2.5
ChIJIwPALkIR2jER9NAXHGE7bB8,Sixth Avenue Porky Prawn Noodle | (Flagship),"17 Anamalai Avenue, Singapore 276473",Singapore,Central,1.0,Street Food,103.794764,1.3309952,8069 8459,Not in Michelin Guide Yet,https://maps.google.com/?cid=2264250000929706228,Not Awarded Any Yet,"Dine-in,Takeaway,Delivery,Outdoor seating,Coffee",No Description Available Yet,A,0,4,4.25,poor,0.6253,good,0.3494,good,0.8742,2.75,4.0,4.0
ChIJZ9ocfqYZ2jER_PEzCkShP_s,Skai Bar,"252 North Bridge Road, Singapore 179103",Singapore,Central,4.0,Bar,103.8533912,1.2936866,6431 6156,Not in Michelin Guide Yet,https://maps.google.com/?cid=18104366340653707772,Not Awarded Any Yet,"Dine-in,Reservations,Beer,Wine,Cocktails,Coffee,Credit cards,NFC payments,Wheelchair accessible","Polished, high-rise cocktail bar at Swissôtel The Stamford offering city panoramas.",A,0,4,5.0,good,0.8757,excellent,0.7864,good,0.9284,4.0,5.0,4.0
ChIJFQjWe7Ye2jER-Q54GE9iyqs,Skirt Restaurant,"21 Ocean Way, Singapore 098374",Singapore,Central,4.0,Steak House,103.8423677,1.2461984,6808 7278,Not in Michelin Guide Yet,https://maps.google.com/?cid=12378814617633689337,Not Awarded Any Yet,"Dine-in,Takeaway,Reservations,Outdoor seating,Beer,Wine,Cocktails,Coffee,Credit cards,NFC payments,Wheelchair accessible",No Description Available Yet,A,0,5,4.2,excellent,0.7365,excellent,0.8405,good,0.7073,3.4,3.8,3.4
ChIJ4wQkC_kb2jERWQbscMaxu0Y,Skypark Sentosa By Aj Hackett,"30 Siloso Bch Walk, Sentosa Island, Singapore 099011",Singapore,Central,3.0,Adventure Sports Center,103.8133212,1.2551584,6911 3070,Not in Michelin Guide Yet,https://maps.google.com/?cid=5096862869156005465,Not Awarded Any Yet,"NFC payments,Wheelchair accessible","Beachfront fun center featuring bungee jumping, a giant swing, a skybridge & a vertical skywalk.",A,0,5,4.0,excellent,0.5266,excellent,0.8599,good,0.5372,4.0,4.0,4.2
ChIJRdH4mu8Z2jER2VUDYVxkEeQ,Smiths Authentic British Fish And Chips (Balmoral Plaza),"Bukit Timah Road, Singapore 259708",Singapore,Central,2.0,Fish & Chips,103.835711,1.3163059,8498 3260,Not in Michelin Guide Yet,https://maps.google.com/?cid=16434026863179027929,Not Awarded Any Yet,"Dine-in,Takeaway,Delivery,Reservations,Outdoor seating,Beer,Wine,Coffee,Credit cards,NFC payments,Wheelchair accessible",No Description Available Yet,A,0,4,4.5,poor,0.8403,excellent,0.5573,good,0.9899,3.25,4.0,3.5
ChIJJQzuehAY2jERuK0qoh4MkQI,Smol Caf & Salad Bar,"Sims Avenue Park Connector, Singapore 437161",Singapore,Central,1.0,Salad Shop,103.8927815,1.3157747,9730 0472,Not in Michelin Guide Yet,https://maps.google.com/?cid=184942385408159160,Not Awarded Any Yet,"Dine-in,Takeaway,Delivery,Outdoor seating,Credit cards,NFC payments,Wheelchair accessible",No Description Available Yet,B,1,2,3.0,good,0.9094,good,0.5748,good,0.9474,3.0,3.0,4.0
ChIJcVbOmekR2jERIjlsgXtVofQ,Snackz It! (Lot One),"Choa Chu Kang Interchange, Singapore 689688",Singapore,West,1.0,Takeout,103.7449744,1.3854967,6325 4508,Not in Michelin Guide Yet,https://maps.google.com/?cid=17627464405445523746,Not Awarded Any Yet,"Takeaway,NFC payments,Wheelchair accessible",No Description Available Yet,B,1,3,3.67,average,0.8896,good,0.9815,good,0.8148,3.0,3.33,3.67
ChIJAwBALo4a2jERwOiBo8V-0Ww,So Pho (Clementi Mall),"441 Commonwealth Avenue West, Singapore 120441",Singapore,Central,2.0,Vietnamese,103.7643614,1.3151246,6734 4390,Not in Michelin Guide Yet,https://maps.google.com/?cid=7841187813545601216,Not Awarded Any Yet,"Dine-in,Takeaway,Reservations,Outdoor seating,Beer,Coffee,Credit cards,NFC payments,Wheelchair accessible",No Description Available Yet,A,0,3,5.0,good,0.8207,good,0.9867,good,0.6022,4.0,4.33,4.0
ChIJRRzdb-cZ2jERKKYJtnsQZg4,So Pho (Novena Square (Velocity)),"238 Thomson Road, Singapore 307683",Singapore,Central,2.0,Vietnamese,103.8440448,1.3200433,6258 4220,Not in Michelin Guide Yet,https://maps.google.com/?cid=1037534887676585512,Not Awarded Any Yet,"Dine-in,Takeaway,Reservations,Coffee,Credit cards,NFC payments,Wheelchair accessible",No Description Available Yet,A,0,4,5.0,average,0.8867,excellent,0.8891,good,0.994,3.5,4.5,4.0
ChIJ0ZJOG20Z2jERRso4aE9y2dU,Sofi Cafe+Keto,"81 Tras St, Singapore 079020",Singapore,Central,2.0,Italian,103.8443099,1.2773378,6222 0879,Not in Michelin Guide Yet,https://maps.google.com/?cid=15409473285401397830,Not Awarded Any Yet,"Dine-in,Takeaway,Reservations,Outdoor seating,Beer,Wine,Cocktails,Coffee,Credit cards,NFC payments",No Description Available Yet,A,0,3,3.33,good,0.6173,excellent,0.3744,good,0.7354,3.33,3.33,4.0
ChIJy1ZYha8Z2jERCnQ8w4SVC5A,Sofra Turkish Cafe & Restaurant,"6 Raffles Boulevard, Singapore 039594",Singapore,Central,2.0,Turkish,103.8576778,1.291157,6291 1433,Not in Michelin Guide Yet,https://maps.google.com/?cid=10379554163649180682,Not Awarded Any Yet,"Dine-in,Takeaway,Delivery,Reservations,Outdoor seating,Coffee,Credit cards,NFC payments,Wheelchair accessible",No Description Available Yet,A,0,2,5.0,average,0.9088,excellent,0.99,good,0.9962,3.5,4.5,4.0
ChIJKWyFucMW2jER8iCFCUakzWM,Soi 19 Thai Wanton Mee (Ang Mo Kio),"Mayflower Place, Singapore 560161",Singapore,North-East,1.0,Thai,103.8398832,1.3742306,No Phone Number Listed,Not in Michelin Guide Yet,https://maps.google.com/?cid=7191584800694935794,Not Awarded Any Yet,"Dine-in,Takeaway,Outdoor seating,Beer,Coffee,Cash only,Wheelchair accessible",No Description Available Yet,A,0,3,5.0,good,0.8226,good,0.9188,good,0.9679,4.0,4.0,4.0
ChIJDWYScgUQ2jER9DtRVYQXaD8,Soi 19 Thai Wanton Mee Dairy Farm,"2 Dairy Farm Lane, Singapore 677621",Singapore,West,2.0,Thai,103.774517,1.365536,8757 2919,Not in Michelin Guide Yet,https://maps.google.com/?cid=4568927679101877236,Not Awarded Any Yet,"Dine-in,Takeaway,Outdoor seating,Coffee,Cash only,Wheelchair accessible",No Description Available Yet,A,0,5,4.4,good,0.6579,excellent,0.5591,good,0.8992,3.8,4.4,4.0
ChIJ___vmG8X2jERaOQfkBfAMqg,Soi 47 Thai Food,"47 Lorong 6 Toa Payoh, Singapore 310047",Singapore,Central,2.0,Thai,103.8537879,1.3369257,6462 7283,Not in Michelin Guide Yet,https://maps.google.com/?cid=12119960754642216040,Not Awarded Any Yet,"Dine-in,Takeaway,Delivery,Reservations,Outdoor seating,Beer,Coffee,Credit cards,NFC payments,Wheelchair accessible",No Description Available Yet,A,0,3,1.33,poor,0.7795,good,0.3706,poor,0.7568,2.33,2.33,2.67
ChIJAQBwptwP2jERrpW0w9nnK-E,Soi Thai Kitchen,"502 Jurong West Ave 1, #01-811, Singapore 640502",Singapore,West,1.0,Thai,103.7180536,1.3504411,6266 1811,Not in Michelin Guide Yet,https://maps.google.com/?cid=16225317005009655214,Not Awarded Any Yet,"Dine-in,Takeaway,Reservations,Outdoor seating,Beer",No Description Available Yet,A,0,4,3.5,good,0.8977,excellent,0.8214,good,0.8989,3.75,4.5,4.0
ChIJx59xjhsR2jERS9N8aXMaf5E,Soi Thai Soi Nice (Sixth Ave),"10E Sixth Avenue, Singapore 276473",Singapore,Central,2.0,Thai,103.7948051,1.331192,9295 6488,Not in Michelin Guide Yet,https://maps.google.com/?cid=10484127540535153483,Not Awarded Any Yet,"Dine-in,Takeaway,Beer,Wine,NFC payments",No Description Available Yet,A,0,5,3.8,good,0.7831,excellent,0.5923,good,0.7972,3.6,4.0,3.6
ChIJW18JkhYb2jERNYFzp06llDE,Sol & Ora,"The Outpost Hotel, 10 Artillery Ave, #07-01 Sentosa Island, 099951",Singapore,Central,3.0,Mediterranean,103.8197205,1.251754,8879 8765,Not in Michelin Guide Yet,https://maps.google.com/?cid=3572662161647042869,Not Awarded Any Yet,"Dine-in,Reservations,Outdoor seating,Beer,Wine,Cocktails,Coffee,Credit cards,NFC payments,Wheelchair accessible",No Description Available Yet,A,0,5,5.0,good,0.794,excellent,0.9778,good,0.9574,3.8,4.6,4.0
ChIJP1jDgAoZ2jER9XCcxNoXvcc,Song Fa Bak Kut Teh (11 New Bridge Road),"11 New Bridge Rd, #01-01, Singapore 059383",Singapore,Central,2.0,Street Food,103.8476983,1.2890099,No Phone Number Listed,Not in Michelin Guide Yet,https://maps.google.com/?cid=14392686212514869493,Not Awarded Any Yet,"Dine-in,Takeaway,Delivery,Outdoor seating,Beer,Credit cards,NFC payments",Crowds line up at this cozy eatery known for its bak kut teh (pork ribs in broth) & braised meats.,A,0,4,4.5,good,0.5885,excellent,0.723,good,0.6894,3.75,4.75,4.0
ChIJPwj4gW8U2jER_lLSfLZwvM0,Song Fa Bak Kut Teh (Northpoint City),"Yishun Central Service Road, Singapore 768794",Singapore,North,2.0,Street Food,103.8363283,1.4292023,No Phone Number Listed,Not in Michelin Guide Yet,https://maps.google.com/?cid=14824848002477347582,Not Awarded Any Yet,"Dine-in,Takeaway,Credit cards,NFC payments,Wheelchair accessible",No Description Available Yet,B,1,3,3.67,excellent,0.9108,excellent,0.9761,good,0.983,3.67,3.33,3.0
ChIJo13c22QW2jERPxLsVOlaKGU,Song Fa Bak Kut Teh (The Seletar Mall),"Sengkang West Avenue, Singapore 790410",Singapore,North-East,2.0,Street Food,103.8761588,1.3912449,No Phone Number Listed,Not in Michelin Guide Yet,https://maps.google.com/?cid=7289175955097784895,Not Awarded Any Yet,"Dine-in,Takeaway,Beer,Credit cards,NFC payments,Wheelchair accessible",No Description Available Yet,B,1,3,5.0,good,0.7422,excellent,0.8652,good,0.9943,4.33,5.0,4.0
ChIJr3uF4Q4Q2jERgWKW2STF_q4,Song Fa Bak Kut Teh Jem,"#01-06 Jem Parking (In), Singapore 608549",Singapore,West,2.0,Street Food,103.7436998,1.3336198,No Phone Number Listed,Not in Michelin Guide Yet,https://maps.google.com/?cid=12609732768743973505,Not Awarded Any Yet,"Dine-in,Takeaway,Beer,Credit cards,NFC payments,Wheelchair accessible",No Description Available Yet,A,0,5,4.4,good,0.8462,good,0.6287,good,0.8391,3.8,4.2,3.8
ChIJa43XcwAT2jERq4GYH0T9uiQ,Song Fa Bak Kut Teh Mandai Wildlife East (Non-Ticketed Area),"80 Mandai Lake Road, Singapore 729826",Singapore,North,2.0,Chinese,103.7893874,1.4058766,No Phone Number Listed,Not in Michelin Guide Yet,https://maps.google.com/?cid=2646706200063279531,Not Awarded Any Yet,"Dine-in,Takeaway",No Description Available Yet,A,0,4,3.75,good,0.7219,good,0.6723,good,0.8656,4.0,4.25,4.0
ChIJ-676qVIS2jEROJTqdPfsls0,Songhua River Dragon Banquet House Restaurant,"Woodlands Street 31, Singapore 730306",Singapore,North,2.0,Chinese,103.7748405,1.4299072,6362 1885,Not in Michelin Guide Yet,https://maps.google.com/?cid=14814288571844432952,Not Awarded Any Yet,"Dine-in,Takeaway,Delivery,Reservations,Beer,Wine,Credit cards",No Description Available Yet,A,0,3,1.33,poor,0.749,poor,0.6094,good,0.8292,2.0,2.67,2.33
ChIJlW-s1rgP2jERPUVrwwdTSTo,Soon Heng Prawn Noodles,"Jalan Bahar, Singapore 640271",Singapore,West,1.0,Street Food,103.7029407,1.3491167,No Phone Number Listed,Not in Michelin Guide Yet,https://maps.google.com/?cid=4199979420308161853,Not Awarded Any Yet,"Dine-in,Takeaway",No Description Available Yet,A,0,4,3.5,good,0.7425,excellent,0.4557,good,0.9393,3.75,4.5,4.0
ChIJP-H8G7gX2jERaeq49nbU5Sg,Soon Huat Cold & Hot Dessert,"105 Hougang Ave 1, #02-43, Singapore 530105",Singapore,North-East,1.0,Street Food,103.890125,1.354063,6286 9036,Not in Michelin Guide Yet,https://maps.google.com/?cid=2946995138594400873,Not Awarded Any Yet,"Dine-in,Takeaway",No Description Available Yet,B,1,5,2.6,good,0.6938,good,0.4189,good,0.7504,3.4,3.2,3.8
ChIJU5dxX_4T2jERwo3sG8LD5bY,Soon Kee Porridge,"Sembawang Road, Singapore 779082",Singapore,North,1.0,Street Food,103.8179556,1.4038096,No Phone Number Listed,Not in Michelin Guide Yet,https://maps.google.com/?cid=13179155123029183938,Not Awarded Any Yet,"Dine-in,Takeaway,Coffee",No Description Available Yet,A,0,2,4.0,average,0.538,excellent,0.2566,good,0.5786,2.5,3.5,3.0
ChIJ79ZlcHUT2jERuTSHNd2VY2w,Soon Kee Roasted Delights,"Woodlands (Ave 7) Park Connector, Singapore 738344",Singapore,North,1.0,Street Food,103.8007613,1.44002,No Phone Number Listed,Not in Michelin Guide Yet,https://maps.google.com/?cid=7810250956108936377,Not Awarded Any Yet,"Dine-in,Takeaway,Wheelchair accessible",No Description Available Yet,A,0,4,1.0,good,0.6983,excellent,0.6769,good,0.7047,3.0,3.0,2.5
ChIJM11sDgAP2jER1HrWFHRC68k,Soon Lee Carrot Cake & Fried Oyster,"Jurong West Street 61, Singapore 640637",Singapore,West,1.0,Street Food,103.69747,1.3414229,No Phone Number Listed,Not in Michelin Guide Yet,https://maps.google.com/?cid=14549796087483759316,Not Awarded Any Yet,Takeaway,No Description Available Yet,A,0,2,4.0,good,0.5833,good,0.5482,good,0.9913,4.0,4.0,4.0
ChIJn1vJTooX2jER8AAm3jsRPx8,Soon Lee Lor Mee Stall,"79 Circuit Road, Singapore 370079",Singapore,Central,1.0,Street Food,103.885093,1.3270209,9366 5689,Not in Michelin Guide Yet,https://maps.google.com/?cid=2251537287536312560,Not Awarded Any Yet,"Dine-in,Takeaway,Coffee,Cash only,Wheelchair accessible",No Description Available Yet,A,0,4,3.75,average,0.7339,excellent,0.7214,good,0.9865,3.5,4.0,3.5
ChIJ228-UQAP2jERbflPrpfCqWg,Soon Mixed Rice,"50 Jurong West Street 61, Singapore 648202",Singapore,West,1.0,Street Food,103.6974152,1.3412561,No Phone Number Listed,Not in Michelin Guide Yet,https://maps.google.com/?cid=7541773007728933229,Not Awarded Any Yet,Takeaway,No Description Available Yet,A,0,1,1.0,terrible,0.9964,terrible,0.7076,terrible,0.855,1.0,1.0,1.0
ChIJp_Lwns4T2jER9RVonf7XnqI,Soon Soon Teochew Porridge,"Sembawang Road, Singapore 779082",Singapore,North,1.0,Chinese,103.8179556,1.4038096,No Phone Number Listed,Not in Michelin Guide Yet,https://maps.google.com/?cid=11718040769027118581,Not Awarded Any Yet,Delivery,No Description Available Yet,B,1,4,1.0,poor,0.9128,poor,0.389,poor,0.8394,1.75,1.75,2.5
ChIJswRqCegZ2jERkzvdDnu8ero,Soup Restaurant,"101 Thomson Road, Singapore 307591",Singapore,Central,2.0,Cantonese,103.8438852,1.3171483,6254 0400,Not in Michelin Guide Yet,https://maps.google.com/?cid=13437259674929675155,Not Awarded Any Yet,"Dine-in,Takeaway,Reservations,Beer,Credit cards,NFC payments,Wheelchair accessible",No Description Available Yet,A,0,3,5.0,good,0.7037,excellent,0.7411,good,0.8552,3.67,4.67,4.0
ChIJ2566gjcW2jERpxHEuuFdNSM,Soup Restaurant (Hougang Mall),"#01-10/11 Hougang Avenue 10, Singapore 538766",Singapore,North-East,2.0,Cantonese,103.8938253,1.3724561,6386 6188,Not in Michelin Guide Yet,https://maps.google.com/?cid=2537037189175579047,Not Awarded Any Yet,"Dine-in,Takeaway,Delivery,Reservations,Credit cards,NFC payments,Wheelchair accessible",No Description Available Yet,A,0,5,5.0,good,0.9161,excellent,0.6769,good,0.849,3.6,4.2,4.0
ChIJQ7ONulgZ2jER98DVQWrxa0c,Soup Restaurant (Vivocity),"1 HarbourFront Walk, #02-141, Singapore 098585",Singapore,Central,2.0,Cantonese,103.8218945,1.2634383,6376 9969,Not in Michelin Guide Yet,https://maps.google.com/?cid=5146472437874278647,Not Awarded Any Yet,"Dine-in,Takeaway,Reservations,Beer,Credit cards,NFC payments,Wheelchair accessible",No Description Available Yet,A,0,5,5.0,good,0.8301,good,0.9772,good,0.8041,3.8,4.0,4.0
ChIJG-xjZ3UQ2jER__adp7zsEsM,Southwest Tavern,"8 Boon Lay Way, Singapore 609964",Singapore,West,2.0,American,103.7531283,1.3275574,6515 4303,Not in Michelin Guide Yet,https://maps.google.com/?cid=14056557681986893567,Not Awarded Any Yet,"Dine-in,Takeaway,Reservations,Outdoor seating,Beer,Wine,Cocktails,Coffee,Credit cards,NFC payments,Wheelchair accessible",No Description Available Yet,B,1,3,4.67,good,0.7844,good,0.4933,good,0.9165,4.33,4.33,4.0
ChIJlwX3rmwZ2jERrzbw6bf2q_I,Spice Grill Restaurant,"Rangoon Road, Singapore 218374",Singapore,Central,2.0,Indian,103.8540313,1.3146039,8454 7020,Not in Michelin Guide Yet,https://maps.google.com/?cid=17486341247960364719,Not Awarded Any Yet,"Dine-in,Takeaway,Delivery,Reservations,Beer,Wine,Cocktails,Coffee,Credit cards,NFC payments,Wheelchair accessible",No Description Available Yet,A,0,4,4.25,good,0.7673,excellent,0.6801,good,0.9724,3.75,4.75,3.75
ChIJs3g5TTMT2jERk7kvPfj8UKY,Spicy Pot (Woodlands),"676 Woodlands Drive 71, Singapore 730676",Singapore,North,2.0,Street Food,103.8005736,1.4399348,No Phone Number Listed,Not in Michelin Guide Yet,https://maps.google.com/?cid=11984356751541516691,Not Awarded Any Yet,"Dine-in,Takeaway,Delivery",No Description Available Yet,A,0,5,1.2,poor,0.7884,terrible,0.6415,poor,0.6052,2.4,2.2,2.2
ChIJj052TwAR2jERME5KDrknoXc,Spicy Pot (Bukit Panjang),"Bukit Panjang Road, Singapore 679947",Singapore,West,2.0,Street Food,103.7724947,1.3774574,No Phone Number Listed,Not in Michelin Guide Yet,https://maps.google.com/?cid=8620214837526023728,Not Awarded Any Yet,Takeaway,No Description Available Yet,A,0,5,4.6,good,0.6893,good,0.4132,good,0.6782,3.6,4.4,4.0
ChIJgV6cme8Z2jERnLX-FJgUBf8,Spizza Bukit Timah,"Bukit Timah Road, Singapore 259708",Singapore,Central,2.0,Pizza,103.8352528,1.3167087,6333 8148,Not in Michelin Guide Yet,https://maps.google.com/?cid=18376116497974998428,Not Awarded Any Yet,"Dine-in,Takeaway,Delivery,Reservations,Outdoor seating,Beer,Wine,Coffee,Credit cards,NFC payments,Wheelchair accessible",No Description Available Yet,B,1,3,2.33,poor,0.9378,poor,0.7901,poor,0.9666,2.67,3.0,3.0
ChIJB8GqpX4W2jERrfqtMl1Xmr8,Spizza Jalan Kayu,"267 Jalan Kayu, Singapore 799495",Singapore,North-East,2.0,Pizza,103.8729424,1.3970913,6481 2453,Not in Michelin Guide Yet,https://maps.google.com/?cid=13806443665451514541,Not Awarded Any Yet,"Dine-in,Takeaway,Delivery,Reservations,Outdoor seating,Beer,Wine,Coffee,Credit cards,NFC payments",No Description Available Yet,B,1,4,2.75,poor,0.6512,good,0.5232,good,0.5772,2.75,3.75,3.75
ChIJ3c_fVXMZ2jEReJ8cjTTd_eE,Spring Court Chinese Restaurant Singapore,"Upper Cross Street, Singapore 058353",Singapore,Central,3.0,Chinese,103.8445293,1.2843513,6449 5030,Not in Michelin Guide Yet,https://maps.google.com/?cid=16284415045417082744,Not Awarded Any Yet,"Dine-in,Takeaway,Delivery,Reservations,Beer,Wine,Credit cards,NFC payments,Wheelchair accessible",No Description Available Yet,A,0,3,5.0,good,0.6958,excellent,0.7922,good,0.8334,4.0,4.67,4.0
ChIJ-Xg7plcR2jERCsQIo1dg0Qk,Springleaf Prata Place (Junction 10),"Pang Sua Park Connector, Singapore 677901",Singapore,West,2.0,Indian,103.7605979,1.3796104,No Phone Number Listed,Not in Michelin Guide Yet,https://maps.google.com/?cid=707452545987560458,Not Awarded Any Yet,"Dine-in,Takeaway,Delivery,Outdoor seating,Coffee,Credit cards,NFC payments,Wheelchair accessible",No Description Available Yet,C,2,3,3.67,good,0.7965,excellent,0.6057,good,0.9907,3.33,3.33,3.33
ChIJeXl_t04b2jERZkfayJAhy7I,Springleaf Prata Place (Newest Mall),"1 West Coast Way, Singapore 129531",Singapore,Central,1.0,Halal,103.7571228,1.3171517,8623 0545,Not in Michelin Guide Yet,https://maps.google.com/?cid=12883428064752191334,Not Awarded Any Yet,"Dine-in,Takeaway,Delivery,Reservations,Outdoor seating,Coffee,Credit cards,Wheelchair accessible",No Description Available Yet,C,2,5,4.6,good,0.7103,good,0.7956,good,0.8915,4.0,4.0,4.0
ChIJhxMBFFEQ2jERTFZ30j_3k2A,Springleaf Prata Place (The Rail Mall),"392 Upper Bukit Timah Road, Singapore 678072",Singapore,West,1.0,Indian,103.7679076,1.3579614,6219 2540,Not in Michelin Guide Yet,https://maps.google.com/?cid=6959177702703584844,Not Awarded Any Yet,"Dine-in,Takeaway,Delivery,Outdoor seating,Beer,Coffee,Credit cards,NFC payments",No Description Available Yet,B,1,4,4.0,average,0.8342,excellent,0.8784,average,0.6818,3.5,4.0,3.5
ChIJxwglu9EW2jERUpvzyM04rvU,Springleaf Taiwan Porridge,"20 Jalan Leban, Singapore 574419",Singapore,North-East,2.0,Taiwanese,103.8292758,1.3717759,6453 8229,Not in Michelin Guide Yet,https://maps.google.com/?cid=17703149641730857810,Not Awarded Any Yet,"Dine-in,Takeaway,Reservations,Beer,Credit cards,NFC payments",No Description Available Yet,A,0,5,4.2,good,0.6418,excellent,0.5162,good,0.8512,3.6,4.2,4.0
ChIJn6cHOa8V2jERHskp31SHSlU,Sri Bistari Cafe,"Admiralty Road West, Singapore 757432",Singapore,North,1.0,Family,103.7936421,1.4526002,6912 0553,Not in Michelin Guide Yet,https://maps.google.com/?cid=6145873440091523358,Not Awarded Any Yet,"Dine-in,Takeaway,Coffee,NFC payments",No Description Available Yet,A,0,3,2.33,good,0.7164,excellent,0.5276,good,0.7602,3.33,3.67,3.33
ChIJscM1h0EU2jERCFlJmTKLIEs,Srisun Prata.Com,"Yishun Avenue 11, Singapore 761428",Singapore,North,2.0,Indian,103.8470356,1.4240674,6908 9650,Not in Michelin Guide Yet,https://maps.google.com/?cid=5413479801535682824,Not Awarded Any Yet,"Dine-in,Takeaway,Delivery,Outdoor seating,Coffee,Cash only,Wheelchair accessible",No Description Available Yet,B,1,2,4.5,excellent,0.7448,excellent,0.3265,good,0.9938,4.5,4.5,4.0
ChIJv16567UX2jERcZwgPrtUPk0,Ssada Gimbab 싸다김밥 (Lentor Modern),"1 Lentor Central, Singapore 788887",Singapore,North,2.0,Korean,103.834204,1.3856857,8267 3730,Not in Michelin Guide Yet,https://maps.google.com/?cid=5565979352654453873,Not Awarded Any Yet,"Dine-in,Takeaway,Delivery",No Description Available Yet,B,1,3,4.67,good,0.7627,good,0.5309,good,0.9942,3.33,4.0,4.0
ChIJ25Ko6BMT2jEROGMipN3Y6Gw,Ssdc Food Hub,"Admiralty Road West, Singapore 757432",Singapore,North,1.0,Street Food,103.7933867,1.4526063,No Phone Number Listed,Not in Michelin Guide Yet,https://maps.google.com/?cid=7847760797146178360,Not Awarded Any Yet,"Dine-in,Wheelchair accessible",No Description Available Yet,A,0,1,1.0,poor,0.8522,poor,0.2361,poor,0.0223,2.0,2.0,2.0
ChIJtaSmlqQZ2jER3dz70cIT3z8,Standing Sushi Bar,"Cashin Street, Singapore 188899",Singapore,Central,2.0,Japanese,103.8531693,1.2964965,8968 9127,Not in Michelin Guide Yet,https://maps.google.com/?cid=4602419071663463645,Not Awarded Any Yet,"Dine-in,Takeaway,Delivery,Reservations,Beer,Wine,Credit cards,NFC payments,Wheelchair accessible",No Description Available Yet,B,1,5,4.0,good,0.9206,excellent,0.5295,good,0.8783,3.0,3.4,3.8
ChIJlT19iQ0W2jERMaXXPu9TPR8,Starbucks (Compass One),"1 Sengkang Square, Singapore 545078",Singapore,North-East,2.0,Cafe,103.8949151,1.3923969,6910 1321,Not in Michelin Guide Yet,https://maps.google.com/?cid=2251047675771725105,Not Awarded Any Yet,"Dine-in,Takeaway,Delivery,Coffee,Credit cards,NFC payments,Wheelchair accessible","Welcoming coffeehouse with handcrafted coffee, espresso & tea, plus breakfast, lunch & pastries.",A,0,4,3.75,good,0.8633,good,0.9692,good,0.8434,3.25,4.25,4.0
ChIJv4Mk4QYa2jER0qMh-YQv31k,Stewart Fruit Juice,"Dunearn Close, Singapore 289876",Singapore,Central,1.0,Street Food,103.814166,1.324259,No Phone Number Listed,Not in Michelin Guide Yet,https://maps.google.com/?cid=6475947037343982546,Not Awarded Any Yet,"Dine-in,Takeaway,Wheelchair accessible",No Description Available Yet,A,0,5,2.6,poor,0.8369,good,0.5352,good,0.8723,2.8,2.4,3.2
ChIJ4VNxIMYZ2jERxv4YPC6Nb9A,Streats (City Square Mall),"180 Kitchener Road, Singapore 208539",Singapore,Central,2.0,Asian,103.8565897,1.3113982,6509 3902,Not in Michelin Guide Yet,https://maps.google.com/?cid=15019378512020176582,Not Awarded Any Yet,"Dine-in,Takeaway,Delivery,Reservations,Coffee,Credit cards,NFC payments,Wheelchair accessible",No Description Available Yet,A,0,4,4.75,average,0.8929,excellent,0.978,good,0.7636,3.75,4.75,4.25
ChIJyZjkpyUT2jER56SlokPsko4,Stt Indian Cuisine,"218 Pasir Panjang Rd, Singapore 118579",Singapore,Central,1.0,North Indian,103.7856923,1.2796,8019 7100,Not in Michelin Guide Yet,https://maps.google.com/?cid=10273533475221251303,Not Awarded Any Yet,"Dine-in,Takeaway,Delivery,Coffee,NFC payments",No Description Available Yet,A,0,2,5.0,excellent,0.8405,excellent,0.9952,excellent,0.9991,4.5,4.5,4.5
ChIJSzkpJQAT2jERCpQFTYuxlC0,Stt Restaurant,"326 Woodlands Street 32, Singapore 730326",Singapore,North,1.0,Indian,103.7792151,1.4303875,No Phone Number Listed,Not in Michelin Guide Yet,https://maps.google.com/?cid=3284445240110715914,Not Awarded Any Yet,"Dine-in,Takeaway,Coffee",No Description Available Yet,A,0,3,5.0,good,0.6073,excellent,0.8132,good,0.8026,4.33,4.67,4.0
ChIJi5NjLo4a2jERUqETvC_b-a4,Stuff'd (Commonwealth Avenue West),"3155 Commonwealth Avenue West, Singapore 129580",Singapore,Central,1.0,Salad Shop,103.7646185,1.3151173,No Phone Number Listed,Not in Michelin Guide Yet,https://maps.google.com/?cid=12608349629865763154,Not Awarded Any Yet,"Takeaway,Delivery,Credit cards,NFC payments,Wheelchair accessible",No Description Available Yet,A,0,2,5.0,average,0.9329,excellent,0.9565,average,0.7894,4.0,5.0,3.5
ChIJNw8X-fMR2jERBCHXNtciY8Q,Stuff'd (Choa Chu Kang North 6),"21 Choa Chu Kang North 6, Singapore 689578",Singapore,West,1.0,Salad Shop,103.7467078,1.3971557,No Phone Number Listed,Not in Michelin Guide Yet,https://maps.google.com/?cid=14151192761861611780,Not Awarded Any Yet,"Dine-in,Takeaway,Delivery,Credit cards,NFC payments",No Description Available Yet,A,0,4,3.5,average,0.8634,good,0.8431,good,0.8061,3.0,3.25,3.25
ChIJ1dMjB7QX2jERpF2yImIB_Ww,Suki-Ya (All You Can Eat Shabu Shabu (Heartland Mall Kovan)),"Upper Serangoon Road, Singapore 534799",Singapore,North-East,2.0,Japanese,103.8851289,1.359469,6288 4918,Not in Michelin Guide Yet,https://maps.google.com/?cid=7853434846204550564,Not Awarded Any Yet,"Dine-in,Reservations,Credit cards,NFC payments,Wheelchair accessible",No Description Available Yet,A,0,4,4.75,good,0.9648,excellent,0.8455,good,0.991,4.0,4.5,4.0
ChIJw-lr8UsY2jERHhdpnNoWmRo,Suki-Ya (All You Can Eat Shabu Shabu (Kallang Wave Mall)),"Stadium Riverside Walk, Singapore 397628",Singapore,Central,2.0,Japanese,103.8727124,1.3033569,6702 1752,Not in Michelin Guide Yet,https://maps.google.com/?cid=1916588244605671198,Not Awarded Any Yet,"Dine-in,Reservations,Beer,Credit cards,NFC payments,Wheelchair accessible",No Description Available Yet,A,0,5,4.2,good,0.6176,good,0.5892,good,0.5863,3.6,3.2,3.8
ChIJBbroTsIb2jEROr9uxsKYr5U,Sum Kee Food (Telok Blangah),"2 Telok Blangah Street 31, Singapore 108942",Singapore,Central,2.0,Chinese,103.8063851,1.2724179,6737 3233,Not in Michelin Guide Yet,https://maps.google.com/?cid=10786007594895851322,Not Awarded Any Yet,"Dine-in,Takeaway,Delivery,Reservations,Outdoor seating,Beer,Coffee,Credit cards,NFC payments,Wheelchair accessible",No Description Available Yet,B,1,3,4.33,average,0.8173,excellent,0.6464,excellent,0.8701,3.0,4.0,3.67
ChIJI-qywFsV2jERLFKjhkJCS8g,Sum's Kitchen,"3 Jalan Legundi, Singapore 759274",Singapore,North,2.0,Chinese,103.8237737,1.4414022,6757 2118,Not in Michelin Guide Yet,https://maps.google.com/?cid=14432702284333011500,Not Awarded Any Yet,"Dine-in,Takeaway,Reservations,Outdoor seating,Credit cards",No Description Available Yet,A,0,3,3.33,average,0.7098,excellent,0.3596,good,0.7832,3.33,4.67,4.0
ChIJWRkNZWsa2jERYAa7USlngOc,Sumo Salad,"200 Holland Avenue, Singapore 278995",Singapore,Central,1.0,Salad Shop,103.7961647,1.3111867,9337 4963,Not in Michelin Guide Yet,https://maps.google.com/?cid=16681446446942848608,Not Awarded Any Yet,"Dine-in,Takeaway,Delivery,Wheelchair accessible","Salads, wraps & light cafe meals made with seasonal ingredients at a modern counter-serve chain.",A,0,4,4.0,good,0.8579,excellent,0.8644,good,0.9949,3.75,4.0,3.25
ChIJe8Ja3KoX2jERKEYSa1KwuYs,Sun Ray Cafe,"79 Brighton Crescent, Singapore 559212",Singapore,North-East,2.0,Cafe,103.8713049,1.3631682,8909 8458,Not in Michelin Guide Yet,https://maps.google.com/?cid=10068272309993621032,Not Awarded Any Yet,"Dine-in,Takeaway,Delivery,Reservations,Outdoor seating,Beer,Coffee,Credit cards",Pet-friendly cafeteria serving artisanal bread & hand-brewed coffee in a homestyle setting.,A,0,2,4.5,excellent,0.9648,excellent,0.5025,good,0.5454,4.5,3.5,4.0
ChIJc81mYAAT2jERMJLSQ6kP4KY,Sunbo Chicken Rice,"Woodlands Avenue 12, Singapore 733590",Singapore,North,1.0,Street Food,103.7945977,1.4247939,No Phone Number Listed,Not in Michelin Guide Yet,https://maps.google.com/?cid=12024628224740987440,Not Awarded Any Yet,"Dine-in,Takeaway,Wheelchair accessible",No Description Available Yet,A,0,4,3.75,average,0.7781,excellent,0.5741,good,0.9916,3.0,4.0,3.5
ChIJ8em_zp4Q2jERqZ7L4Ia41Ow,Sunny Fishball Noodles,"12 Sixth Ave, Singapore 276475",Singapore,Central,1.0,Street Food,103.7950103,1.3309316,No Phone Number Listed,Not in Michelin Guide Yet,https://maps.google.com/?cid=17065467777450221225,Not Awarded Any Yet,"Dine-in,Takeaway,Outdoor seating,Wheelchair accessible",No Description Available Yet,B,1,5,4.0,good,0.6225,excellent,0.6098,good,0.937,3.6,4.2,3.8
ChIJS2KYiPEa2jERKUcOuCuREP4,Sunny Korean Cuisine,"154 West Coast Road, Singapore 127371",Singapore,Central,2.0,Korean,103.7658166,1.3033503,8128 8689,Not in Michelin Guide Yet,https://maps.google.com/?cid=18307292102218630953,Not Awarded Any Yet,"Dine-in,Takeaway,Credit cards,NFC payments",No Description Available Yet,A,0,3,3.33,good,0.7437,excellent,0.571,good,0.7325,3.33,3.33,3.33
ChIJyxsolcsb2jERqnKpHA6TiFM,Sunnychoice Vegan Cafe And Healthy Option Store,"125 Bukit Merah Lane 1, #01-158, Singapore 150125",Singapore,Central,1.0,Vegetarian,103.8032213,1.2862748,6272 3138,Not in Michelin Guide Yet,https://maps.google.com/?cid=6019222590800360106,Not Awarded Any Yet,"Dine-in,Takeaway,Delivery,Coffee,NFC payments,Wheelchair accessible",No Description Available Yet,A,0,4,5.0,good,0.9122,good,0.817,good,0.9975,3.75,4.25,4.0
ChIJo0HlU0AX2jERjEHiCpxx7Kc,Sunrise Chicken Rice (Gambas),"50 Gambas Crescent, Singapore 757022",Singapore,North,1.0,Street Food,103.818497,1.4422963,No Phone Number Listed,Not in Michelin Guide Yet,https://maps.google.com/?cid=12100171213849117068,Not Awarded Any Yet,"Dine-in,Takeaway,Coffee",No Description Available Yet,A,0,4,4.5,good,0.9032,good,0.9126,good,0.9106,3.75,4.25,4.0
ChIJV4WkEQAT2jERTjoFz53xsmA,Super Nasi Lemak Club,"Woodlands Drive 44, Singapore 730548",Singapore,North,1.0,Street Food,103.7938124,1.4305487,No Phone Number Listed,Not in Michelin Guide Yet,https://maps.google.com/?cid=6967897233580964430,Not Awarded Any Yet,"Dine-in,Takeaway,Wheelchair accessible",No Description Available Yet,A,0,5,1.8,poor,0.8065,poor,0.4736,good,0.6855,2.4,2.4,3.2
ChIJ2d-9INwZ2jERCcJLFbY0S6o,"Supply & Demand, Novena","11 Mandalay Road, Singapore 308232",Singapore,Central,2.0,Italian,103.8491128,1.321616,6734 9588,Not in Michelin Guide Yet,https://maps.google.com/?cid=12270959566347026953,Not Awarded Any Yet,"Dine-in,Takeaway,Delivery,Reservations,Beer,Wine,Cocktails,Coffee,Credit cards,NFC payments,Wheelchair accessible",No Description Available Yet,A,0,5,4.0,good,0.4693,good,0.4423,good,0.6042,3.4,3.6,3.6
ChIJHcaYLpMP2jER93OZuGiIry8,Sushi Express,"1 Jurong West Central 2, Singapore 648886",Singapore,West,1.0,Sushi,103.7052064,1.3394886,6316 5792,Not in Michelin Guide Yet,https://maps.google.com/?cid=3436115024062018551,Not Awarded Any Yet,"Dine-in,Takeaway,Delivery,Credit cards,NFC payments,Wheelchair accessible",No Description Available Yet,A,0,4,4.0,good,0.885,good,0.9332,good,0.9562,3.25,4.25,4.0
ChIJa2nb2g0Q2jERGECW-q_mtUk,Sushi Express (Imm),"2 Jurong East Street 21, #02-64 IMM Building, Singapore 609601",Singapore,West,1.0,Sushi,103.7469496,1.3351036,6563 2748,Not in Michelin Guide Yet,https://maps.google.com/?cid=5311404979051184152,Not Awarded Any Yet,"Dine-in,Takeaway,Delivery,Credit cards,NFC payments,Wheelchair accessible",No Description Available Yet,A,0,4,3.75,good,0.8412,excellent,0.6955,good,0.8806,3.25,4.0,4.0
ChIJuVpbrKYX2jERTMGjgf172RM,Sushi Express (Nex),"Upper Serangoon Road, Singapore 534801",Singapore,North-East,1.0,Sushi,103.8733382,1.3498928,6509 5802,Not in Michelin Guide Yet,https://maps.google.com/?cid=1430310685398778188,Not Awarded Any Yet,"Dine-in,Takeaway,Credit cards,NFC payments,Wheelchair accessible",No Description Available Yet,A,0,2,4.0,good,0.6584,excellent,0.5863,good,0.6346,3.0,3.5,4.0
ChIJfbpQLn0T2jER8zc2XEijLAg,Sushi Express (Sun Plaza),"#02-16/17 Sembawang Alley, Singapore 757713",Singapore,North,1.0,Japanese,103.8196887,1.4482678,6257 0935,Not in Michelin Guide Yet,https://maps.google.com/?cid=589025182458722291,Not Awarded Any Yet,"Dine-in,Takeaway,Delivery,Credit cards,NFC payments,Wheelchair accessible",No Description Available Yet,A,0,5,2.8,good,0.8546,good,0.7741,good,0.7666,3.2,3.2,3.2
ChIJz2gvJGUW2jER6PveeSDC9_Q,Sushi Express (The Seletar Mall),"Fernvale Road, Singapore 797653",Singapore,North-East,1.0,Japanese,103.8761221,1.3913591,6702 2558,Not in Michelin Guide Yet,https://maps.google.com/?cid=17651790709241347048,Not Awarded Any Yet,"Dine-in,Takeaway,Delivery,Credit cards,NFC payments,Wheelchair accessible",No Description Available Yet,A,0,4,2.0,good,0.6452,average,0.5384,good,0.575,3.25,2.5,4.0
ChIJFX-zIq8e2jERJkad2rAcaNA,Sushi Kondo,"27 Bukit Manis Rd, 099892",Singapore,Central,4.0,Japanese,103.8294264,1.2439329,6373 7120,Not in Michelin Guide Yet,https://maps.google.com/?cid=15017284503374480934,Not Awarded Any Yet,"Dine-in,Takeaway,Reservations,Beer,Wine,Credit cards",No Description Available Yet,A,0,4,4.25,good,0.865,excellent,0.8874,good,0.981,4.0,4.25,4.0
ChIJR5mjeG8U2jER7chJe0m12MA,Sushi Tei (Yishun Central),"#03-12 Yishun Central, Singapore 768794",Singapore,North,2.0,Japanese,103.8357739,1.4300888,6257 2822,Not in Michelin Guide Yet,https://maps.google.com/?cid=13896055977457338605,Not Awarded Any Yet,"Dine-in,Takeaway,Reservations,Beer,Wine,Cocktails,Credit cards,NFC payments,Wheelchair accessible",No Description Available Yet,A,0,4,2.75,poor,0.4469,poor,0.488,good,0.4512,2.5,2.0,3.5
ChIJ-YhF5w4Q2jERMImqhYDH3PU,Sushi Tei (Jem),"#B1-39 Jem Parking (In), Singapore 608549",Singapore,West,2.0,Japanese,103.7438035,1.3333429,No Phone Number Listed,Not in Michelin Guide Yet,https://maps.google.com/?cid=17716254388980975920,Not Awarded Any Yet,"Dine-in,Takeaway,Delivery,Reservations,Beer,Wine,Cocktails,Credit cards,NFC payments,Wheelchair accessible",No Description Available Yet,A,0,4,4.75,good,0.7641,excellent,0.7949,good,0.9987,3.5,4.25,3.5
ChIJJdvq0n4Z2jERldTLwh_c1bw,Sushi Tei (Tiong Bahru),"302 Tiong Bahru Rd, #03 - 110, Plaza 168732",Singapore,Central,2.0,Japanese,103.827298,1.2865029,6252 5566,Not in Michelin Guide Yet,https://maps.google.com/?cid=13607023878140056725,Not Awarded Any Yet,"Dine-in,Takeaway,Delivery,Beer,Wine,Cocktails,Credit cards,NFC payments,Wheelchair accessible",No Description Available Yet,A,0,2,3.0,good,0.8103,excellent,0.9062,good,0.7916,4.0,5.0,4.0
ChIJ_9-dwaYX2jERWLioHEvUFAs,Sushi Tei (Serangoon Central),"23 Serangoon Central, Singapore 556083",Singapore,North-East,2.0,Japanese,103.8729114,1.3505087,6634 7717,Not in Michelin Guide Yet,https://maps.google.com/?cid=798496453019875416,Not Awarded Any Yet,"Dine-in,Takeaway,Delivery,Reservations,Beer,Wine,Cocktails,Credit cards,NFC payments,Wheelchair accessible",No Description Available Yet,A,0,5,5.0,excellent,0.8155,excellent,0.9754,good,0.9008,4.2,4.8,4.0
ChIJdxS7gPEa2jERbMRKD_fcPG0,Sushi Tei (West Coast),"154 West Coast Road, Singapore 127371",Singapore,Central,2.0,Japanese,103.766029,1.3037119,6775 0012,Not in Michelin Guide Yet,https://maps.google.com/?cid=7871409202408375404,Not Awarded Any Yet,"Dine-in,Takeaway,Delivery,Beer,Wine,Cocktails,Coffee,Credit cards,NFC payments,Wheelchair accessible",No Description Available Yet,A,0,3,4.33,average,0.9453,good,0.7455,good,0.9942,3.0,4.33,3.67
ChIJn63U1v8W2jERGRbZxk5Yxno,Sushi Tei (Farleigh Avenue),"Farleigh Avenue, Singapore 556686",Singapore,North-East,2.0,Japanese,103.8655705,1.3641834,6283 7117,Not in Michelin Guide Yet,https://maps.google.com/?cid=8846855613382727193,Not Awarded Any Yet,"Dine-in,Takeaway,Delivery,Reservations,Beer,Wine,Credit cards,NFC payments",No Description Available Yet,A,0,4,4.75,good,0.721,excellent,0.3623,good,0.735,3.5,3.75,4.0
ChIJp4zYJ6QZ2jERV-ihx9DPoNs,Sushi Tei (North Bridge),"252 North Bridge Road, Singapore 179101",Singapore,Central,2.0,Japanese,103.8529487,1.2942831,6334 7887,Not in Michelin Guide Yet,https://maps.google.com/?cid=15825877586189346903,Not Awarded Any Yet,"Dine-in,Takeaway,Delivery,Beer,Wine,Cocktails,Credit cards,NFC payments,Wheelchair accessible",No Description Available Yet,A,0,5,4.4,excellent,0.7724,excellent,0.9787,good,0.7505,4.2,4.6,4.0
ChIJQ7ONulgZ2jERlc6eQgG0Qn4,Sushi Tei (HarbourFront),"1 HarbourFront Walk, #02 - 152, Singapore 098585",Singapore,Central,2.0,Japanese,103.8213037,1.2634711,6376 9591,Not in Michelin Guide Yet,https://maps.google.com/?cid=9098032114747494037,Not Awarded Any Yet,"Dine-in,Takeaway,Delivery,Reservations,Beer,Wine,Credit cards,NFC payments,Wheelchair accessible",No Description Available Yet,A,0,4,4.5,average,0.6509,excellent,0.4002,good,0.8781,3.5,4.25,4.0
ChIJezKgA2sa2jERFS6QSgAb8gM,Sushi Tei (Holland Village),"7 Holland Village Way, Singapore 275748",Singapore,Central,2.0,Japanese,103.7937223,1.3114782,6694 0731,Not in Michelin Guide Yet,https://maps.google.com/?cid=284319414542675477,Not Awarded Any Yet,"Dine-in,Takeaway,Delivery,Beer,Wine,Cocktails,Credit cards,NFC payments,Wheelchair accessible",No Description Available Yet,A,0,2,4.5,average,0.9002,excellent,0.9909,good,0.9925,3.5,5.0,4.0
ChIJl_sOMpIZ2jERa4tZiOdKqvc,Sushi Tei (Orchard),"290 Orchard Road, Singapore 238859",Singapore,Central,2.0,Japanese,103.8350589,1.3035787,6235 1771,Not in Michelin Guide Yet,https://maps.google.com/?cid=17846158831694482283,Not Awarded Any Yet,"Dine-in,Takeaway,Delivery,Beer,Wine,Cocktails,Credit cards,NFC payments,Wheelchair accessible",No Description Available Yet,A,0,4,4.0,average,0.8792,excellent,0.8692,good,0.8554,3.5,4.25,3.25
ChIJ91kTYrkX2jERxHwWUNNcYbc,Sushi Tei (Jasmine),"Jasmine Road, Singapore 576582",Singapore,North-East,2.0,Japanese,103.8305178,1.3549538,6457 6678,Not in Michelin Guide Yet,https://maps.google.com/?cid=13213944844333251780,Not Awarded Any Yet,"Dine-in,Takeaway,Delivery,Beer,Wine,Cocktails,Credit cards,NFC payments,Wheelchair accessible",No Description Available Yet,A,0,4,3.75,average,0.8128,excellent,0.7586,good,0.38,3.5,3.75,3.25
ChIJv1DkBMgZ2jERft-n2ibNvh0,Swee Choon Jalan Besar,"189 Jalan Besar, Singapore 209037",Singapore,Central,2.0,Dim Sum,103.8569394,1.3081642,No Phone Number Listed,Not in Michelin Guide Yet,https://maps.google.com/?cid=2143376039435820926,Not Awarded Any Yet,"Dine-in,Takeaway,Delivery,Outdoor seating,Coffee,Credit cards,NFC payments,Wheelchair accessible",Long-standing eatery offering classic Cantonese mains & small plates in relaxed surroundings.,B,1,4,2.75,good,0.8539,good,0.4332,good,0.894,3.25,3.5,3.5
ChIJb-ErmBYX2jER5GLUsahpxQA,Swensen's (Amk Hub),"Ang Mo Kio Avenue 3, Singapore 560322",Singapore,North-East,2.0,Western,103.8480635,1.3690691,6235 9902,Not in Michelin Guide Yet,https://maps.google.com/?cid=55566743670907620,Not Awarded Any Yet,"Dine-in,Takeaway,Delivery,Reservations,Coffee,Credit cards,NFC payments,Wheelchair accessible",No Description Available Yet,A,0,5,5.0,excellent,0.8603,good,0.9695,good,0.3528,4.4,4.4,4.0
ChIJUXhrN6MR2jERLcCm2a8ez8U,Swensen's (Bukit Panjang Plaza),"1 Jelebu Road, Singapore 677743",Singapore,West,2.0,American,103.7642368,1.3798088,6892 0319,Not in Michelin Guide Yet,https://maps.google.com/?cid=14253645086270603309,Not Awarded Any Yet,"Dine-in,Takeaway,Delivery,Reservations,Coffee,Credit cards,NFC payments,Wheelchair accessible",No Description Available Yet,A,0,5,3.4,good,0.64,excellent,0.6168,good,0.7717,3.4,4.2,4.0
ChIJYWGKiKgT2jERcWXhSYXG704,Swensen's (Causeway Point),"1 Woodlands Sq, #02 - 08 / 09, Singapore 738099",Singapore,North,2.0,American,103.7857313,1.4356389,6894 2086,Not in Michelin Guide Yet,https://maps.google.com/?cid=5687983130164684145,Not Awarded Any Yet,"Dine-in,Takeaway,Delivery,Coffee,Credit cards,NFC payments,Wheelchair accessible",No Description Available Yet,A,0,1,5.0,average,0.9363,excellent,0.7739,good,0.8949,3.0,5.0,4.0
ChIJ9y7Rbo4a2jER2Toju7Lm-b0,Swensen's (Clementi Mall),"3155 Commonwealth Ave W, #05-31/32/33, Singapore 129588",Singapore,Central,2.0,American,103.764614,1.3155308,6659 2151,Not in Michelin Guide Yet,https://maps.google.com/?cid=13689226197687548633,Not Awarded Any Yet,"Dine-in,Takeaway,Reservations,Coffee,Credit cards,NFC payments,Wheelchair accessible",No Description Available Yet,A,0,3,3.67,good,0.8637,good,0.9519,good,0.6637,3.33,3.0,3.0
ChIJy64vxOwP2jERHW_bbUn5Tqc,Swensen's (Jurong Point),"63 Boon Lay Bus Interchange, Singapore 648331",Singapore,West,2.0,American,103.705631,1.338973,6795 2187,Not in Michelin Guide Yet,https://maps.google.com/?cid=12055847346288422685,Not Awarded Any Yet,"Dine-in,Takeaway,Delivery,Reservations,Coffee,Credit cards,NFC payments,Wheelchair accessible",No Description Available Yet,A,0,3,5.0,good,0.6636,good,0.6082,good,0.5667,4.0,4.33,4.0
ChIJWxWSL30T2jERauL76sre41w,Swensen's (Sun Plaza),"Sembawang Alley, Singapore 757713",Singapore,North,2.0,American,103.8195731,1.4480737,6481 0840,Not in Michelin Guide Yet,https://maps.google.com/?cid=6693438434309825130,Not Awarded Any Yet,"Dine-in,Takeaway,Delivery,Reservations,Coffee,Credit cards,NFC payments,Wheelchair accessible",No Description Available Yet,A,0,3,5.0,average,0.7932,excellent,0.893,good,0.791,4.0,4.67,4.0
ChIJ-dXgUTkX2jER496ewjlh-eg,Swensen's (Thomson Plaza),"Soo Chow Garden Road, Singapore 577937",Singapore,North-East,2.0,Western,103.831345,1.3544513,6454 8502,Not in Michelin Guide Yet,https://maps.google.com/?cid=16787555986706456291,Not Awarded Any Yet,"Dine-in,Takeaway,Delivery,Reservations,Coffee,Credit cards,NFC payments,Wheelchair accessible",No Description Available Yet,A,0,1,5.0,good,0.8196,good,0.9988,good,0.8273,4.0,4.0,4.0
ChIJA7UOu1gZ2jERcrEFy-AOKDs,Swensen's Unlimited (Vivocity),"1 HarbourFront Walk, #02-117, Singapore 098585",Singapore,Central,2.0,American,103.8229708,1.2634317,No Phone Number Listed,Not in Michelin Guide Yet,https://maps.google.com/?cid=4262673405947785586,Not Awarded Any Yet,"Dine-in,Reservations,Coffee,Credit cards,NFC payments,Wheelchair accessible",No Description Available Yet,A,0,2,5.0,excellent,0.9556,excellent,0.9734,good,0.6228,4.5,4.5,4.0
ChIJfyNkh6YZ2jERjHsd_P-iL_M,SwissTel The Stamford Singapore,"252 North Bridge Road, Singapore 179103",Singapore,Central,4.0,Hotel,103.8533912,1.2936866,6338 8585,Not in Michelin Guide Yet,https://maps.google.com/?cid=17523403895452040076,Not Awarded Any Yet,Wheelchair accessible,"Posh lodging offering sleek rooms & refined restaurants, plus 2 pools, tennis & a spa.",A,0,2,5.0,excellent,0.863,excellent,0.999,good,0.5088,4.5,4.5,4.0
ChIJG674GQAP2jERcCjl-uIgoMI,Syed Muhamed West Coast,"Jurong West Street 61, Singapore 640637",Singapore,West,1.0,Street Food,103.6974636,1.3414403,No Phone Number Listed,Not in Michelin Guide Yet,https://maps.google.com/?cid=14024245398875744368,Not Awarded Any Yet,"Takeaway,Wheelchair accessible",No Description Available Yet,A,0,1,5.0,good,0.9924,excellent,0.5138,good,0.999,4.0,5.0,4.0
ChIJyfkJSmIU2jEReAR0CR7xVB8,Syed Restaurant,"292 Yishun Street 22, #01-301, Singapore 760292",Singapore,North,1.0,Indian,103.8370362,1.4370856,9645 7731,Not in Michelin Guide Yet,https://maps.google.com/?cid=2257694424529372280,Not Awarded Any Yet,"Dine-in,Takeaway,Delivery,Outdoor seating,Coffee,Cash only,Wheelchair accessible",No Description Available Yet,C,2,4,3.75,excellent,0.5552,excellent,0.3558,good,0.9655,4.5,4.5,4.25
ChIJmShMaFcR2jERMaho1_dsxhg,Symphony,"Choa Chu Kang Terrace, Singapore 684476",Singapore,West,1.0,Noodle Shop,103.7391639,1.3781255,No Phone Number Listed,Not in Michelin Guide Yet,https://maps.google.com/?cid=1785234114025662513,Not Awarded Any Yet,"Dine-in,Takeaway",No Description Available Yet,A,0,5,2.0,poor,0.7331,poor,0.2421,poor,0.6776,2.4,2.4,2.8
ChIJ2cHrHK8P2jERrEVc8kgYqmg,Sz Kitchen (D’Arena),"Upper Jurong Road, Singapore 638365",Singapore,West,1.0,Singaporean,103.682807,1.3294537,8013 0558,Not in Michelin Guide Yet,https://maps.google.com/?cid=7541867227568162220,Not Awarded Any Yet,"Dine-in,Takeaway,Reservations,Credit cards,NFC payments,Wheelchair accessible",No Description Available Yet,A,0,2,4.5,good,0.8902,excellent,0.9382,good,0.9952,4.0,4.5,4.0
ChIJ3bz7o1gF2jERqm8AJ08dOnI,Sz Kitchen (Joo Koon),"1 Joo Koon Cir, #01-45 FairPrice Joo Koon, Singapore 629116",Singapore,West,1.0,Singaporean,103.678718,1.327209,8013 0558,Not in Michelin Guide Yet,https://maps.google.com/?cid=8230923494766964650,Not Awarded Any Yet,"Dine-in,Takeaway,Reservations,Wine,Coffee,Cash only,Wheelchair accessible",No Description Available Yet,A,0,5,3.8,good,0.6849,excellent,0.48,good,0.7768,3.0,3.6,3.6
ChIJ7_0HKBsR2jERujPJGKzDLrY,T (36 Boutique Tea Cafe (Reservations Only)),"36 Verde View, Singapore 688695",Singapore,West,1.0,Tea Store,103.7523066,1.3919658,8010 3636,Not in Michelin Guide Yet,https://maps.google.com/?cid=13127645107749204922,Not Awarded Any Yet,"Dine-in,Takeaway,Delivery,NFC payments,Wheelchair accessible",No Description Available Yet,A,0,5,5.0,good,0.6982,excellent,0.886,good,0.9863,4.4,5.0,4.0
ChIJQyvi4wgF2jER1fw6iMuy7O0,Tai Feng Wei (Taman Jurong),"5 Corporation Drive, Singapore 619774",Singapore,West,1.0,Taiwanese,103.7227738,1.3253367,No Phone Number Listed,Not in Michelin Guide Yet,https://maps.google.com/?cid=17144274468726308053,Not Awarded Any Yet,,No Description Available Yet,A,0,3,5.0,good,0.7185,excellent,0.7886,good,0.8264,4.0,5.0,4.0
ChIJ64J2yLkX2jERp7jf33JOQP8,Tai Seng Herbal Turtle Soup,"Blk 121 Hougang Ave 1, #01-1358, Singapore 530121",Singapore,North-East,1.0,Street Food,103.8869286,1.3537318,9391 7266,Not in Michelin Guide Yet,https://maps.google.com/?cid=18392787133470324903,Not Awarded Any Yet,"Dine-in,Takeaway,Wine,Coffee,Wheelchair accessible",No Description Available Yet,A,0,4,4.75,excellent,0.7404,excellent,0.7481,good,0.8041,4.5,4.5,4.25
ChIJTWh0BskT2jER00AKZjqiJMw,Tai Wah Pork Noodles (Woodlands),"325 Woodlands Street 32, Singapore 730325",Singapore,North,1.0,Noodle Shop,103.7795987,1.4308338,No Phone Number Listed,Not in Michelin Guide Yet,https://maps.google.com/?cid=14710060654602633427,Not Awarded Any Yet,"Dine-in,Takeaway",No Description Available Yet,A,0,4,3.75,good,0.8141,excellent,0.558,good,0.6511,3.25,4.0,4.0
ChIJvwnlMYEP2jERlfOdqYMmCGs,Taiwan Ichiban,"Nanyang Crescent, Singapore 636959",Singapore,West,1.0,Taiwanese,103.6880256,1.3542467,No Phone Number Listed,Not in Michelin Guide Yet,https://maps.google.com/?cid=7712456708800246677,Not Awarded Any Yet,"Dine-in,Takeaway,Wheelchair accessible",No Description Available Yet,A,0,3,2.33,poor,0.7937,poor,0.5127,good,0.6017,2.67,2.67,3.0
ChIJv4Mk4QYa2jERH5-Vf8TzfqI,Taj Mahal Drinks Stall,"2 Adam Road, Singapore 289876",Singapore,Central,1.0,Indian,103.8141321,1.3241604,9105 1719,Not in Michelin Guide Yet,https://maps.google.com/?cid=11709064106489519903,Not Awarded Any Yet,"Dine-in,Takeaway",No Description Available Yet,B,1,5,2.4,poor,0.7277,terrible,0.5279,good,0.7217,2.4,1.8,3.0
ChIJBY28M-YW2jERxosKzeeyDZA,Takagi Ramen (Ang Mo Kio),"Ang Mo Kio Central 1, Singapore 564700",Singapore,North-East,1.0,Ramen,103.8470294,1.3692976,9170 7870,Not in Michelin Guide Yet,https://maps.google.com/?cid=10380149424806071238,Not Awarded Any Yet,"Dine-in,Takeaway,Delivery,Coffee,Credit cards,NFC payments,Wheelchair accessible",No Description Available Yet,B,1,4,3.5,average,0.6714,excellent,0.627,good,0.9192,3.5,3.5,3.5
ChIJ0RpXWiQR2jEReRDe7ATSqv8,Takagi Ramen (Yew Tee Point),"#01-03 Yew Tee Close, Singapore 689578",Singapore,West,1.0,Ramen,103.7467935,1.3972629,9170 7870,Not in Michelin Guide Yet,https://maps.google.com/?cid=18422768144308113529,Not Awarded Any Yet,"Dine-in,Takeaway,Delivery,Coffee,Credit cards,NFC payments,Wheelchair accessible",No Description Available Yet,A,0,4,1.5,poor,0.7754,terrible,0.6834,terrible,0.5836,2.0,1.25,2.0
ChIJE4DLBKMV2jERvq4uA4cW8XE,Takagi Ramen (Yishun),"Yishun Avenue 5, Singapore 761701",Singapore,North,1.0,Ramen,103.8274597,1.4305592,9170 7870,Not in Michelin Guide Yet,https://maps.google.com/?cid=8210368364802911934,Not Awarded Any Yet,"Dine-in,Takeaway,Outdoor seating,Beer,Credit cards,NFC payments,Wheelchair accessible",No Description Available Yet,A,0,3,4.67,good,0.8387,excellent,0.7408,good,0.9943,4.33,5.0,4.0
ChIJWfmhGwAV2jERcgZlqA74wn8,Takumi Ramen-Ya,"598 Yishun Ring Road, Singapore 768698",Singapore,North,2.0,Japanese,103.8412392,1.4183296,No Phone Number Listed,Not in Michelin Guide Yet,https://maps.google.com/?cid=9206193330137138802,Not Awarded Any Yet,"Dine-in,Credit cards,NFC payments",No Description Available Yet,B,1,3,4.67,good,0.6508,excellent,0.5773,good,0.9257,4.33,4.67,4.0
ChIJiWfImc4W2jEReWB9DY-7s9c,Tamako Meal,"128 Casuarina Rd, Singapore 579516",Singapore,North-East,2.0,Japanese,103.8280132,1.376878,6553 4128,Not in Michelin Guide Yet,https://maps.google.com/?cid=15542972962066751609,Not Awarded Any Yet,"Dine-in,Takeaway,Delivery,Reservations,Outdoor seating,Beer,Cocktails,Credit cards,NFC payments",No Description Available Yet,B,1,5,4.8,good,0.8703,good,0.8438,good,0.9816,4.0,4.4,4.0
ChIJU_2KeToY2jER47l6QQxmtoM,Tan Ser Seng Herbal Soup,"29 Lorong Bachok, Singapore 387791",Singapore,Central,3.0,Street Food,103.8799016,1.3140743,8737 2929,Not in Michelin Guide Yet,https://maps.google.com/?cid=9490885467554101731,Not Awarded Any Yet,"Dine-in,Takeaway,Delivery,Reservations,Outdoor seating,Credit cards,NFC payments,Wheelchair accessible","Turtle, chicken & fish soup are served at this no-nonsense, long-standing restaurant.",A,0,2,4.5,good,0.5519,excellent,0.619,good,0.6632,4.0,4.5,4.0
ChIJFTGOVk0S2jERICc7Xclvp90,Tanaka Vegetarian Food,"Woodlands Street 31, Singapore 730306",Singapore,North,1.0,Vegetarian,103.7745854,1.4298467,9661 1939,Not in Michelin Guide Yet,https://maps.google.com/?cid=15971857514136020768,Not Awarded Any Yet,"Dine-in,Takeaway,Outdoor seating,Coffee,Cash only,Wheelchair accessible",No Description Available Yet,A,0,4,4.0,good,0.8718,good,0.816,good,0.8612,4.0,4.0,3.75
ChIJ-aNrjyoR2jERDt6rhRaHJz4,Tandoori Culture,"Hillview Avenue, Singapore 667981",Singapore,West,2.0,Indian,103.7645062,1.3631842,8804 9838,Not in Michelin Guide Yet,https://maps.google.com/?cid=4478696885244911118,Not Awarded Any Yet,"Dine-in,Takeaway,Delivery,Reservations,Beer,Wine,Coffee,Credit cards,NFC payments,Wheelchair accessible",No Description Available Yet,A,0,5,4.2,excellent,0.7999,excellent,0.8961,excellent,0.9932,4.0,4.0,4.0
ChIJH5D8tn4W2jERDXBjrGme72g,Tang Tea House (Jalan Kayu),"244 Jalan Kayu, Singapore 799468",Singapore,North-East,2.0,Halal,103.8733888,1.3977763,6483 2298,Not in Michelin Guide Yet,https://maps.google.com/?cid=7561436476079304717,Not Awarded Any Yet,"Dine-in,Takeaway,Delivery,Reservations,Outdoor seating,Coffee,Credit cards,NFC payments",No Description Available Yet,B,1,3,3.67,average,0.6045,excellent,0.5538,good,0.8635,3.0,4.0,4.0
ChIJq-NLANkP2jER4zGZCfpgZrI,Tang Tea House (Jurong West),"414 Jurong West Street 42, Singapore 640414",Singapore,West,2.0,Halal,103.7262105,1.3528326,6493 2522,Not in Michelin Guide Yet,https://maps.google.com/?cid=12855068813394784739,Not Awarded Any Yet,"Dine-in,Takeaway,Delivery,Outdoor seating,Coffee,Credit cards,NFC payments,Wheelchair accessible",No Description Available Yet,A,0,5,2.8,poor,0.8705,poor,0.7695,good,0.7411,2.2,2.4,3.0
ChIJIZfT4P0b2jER_PA2asrfjD4,Tangerine,"Equarius Hotel, 16 Sentosa Gateway, Resorts World Sentosa, 098133",Singapore,Central,3.0,Cantonese,103.8162753,1.2583525,6577 7636,Not in Michelin Guide Yet,https://maps.google.com/?cid=4507223387549397244,Not Awarded Any Yet,"Dine-in,Takeaway,Reservations,Wine,Coffee,Credit cards,NFC payments,Wheelchair accessible",No Description Available Yet,A,0,5,5.0,good,0.737,excellent,0.988,good,0.97,4.0,4.8,4.0
ChIJc6s2rage2jERzvX_e5IB_6k,Tanjong Beach Club,"120 Tanjong Beach Walk, 098942",Singapore,Central,3.0,Brunch,103.828128,1.243299,9750 5323,Not in Michelin Guide Yet,https://maps.google.com/?cid=12249511240128263630,Not Awarded Any Yet,"Dine-in,Takeaway,Reservations,Outdoor seating,Beer,Wine,Cocktails,Coffee,Credit cards,NFC payments,Wheelchair accessible",No Description Available Yet,A,0,4,4.0,good,0.6501,good,0.694,good,0.7783,4.0,4.25,4.0
ChIJq2uQfgAP2jERYsGQJCr-RJw,Tanjong Rhu Wanton Noodle,"Jurong West Street 61, Singapore 640637",Singapore,West,1.0,Street Food,103.6975256,1.3413826,No Phone Number Listed,Not in Michelin Guide Yet,https://maps.google.com/?cid=11260404425288630626,Not Awarded Any Yet,Wheelchair accessible,No Description Available Yet,A,0,3,2.0,poor,0.9219,poor,0.6516,poor,0.8641,2.67,2.67,2.33
ChIJo6rUTjIP2jERBRXnwk0QdZg,Tasmia Restaurant & Biryani House,"514 Old Choa Chu Kang Road, Singapore 698906",Singapore,West,1.0,Indian,103.7182517,1.3776067,9347 0627,Not in Michelin Guide Yet,https://maps.google.com/?cid=10985704792208643333,Not Awarded Any Yet,"Dine-in,Takeaway,Delivery,Reservations,Outdoor seating,Beer,Wine,Cocktails,Coffee,NFC payments,Wheelchair accessible",No Description Available Yet,B,1,1,5.0,excellent,0.6878,excellent,0.8556,excellent,0.9966,5.0,5.0,5.0
ChIJCSAJ69cT2jERTf-_koo7sZU,Taste Of Harmony,"Woodlands Road, Singapore 738702",Singapore,North,2.0,Asian,103.7621808,1.4254944,No Phone Number Listed,Not in Michelin Guide Yet,https://maps.google.com/?cid=10786468048882630477,Not Awarded Any Yet,"Dine-in,Takeaway,NFC payments,Wheelchair accessible",No Description Available Yet,A,0,5,3.4,good,0.5873,good,0.6257,good,0.7021,3.2,3.0,3.2
ChIJFawXenAU2jERuzfASOwf_HY,Taste Of Thailand Yishun,"Yishun Avenue 5, Singapore 761701",Singapore,North,1.0,Thai,103.8279248,1.4298646,6756 4883,Not in Michelin Guide Yet,https://maps.google.com/?cid=8573762890299881403,Not Awarded Any Yet,"Dine-in,Takeaway,Reservations,Outdoor seating,Beer,Coffee,Cash only,Wheelchair accessible",No Description Available Yet,A,0,4,3.75,good,0.6492,excellent,0.8076,good,0.728,4.25,4.5,4.0
ChIJoyTzv40Z2jER7SwK5iAfrZA,Taste Paradise At Ion Orchard,"2 Orchard Turn, Singapore 238801",Singapore,Central,2.0,Chinese,103.8317124,1.3043263,6509 9660,Not in Michelin Guide Yet,https://maps.google.com/?cid=10425022938591407341,Not Awarded Any Yet,"Dine-in,Takeaway,Reservations,Beer,Wine,Coffee,Credit cards,NFC payments,Wheelchair accessible",No Description Available Yet,B,1,4,4.0,excellent,0.5294,good,0.5907,excellent,0.7934,4.0,4.25,4.5
ChIJWSKZsIsZ2jER2D36xTngNME,Tea Lounge,"1 Cuscaden Road, Singapore 249715",Singapore,Central,3.0,Tea House,103.8249313,1.3046549,6725 3245,Not in Michelin Guide Yet,https://maps.google.com/?cid=13921998886848314840,Not Awarded Any Yet,"Dine-in,Takeaway,Delivery,Reservations,Live music,Beer,Wine,Cocktails,Coffee,Credit cards,Wheelchair accessible",No Description Available Yet,A,0,5,4.4,good,0.6379,good,0.7731,good,0.9561,3.8,4.4,4.0
ChIJj_R4uqUa2jER5f3xsgsfE7k,Teban Market Place,"37 Teban Gardens Road, Singapore 600037",Singapore,West,1.0,Street Food,103.742794,1.3208233,6225 5632,Not in Michelin Guide Yet,https://maps.google.com/?cid=13336037056681475557,Not Awarded Any Yet,"Dine-in,Takeaway,Outdoor seating,Beer,Coffee,NFC payments,Wheelchair accessible",No Description Available Yet,A,0,2,4.5,good,0.2124,excellent,0.1,good,0.7731,3.0,3.5,4.0
ChIJ-eXK8mga2jERzyLkR4dcLvQ,Teck Hin Delicacies • Chee Cheong Fun,"20 Ghim Moh Road, Singapore 270020",Singapore,Central,1.0,Street Food,103.788162,1.3111099,No Phone Number Listed,Not in Michelin Guide Yet,https://maps.google.com/?cid=17595102530279580367,Not Awarded Any Yet,"Dine-in,Takeaway,Wheelchair accessible",No Description Available Yet,A,0,4,4.0,good,0.6705,average,0.5216,good,0.6652,3.25,3.5,3.75
ChIJ48Vict4b2jERkC8mMbyY8_o,Tee Top Restaurant,"240 Sime Road, Singapore 288303",Singapore,Central,1.0,Family,103.8113082,1.3418745,6933 3962,Not in Michelin Guide Yet,https://maps.google.com/?cid=18082964862868533136,Not Awarded Any Yet,"Dine-in,Outdoor seating,Beer,Wine,Coffee,Credit cards,NFC payments,Wheelchair accessible",No Description Available Yet,A,0,5,1.6,poor,0.6297,poor,0.6681,good,0.6862,2.0,2.0,2.6
ChIJ1-pjcwUT2jERTSHhaOMN2WY,Teh Tarik Drinks,"Blk 676 Woodlands Drive 71, Singapore 730676",Singapore,North,1.0,Cafe,103.8006279,1.4396419,No Phone Number Listed,Not in Michelin Guide Yet,https://maps.google.com/?cid=7410969932183183693,Not Awarded Any Yet,"Takeaway,Wheelchair accessible",No Description Available Yet,A,0,5,2.4,poor,0.744,terrible,0.6682,good,0.347,2.8,2.6,2.6
ChIJI-GtkNwP2jERyVGIijHJ-J0,Tenderbest (Jurong West 501),"501 Jurong West Street 51, Singapore 640501",Singapore,West,1.0,Street Food,103.719164,1.3500718,No Phone Number Listed,Not in Michelin Guide Yet,https://maps.google.com/?cid=11383069272793698761,Not Awarded Any Yet,"Dine-in,Takeaway,Delivery,NFC payments,Wheelchair accessible",No Description Available Yet,A,0,5,1.6,good,0.7147,good,0.4306,good,0.7887,3.2,2.6,2.6
ChIJDUaCpCgX2jEResQ5FtpUra8,Tenderbest Makcik Tuckshop (Sengkang Riverside Park (No Reservations Only Walk-Ins)),"50 Anchorvale Street, Singapore 544834",Singapore,North-East,2.0,Halal,103.8842681,1.3982693,6542 7299,Not in Michelin Guide Yet,https://maps.google.com/?cid=12658867423260820602,Not Awarded Any Yet,"Dine-in,Takeaway,Delivery,Outdoor seating,Coffee,Credit cards,NFC payments,Wheelchair accessible",No Description Available Yet,A,0,4,3.0,poor,0.7202,excellent,0.7494,good,0.7044,3.0,3.25,3.25
ChIJ__gd-fMR2jERAOz_-Gdr4oY,Tenderfresh,"Yew Tee Close, Singapore 689579",Singapore,West,2.0,Chicken,103.7467142,1.3971992,6509 4172,Not in Michelin Guide Yet,https://maps.google.com/?cid=9719449040122276864,Not Awarded Any Yet,"Dine-in,Takeaway,NFC payments,Wheelchair accessible",No Description Available Yet,A,0,3,2.67,poor,0.877,good,0.2882,good,0.8465,2.67,3.33,4.0
ChIJDYti_fEW2jERdUI_3D4Ind4,Teng Sheng Korean Bbq Buffet (Ang Mo Kio),"Central Expressway, Singapore 806849",Singapore,North-East,2.0,Korean Barbecue,103.8570683,1.378809,6555 1696,Not in Michelin Guide Yet,https://maps.google.com/?cid=16040986513839702645,Not Awarded Any Yet,"Dine-in,Takeaway,Reservations,Beer,Coffee,Credit cards,NFC payments,Wheelchair accessible",No Description Available Yet,B,1,2,4.5,average,0.88,good,0.823,average,0.9776,3.5,4.0,3.5
ChIJ1a56MfcF2jERfFE6JEZQbZY,Teng Sheng Roasted Delights,"Yuan Ching Road, Singapore 618642",Singapore,West,1.0,Street Food,103.7253577,1.3255893,No Phone Number Listed,Not in Michelin Guide Yet,https://maps.google.com/?cid=10839408140336386428,Not Awarded Any Yet,"Dine-in,Takeaway,Wheelchair accessible",No Description Available Yet,A,0,5,1.0,poor,0.8395,poor,0.8263,terrible,0.4499,2.0,1.6,1.6
ChIJoUcdBwAF2jERuS6H_OJTgi0,"Teng Sheng Western, Japanese And Korean Cuisine","Yuan Ching Road, Singapore 618642",Singapore,West,1.0,Japanese,103.725544,1.3255016,No Phone Number Listed,Not in Michelin Guide Yet,https://maps.google.com/?cid=3279275713043574457,Not Awarded Any Yet,"Dine-in,Takeaway,Wheelchair accessible",No Description Available Yet,A,0,5,3.4,poor,0.6216,poor,0.4992,poor,0.7421,2.8,2.6,2.4
ChIJV7jbWwAT2jERl5o6ezD7lQY,Teochew Bak Kut Teh,"10 Marsiling Industrial Estate Road 1, Singapore 739276",Singapore,North,1.0,Chinese,103.7814292,1.4409452,No Phone Number Listed,Not in Michelin Guide Yet,https://maps.google.com/?cid=474561521401895575,Not Awarded Any Yet,"Takeaway,Wheelchair accessible",No Description Available Yet,A,0,1,4.0,poor,0.4738,excellent,0.441,good,0.9475,2.0,5.0,4.0
ChIJEVP4-TsQ2jERgoJNF34c_Hs,Teochew Cuisine Restaurant,"132 Bukit Batok West Avenue 6, Singapore 650132",Singapore,West,2.0,Chinese,103.7459189,1.3503551,6560 0050,Not in Michelin Guide Yet,https://maps.google.com/?cid=8934047088678634114,Not Awarded Any Yet,"Dine-in,Takeaway,Reservations,Outdoor seating,Beer,Coffee,Credit cards,NFC payments",No Description Available Yet,A,0,1,1.0,poor,0.7267,terrible,0.9513,terrible,0.9935,2.0,1.0,1.0
ChIJvUJjBFwR2jERqSbl_4YtDSY,Teochew Fishball Minced Meat Noodle,"547 Segar Road, Singapore 677722",Singapore,West,1.0,Chinese Noodle,103.7696448,1.3880975,No Phone Number Listed,Not in Michelin Guide Yet,https://maps.google.com/?cid=2741897805980575401,Not Awarded Any Yet,"Dine-in,Takeaway,Cash only",No Description Available Yet,A,0,5,4.8,good,0.6575,good,0.3553,good,0.9737,4.0,4.0,4.0
ChIJYWuy22wZ2jER0SsGm6Lbbq8,Teppei Japanese Restaurant,"1 Tras Link, #01-18 Orchid Hotel Singapore, Singapore 078867",Singapore,Central,2.0,Japanese,103.8439479,1.276722,8831 5185,Not in Michelin Guide Yet,https://maps.google.com/?cid=12641282695507618769,Not Awarded Any Yet,"Dine-in,Takeaway,Reservations,Beer,Wine,Credit cards,NFC payments",No Description Available Yet,A,0,3,5.0,good,0.8971,excellent,0.9163,good,0.9931,4.0,4.67,4.0
ChIJJ2dCl6gT2jEROf9jJh3QsbA,Texas Chicken,"Woodlands Square, Singapore 737737",Singapore,North,2.0,Fast Food,103.7854557,1.4357372,6894 8677,Not in Michelin Guide Yet,https://maps.google.com/?cid=12732186445169819449,Not Awarded Any Yet,"Dine-in,Takeaway,Delivery,Coffee,Credit cards,NFC payments,Wheelchair accessible","Fast-food chain offering fried chicken, sandwiches, wings & Southern-influenced sides.",A,0,5,5.0,average,0.912,excellent,0.8071,good,0.5803,3.8,4.8,4.0
ChIJgVhs4tQR2jERUPKEQ5E7cU4,Texas Chicken (Junction 10),"1 Woodlands Road, Singapore 677899",Singapore,West,1.0,Fast Food,103.7603527,1.3801217,No Phone Number Listed,Not in Michelin Guide Yet,https://maps.google.com/?cid=5652364502415766096,Not Awarded Any Yet,"Dine-in,Takeaway,Delivery,Coffee,Credit cards,NFC payments,Wheelchair accessible",No Description Available Yet,A,0,5,2.8,good,0.7454,good,0.7362,good,0.8061,3.6,3.2,3.6
ChIJxyAVvKYX2jERnjBCfTOcIFw,Texas Chicken (Nex),"Serangoon Central, Singapore 556083",Singapore,North-East,1.0,Fast Food,103.8725635,1.3508234,6634 2130,Not in Michelin Guide Yet,https://maps.google.com/?cid=6638477595702866078,Not Awarded Any Yet,"Dine-in,Takeaway,Delivery,Coffee,Credit cards,NFC payments,Wheelchair accessible","Fast-food chain offering fried chicken, sandwiches, wings & Southern-influenced sides.",A,0,5,2.6,good,0.4966,good,0.376,good,0.5556,3.4,3.0,4.0
ChIJs_cAYe8P2jERIkEck2-wGVA,Thai Dynasty Express,"50 Nanyang Avenue, Singapore 639798",Singapore,West,1.0,Thai,103.6809058,1.3469416,No Phone Number Listed,Not in Michelin Guide Yet,https://maps.google.com/?cid=5771838390707962146,Not Awarded Any Yet,"Dine-in,Takeaway,Delivery,Credit cards,NFC payments,Wheelchair accessible",No Description Available Yet,A,0,4,2.5,poor,0.8698,poor,0.7559,good,0.8753,2.75,2.5,3.0
ChIJlZd962sX2jERoKJYZDmFog0,Thai Food Basil,"Ang Mo Kio Avenue 9, Singapore 569783",Singapore,North-East,1.0,Thai,103.845113,1.3845704,9749 3425,Not in Michelin Guide Yet,https://maps.google.com/?cid=982494150263349920,Not Awarded Any Yet,"Dine-in,Coffee,NFC payments,Wheelchair accessible",No Description Available Yet,A,0,3,5.0,good,0.8376,excellent,0.982,good,0.9832,4.0,4.67,4.0
ChIJl8snfcgZ2jERdeJ69mvxYoY,Thai Goldmine Kitchen,"50 Pasir Panjang Road Mapletree Business City 2, #03-51 Food Master @ Pasir Panjang, 117440",Singapore,Central,2.0,Thai,103.7988665,1.2764589,9178 6252,Not in Michelin Guide Yet,https://maps.google.com/?cid=9683567594799030901,Not Awarded Any Yet,"Dine-in,Takeaway,Reservations,Coffee,Cash only",No Description Available Yet,A,0,5,4.6,good,0.7734,excellent,0.5782,good,0.9802,3.8,4.8,4.0
ChIJ7eEUXFQR2jERGXOEeFJssa8,Thai Hao Chi Mookata,"908D Upper Thomson Road, Singapore 787113",Singapore,North,2.0,Thai,103.8183333,1.3983333,8553 5581,Not in Michelin Guide Yet,https://maps.google.com/?cid=12660019128980239129,Not Awarded Any Yet,"Dine-in,Takeaway,Reservations,Outdoor seating,Beer,Cash only",No Description Available Yet,A,0,5,3.8,good,0.8429,excellent,0.6704,good,0.9168,3.4,4.2,3.8
ChIJi_IpXgAT2jEREJ9iSzS8QMU,Thai Happy Mookata / Hotpot Buffet,"8A Admiralty Street, Singapore 757437",Singapore,North,2.0,Buffet,103.8147615,1.4626867,No Phone Number Listed,Not in Michelin Guide Yet,https://maps.google.com/?cid=14213567356770361104,Not Awarded Any Yet,,No Description Available Yet,A,0,5,2.8,good,0.841,good,0.7364,good,0.9532,4.0,4.2,4.0
ChIJMSBFtMcP2jERGH8AYeNlAK0,Thai Makan By Thai Dynasty (Jurong West),"456 Jurong West Street 41, Singapore 640456",Singapore,West,1.0,Thai,103.7202753,1.3507622,No Phone Number Listed,Not in Michelin Guide Yet,https://maps.google.com/?cid=12466075795820936984,Not Awarded Any Yet,"Dine-in,Takeaway,Delivery,Credit cards,NFC payments,Wheelchair accessible",No Description Available Yet,A,0,5,2.8,average,0.7833,excellent,0.5799,good,0.749,2.8,3.4,3.4
ChIJnQccdKUZ2jERG4PK5MaHCZA,Thaicoon Restaurant (Formerly Jai Thai Restaurant),"Purvis Street, Singapore 188587",Singapore,Central,1.0,Thai,103.8553175,1.2962759,8087 0669,Not in Michelin Guide Yet,https://maps.google.com/?cid=10378976104563770139,Not Awarded Any Yet,"Dine-in,Takeaway,Delivery,Reservations,Outdoor seating,Credit cards,NFC payments",No Description Available Yet,A,0,5,4.0,good,0.8597,excellent,0.606,good,0.9528,3.4,3.8,3.4
ChIJA-tGeecb2jERqTeXuDLkhpo,Thaksin Beef Noodle,"2 Seah Im Rd, Singapore 099114",Singapore,Central,1.0,Street Food,103.8193437,1.2664179,8758 7144,Not in Michelin Guide Yet,https://maps.google.com/?cid=11134838035216545705,Not Awarded Any Yet,"Dine-in,Takeaway,Wheelchair accessible",No Description Available Yet,A,0,5,3.8,poor,0.8199,excellent,0.5176,good,0.9857,3.2,4.0,3.8
ChIJCzL6GnwW2jERtpXp_2IKVbI,Thasevi Food,"237 Jalan Kayu, Singapore 799461",Singapore,North-East,2.0,Indian,103.8729069,1.396217,No Phone Number Listed,Not in Michelin Guide Yet,https://maps.google.com/?cid=12850188532088149430,Not Awarded Any Yet,"Dine-in,Takeaway,Delivery,Outdoor seating,Coffee,NFC payments",No Description Available Yet,B,1,4,3.5,average,0.7474,good,0.407,good,0.7654,3.0,3.75,4.0
ChIJJ8m4Ydob2jERziWBq7UYU08,The Alkaff Mansion,"10 Telok Blangah Green, Singapore 109178",Singapore,Central,2.0,Cafe,103.8131554,1.2788835,8126 8844,Not in Michelin Guide Yet,https://maps.google.com/?cid=5715939520608806350,Not Awarded Any Yet,"Dine-in,Takeaway,Delivery,Reservations,Outdoor seating,Live music,Beer,Wine,Cocktails,Coffee,Cash only,Wheelchair accessible","Refined destination with a cafe serving cakes & brunch staples, plus 2 eateries for Spanish cuisine.",A,0,4,3.0,poor,0.7627,excellent,0.9276,good,0.74,3.25,3.5,2.75
ChIJ3YROGhUb2jERcn71IRWNSaw,The Autobus (Labrador Tower),"1 Pasir Panjang Rd, #02-03 Labrador Tower, Singapore 118479",Singapore,Central,2.0,Salad Shop,103.8015667,1.2721034,8306 7344,Not in Michelin Guide Yet,https://maps.google.com/?cid=12414608969727049330,Not Awarded Any Yet,"Dine-in,Takeaway,Delivery,Credit cards,NFC payments,Wheelchair accessible",No Description Available Yet,A,0,2,4.0,average,0.6632,excellent,0.3489,good,0.8551,2.5,4.5,4.0
ChIJI5blWyUY2jERkcLB1VNfR6Y,The Baba Curry Puff Cafe,"137 Potong Pasir Avenue 3, Singapore 350137",Singapore,Central,1.0,Food,103.8659257,1.3338709,9741 3365,Not in Michelin Guide Yet,https://maps.google.com/?cid=11981650147315663505,Not Awarded Any Yet,"Takeaway,Wheelchair accessible",No Description Available Yet,A,0,5,3.8,good,0.4589,good,0.1503,good,0.8229,3.6,4.2,4.0
ChIJO_NQTscZ2jERh4vyBNFILBU,The Banana Leaf Apolo,"54 Race Course Rd, Singapore 218564",Singapore,Central,2.0,Indian,103.8510564,1.3083862,6293 8682,Not in Michelin Guide Yet,https://maps.google.com/?cid=1525674436340124551,Not Awarded Any Yet,"Dine-in,Takeaway,Delivery,Reservations,Beer,Wine,Coffee,Credit cards,NFC payments",No Description Available Yet,A,0,2,3.0,good,0.6702,excellent,0.3954,good,0.8964,3.0,3.5,4.0
ChIJT0qQtv0b2jER-bVlf4iazQ4,The Bay Restaurant,"8 Sentosa Gateway, Sentosa Island, 098269",Singapore,Central,1.0,Fast Food,103.8174067,1.2579102,No Phone Number Listed,Not in Michelin Guide Yet,https://maps.google.com/?cid=1066678597800277497,Not Awarded Any Yet,"Dine-in,Takeaway,Coffee,Credit cards,NFC payments,Wheelchair accessible",No Description Available Yet,A,0,4,4.25,good,0.6557,excellent,0.6036,good,0.8657,3.75,4.5,4.0
ChIJxWsoi1kR2jERMi-bMv66Bhw,The Biryani Bar,"Hillview Park Connector, Singapore 669592",Singapore,West,1.0,Indian,103.763132,1.3570307,No Phone Number Listed,Not in Michelin Guide Yet,https://maps.google.com/?cid=2019507083855736626,Not Awarded Any Yet,"Dine-in,Takeaway,Delivery,NFC payments",No Description Available Yet,A,0,4,1.75,poor,0.9437,terrible,0.5041,good,0.8351,2.5,2.0,3.0
ChIJB88N2Y0X2jERLZx28Uk1rEU,The Boiler (Buona Vista | Best Seafood Boil | Crabs & Lobsters |),"Rail Corridor, Singapore 139691",Singapore,Central,2.0,Seafood,103.7928833,1.3064702,6635 1285,Not in Michelin Guide Yet,https://maps.google.com/?cid=5020446276311227437,Not Awarded Any Yet,"Dine-in,Takeaway,Delivery,Reservations,Outdoor seating,Beer,Wine,Cocktails,Coffee,Credit cards,NFC payments,Wheelchair accessible",No Description Available Yet,A,0,5,5.0,good,0.8304,excellent,0.9802,good,0.9901,4.0,4.6,4.0
ChIJMcWSBZIX2jERpH5WSHHxJdc,The Boneless Kitchen,"1 Irving Place, Singapore 369546",Singapore,Central,2.0,Vegetarian,103.8860577,1.336096,8457 6464,Not in Michelin Guide Yet,https://maps.google.com/?cid=15503062761140027044,Not Awarded Any Yet,"Dine-in,Takeaway,Delivery,Reservations,Outdoor seating,Coffee,Credit cards,NFC payments,Wheelchair accessible","Easygoing restaurant offering vegetarian Korean stews & hotpots, plus nibbles & drinks.",A,0,2,3.5,average,0.5794,excellent,0.5132,good,0.9428,2.5,3.5,4.0
ChIJm-22KpwZ2jERHav69tu9J48,The Book Cafe,"20 Martin Rd, #01-02 Seng Kee Building, Singapore 239070",Singapore,Central,2.0,Cafe,103.8389542,1.2912086,6887 5430,Not in Michelin Guide Yet,https://maps.google.com/?cid=10315422223954520861,Not Awarded Any Yet,"Dine-in,Takeaway,Delivery,Reservations,Outdoor seating,Beer,Wine,Coffee,Credit cards,NFC payments,Wheelchair accessible","Casual, book-filled hangout dishing up breakfast staples, bowls, burgers & noodles, plus coffee.",A,0,3,4.0,good,0.6736,excellent,0.5102,good,0.8318,3.33,3.67,4.0
ChIJuScwyhQZ2jERirvNvi2XHAg,The Buffet Restaurant,"81 Anson Rd, Level 2, Singapore 079908",Singapore,Central,3.0,Halal,103.8450399,1.273767,6500 6116,Not in Michelin Guide Yet,https://maps.google.com/?cid=584508274381798282,Not Awarded Any Yet,"Dine-in,Takeaway,Reservations,Live music,Coffee,Credit cards,NFC payments,Wheelchair accessible",No Description Available Yet,A,0,4,5.0,average,0.8086,excellent,0.7565,good,0.9668,3.5,5.0,4.0
ChIJdY5hHDQR2jERP1cegGTjyiw,The Bukit Bistro & Bar,"239 Sime Road, Singapore 289685",Singapore,Central,2.0,Western,103.8101457,1.3411376,6215 9419,Not in Michelin Guide Yet,https://maps.google.com/?cid=3227642103750088511,Not Awarded Any Yet,"Dine-in,Takeaway,Reservations,Beer,Wine,Cocktails,Coffee,Credit cards,NFC payments,Wheelchair accessible",No Description Available Yet,A,0,3,4.67,good,0.7227,good,0.7615,good,0.9455,4.0,4.33,4.0
ChIJFUNR1fgZ2jER8_PFL26c8Ao,The Caf & Terrace Restaurant,"Plymouth Avenue, Singapore 297753",Singapore,Central,1.0,Fusion,103.8253106,1.3217087,6357 3332,Not in Michelin Guide Yet,https://maps.google.com/?cid=788301931851674611,Not Awarded Any Yet,"Dine-in,Takeaway,Reservations,Beer,Wine,Coffee,Credit cards,NFC payments,Wheelchair accessible",No Description Available Yet,A,0,5,4.6,good,0.7816,excellent,0.8506,good,0.979,4.0,4.0,4.0
ChIJy-OrtEEX2jER3ldP20jfM4U,The Carpenters Bar,"Admiralty Road West, Singapore 737723",Singapore,North,2.0,Bistro,103.808044,1.4612794,9650 2110,Not in Michelin Guide Yet,https://maps.google.com/?cid=9598260734866708446,Not Awarded Any Yet,"Dine-in,Takeaway,Reservations,Outdoor seating,Beer,Wine,Cocktails,Coffee,Credit cards,NFC payments,Wheelchair accessible",No Description Available Yet,A,0,5,3.8,good,0.807,excellent,0.7523,good,0.7812,3.6,4.4,4.0
ChIJ5SCE0q4e2jERLiATjgKeV90,The Cliff,"2 Bukit Manis Rd, Sentosa, 099891",Singapore,Central,3.0,Italian,103.8267834,1.2457724,6708 8360,Not in Michelin Guide Yet,https://maps.google.com/?cid=15949390339166642222,Not Awarded Any Yet,"Dine-in,Reservations,Outdoor seating,Beer,Wine,Cocktails,Coffee,Credit cards,Wheelchair accessible",No Description Available Yet,A,0,5,4.8,good,0.6746,excellent,0.9632,good,0.998,4.4,5.0,4.2
ChIJ8SsJRBMZ2jERtctHb8ivYYk,The Coffee Bean & Tea Leaf,"10 Anson Rd, #01-32 International Plaza, Singapore 079903",Singapore,Central,2.0,Cafe,103.8464093,1.2758609,6324 5833,Not in Michelin Guide Yet,https://maps.google.com/?cid=9899386731332357045,Not Awarded Any Yet,"Dine-in,Takeaway,Coffee,Credit cards,NFC payments,Wheelchair accessible",Coffeehouse chain serving a variety of beverages including its signature ice-blended options.,A,0,2,2.0,excellent,0.8948,excellent,0.8142,good,0.5046,3.5,3.0,2.5
ChIJI4Qww1MQ2jERDaW5cvVQO7U,The Coffee Bean & Tea Leaf (The Rail Mall Fuyong Estate),"422 Upper Bukit Timah Road, Singapore 678051",Singapore,West,2.0,Cafe,103.7676223,1.3589844,6760 4574,Not in Michelin Guide Yet,https://maps.google.com/?cid=13059120559612863757,Not Awarded Any Yet,"Dine-in,Takeaway,Outdoor seating,Coffee,Credit cards,NFC payments,Wheelchair accessible",Coffeehouse chain serving a variety of beverages including its signature ice-blended options.,A,0,3,2.33,poor,0.6255,good,0.4364,poor,0.811,2.67,2.33,2.67
ChIJ6RrqoqgT2jER2tZph-1Z72A,The Coffee Bean And Tea Leaf (Causeway Point),"Woodlands Square, Singapore 738099",Singapore,North,2.0,Cafe,103.7862847,1.4361401,6894 9180,Not in Michelin Guide Yet,https://maps.google.com/?cid=6984900423788910298,Not Awarded Any Yet,"Dine-in,Takeaway,Delivery,Coffee,Credit cards,NFC payments,Wheelchair accessible",Coffeehouse chain serving a variety of beverages including its signature ice-blended options.,B,1,3,3.67,poor,0.771,excellent,0.6649,terrible,0.8593,2.67,2.67,2.0
ChIJN0cGKDAX2jERV2Ae38hMtjs,"The Coriander Cafe, Thomson Plaza","301 Upper Thomson Road, Singapore 574408",Singapore,North-East,1.0,Cafe,103.8307898,1.3549555,6458 1811,Not in Michelin Guide Yet,https://maps.google.com/?cid=4302710919619567703,Not Awarded Any Yet,"Dine-in,Takeaway,Coffee,NFC payments,Wheelchair accessible",No Description Available Yet,A,0,4,1.0,poor,0.7386,poor,0.5866,poor,0.7352,2.0,2.75,2.5
ChIJR0iJdQAT2jERzR83Smj4GC0,The Courtyard Cafe,"Mandai Lake Road, Singapore 729826",Singapore,North,3.0,Cafe,103.7905536,1.4049653,No Phone Number Listed,Not in Michelin Guide Yet,https://maps.google.com/?cid=3249620257953226701,Not Awarded Any Yet,"Dine-in,Takeaway,Reservations,Beer,Coffee,Credit cards,NFC payments,Wheelchair accessible",No Description Available Yet,A,0,4,3.75,good,0.9562,excellent,0.9303,good,0.965,3.5,3.75,3.5
ChIJOeo7rRYP2jERfaGpD0hs2vE,The Crowded Bowl,"50 Nanyang Avenue, Singapore 639798",Singapore,West,1.0,Street Food,103.6807359,1.34729,No Phone Number Listed,Not in Michelin Guide Yet,https://maps.google.com/?cid=17427360764819775869,Not Awarded Any Yet,"Dine-in,Takeaway,Credit cards,NFC payments,Wheelchair accessible",No Description Available Yet,A,0,4,3.0,poor,0.786,good,0.4333,good,0.9386,2.5,3.5,3.25
ChIJWdGqMhMZ2jERfBLAF1ANAoU,The Daily Cut (Tanjong Pagar),"7 Wallich St, #B2 - 16 Guoco Tower, Singapore 078884",Singapore,Central,2.0,Singaporean,103.8452297,1.2767903,6386 6160,Not in Michelin Guide Yet,https://maps.google.com/?cid=9584237594644845180,Not Awarded Any Yet,"Dine-in,Takeaway,Delivery,Credit cards,NFC payments,Wheelchair accessible",No Description Available Yet,A,0,3,5.0,average,0.7988,excellent,0.8579,good,0.9726,4.0,4.67,4.0
ChIJG0d01SIa2jERVX4WCH7Vjo4,The Dempsey Cookhouse And Bar,"17D Dempsey Road, Singapore 249676",Singapore,Central,3.0,European,103.8103462,1.3056356,1800 304 5588,Not in Michelin Guide Yet,https://maps.google.com/?cid=10272382537356967509,Not Awarded Any Yet,"Dine-in,Takeaway,Reservations,Outdoor seating,Beer,Wine,Cocktails,Coffee,Credit cards,NFC payments,Wheelchair accessible",No Description Available Yet,A,0,5,5.0,good,0.746,excellent,0.8654,good,0.8632,4.4,4.6,4.0
ChIJ04oiK_kZ2jERpzqTReyffuM,The Dining Room,"Plymouth Avenue, Singapore 297753",Singapore,Central,3.0,Singaporean,103.8247303,1.3219047,6357 3337,Not in Michelin Guide Yet,https://maps.google.com/?cid=16392715530803559079,Not Awarded Any Yet,"Dine-in,Takeaway,Reservations,Beer,Wine,Coffee,Credit cards,NFC payments",No Description Available Yet,A,0,4,3.0,poor,0.6513,excellent,0.4061,good,0.7055,2.75,3.0,3.5
ChIJ5WSb7JkZ2jERsLW1sz71STM,The Embun Sg | Live Seafood • Ikan Bakar • Fresh Seafood (Halal),"1 The Oval, Singapore 797859",Singapore,North-East,2.0,Seafood,103.8679877,1.4074461,8974 1205,Not in Michelin Guide Yet,https://maps.google.com/?cid=3695754618886010288,Not Awarded Any Yet,"Dine-in,Takeaway,Delivery,Reservations,Outdoor seating,Coffee,Credit cards,NFC payments,Wheelchair accessible",No Description Available Yet,A,0,3,4.33,good,0.7845,excellent,0.8485,good,0.9926,3.33,5.0,4.0
ChIJYclXNv4T2jERZFgTIT9oS0o,The Famous Kitchen,"54 Sembawang Road, Singapore 779082",Singapore,North,2.0,Chinese,103.8181274,1.4027461,6257 1843,Not in Michelin Guide Yet,https://maps.google.com/?cid=5353487202407110756,Not Awarded Any Yet,"Dine-in,Takeaway,Delivery,Reservations,Outdoor seating,Beer,Wine,Coffee,Credit cards,NFC payments,Wheelchair accessible",No Description Available Yet,A,0,3,4.67,good,0.6678,excellent,0.4921,good,0.6806,3.33,3.67,4.0
ChIJF-vjHn0a2jERpZtS-wurcSo,The French Ladle,"2 Pandan Valley, Singapore 597592",Singapore,Central,2.0,French,103.7789611,1.320433,8858 3205,Not in Michelin Guide Yet,https://maps.google.com/?cid=3058413689910762405,Not Awarded Any Yet,"Dine-in,Takeaway,Delivery,Reservations,Beer,Wine,Coffee,Credit cards,NFC payments",No Description Available Yet,A,0,3,4.33,good,0.9084,excellent,0.6997,good,0.9292,3.67,4.33,3.67
ChIJTSINKDAX2jERFYGf90Hiv1M,The Grumpy Bear (Thomson Plaza),"Upper Thomson Road, Singapore 576583",Singapore,North-East,2.0,Western,103.8308643,1.3548791,9238 4055,Not in Michelin Guide Yet,https://maps.google.com/?cid=6034790798654931221,Not Awarded Any Yet,"Dine-in,Takeaway,Delivery,Reservations,Outdoor seating,Coffee,Credit cards,NFC payments,Wheelchair accessible",No Description Available Yet,A,0,3,5.0,average,0.8852,excellent,0.9968,good,0.9242,4.0,4.67,4.33
ChIJ8fTbnR8a2jERMeuOlYUiwL0,The Halia At Singapore Botanic Gardens,"1 Cluny Rd, Ginger Garden Singapore Botanic Gardens, Singapore 259569",Singapore,Central,3.0,Vegetarian,103.8149796,1.3113472,8444 1148,Not in Michelin Guide Yet,https://maps.google.com/?cid=13672966425831992113,Not Awarded Any Yet,"Dine-in,Takeaway,Delivery,Reservations,Outdoor seating,Coffee,Credit cards,NFC payments,Wheelchair accessible","Chic choice in the Singapore Botanic Gardens for vegetarian & global dishes, plus weekend brunch.",B,1,5,4.0,good,0.5602,excellent,0.6085,good,0.7797,3.2,3.6,3.2
ChIJ7d53eCgT2jERlcihQl7GyqI,The Happy Cafe,"71 Sungei Kadut Drive, Singapore 729577",Singapore,North,1.0,Cafe,103.7458638,1.4128517,No Phone Number Listed,Not in Michelin Guide Yet,https://maps.google.com/?cid=11730406287587002517,Not Awarded Any Yet,"Dine-in,Takeaway,Outdoor seating,Coffee,Credit cards,NFC payments,Wheelchair accessible",No Description Available Yet,A,0,5,4.2,good,0.6252,excellent,0.5045,good,0.9828,4.0,4.8,4.0
ChIJ8xyKDXMN2jERX05995tpBUU,The Hidden Bar And Bistro (Kranji Gallop),"10 Neo Tiew Lane 2, Singapore 718813",Singapore,West,2.0,Bistro,103.7183578,1.4192892,8688 8581,Not in Michelin Guide Yet,https://maps.google.com/?cid=4973497482093612639,Not Awarded Any Yet,"Dine-in,Takeaway",No Description Available Yet,B,1,4,5.0,average,0.8428,excellent,0.9845,good,0.9209,3.5,5.0,4.0
ChIJ5fDFrewb2jERLqMtLwAPNu8,The Jip And Lab,"3 South Buona Vista Rd, #01-05 Viva Vista, Singapore 118136",Singapore,Central,1.0,Korean,103.7860135,1.279714,9711 9244,Not in Michelin Guide Yet,https://maps.google.com/?cid=17236981117273088814,Not Awarded Any Yet,"Takeaway,Delivery",No Description Available Yet,A,0,3,5.0,good,0.8377,excellent,0.8406,good,0.996,4.33,4.67,4.0
ChIJExFR404Q2jERCeLX6wVB_d8,The Jolly Roger,"15 Chu Lin Road, Singapore 669893",Singapore,West,2.0,Bar,103.7603427,1.3576065,8874 7123,Not in Michelin Guide Yet,https://maps.google.com/?cid=16140128133253161481,Not Awarded Any Yet,"Dine-in,Takeaway,Reservations,Outdoor seating,Beer,Wine,Cocktails,Credit cards,NFC payments",No Description Available Yet,A,0,4,4.75,good,0.9438,excellent,0.7503,good,0.8189,4.25,4.75,4.25
ChIJFQjWe7Ye2jERp81YJMFE3vE,The Kitchen Table,"21 Ocean Way, Sentosa, 098374",Singapore,Central,1.0,Singaporean,103.8424732,1.2461106,6808 7268,Not in Michelin Guide Yet,https://maps.google.com/?cid=17428443204299574695,Not Awarded Any Yet,"Dine-in,Takeaway,Delivery,Reservations,Outdoor seating,Beer,Wine,Cocktails,Coffee,Credit cards,NFC payments,Wheelchair accessible",No Description Available Yet,A,0,5,4.6,good,0.7349,excellent,0.6839,good,0.924,3.2,4.2,4.2
ChIJwyHucfQZ2jERC3mkl-kQWk0,The Line Restaurant,"22 Orange Grove Road, Singapore 258350",Singapore,Central,3.0,Buffet,103.8267875,1.3111934,6213 4398,Not in Michelin Guide Yet,https://maps.google.com/?cid=5573786084281973003,Not Awarded Any Yet,"Dine-in,Takeaway,Delivery,Reservations,Outdoor seating,Beer,Wine,Cocktails,Coffee,Credit cards,NFC payments,Wheelchair accessible",No Description Available Yet,B,1,5,3.6,good,0.5817,good,0.4701,good,0.7831,3.2,4.0,4.0
ChIJCVEAMZ8Q2jERADAqDsnXjss,The Living Cafe,"779 Bukit Timah Road, Singapore 269759",Singapore,Central,2.0,Cafe,103.79644,1.3310546,9735 9404,Not in Michelin Guide Yet,https://maps.google.com/?cid=14667898294918328320,Not Awarded Any Yet,"Dine-in,Takeaway,Delivery,Reservations,Beer,Wine,Coffee,Credit cards,NFC payments,Wheelchair accessible",No Description Available Yet,A,0,4,4.25,good,0.7597,excellent,0.9448,good,0.9682,3.75,4.25,3.5
ChIJH09FcvQZ2jER_Wm_1VE35QY,The Lobby Lounge At Shangri-La Singapore,"22 Orange Grove Road, Singapore 258350",Singapore,Central,3.0,Hotel,103.8266805,1.3111394,6737 3644,Not in Michelin Guide Yet,https://maps.google.com/?cid=496864158512278013,Not Awarded Any Yet,"Dine-in,Takeaway,Delivery,Reservations,Wine,Cocktails,Coffee,Cash only,NFC payments,Wheelchair accessible",No Description Available Yet,B,1,4,4.75,good,0.5062,excellent,0.953,good,0.9937,3.75,4.75,4.0
ChIJwfd1o5UQ2jERIEbs42C8nEg,The Marmalade Pantry - Cafe Bistro (Novena),"8 Sinaran Drive, Singapore 307470",Singapore,Central,2.0,French,103.8448666,1.3203765,6664 0348,Not in Michelin Guide Yet,https://maps.google.com/?cid=5232263991424468512,Not Awarded Any Yet,"Dine-in,Takeaway,Delivery,Reservations,Beer,Wine,Cocktails,Coffee,Credit cards,NFC payments,Wheelchair accessible",No Description Available Yet,B,1,4,5.0,good,0.765,excellent,0.902,good,0.6672,4.25,4.5,4.0
ChIJ4TWEs2wZ2jERlHnfsC0JPQU,The Marmalade Pantry - Cafe Bistro (Tanjong Pagar),"100 Peck Seah St, #01-01 Oasia Hotel Downtown, Singapore 079333",Singapore,Central,2.0,French,103.8442496,1.2758957,6385 0741,Not in Michelin Guide Yet,https://maps.google.com/?cid=377468035614603668,Not Awarded Any Yet,"Dine-in,Takeaway,Delivery,Reservations,Beer,Wine,Cocktails,Coffee,Credit cards,NFC payments,Wheelchair accessible",No Description Available Yet,A,0,4,5.0,good,0.7116,excellent,0.9178,good,0.7679,3.75,4.75,4.0
ChIJsdmes4wZ2jEROYrF2YG1bO0,The Orchard Cafe,"Claymore Road, Singapore 229594",Singapore,Central,3.0,Cafe,103.8286,1.3075322,6739 6565,Not in Michelin Guide Yet,https://maps.google.com/?cid=17108248653782682169,Not Awarded Any Yet,"Dine-in,Takeaway,Delivery,Reservations,Live music,Beer,Wine,Cocktails,Coffee,Credit cards,NFC payments,Wheelchair accessible",No Description Available Yet,A,0,5,4.2,average,0.6454,excellent,0.6465,good,0.9558,3.2,4.0,3.8
ChIJ491dwFoY2jERyhjYJGBiavk,The Palms,"Tanjong Rhu Road, Singapore 431028",Singapore,Central,2.0,Fusion,103.8811111,1.2972222,6342 3685,Not in Michelin Guide Yet,https://maps.google.com/?cid=17972285428049909962,Not Awarded Any Yet,"Dine-in,Takeaway,Reservations,Outdoor seating,Beer,Wine,Coffee,NFC payments,Wheelchair accessible",No Description Available Yet,A,0,3,4.33,good,0.5088,excellent,0.5234,good,0.6246,4.33,4.0,4.0
ChIJRf-S_QUV2jERUh1VRRUHtDo,The Patio Sg,"Jalan Mempurong, Singapore 759058",Singapore,North,2.0,Singaporean,103.8439529,1.459041,No Phone Number Listed,Not in Michelin Guide Yet,https://maps.google.com/?cid=4230013737946651986,Not Awarded Any Yet,"Dine-in,Takeaway,Delivery,Reservations,Outdoor seating,Beer,Wine,Cocktails,Coffee,Credit cards,NFC payments",No Description Available Yet,A,0,2,4.5,good,0.87,good,0.6108,good,0.9986,4.0,4.0,4.0
ChIJwXjZTPMZ2jERQymyd8VIPhE,The Peranakan Restaurant Singapore,"57 Lengkok Bahru, #01-477, Singapore 151057",Singapore,Central,2.0,Peranakan,103.8141523,1.2882665,8023 4345,Not in Michelin Guide Yet,https://maps.google.com/?cid=1242510560154757443,Not Awarded Any Yet,"Dine-in,Takeaway,Reservations,Coffee,NFC payments,Wheelchair accessible",No Description Available Yet,A,0,4,5.0,good,0.719,excellent,0.6919,excellent,0.9891,3.75,4.75,4.5
ChIJsys26awb2jERfQuHLB58LGQ,The Pipe District,"43 Science Park Rd, #01-09 we are at the top of the stairs near Kopi & Tarts, Singapore 117408",Singapore,Central,2.0,Cafe,103.7830648,1.2881673,9337 2895,Not in Michelin Guide Yet,https://maps.google.com/?cid=7218280771805973373,Not Awarded Any Yet,"Dine-in,Reservations,Outdoor seating,Live music,Beer,Wine,Cocktails,Coffee,Credit cards",No Description Available Yet,A,0,1,5.0,good,0.6474,good,0.9958,good,0.9883,4.0,4.0,4.0
ChIJcxYAoJEZ2jER888hi_coFco,The Providore ((Mandarin Gallery)),"Orchard Road, Singapore 238857",Singapore,Central,2.0,Cafe,103.8363746,1.3022297,6221 7056,Not in Michelin Guide Yet,https://maps.google.com/?cid=14561590013828648947,Not Awarded Any Yet,"Dine-in,Takeaway,Reservations,Outdoor seating,Beer,Wine,Cocktails,Coffee,Credit cards,NFC payments,Wheelchair accessible",No Description Available Yet,A,0,3,3.0,good,0.7625,average,0.5117,good,0.6473,3.33,2.67,3.33
ChIJMz-JTWsZ2jERqFZ1BAwG7OQ,The Public Izakaya 2,"16 Enggor St, #01-14/15/16, Altez 079717",Singapore,Central,2.0,Izakaya,103.8443179,1.2744873,6333 9622,Not in Michelin Guide Yet,https://maps.google.com/?cid=16495566183835457192,Not Awarded Any Yet,"Dine-in,Takeaway,Delivery,Reservations,Beer,Wine,Cocktails,Credit cards,Wheelchair accessible",No Description Available Yet,A,0,4,4.0,good,0.772,excellent,0.7908,good,0.8452,3.75,4.0,3.75
ChIJP8IIvzoX2jERvnJIgFgZoCs,The Roti Prata House,"Upper Thomson Road, Singapore 574370",Singapore,North-East,1.0,Indian,103.8342736,1.3538519,6459 5260,Not in Michelin Guide Yet,https://maps.google.com/?cid=3143540407804654270,Not Awarded Any Yet,"Dine-in,Takeaway,Outdoor seating,Coffee,NFC payments","Low-key Indian restaurant dishing up curry, noodles & prata, plus coffee & takeaway.",B,1,4,3.75,good,0.6921,good,0.7575,good,0.8078,3.5,3.5,3.5
ChIJ5yWf5vUa2jERRRTas2G36kA,The Royals Bistro,"Town Plaza, Singapore 138602",Singapore,Central,2.0,Halal,103.7739443,1.3038323,9777 1353,Not in Michelin Guide Yet,https://maps.google.com/?cid=4677752793234805829,Not Awarded Any Yet,"Dine-in,Takeaway,Delivery,Reservations,Coffee,Credit cards,NFC payments,Wheelchair accessible",No Description Available Yet,A,0,4,3.5,good,0.6673,good,0.5097,good,0.7812,3.5,4.0,4.0
ChIJXTuYiXAY2jERliMQamLwYbw,The Sixth Noodle House (Soi Thai Soi Nice),"10E Sixth Ave, #01-01, Singapore 276474",Singapore,Central,2.0,Noodle Shop,103.7949266,1.3311085,9295 6488,Not in Michelin Guide Yet,https://maps.google.com/?cid=13574395057348289430,Not Awarded Any Yet,"Dine-in,Takeaway,Reservations,Outdoor seating,Beer,Coffee,Credit cards,NFC payments,Wheelchair accessible",No Description Available Yet,B,1,3,4.67,good,0.876,excellent,0.759,good,0.7245,3.33,3.67,3.33
ChIJSV8QoDsY2jERVo7t067LKwM,The Skewer Bar,Singapore 388287,Singapore,Central,2.0,Bar & Grill,103.8828393,1.3136604,9642 0837,Not in Michelin Guide Yet,https://maps.google.com/?cid=228500157852651094,Not Awarded Any Yet,"Dine-in,Takeaway,Reservations,Outdoor seating,Beer,Wine,Credit cards,NFC payments",No Description Available Yet,A,0,2,4.5,average,0.6579,good,0.8504,good,0.6068,2.5,4.0,3.0
ChIJF4Vpuu0Z2jERzISnHecqyhw,The Song Of India Temporarily Closed For Renovations,"Scotts Road, Singapore 228240",Singapore,Central,2.0,Indian,103.8352583,1.3109166,No Phone Number Listed,Not in Michelin Guide Yet,https://maps.google.com/?cid=2074517750480864460,Not Awarded Any Yet,"Dine-in,Takeaway,Delivery,Reservations,Beer,Wine,Cocktails,Coffee,Credit cards,NFC payments",No Description Available Yet,A,0,4,2.0,poor,0.7293,terrible,0.7153,terrible,0.4444,2.5,2.25,1.75
ChIJiSRA0X4Z2jER8ZFuGpyAb90,The Soup Spoon (Tiong Bahru),"302 Tiong Bahru Rd, #01 - 104 Located, Singapore 168732",Singapore,Central,2.0,Street Food,103.8277837,1.2862796,No Phone Number Listed,Not in Michelin Guide Yet,https://maps.google.com/?cid=15956113412743664113,Not Awarded Any Yet,"Dine-in,Takeaway,Delivery,Coffee,Credit cards,NFC payments,Wheelchair accessible",No Description Available Yet,A,0,5,4.2,good,0.6499,good,0.8761,good,0.6754,3.6,4.2,4.0
ChIJRRR4HcEb2jERicaum5b1ux4,The Soup Spoon (Alexandra),"460 Alexandra Rd, #01-21, Singapore 119963",Singapore,Central,2.0,Street Food,103.8013291,1.2741066,No Phone Number Listed,Not in Michelin Guide Yet,https://maps.google.com/?cid=2214633668988552841,Not Awarded Any Yet,"Dine-in,Takeaway,Delivery,Credit cards,NFC payments,Wheelchair accessible",No Description Available Yet,A,0,1,5.0,average,0.9412,good,0.9398,good,0.9971,3.0,4.0,4.0
ChIJXwluwgoP2jERulXZRFj8fYY,The Soup Spoon Union,"Nanyang Drive, Singapore 637331",Singapore,West,2.0,Street Food,103.6811829,1.3471227,No Phone Number Listed,Not in Michelin Guide Yet,https://maps.google.com/?cid=9691179429213590970,Not Awarded Any Yet,"Dine-in,Takeaway,Delivery,Coffee,Credit cards,NFC payments,Wheelchair accessible",No Description Available Yet,A,0,3,5.0,average,0.8956,excellent,0.8073,good,0.9978,4.0,5.0,4.0
ChIJpc_euAwZ2jER-6AtSZ4spRQ,The Southbridge Hotel Restaurant And Whiskey Bar,"210 S Bridge Rd, Singapore 058759",Singapore,Central,2.0,Western,103.8458178,1.2833703,6222 2288,Not in Michelin Guide Yet,https://maps.google.com/?cid=1487644310259998971,Not Awarded Any Yet,"Dine-in,Takeaway,Reservations,Outdoor seating,Live music,Beer,Wine,Cocktails,Coffee,Credit cards,NFC payments","Informal hotel featuring a whisky bar with live music, plus a casual restaurant & free Wi-Fi.",A,0,5,2.4,poor,0.8496,excellent,0.7929,good,0.4785,3.0,2.8,3.0
ChIJ-7osLNMV2jERw6EQa8xZlkM,The Summerhouse,"Hyde Park Gate, Singapore 797873",Singapore,North-East,3.0,Cafe,103.8683134,1.4079871,8809 5840,Not in Michelin Guide Yet,https://maps.google.com/?cid=4870178781552222659,Not Awarded Any Yet,"Dine-in,Takeaway,Delivery,Reservations,Outdoor seating,Beer,Wine,Cocktails,Coffee,Credit cards,NFC payments,Wheelchair accessible",No Description Available Yet,A,0,5,3.4,poor,0.7884,excellent,0.7791,good,0.9046,2.8,3.4,2.8
ChIJKw9H6qAb2jER2TDMHmYHPuU,The Surf Club By Tin Box,"2 Keppel Bay Vista, #01-03/04 Marina at Keppel Bay, Singapore 098382",Singapore,Central,2.0,Western,103.8124721,1.2639723,9111 9665,Not in Michelin Guide Yet,https://maps.google.com/?cid=16518648618426314969,Not Awarded Any Yet,Coffee,No Description Available Yet,A,0,4,5.0,good,0.9632,excellent,0.9738,good,0.9917,3.75,4.75,4.0
ChIJP8YhcHUT2jERxxoo9TzufzU,The Western House,"676 Woodlands Drive 71, Singapore 730676",Singapore,North,1.0,Western,103.8006305,1.4400436,No Phone Number Listed,Not in Michelin Guide Yet,https://maps.google.com/?cid=3855061751630928583,Not Awarded Any Yet,"Dine-in,Takeaway,Wheelchair accessible",No Description Available Yet,A,0,4,3.5,good,0.7445,excellent,0.5646,good,0.9534,3.25,4.25,3.75
ChIJlV0IquwQ2jER9U34-_ER2u8,The Windsor Arms,"73 Bukit Tinggi Rd, Singapore 289761",Singapore,Central,2.0,Gastropub,103.792638,1.345831,6467 4311,Not in Michelin Guide Yet,https://maps.google.com/?cid=17283146250999844341,Not Awarded Any Yet,"Dine-in,Reservations,Outdoor seating,Beer,Wine,Cocktails,Coffee,Credit cards,NFC payments,Wheelchair accessible",No Description Available Yet,A,0,4,4.5,good,0.6857,excellent,0.7327,good,0.5273,3.25,4.0,4.0
ChIJn3nAGoMR2jER1_NZgNsvvEM,The Wood Ear,"487B Choa Chu Kang Avenue 5, Singapore 682487",Singapore,West,1.0,Asian,103.7386249,1.3762415,8343 8961,Not in Michelin Guide Yet,https://maps.google.com/?cid=4880828715960497111,Not Awarded Any Yet,"Dine-in,Takeaway,Reservations,Beer,Wine,Coffee,Credit cards,NFC payments",No Description Available Yet,A,0,5,4.2,excellent,0.6594,excellent,0.5532,good,0.923,4.0,4.2,3.6
ChIJvRyJuj0Q2jERrk99G-qoJ6U,Thg F&B,"153 Bukit Batok Street 11, Singapore 650153",Singapore,West,1.0,Takeout,103.7440501,1.3474333,No Phone Number Listed,Not in Michelin Guide Yet,https://maps.google.com/?cid=11900666263786835886,Not Awarded Any Yet,"Takeaway,Wheelchair accessible",No Description Available Yet,A,0,3,5.0,good,0.5976,excellent,0.4504,good,0.9538,4.0,5.0,4.0
ChIJq6qqymcY2jERsubfn5y0gfU,Thin Crust Pizza By Kevinbakery,"121 Meyer Road, Singapore 437932",Singapore,Central,2.0,Pizza,103.8943738,1.2976289,6348 7174,Not in Michelin Guide Yet,https://maps.google.com/?cid=17690619396078167730,Not Awarded Any Yet,"Dine-in,Takeaway,Delivery,Outdoor seating,Coffee,Credit cards,NFC payments,Wheelchair accessible",No Description Available Yet,A,0,3,4.0,poor,0.7659,average,0.1409,good,0.6034,2.67,3.0,3.67
ChIJzfEVRbUX2jERfJ7RLspz2cs,Thirsty Horse Bar & Bistro,"Tagore Industrial Avenue, Singapore 787478",Singapore,North,2.0,French,103.8282441,1.3837659,8338 0637,Not in Michelin Guide Yet,https://maps.google.com/?cid=14688898971851660924,Not Awarded Any Yet,"Dine-in,Takeaway,Reservations,Outdoor seating,Beer,Wine,Cocktails,Coffee,Credit cards,NFC payments,Wheelchair accessible",No Description Available Yet,B,1,3,5.0,average,0.8407,excellent,0.844,good,0.9798,4.0,5.0,4.33
ChIJddKNzn4W2jERVGrDRcd5OxY,Thohirah Restaurant,"Jalan Kayu, Singapore 799487",Singapore,North-East,2.0,Indian,103.8732428,1.3982126,6481 2009,Not in Michelin Guide Yet,https://maps.google.com/?cid=1602007989236230740,Not Awarded Any Yet,"Dine-in,Takeaway,Delivery,Outdoor seating,Coffee,NFC payments",No Description Available Yet,B,1,1,5.0,excellent,0.4044,excellent,0.6096,excellent,0.7316,5.0,5.0,5.0
ChIJeW4H4WEQ2jERRJ-vsW_07J0,Three Meals A Day,"Chun Tin Road, Singapore 599595",Singapore,Central,2.0,Korean,103.7751052,1.3420142,6463 2346,Not in Michelin Guide Yet,https://maps.google.com/?cid=11379739119018024772,Not Awarded Any Yet,"Dine-in,Takeaway,Reservations,Beer",No Description Available Yet,A,0,4,4.0,good,0.5264,excellent,0.6698,good,0.8142,3.5,4.75,4.0
ChIJAy3JNQAR2jERLnFlaeo5KVI,Three. By Garamika (Springleaf),"1218 Upper Thomson Road, Singapore 787136",Singapore,North,2.0,Singaporean,103.817587,1.4010565,8027 8426,Not in Michelin Guide Yet,https://maps.google.com/?cid=5920326864108613934,Not Awarded Any Yet,"Dine-in,Takeaway,Delivery,Reservations,Outdoor seating,Coffee,Credit cards,NFC payments",No Description Available Yet,A,0,5,4.2,good,0.7213,good,0.718,good,0.9389,3.6,4.4,4.0
ChIJNcCTCwAR2jERvB3UZu8LcJs,Thuan Ji Roast,"17 Anamalai Avenue, Singapore 276473",Singapore,Central,1.0,Barbecue,103.7947421,1.3309677,No Phone Number Listed,Not in Michelin Guide Yet,https://maps.google.com/?cid=11200465396120690108,Not Awarded Any Yet,"Dine-in,Takeaway",No Description Available Yet,A,0,4,4.25,good,0.7322,good,0.359,good,0.9666,3.5,4.25,4.0
ChIJw75m3mYX2jERpcyPkmiYwxU,Thunder Tea,"Toa Payoh Bus Interchange, Singapore 310480",Singapore,Central,1.0,Vegetarian,103.8483296,1.3324157,6397 2880,Not in Michelin Guide Yet,https://maps.google.com/?cid=1568264670157982885,Not Awarded Any Yet,"Dine-in,Takeaway,Delivery,Wheelchair accessible",No Description Available Yet,B,1,5,2.4,poor,0.7021,good,0.5028,good,0.7798,2.8,2.6,2.6
ChIJD7WeasYX2jERq8warIBg0VE,Thunder Tea (Thomson Plaza Koufu),"Upper Thomson Road, Singapore 576583",Singapore,North-East,1.0,Vegetarian,103.8308643,1.3548791,No Phone Number Listed,Not in Michelin Guide Yet,https://maps.google.com/?cid=5895599492964207787,Not Awarded Any Yet,"Dine-in,Takeaway,Wheelchair accessible",No Description Available Yet,A,0,5,4.8,good,0.75,excellent,0.7718,good,0.9903,3.8,4.6,4.0
ChIJPymFPdgP2jERY8lbvI1Lb0c,Tian En Vegetarian,"Soon Lee Street, Singapore 627606",Singapore,West,1.0,Vegetarian,103.6984796,1.3335188,No Phone Number Listed,Not in Michelin Guide Yet,https://maps.google.com/?cid=5147415971230370147,Not Awarded Any Yet,"Dine-in,Takeaway,Coffee",No Description Available Yet,A,0,4,5.0,good,0.8158,excellent,0.2412,good,0.7755,4.0,4.75,4.0
ChIJE6d2GAAX2jERt9hKyQNEAr4,Tian Jin Fong Kee,"49A Serangoon Garden Way, Singapore 555945",Singapore,North-East,1.0,Chinese,103.8668107,1.3631718,9656 4459,Not in Michelin Guide Yet,https://maps.google.com/?cid=13691580600212445367,Not Awarded Any Yet,"Dine-in,Takeaway",No Description Available Yet,A,0,2,3.0,average,0.5593,excellent,0.2278,good,0.6905,3.5,5.0,4.0
ChIJFyV43c8V2jERNk3-pTS0FUQ,Tian Tian Chi Mian,"795 Yishun Ring Road, Singapore 760795",Singapore,North,1.0,Noodle Shop,103.8328777,1.4196955,No Phone Number Listed,Not in Michelin Guide Yet,https://maps.google.com/?cid=4906025507306229046,Not Awarded Any Yet,"Dine-in,Takeaway,Delivery",No Description Available Yet,B,1,5,1.8,poor,0.7651,good,0.5259,good,0.6631,2.6,2.4,2.4
ChIJ6dLYku0R2jERonkd3-izLCc,Tian Tian Lai Rojak,"547 Segar Road, Singapore 677721",Singapore,West,1.0,Street Food,103.7697321,1.3879603,No Phone Number Listed,Not in Michelin Guide Yet,https://maps.google.com/?cid=2822828879211493794,Not Awarded Any Yet,Takeaway,No Description Available Yet,B,1,4,5.0,good,0.6492,excellent,0.8347,good,0.9774,4.25,4.75,4.0
ChIJh8jeyN4W2jER6tu3OYLnYDg,Tian Wai Tian Fish Head Steamboat (Serangoon Road),"Serangoon Road, Singapore 328234",Singapore,Central,2.0,Chinese,103.8675537,1.3273179,8448 3323,Not in Michelin Guide Yet,https://maps.google.com/?cid=4062501410388302826,Not Awarded Any Yet,"Dine-in,Takeaway,Reservations,Outdoor seating,Beer,Coffee,Cash only",No Description Available Yet,A,0,5,3.8,good,0.6586,excellent,0.4058,good,0.7745,3.2,3.8,3.6
ChIJV5QqXegR2jERiyfooa-uyYk,Tian Wei Hk Roasted Delights,"24 Sixth Avenue, Singapore 268802",Singapore,Central,1.0,Chinese,103.7949338,1.3305793,No Phone Number Listed,Not in Michelin Guide Yet,https://maps.google.com/?cid=9928658922873825163,Not Awarded Any Yet,"Dine-in,Takeaway,Wheelchair accessible",No Description Available Yet,A,0,3,4.33,excellent,0.3886,excellent,0.4432,good,0.9515,3.67,5.0,4.0
ChIJIe5dPgAb2jERMNggwcyVLFo,Tiang Seng Seafood,"Commonwealth Avenue West, Singapore 129577",Singapore,Central,2.0,Chinese,103.7621727,1.3219938,No Phone Number Listed,Not in Michelin Guide Yet,https://maps.google.com/?cid=6497733069034805296,Not Awarded Any Yet,Takeaway,No Description Available Yet,A,0,5,3.8,good,0.7967,excellent,0.6264,good,0.7935,3.8,4.4,3.6
ChIJ21QoA3oZ2jERoVmdNDveSg8,Tiann’S,"71 Seng Poh Rd, #01-35, Singapore 160071",Singapore,Central,2.0,Singaporean,103.8325529,1.2844003,8876 1128,Not in Michelin Guide Yet,https://maps.google.com/?cid=1101937404712671649,Not Awarded Any Yet,"Dine-in,Takeaway,Reservations,Beer,Coffee,Credit cards,NFC payments",No Description Available Yet,A,0,4,4.5,good,0.6691,excellent,0.5154,average,0.9852,3.75,4.75,3.5
ChIJjd3fNx0V2jERviJH1pzVtAM,Tiger Seafood • Bak Kut Teh,"780 Yishun Ring Road, Singapore 760780",Singapore,North,2.0,Seafood,103.8327773,1.422176,8201 3551,Not in Michelin Guide Yet,https://maps.google.com/?cid=267073147508302526,Not Awarded Any Yet,"Dine-in,Takeaway,Wheelchair accessible",No Description Available Yet,B,1,4,2.0,poor,0.7752,terrible,0.6412,good,0.786,2.25,2.0,2.75
ChIJIfWowxUb2jERRkh3GaUYNl4,Tiger Thai Food,"210A Clementi Avenue 6, Singapore 121210",Singapore,Central,1.0,Thai,103.763383,1.3219181,9770 9081,Not in Michelin Guide Yet,https://maps.google.com/?cid=6788640585683519558,Not Awarded Any Yet,"Takeaway,Delivery,NFC payments",No Description Available Yet,A,0,5,4.2,good,0.675,excellent,0.4604,good,0.9367,3.8,4.0,3.8
ChIJhTNgqg8Q2jERhKyZxs5QY_I,Tim Ho Wan,"#B2-05 J-Walk, Singapore 608531",Singapore,West,2.0,Dim Sum,103.7426548,1.3343784,6686 2000,Not in Michelin Guide Yet,https://maps.google.com/?cid=17465892628898360452,Not Awarded Any Yet,"Dine-in,Takeaway,Delivery,Reservations,Coffee,Credit cards,NFC payments,Wheelchair accessible",No Description Available Yet,A,0,5,5.0,good,0.6691,good,0.6076,good,0.8311,3.6,4.0,4.0
ChIJk7fc3E8a2jERzWIYtvj8LCE,Timbre+ One North,"Ayer Rajah Crescent, Singapore 139957",Singapore,Central,2.0,Street Food,103.7874586,1.2973236,No Phone Number Listed,Not in Michelin Guide Yet,https://maps.google.com/?cid=2390563647364031181,Not Awarded Any Yet,"Dine-in,Takeaway,Delivery,Outdoor seating,Live music,Beer,Wine,Coffee,Credit cards,NFC payments,Wheelchair accessible",No Description Available Yet,A,0,4,4.0,good,0.7477,excellent,0.4272,good,0.7991,3.0,4.0,3.5
ChIJWSeCmHAZ2jERNGszRPCxK58,Ting Heng Seafood Restaurant,"82 Tiong Poh Rd, Singapore 160082",Singapore,Central,2.0,Seafood,103.834067,1.2835858,6323 6093,Not in Michelin Guide Yet,https://maps.google.com/?cid=11469456521523587892,Not Awarded Any Yet,"Dine-in,Takeaway,Reservations,Outdoor seating,Beer,Wine,Coffee,Credit cards,NFC payments,Wheelchair accessible",No Description Available Yet,A,0,3,2.67,poor,0.7957,good,0.3276,good,0.5381,2.0,2.33,3.33
ChIJWSqDQsgX2jERZwfb_JGQxrg,Tiong Bahru Fried Fish Ball,"209 Hougang Street 21, Singapore 530209",Singapore,North-East,1.0,Street Food,103.886095,1.359092,6280 5133,Not in Michelin Guide Yet,https://maps.google.com/?cid=13314488305054320487,Not Awarded Any Yet,"Takeaway,Wheelchair accessible",No Description Available Yet,B,1,2,5.0,average,0.9466,excellent,0.5776,good,0.9866,3.5,5.0,4.0
ChIJbXBsewAb2jERH5gn6eneL0I,Tm Restaurant,"61 Teban Gardens Road, Singapore 600061",Singapore,West,3.0,Street Food,103.7383344,1.322148,No Phone Number Listed,Not in Michelin Guide Yet,https://maps.google.com/?cid=4769275626629077023,Not Awarded Any Yet,Takeaway,No Description Available Yet,A,0,1,5.0,good,0.0879,excellent,0.1342,good,0.9969,4.0,5.0,4.0
ChIJmfXI-WEW2jERw0cf8a0ABak,Toast Box (Greenwich V),"Yio Chu Kang Road, Singapore 807011",Singapore,North-East,1.0,Coffee Shop,103.869409,1.3875841,6853 3608,Not in Michelin Guide Yet,https://maps.google.com/?cid=12179141514368075715,Not Awarded Any Yet,"Dine-in,Takeaway,Delivery,Coffee,NFC payments,Wheelchair accessible",No Description Available Yet,B,1,4,2.0,poor,0.7871,poor,0.7102,good,0.8074,2.75,2.25,3.5
ChIJFZzpo1gZ2jERnlP6DqU0GjU,Toast Box (Vivocity B2),"1 HarbourFront Walk, B2-54 VivoCity, Singapore 098585",Singapore,Central,1.0,Cafe,103.8231658,1.2647139,No Phone Number Listed,Not in Michelin Guide Yet,https://maps.google.com/?cid=3826428716930192286,Not Awarded Any Yet,"Dine-in,Takeaway,Coffee,NFC payments,Wheelchair accessible",No Description Available Yet,B,1,5,2.6,poor,0.7665,excellent,0.3809,good,0.8835,2.6,3.4,3.0
ChIJ36SNifEa2jERXLCx9_6uoNA,Toast Box (West Coast Plaza),"#B1-01/02 West Coast Road, Singapore 127371",Singapore,Central,1.0,Coffee Shop,103.7655198,1.3034793,6779 3855,Not in Michelin Guide Yet,https://maps.google.com/?cid=15033207966263259228,Not Awarded Any Yet,"Dine-in,Takeaway,Delivery,Coffee,Credit cards,NFC payments,Wheelchair accessible",No Description Available Yet,A,0,4,2.5,poor,0.7837,poor,0.6885,terrible,0.6131,2.5,2.5,2.0
ChIJ2xwx_PMR2jERGQXKqOWaa0Q,Toast Box (Yewtee Point),"23 Choa Chu Kang North 6, Singapore 689579",Singapore,West,1.0,Coffee Shop,103.7466343,1.3972799,No Phone Number Listed,Not in Michelin Guide Yet,https://maps.google.com/?cid=4930204528257139993,Not Awarded Any Yet,"Dine-in,Takeaway,Delivery,Coffee,Credit cards,NFC payments,Wheelchair accessible",No Description Available Yet,B,1,4,4.0,good,0.7934,good,0.4228,good,0.7923,3.0,3.5,3.5
ChIJhfo9S4YU2jERHwTQa_yfJk8,Tong Xin Vegetarian Food,"Yishun Avenue 6, Singapore 760248",Singapore,North,1.0,Vegetarian,103.8429022,1.4362426,No Phone Number Listed,Not in Michelin Guide Yet,https://maps.google.com/?cid=5703421884600681503,Not Awarded Any Yet,"Dine-in,Takeaway,Coffee",No Description Available Yet,A,0,4,5.0,good,0.8074,good,0.7966,good,0.8766,3.75,4.25,4.0
ChIJu3rCvUIX2jERpTnxmWaru6Q,Tongue Tip Lanzhou Beef Noodles (Lentor Modern),"1 Lentor Central, Singapore 788887",Singapore,North,2.0,Halal,103.834204,1.3856858,8985 0129,Not in Michelin Guide Yet,https://maps.google.com/?cid=11870269700022811045,Not Awarded Any Yet,"Dine-in,Takeaway",No Description Available Yet,A,0,4,4.75,average,0.7949,excellent,0.5165,good,0.9797,3.5,4.5,4.0
ChIJ9bemmdIT2jERTdtQYTdhsFA,Tongue Tip Lanzhou Beef Noodles (The Woodgrove),"30 Woodlands Avenue 1, Singapore 739065",Singapore,North,2.0,Halal,103.7811477,1.4292977,8690 3268,Not in Michelin Guide Yet,https://maps.google.com/?cid=5814254009419094861,Not Awarded Any Yet,"Dine-in,Takeaway,Credit cards,NFC payments,Wheelchair accessible",No Description Available Yet,A,0,5,3.0,good,0.7338,good,0.629,good,0.8415,3.0,3.2,3.2
ChIJv-s_XecZ2jER6qLK8tF4rxc,Tonkotsu Kazan Volcano Ramen Novena Square 2 (2),"Sinaran Drive, Singapore 307470",Singapore,Central,2.0,Ramen,103.844245,1.3207441,6397 6636,Not in Michelin Guide Yet,https://maps.google.com/?cid=1706715626913571562,Not Awarded Any Yet,"Dine-in,Takeaway,Delivery,Beer,Credit cards,NFC payments",No Description Available Yet,A,0,2,5.0,average,0.6846,excellent,0.8424,good,0.9894,4.0,5.0,4.0
ChIJmdBbWlQR2jERU10HQOjvy74,Top 73+1 Fishball Legacy,"532 Ang Mo Kio Avenue 10, Singapore 560532",Singapore,North-East,1.0,Street Food,103.8540193,1.3736945,9731 6841,Not in Michelin Guide Yet,https://maps.google.com/?cid=13748346068264246611,Not Awarded Any Yet,"Dine-in,Takeaway,Delivery,Reservations,Outdoor seating,Coffee",No Description Available Yet,A,0,4,4.0,good,0.522,excellent,0.376,good,0.9854,3.75,5.0,4.0
ChIJOTxQ3ywV2jERVeae1yRBnXo,Top Corner Western Food,"15 Yishun Industrial Street 1, Singapore 768090",Singapore,North,1.0,Western,103.8437115,1.4380069,No Phone Number Listed,Not in Michelin Guide Yet,https://maps.google.com/?cid=8835289670462924373,Not Awarded Any Yet,"Dine-in,Takeaway",No Description Available Yet,A,0,4,5.0,good,0.377,excellent,0.3346,good,0.9091,4.0,4.75,4.25
ChIJVyGRxrcT2jEReXS7oviXeWI,Top Taste Old Trees Durian,"30 Woodlands Avenue 1, Singapore 739065",Singapore,North,1.0,Dessert,103.7811477,1.4292977,8067 2299,Not in Michelin Guide Yet,https://maps.google.com/?cid=7095869782036804729,Not Awarded Any Yet,"Dine-in,Takeaway,Delivery",No Description Available Yet,B,1,4,5.0,good,0.8888,excellent,0.6739,good,0.9371,3.75,4.75,4.0
ChIJF6yWVbsR2jER1voOPyOvDQM,Torigo! (Hillion Mall),"17 Petir Road, Singapore 672163",Singapore,West,2.0,Chicken,103.7634328,1.378382,6265 1297,Not in Michelin Guide Yet,https://maps.google.com/?cid=220024522727684822,Not Awarded Any Yet,"Dine-in,Takeaway,Credit cards,NFC payments,Wheelchair accessible",No Description Available Yet,A,0,4,3.0,good,0.6737,excellent,0.6731,good,0.9723,3.5,3.75,3.25
ChIJE6iKWAAR2jERNPomOjaOsgE,Traditional Handmade Mee Hoon Kueh Ban Mian U-Mian,"259 Bukit Panjang Ring Road, Singapore 679947",Singapore,West,1.0,Street Food,103.7728214,1.3772125,No Phone Number Listed,Not in Michelin Guide Yet,https://maps.google.com/?cid=122316503447435828,Not Awarded Any Yet,"Dine-in,Takeaway,Wheelchair accessible",No Description Available Yet,B,1,4,1.25,poor,0.7308,terrible,0.5922,good,0.758,2.5,2.25,3.0
ChIJF4ejWwAT2jERiAFcZAEkN4U,Traditional Handmade Pau Dian,"306A Woodlands Street 31, Singapore 731306",Singapore,North,1.0,Breakfast,103.7752384,1.429885,No Phone Number Listed,Not in Michelin Guide Yet,https://maps.google.com/?cid=9599180719160820104,Not Awarded Any Yet,Takeaway,No Description Available Yet,B,1,4,4.25,good,0.656,excellent,0.5899,good,0.449,3.0,3.0,3.5
ChIJ4UIS3D0X2jERNNeOcuEPgQY,Trattoria Da Mimmo Restaurant And Pizzeria,"3 Clover Wy, Singapore 579078",Singapore,North-East,2.0,Italian,103.842873,1.3501278,9088 2659,Not in Michelin Guide Yet,https://maps.google.com/?cid=468673297187264308,Not Awarded Any Yet,"Dine-in,Takeaway,Delivery,Reservations,Outdoor seating,Beer,Wine,Cocktails,Coffee,Credit cards,NFC payments",No Description Available Yet,A,0,5,4.6,good,0.768,excellent,0.7405,good,0.9759,4.0,4.8,3.8
ChIJeU66OAAX2jERdwRde33JZXE,Trichy Kr North & South Indian Food,"503 Jurong West Ave 1, #01-855, Singapore 640503",Singapore,West,1.0,Indian,103.7175209,1.3503141,8566 7300,Not in Michelin Guide Yet,https://maps.google.com/?cid=8171158639711421559,Not Awarded Any Yet,"Dine-in,Takeaway,Delivery",No Description Available Yet,A,0,5,3.4,average,0.6778,average,0.4622,good,0.9011,3.8,4.0,3.8
ChIJa_-_1KEZ2jERj6jm3_143uk,Tsukada Nojo || Japanese Premium Hotpot || Collagen-Rich Chicken Stock || Thomson Plaza,"301 Upper Thomson Road, Singapore 574408",Singapore,North-East,2.0,Japanese,103.8304626,1.3548908,6261 4952,Not in Michelin Guide Yet,https://maps.google.com/?cid=16852039887445469327,Not Awarded Any Yet,"Dine-in,Takeaway,Delivery,Reservations,Beer,Credit cards,NFC payments,Wheelchair accessible",No Description Available Yet,A,0,4,4.25,good,0.7697,excellent,0.6771,good,0.9814,4.0,4.75,4.0
ChIJfx2tR4gZ2jERE1C57JKtPgI,Tsuta Japanese Noodles (Gardens By The Bay),"18 Marina Gardens Drive Garden by the Bay, Jurassic Nest Foodcourt, Supertree Grove, 018953",Singapore,Central,2.0,Japanese,103.8644254,1.2812598,No Phone Number Listed,Not in Michelin Guide Yet,https://maps.google.com/?cid=161757483180314643,Not Awarded Any Yet,"Dine-in,Takeaway,Credit cards,NFC payments,Wheelchair accessible",No Description Available Yet,A,0,5,2.0,good,0.7249,average,0.4932,good,0.8428,3.0,3.0,3.0
ChIJzX8R020Q2jER0zdPF20KjmM,Tunglok Seafood (D'arena),"Upper Jurong Road, Singapore 638365",Singapore,West,2.0,Seafood,103.683201,1.3295008,6262 6996,Not in Michelin Guide Yet,https://maps.google.com/?cid=7173682720106559443,Not Awarded Any Yet,"Dine-in,Takeaway,Delivery,Reservations,Beer,Wine,Coffee,Credit cards,NFC payments,Wheelchair accessible",No Description Available Yet,B,1,5,4.0,good,0.8926,excellent,0.8003,good,0.9544,3.6,4.2,4.0
ChIJ82J9xN8Z2jERBkBTJ7SMcwI,Tunglok Seafood (Gardens By The Bay),"18 Marina Gardens Dr, #01-10 Gardens by the Bay, Singapore 018953",Singapore,Central,3.0,Seafood,103.8653576,1.2843671,6022 0188,Not in Michelin Guide Yet,https://maps.google.com/?cid=176639515779350534,Not Awarded Any Yet,"Dine-in,Takeaway,Reservations,Beer,Wine,Coffee,Credit cards,NFC payments,Wheelchair accessible",No Description Available Yet,A,0,5,4.2,good,0.6697,good,0.8458,good,0.8331,3.6,3.8,4.0
ChIJA0KCW1wZ2jERP1SmS41O0lc,Turkish Mediterranean,"Rocks, Singapore 018593",Singapore,Central,2.0,Mediterranean,103.8688073,1.2823328,No Phone Number Listed,Not in Michelin Guide Yet,https://maps.google.com/?cid=6328206795175515199,Not Awarded Any Yet,"Dine-in,Takeaway,Credit cards,NFC payments",No Description Available Yet,B,1,5,2.2,poor,0.7681,good,0.5356,poor,0.7074,2.6,2.6,2.8
ChIJG9GVwT8a2jERvxDHau3hggQ,Two Chefs Eating Place (Commonwealth Link),"116 Commonwealth Link, Singapore 140116",Singapore,Central,2.0,Chinese,103.8001186,1.3071212,6472 5361,Not in Michelin Guide Yet,https://maps.google.com/?cid=325070532939026623,Not Awarded Any Yet,"Dine-in,Takeaway,Delivery,Reservations,Outdoor seating,Beer,Coffee,Cash only,Wheelchair accessible",No Description Available Yet,B,1,4,3.25,good,0.7699,good,0.6082,good,0.8078,3.75,4.0,3.75
ChIJHzcwmycX2jERpIU8AUW6iE4,Two Chefs Eating Place (Sin Ming Avenue),"410 Sin Ming Avenue, Singapore 571410",Singapore,North-East,2.0,Chinese,103.8356378,1.363249,6451 3812,Not in Michelin Guide Yet,https://maps.google.com/?cid=5658977737327281572,Not Awarded Any Yet,"Dine-in,Takeaway,Delivery,Reservations,Outdoor seating,Beer,Coffee,Wheelchair accessible",No Description Available Yet,B,1,3,4.33,good,0.4876,excellent,0.4069,good,0.9258,3.33,4.0,4.0
ChIJZZ7n9ksY2jER94zTfjSs-I0,Typhoon Cafe (Kallang Wave Mall),"Stadium Riverside Walk, Singapore 397628",Singapore,Central,2.0,Taiwanese,103.872618,1.3034378,3106 4206,Not in Michelin Guide Yet,https://maps.google.com/?cid=10230115895038151927,Not Awarded Any Yet,"Dine-in,Takeaway,Reservations,Outdoor seating,Coffee,Credit cards,NFC payments,Wheelchair accessible",No Description Available Yet,A,0,5,5.0,good,0.7386,excellent,0.7241,good,0.9986,4.0,4.8,4.2
ChIJM9NDV9gT2jERDIaoRwP9YIw,Ulu Ulu Safari Restaurant,"Tram Safari Route, Singapore 729826",Singapore,North,3.0,Food Court,103.7884284,1.4038005,No Phone Number Listed,Not in Michelin Guide Yet,https://maps.google.com/?cid=10115362953603089932,Not Awarded Any Yet,"Dine-in,Takeaway,Credit cards,NFC payments,Wheelchair accessible",No Description Available Yet,A,0,3,5.0,average,0.8381,excellent,0.9539,good,0.6077,4.0,5.0,4.33
ChIJA7Rh1Lgb2jEReaqZmjxEtxM,Uncle Ho's Bistro,"1 Pasir Panjang Rd, #01-06 Labrador Tower, Singapore 118479",Singapore,Central,2.0,Vietnamese,103.8012666,1.2720917,9624 5761,Not in Michelin Guide Yet,https://maps.google.com/?cid=1420679234541169273,Not Awarded Any Yet,"Dine-in,Takeaway,Delivery,Reservations,Outdoor seating,Beer,Coffee,Credit cards,NFC payments,Wheelchair accessible",No Description Available Yet,A,0,5,4.4,good,0.9023,excellent,0.5791,good,0.9932,3.2,3.8,3.6
ChIJ1bio5vwV2jERYTVD256o8FQ,Uncle Leong Signatures,"1 Joo Koon Circle, Singapore 629117",Singapore,West,2.0,Chinese,103.6785455,1.3272183,8878 0803,Not in Michelin Guide Yet,https://maps.google.com/?cid=6120577293833418081,Not Awarded Any Yet,"Dine-in,Takeaway,Delivery,Reservations,Outdoor seating,Beer,Wine,Coffee,Credit cards,NFC payments,Wheelchair accessible",No Description Available Yet,A,0,5,2.8,poor,0.6891,excellent,0.7533,good,0.7601,2.8,3.6,3.4
ChIJ9aFCS8gR2jERLrBa9wKXmRk,Uncle Mee Hoon Kueh (,"259 Bukit Panjang Ring Road, Singapore 671259",Singapore,West,1.0,Street Food,103.7730518,1.3772852,8900 1309,Not in Michelin Guide Yet,https://maps.google.com/?cid=1844671561380573230,Not Awarded Any Yet,"Dine-in,Takeaway,Delivery,Wheelchair accessible",No Description Available Yet,B,1,5,2.6,poor,0.6562,poor,0.6743,good,0.6111,2.8,2.8,2.6
ChIJf6Wne3UT2jERPBeNz4D8DfI,Uncle Penyet,"676 Woodlands Drive 71, Singapore 730676",Singapore,North,1.0,Indonesian,103.8006406,1.4398121,No Phone Number Listed,Not in Michelin Guide Yet,https://maps.google.com/?cid=17441874562043942716,Not Awarded Any Yet,"Dine-in,Takeaway,Delivery,Wheelchair accessible",No Description Available Yet,A,0,5,2.8,poor,0.8837,good,0.6226,good,0.8481,2.8,3.4,3.6
ChIJfQtX-sEP2jERbOazSzxAu_k,Us Pizza (Jurong West),"Jurong West Street 61, Singapore 640637",Singapore,West,1.0,Pizza,103.6973341,1.3412184,No Phone Number Listed,Not in Michelin Guide Yet,https://maps.google.com/?cid=17995047363801245292,Not Awarded Any Yet,"Dine-in,Takeaway,Delivery",No Description Available Yet,A,0,3,2.33,poor,0.695,poor,0.5734,good,0.4578,2.67,3.0,3.0
ChIJNw6iPGMa2jER3qq0guHTu7E,Valle,"5 Ridgewood Close, Singapore 276696",Singapore,Central,2.0,Bar,103.7791273,1.3164749,6762 8300,Not in Michelin Guide Yet,https://maps.google.com/?cid=12807062930872117982,Not Awarded Any Yet,"Dine-in,Takeaway,Reservations,Outdoor seating,Beer,Wine,Credit cards,NFC payments,Wheelchair accessible",No Description Available Yet,A,0,1,4.0,good,0.9978,excellent,0.9635,good,0.9647,4.0,5.0,4.0
ChIJo-HqPK0Z2jERFyOlCBXyv10,Vatan Se,"368 Tanjong Katong Road, Singapore 437124",Singapore,Central,2.0,Indian,103.8967167,1.302926,6440 4644,Not in Michelin Guide Yet,https://maps.google.com/?cid=6755384138232308503,Not Awarded Any Yet,"Dine-in,Takeaway,Delivery,Reservations,Beer,Wine,Coffee,Credit cards,NFC payments",No Description Available Yet,A,0,2,5.0,average,0.8694,excellent,0.9119,good,0.9983,4.0,5.0,4.0
ChIJq2Ix-bMX2jERE_w-ROSrqbU,Vegetarian Express Cafe,"Upper Serangoon Road, Singapore 534799",Singapore,North-East,2.0,Vegetarian,103.8851289,1.359469,6383 5672,Not in Michelin Guide Yet,https://maps.google.com/?cid=13090182788814928915,Not Awarded Any Yet,"Dine-in,Takeaway,Delivery,Coffee,Credit cards",No Description Available Yet,A,0,4,2.75,good,0.7963,poor,0.7244,good,0.8158,3.0,3.25,2.75
ChIJPR_b6CUT2jERLkm-ZTV4TTU,Vegetarian Stall,"Woodlands Avenue 4, Singapore 730531",Singapore,North,1.0,Vegetarian,103.7943374,1.4312049,No Phone Number Listed,Not in Michelin Guide Yet,https://maps.google.com/?cid=3840858227952470318,Not Awarded Any Yet,"Takeaway,Wheelchair accessible",No Description Available Yet,A,0,5,2.8,poor,0.6826,poor,0.445,good,0.6715,2.0,2.2,3.2
ChIJP2G_Md4P2jERi9mnjcHzNs8,Vegetarian Villas,"#01-266 Jurong West Street 41, Singapore 640479",Singapore,West,1.0,Vegetarian,103.724546,1.3471132,6897 3977,Not in Michelin Guide Yet,https://maps.google.com/?cid=14931389627224283531,Not Awarded Any Yet,"Dine-in,Takeaway,Outdoor seating,Coffee,Cash only",No Description Available Yet,A,0,2,3.0,good,0.5752,excellent,0.5364,good,0.5888,4.0,4.5,4.0
ChIJizsjXaYX2jERyjlUfshLnB8,Vegetarian World Food,"6 Tagore Drive, Singapore 787502",Singapore,North,1.0,Wholesaler,103.8266894,1.3864957,8613 7687,Not in Michelin Guide Yet,https://maps.google.com/?cid=2277778836027619786,Not Awarded Any Yet,"Delivery,Wheelchair accessible",No Description Available Yet,B,1,4,4.75,average,0.8046,excellent,0.9811,good,0.5325,3.5,4.5,4.0
ChIJSVIHtwcf2jERVG-X_1AbMxM,Verve Bar + Grill,"1 Larkhill Rd, B1-06 @ Amara Sanctuary Sentosa, 099394",Singapore,Central,2.0,Bar & Grill,103.8221016,1.2517312,9723 3336,Not in Michelin Guide Yet,https://maps.google.com/?cid=1383479545232322388,Not Awarded Any Yet,"Dine-in,Takeaway,Reservations,Outdoor seating,Beer,Wine,Cocktails,Coffee,Credit cards",No Description Available Yet,B,1,4,5.0,good,0.6772,excellent,0.8276,good,0.9596,3.0,4.5,4.0
ChIJmXtdXgAF2jERHrlE9GTnmGY,Victoria Hainanese Chicken Rice,"1 Shipyard Crescent, Singapore 628499",Singapore,West,1.0,Chicken,103.6848896,1.3033044,No Phone Number Listed,Not in Michelin Guide Yet,https://maps.google.com/?cid=7392913209109559582,Not Awarded Any Yet,,No Description Available Yet,A,0,2,3.0,good,0.5786,excellent,0.644,good,0.6387,4.0,4.5,4.0
ChIJ12pNqj0Q2jERrGeJi-ooPOc,Vie Bistro,"Bukit Batok West Avenue 6, Singapore 650153",Singapore,West,1.0,French,103.7435371,1.3480297,9240 4283,Not in Michelin Guide Yet,https://maps.google.com/?cid=16662237709192488876,Not Awarded Any Yet,"Dine-in,Takeaway,Outdoor seating,Coffee,Wheelchair accessible",No Description Available Yet,B,1,5,3.6,good,0.8731,excellent,0.438,good,0.6525,3.0,3.2,3.4
ChIJw3lZ6ccb2jERiNboEqNCFic,Vineyard At Hortpark,"33 Hyderabad Rd, #02-02 Hortpark, Singapore 119578",Singapore,Central,2.0,French,103.8011657,1.2788036,6479 7977,Not in Michelin Guide Yet,https://maps.google.com/?cid=2816511885131175560,Not Awarded Any Yet,"Dine-in,Takeaway,Delivery,Reservations,Outdoor seating,Beer,Wine,Cocktails,Coffee,Credit cards,NFC payments,Wheelchair accessible",No Description Available Yet,A,0,5,4.8,good,0.8558,excellent,0.9779,good,0.9936,3.8,4.8,4.0
ChIJk_2lawAP2jERljIRv-Sr-u0,Vista 892 Seafood Zi Char,"Jalan Bahar, Singapore 640271",Singapore,West,2.0,Chinese,103.7028648,1.3491342,No Phone Number Listed,Not in Michelin Guide Yet,https://maps.google.com/?cid=17148207530113053334,Not Awarded Any Yet,"Dine-in,Takeaway,Wheelchair accessible",No Description Available Yet,B,1,2,3.0,good,0.723,excellent,0.7044,good,0.7668,3.0,3.0,4.0
ChIJzYh6P_4F2jERxVgUG_SJyms,Vm Indian Food,"15 Pioneer Walk, Singapore 627753",Singapore,West,1.0,Indian,103.6952553,1.3218189,9460 5548,Not in Michelin Guide Yet,https://maps.google.com/?cid=7767172188873185477,Not Awarded Any Yet,"Dine-in,Takeaway,Coffee,NFC payments,Wheelchair accessible",No Description Available Yet,B,1,2,4.5,good,0.7318,excellent,0.4067,good,0.9984,4.0,5.0,4.0
ChIJJVd0jNEb2jER5E621hKhmoA,Volta Bistro,"27 W Coast Hwy, #01-02/03, Singapore 117867",Singapore,Central,2.0,Bistro,103.7801929,1.2829969,8505 6801,Not in Michelin Guide Yet,https://maps.google.com/?cid=9266896285551972068,Not Awarded Any Yet,"Dine-in,Takeaway,Delivery,Reservations,Beer,Wine,Cocktails,Coffee,Credit cards,NFC payments,Wheelchair accessible",No Description Available Yet,B,1,3,5.0,good,0.9243,excellent,0.9292,good,0.6831,3.67,5.0,4.0
ChIJ6ad6tpIa2jERYXVn6uL9OjM,W39 Bistro & Bakery,"Jalan Mas Puteh, Singapore 128607",Singapore,Central,2.0,Cafe,103.7624039,1.3084697,8807 2421,Not in Michelin Guide Yet,https://maps.google.com/?cid=3691541995620627809,Not Awarded Any Yet,"Dine-in,Takeaway,Delivery,Reservations,Outdoor seating,Beer,Wine,Cocktails,Coffee,Credit cards,NFC payments,Wheelchair accessible","Extensive menu of international cooking, plus fancy homemade cakes served in a cheerful setting.",B,1,5,5.0,average,0.8473,excellent,0.9052,good,0.975,3.8,4.8,4.0
ChIJTXWMlWsa2jERCLUkF98yzD0,Wala Wala Cafe Bar,"Lorong Mambong, Singapore 277691",Singapore,Central,2.0,Bar,103.794408,1.3115853,6462 4288,Not in Michelin Guide Yet,https://maps.google.com/?cid=4452990065309955336,Not Awarded Any Yet,"Dine-in,Takeaway,Reservations,Outdoor seating,Beer,Wine,Cocktails,Coffee,Credit cards,NFC payments","Laid-back, 2-story pub drawing a festive crowd for live bands, beer, cocktails & casual global eats.",A,0,5,3.6,poor,0.5703,good,0.5877,good,0.5641,3.2,3.4,3.4
ChIJa2nb2g0Q2jERDGqm-evvNFQ,Wan Chai Hongkong Tea Room,"Jurong East Street 21, Singapore 609606",Singapore,West,2.0,Chinese,103.7467605,1.3347357,6561 8801,Not in Michelin Guide Yet,https://maps.google.com/?cid=6067738394759686668,Not Awarded Any Yet,"Dine-in,Takeaway,Delivery,Coffee,Wheelchair accessible",No Description Available Yet,A,0,5,3.8,good,0.8344,excellent,0.5875,good,0.9687,3.6,3.8,3.4
ChIJP0Z7ThUF2jER5dHgjU8pKSQ,Wan Nian Xiang,"Joo Koon Bus Interchange, Singapore 629117",Singapore,West,2.0,Takeout,103.6782537,1.327014,No Phone Number Listed,Not in Michelin Guide Yet,https://maps.google.com/?cid=2605659281070019045,Not Awarded Any Yet,,No Description Available Yet,A,0,2,5.0,good,0.909,excellent,0.5464,average,0.9496,4.0,4.5,3.5
ChIJHdofY1sR2jERQH32G-uu56Y,Wan Soon Lai Bakuteh & Fried Porridge,"41 Joo Koon Road, Singapore 628991",Singapore,West,2.0,Street Food,103.6693172,1.3254926,9650 2793,Not in Michelin Guide Yet,https://maps.google.com/?cid=12026773654725885248,Not Awarded Any Yet,"Dine-in,Takeaway,Delivery,Coffee,Wheelchair accessible",No Description Available Yet,B,1,4,4.25,good,0.7452,excellent,0.5833,good,0.9478,4.0,4.5,4.0
ChIJ310IroEU2jERutJ0P0WnFBI,Wan Xi Ge (Kitchen No.8),"8 Jalan Legundi, Singapore 759274",Singapore,North,2.0,Chinese,103.823838,1.4418812,6555 6996,Not in Michelin Guide Yet,https://maps.google.com/?cid=1302850108076118714,Not Awarded Any Yet,"Dine-in,Takeaway,Delivery,Reservations,Beer,Credit cards,NFC payments,Wheelchair accessible",No Description Available Yet,A,0,4,3.0,good,0.6452,excellent,0.6657,good,0.4472,3.5,4.0,3.5
ChIJrdwWzmcT2jERbXKecHCdDLk,Wan Yuan Vegetarian Stall Woodlands Spectrum 1,"Woodlands Link, Singapore 738958",Singapore,North,1.0,Vegetarian,103.8098691,1.4549668,6242 7010,Not in Michelin Guide Yet,https://maps.google.com/?cid=13334205702988526189,Not Awarded Any Yet,"Dine-in,Takeaway,Wheelchair accessible",No Description Available Yet,A,0,5,2.8,poor,0.6777,poor,0.5729,good,0.7642,2.6,2.8,2.8
ChIJx0GZrSYR2jERv9b5gmK5VhY,Wang Family Kitchen,"1 Hillview Rise, Singapore 667970",Singapore,West,1.0,Korean,103.7642637,1.3618966,No Phone Number Listed,Not in Michelin Guide Yet,https://maps.google.com/?cid=1609677749586876095,Not Awarded Any Yet,"Dine-in,Takeaway,Delivery,Reservations,Outdoor seating,Credit cards,NFC payments,Wheelchair accessible",No Description Available Yet,A,0,4,4.25,good,0.7934,excellent,0.5613,good,0.877,4.0,4.5,4.0
ChIJVYAOd7MP2jERvvJkxSEdPak,Wang Jia Wang Fishball Noodles,"546 Jurong West Street 42, Block 546, Singapore 640546",Singapore,West,1.0,Street Food,103.7150695,1.3526344,No Phone Number Listed,Not in Michelin Guide Yet,https://maps.google.com/?cid=12194935396872024766,Not Awarded Any Yet,"Dine-in,Takeaway,Wheelchair accessible",No Description Available Yet,A,0,3,3.67,excellent,0.7064,excellent,0.5619,good,0.7326,3.67,3.33,3.33
ChIJq2iHD_gR2jERcN015uD7PX8,Wang Jiao,"906P Upper Thomson Road, Singapore 787113",Singapore,North,1.0,Chinese,103.81842,1.3980133,8787 8829,Not in Michelin Guide Yet,https://maps.google.com/?cid=9168761359749733744,Not Awarded Any Yet,"Dine-in,Takeaway",No Description Available Yet,A,0,5,4.2,good,0.5918,excellent,0.7855,good,0.7923,3.4,4.4,4.0
ChIJ60ebIkQY2jERqniv0ZvA2sY,Wang Lao Wu Chicken King,"4A Jalan Batu, Singapore 432004",Singapore,Central,1.0,Street Food,103.8838196,1.3026072,6345 0818,Not in Michelin Guide Yet,https://maps.google.com/?cid=14328976939903056042,Not Awarded Any Yet,"Dine-in,Takeaway,Wheelchair accessible",No Description Available Yet,A,0,5,3.2,good,0.7086,excellent,0.5637,good,0.9299,3.0,3.2,3.0
ChIJ4e2tVa0T2jERVHsx0WFv0qQ,Wang Xing Mixed Veg Rice • Porridge,"302 Woodlands Street 31, Singapore 730302",Singapore,North,1.0,Street Food,103.7741712,1.431525,No Phone Number Listed,Not in Michelin Guide Yet,https://maps.google.com/?cid=11876677633241611092,Not Awarded Any Yet,"Dine-in,Takeaway,Wheelchair accessible",No Description Available Yet,A,0,1,2.0,poor,0.9837,poor,0.8502,average,0.6483,2.0,2.0,3.0
ChIJk-lf2Q0T2jEReA1nK1LeiJc,Warong Timbel,"Woodlands Road, Singapore 729678",Singapore,North,1.0,Malay,103.7566142,1.4083877,8718 5541,Not in Michelin Guide Yet,https://maps.google.com/?cid=10919221741056626040,Not Awarded Any Yet,"Dine-in,Takeaway,Delivery",No Description Available Yet,A,0,1,4.0,good,0.834,excellent,0.4998,good,0.9875,4.0,5.0,4.0
ChIJb-ErmBYX2jERKddzxRgayYI,Watami Japanese Dining (Junction 8),"9 Bishan Place, Singapore 579837",Singapore,North-East,2.0,Japanese,103.8482596,1.3503885,6258 3577,Not in Michelin Guide Yet,https://maps.google.com/?cid=9424092388943714089,Not Awarded Any Yet,"Dine-in,Takeaway,Reservations,Beer,Coffee,Credit cards,NFC payments,Wheelchair accessible",No Description Available Yet,A,0,5,5.0,good,0.7443,good,0.992,good,0.6496,3.8,4.4,4.0
ChIJndLuDAAV2jERlqerPD3VFaU,Watami Japanese Dining (Mandai Wildlife East) (Free To Visit),"Mandai Boardwalk, Singapore 729979",Singapore,North,2.0,Japanese,103.7896045,1.4061142,6348 8531,Not in Michelin Guide Yet,https://maps.google.com/?cid=11895648449756637078,Not Awarded Any Yet,"Dine-in,Takeaway,Wheelchair accessible",No Description Available Yet,A,0,5,3.6,poor,0.8626,excellent,0.7705,good,0.9224,3.2,3.8,3.6
ChIJ-3_v6kIa2jERLCwvcDRIhRs,Watami Japanese Dining (The Star Vista),"1 Vista Exchange Green, Singapore 150162",Singapore,Central,2.0,Japanese,103.7885848,1.3070069,6694 3643,Not in Michelin Guide Yet,https://maps.google.com/?cid=1983070600984210476,Not Awarded Any Yet,"Dine-in,Takeaway,Delivery,Reservations,Beer,Coffee,Credit cards,NFC payments,Wheelchair accessible",No Description Available Yet,B,1,5,3.4,good,0.7505,good,0.9814,good,0.7606,3.4,3.4,3.4
ChIJo_3G2eYZ2jERGaZZV5DH0Lc,Wee Nam Kee Hainanese Chicken Rice Restaurant,"101 Thomson Road, Singapore 307591",Singapore,Central,2.0,Chinese,103.8438731,1.3170307,6255 6396,Not in Michelin Guide Yet,https://maps.google.com/?cid=13245305926851339801,Not Awarded Any Yet,"Dine-in,Takeaway,Delivery,Reservations,Beer,Wine,Credit cards,NFC payments,Wheelchair accessible",No Description Available Yet,A,0,5,3.4,good,0.5959,excellent,0.5497,good,0.7454,3.4,3.8,3.4
ChIJB-RBUf4T2jER1t7yuUgEdF0,Wen Ji Braised Duck,"Woodlands Industrial Park E3, Singapore 757780",Singapore,North,1.0,Street Food,103.7994038,1.4558101,No Phone Number Listed,Not in Michelin Guide Yet,https://maps.google.com/?cid=6734012053229592278,Not Awarded Any Yet,"Dine-in,Takeaway,Wheelchair accessible",No Description Available Yet,A,0,5,5.0,good,0.5619,excellent,0.549,good,0.9914,4.0,5.0,4.0
ChIJdRS7gPEa2jER5dC1SNA90xA,West Co'z Cafe,"154 W Coast Rd #02-23 West Coast Plaza, 127371",Singapore,Central,2.0,Halal,103.7658606,1.3035814,6779 1303,Not in Michelin Guide Yet,https://maps.google.com/?cid=1212380689475162341,Not Awarded Any Yet,"Dine-in,Takeaway,Delivery,Reservations,Coffee,Credit cards,NFC payments,Wheelchair accessible",No Description Available Yet,B,1,5,3.8,good,0.6837,excellent,0.8005,good,0.8769,3.6,4.6,4.0
ChIJ6yveHwAR2jER1AW2Ffr0uZ4,West Legend Seafood Restaurant,"Hillview Park Connector, Singapore 669592",Singapore,West,2.0,Seafood,103.7630314,1.3571577,8074 1038,Not in Michelin Guide Yet,https://maps.google.com/?cid=11437442083627337172,Not Awarded Any Yet,"Dine-in,Takeaway,Reservations,Outdoor seating,Beer,NFC payments",No Description Available Yet,A,0,5,2.8,poor,0.8759,excellent,0.6121,good,0.9449,2.8,3.4,3.0
ChIJHRVGTj8Y2jERPqAMFWMEXa0,Western Barbeque,"Old Airport Road, Singapore 390051",Singapore,Central,1.0,Western,103.8856341,1.3082764,8890 0353,Not in Michelin Guide Yet,https://maps.google.com/?cid=12492145764997046334,Not Awarded Any Yet,"Dine-in,Takeaway,Delivery,Outdoor seating,Wheelchair accessible",No Description Available Yet,A,0,4,2.25,poor,0.6648,poor,0.41,good,0.8693,2.5,2.5,3.0
ChIJIS4MMQAd2jERF58zG3AWEpk,Western Delights,"60 Siloso Bch Walk, #01-03/04, Singapore 098997",Singapore,Central,1.0,Western,103.817131,1.2516847,No Phone Number Listed,Not in Michelin Guide Yet,https://maps.google.com/?cid=11029903108132282135,Not Awarded Any Yet,,No Description Available Yet,A,0,1,5.0,good,0.8334,excellent,0.9482,good,0.9988,4.0,5.0,4.0
ChIJo8NPAZoZ2jERoCnTMPi5nbg,Whampoa Keng Fish Head Steamboat (Balestier),"556 Balestier Road, Singapore 329870",Singapore,Central,2.0,Chinese,103.844955,1.32674,6356 7371,Not in Michelin Guide Yet,https://maps.google.com/?cid=13302993349944486304,Not Awarded Any Yet,"Dine-in,Takeaway,Delivery,Reservations,Beer,Credit cards,NFC payments",No Description Available Yet,A,0,4,3.25,good,0.5639,good,0.4783,good,0.5974,3.5,3.75,4.0
ChIJJemS1tIV2jERDIQYdg9cohs,Wheeler's Estate,"2 Park Lane, Singapore 798386",Singapore,North-East,3.0,Bar & Grill,103.8680587,1.4093057,9735 7332,Not in Michelin Guide Yet,https://maps.google.com/?cid=1991255206726763532,Not Awarded Any Yet,"Dine-in,Takeaway,Reservations,Outdoor seating,Live music,Beer,Wine,Cocktails,Coffee,Credit cards,NFC payments,Wheelchair accessible","Sprawling, casual 2-acre venue featuring international fare, a cocktail bar & terrace seating.",A,0,5,2.6,average,0.5426,excellent,0.2668,good,0.3004,3.0,3.0,3.4
ChIJEb2BHZwb2jERBPrHbSeb-t4,White Curry,"Clementi West Street 2, Singapore 120721",Singapore,Central,1.0,Asian,103.7641265,1.3022842,8129 7988,Not in Michelin Guide Yet,https://maps.google.com/?cid=16067325214245517828,Not Awarded Any Yet,"Dine-in,Takeaway,Delivery,Coffee",No Description Available Yet,A,0,3,3.33,good,0.6353,good,0.7808,good,0.8214,3.33,3.67,3.67
ChIJoT6zTIAU2jERGZnpJGsdAOg,White Restaurant (Jalan Tampang),"22 Jalan Tampang, Singapore 758966",Singapore,North,2.0,Chinese,103.8235541,1.4415259,8827 5578,Not in Michelin Guide Yet,https://maps.google.com/?cid=16717394162817276185,Not Awarded Any Yet,"Dine-in,Takeaway,Delivery,Reservations,Outdoor seating,Coffee,Credit cards,NFC payments",No Description Available Yet,B,1,5,4.8,good,0.7021,excellent,0.703,good,0.8976,4.0,4.6,3.8
ChIJO74wMH0T2jERLSsU6GCXz5M,White Restaurant (Sun Plaza),"Sembawang Alley, Singapore 759775",Singapore,North,2.0,Chinese,103.8198718,1.4484036,8849 8479,Not in Michelin Guide Yet,https://maps.google.com/?cid=10650898086220802861,Not Awarded Any Yet,"Dine-in,Takeaway,Delivery,Reservations,Beer,Coffee,Credit cards,NFC payments,Wheelchair accessible",No Description Available Yet,A,0,4,5.0,good,0.8985,excellent,0.4962,good,0.9942,3.75,4.75,3.75
ChIJ_VOdwpIZ2jERryIH76sQiiA,White Rose Cafe,"21 Mount Elizabeth, Singapore 228516",Singapore,Central,2.0,Cafe,103.8354047,1.3071235,6737 0511,Not in Michelin Guide Yet,https://maps.google.com/?cid=2344704886635438767,Not Awarded Any Yet,"Dine-in,Takeaway,Reservations,Beer,Wine,Coffee,Credit cards,NFC payments,Wheelchair accessible",No Description Available Yet,A,0,4,5.0,good,0.6002,excellent,0.7306,good,0.8696,4.0,4.75,4.0
ChIJSZujEpEZ2jERc0ez6ins24Y,Wild Honey Mandarin Gallery,"Orchard Promenade, Singapore 348548",Singapore,Central,3.0,Cafe,103.8368734,1.3019461,6235 3900,Not in Michelin Guide Yet,https://maps.google.com/?cid=9717620285757409139,Not Awarded Any Yet,"Dine-in,Takeaway,Delivery,Reservations,Beer,Wine,Cocktails,Coffee,Credit cards,NFC payments,Wheelchair accessible",No Description Available Yet,A,0,4,4.5,good,0.8672,excellent,0.9546,good,0.997,4.0,4.0,4.0
ChIJ7eRRqlMQ2jERjP9kfsT1UM8,Wine Connection Bistro (Hillv2),"Hillview Avenue, Singapore 667981",Singapore,West,2.0,Bistro,103.7645356,1.3635059,8987 6381,Not in Michelin Guide Yet,https://maps.google.com/?cid=14938710188270878604,Not Awarded Any Yet,"Dine-in,Reservations,Beer,Wine,Cocktails,Coffee,Credit cards,NFC payments",No Description Available Yet,A,0,2,4.5,excellent,0.848,excellent,0.9466,good,0.9982,4.5,4.5,4.0
ChIJEZNxFwAT2jER1HM0yprNe9M,Wingstop The Woodgrove,"30 Woodlands Avenue 1, Singapore 739065",Singapore,North,2.0,Chicken Wings,103.78095,1.429175,6015 0064,Not in Michelin Guide Yet,https://maps.google.com/?cid=15238999828839298004,Not Awarded Any Yet,"Dine-in,Takeaway,Delivery,Credit cards,NFC payments,Wheelchair accessible",No Description Available Yet,A,0,4,3.75,good,0.7081,good,0.9834,good,0.7831,3.25,3.75,3.75
ChIJO_eXBPga2jER7KcWCgKk_0o,Wok Express,"Central Square, Singapore 119081",Singapore,Central,1.0,Halal,103.7750052,1.2984543,6303 2344,Not in Michelin Guide Yet,https://maps.google.com/?cid=5404218406534031340,Not Awarded Any Yet,"Takeaway,NFC payments",No Description Available Yet,A,0,3,5.0,average,0.6197,excellent,0.6665,good,0.9989,3.33,4.67,4.0
ChIJK_xKtj4Z2jERwWNgYbrhdpw,Wok N Wing,"982 Buangkok Crescent, Singapore 530982",Singapore,North-East,1.0,Street Food,103.8792847,1.3808567,No Phone Number Listed,Not in Michelin Guide Yet,https://maps.google.com/?cid=11274446907782489025,Not Awarded Any Yet,"Dine-in,Takeaway,Delivery,Wheelchair accessible",No Description Available Yet,A,0,5,5.0,average,0.7908,excellent,0.5898,good,0.9981,4.0,5.0,4.0
ChIJfRsaqLYe2jERoKBUK2tvw8Q,Wok15 Kitchen,"#01-01 11 Cove Drive, Sentosa Cove, 098497",Singapore,Central,3.0,Singaporean,103.8398907,1.2458306,6305 6998,Not in Michelin Guide Yet,https://maps.google.com/?cid=14178298557971603616,Not Awarded Any Yet,"Dine-in,Takeaway,Delivery,Reservations,Beer,Wine,Cocktails,Coffee,Credit cards,NFC payments,Wheelchair accessible",No Description Available Yet,A,0,5,4.4,good,0.635,excellent,0.8834,good,0.6945,3.6,4.6,3.6
ChIJ52UyEwAF2jERD9gYzuOfA0c,Wonderful La Mian • Xiao Long Bao,"Yuan Ching Road, Singapore 618642",Singapore,West,1.0,Chinese,103.7255389,1.3255255,No Phone Number Listed,Not in Michelin Guide Yet,https://maps.google.com/?cid=5117109402387142671,Not Awarded Any Yet,"Takeaway,Wheelchair accessible",No Description Available Yet,B,1,2,4.0,good,0.8316,excellent,0.9055,good,0.9878,4.0,4.5,4.0
ChIJT8faQP4T2jERYXWhxMWmWzw,Wong Chiew Restaurant,"19 Sembawang Road, Singapore 779075",Singapore,North,2.0,Cantonese,103.8175781,1.4028831,6456 6838,Not in Michelin Guide Yet,https://maps.google.com/?cid=4349253233494029665,Not Awarded Any Yet,"Dine-in,Takeaway,Delivery,Reservations,Outdoor seating,Beer,Coffee,Credit cards,NFC payments,Wheelchair accessible",No Description Available Yet,A,0,4,4.0,good,0.3885,excellent,0.2153,good,0.9046,4.0,4.5,4.0
ChIJqdRD3U8a2jERZCORhtfRpCQ,Wong Kee Wanton Noodles,"73A Ayer Rajah Crescent, Singapore 139957",Singapore,Central,1.0,Chinese Noodle,103.7874978,1.2975395,No Phone Number Listed,Not in Michelin Guide Yet,https://maps.google.com/?cid=2640466005151785828,Not Awarded Any Yet,"Takeaway,Delivery",No Description Available Yet,A,0,4,3.5,good,0.5732,excellent,0.3832,good,0.991,3.25,3.75,3.5
ChIJf1O-GwAb2jERzEjUjgkjcfo,Woo & Noon Authentic Thai Food,"50 Science Park Rd, Singapore 117406",Singapore,Central,1.0,Thai,103.7832762,1.2859839,No Phone Number Listed,Not in Michelin Guide Yet,https://maps.google.com/?cid=18046243705808242892,Not Awarded Any Yet,,No Description Available Yet,A,0,1,5.0,poor,0.8858,good,0.0655,good,0.5496,2.0,4.0,4.0
ChIJ7aVN870U2jERZxv7mqebINo,Woody Family Peranakan Cafe,"12F Andrews Avenue, Singapore 759930",Singapore,North,2.0,Peranakan,103.8377431,1.4581461,6758 1185,Not in Michelin Guide Yet,https://maps.google.com/?cid=15717733843685022567,Not Awarded Any Yet,"Dine-in,Takeaway,Delivery,Reservations,Outdoor seating,Live music,Beer,Wine,Cocktails,Coffee,Credit cards,NFC payments,Wheelchair accessible",No Description Available Yet,A,0,4,4.5,good,0.7436,excellent,0.7433,good,0.9982,4.0,4.75,4.0
ChIJJQXwLQAR2jER5w5kwLlK8Iw,Wu Ming Hainanese Chicken Rice,"475 Choa Chu Kang Avenue 3, Singapore 680475",Singapore,West,1.0,Chicken,103.7394507,1.3774157,No Phone Number Listed,Not in Michelin Guide Yet,https://maps.google.com/?cid=10155699321377656551,Not Awarded Any Yet,Dine-in,No Description Available Yet,B,1,4,2.5,good,0.6529,poor,0.4673,good,0.9266,3.5,3.25,3.25
ChIJR3yHfxQT2jERaxLWfmbQNj8,Wu Wei Seafood,"111 Woodlands Street 13, Singapore 730111",Singapore,North,1.0,Seafood,103.7822628,1.4377136,9398 7795,Not in Michelin Guide Yet,https://maps.google.com/?cid=4555057211765035627,Not Awarded Any Yet,"Dine-in,Takeaway,Beer,Coffee,Wheelchair accessible",No Description Available Yet,A,0,5,1.0,poor,0.6628,poor,0.5831,poor,0.7264,2.4,2.2,2.2
ChIJF3EITX8Z2jER5Vr7MMC3l3Y,Xi De Li,"38A Beo Cres, #01-77, Singapore 169982",Singapore,Central,1.0,Street Food,103.827456,1.2888496,No Phone Number Listed,Not in Michelin Guide Yet,https://maps.google.com/?cid=8545500854042188517,Not Awarded Any Yet,"Takeaway,Wheelchair accessible",No Description Available Yet,A,0,3,5.0,average,0.7111,excellent,0.6594,good,0.9263,3.33,4.67,4.0
ChIJLSCwVB8X2jERd0Ze7awNfMk,Xi Guo & Bbq & Hotpot,"259 Jalan Kayu, Singapore 799507",Singapore,North-East,2.0,Chinese,103.8729364,1.3968199,6322 7717,Not in Michelin Guide Yet,https://maps.google.com/?cid=14518494335103551095,Not Awarded Any Yet,"Dine-in,Takeaway,Reservations,Outdoor seating,Beer",No Description Available Yet,A,0,5,5.0,good,0.6915,excellent,0.7383,good,0.7342,4.2,4.6,4.0
ChIJ_wSSYS0R2jERvYTUhycEDv0,Xi Men Jie (The Rail Mall),"398 Upper Bukit Timah Road, Singapore 678049",Singapore,West,1.0,Chinese,103.7679212,1.3580871,6320 0185,Not in Michelin Guide Yet,https://maps.google.com/?cid=18234516509098804413,Not Awarded Any Yet,"Dine-in,Takeaway,Delivery,Outdoor seating,Coffee,Credit cards,NFC payments,Wheelchair accessible",No Description Available Yet,A,0,3,4.67,average,0.853,good,0.4711,good,0.8422,3.33,4.33,4.0
ChIJtwIfd3UT2jER54qJKsvRne8,Xi Wang Bak Kut Teh,"676 Woodlands Drive 71, Singapore 730676",Singapore,North,1.0,Street Food,103.8006521,1.4400041,9221 5967,Not in Michelin Guide Yet,https://maps.google.com/?cid=17266187216930573031,Not Awarded Any Yet,"Dine-in,Takeaway,NFC payments,Wheelchair accessible",No Description Available Yet,A,0,4,3.75,good,0.6713,good,0.5018,good,0.719,4.0,4.25,4.0
ChIJ07REv-cW2jERcip7FWd9Oqk,Xi Xiang Feng Yong Tau Foo,"Ang Mo Kio Central 2, Singapore 560724",Singapore,North-East,1.0,Street Food,103.8465641,1.3721128,No Phone Number Listed,Not in Michelin Guide Yet,https://maps.google.com/?cid=12194196822754536050,Not Awarded Any Yet,"Dine-in,Takeaway,Coffee,Wheelchair accessible",No Description Available Yet,A,0,4,2.75,good,0.5888,poor,0.4492,good,0.7487,3.0,2.5,3.5
ChIJk_OaEA4F2jERK4K76TfkSGc,Xi Yan Seafood Restaurant,"Jalan Ahmad Ibrahim, Singapore 628925",Singapore,West,2.0,Seafood,103.7089233,1.321007,8938 1118,Not in Michelin Guide Yet,https://maps.google.com/?cid=7442449313025458731,Not Awarded Any Yet,"Dine-in,Takeaway,Delivery,Reservations,Outdoor seating,Beer,Wine,Credit cards,NFC payments,Wheelchair accessible",No Description Available Yet,A,0,3,5.0,average,0.6252,excellent,0.7347,good,0.9732,3.0,4.67,4.0
ChIJ0UE0NBUT2jER0IBGgumRv4s,Xian Fu Fish Soup,"676 Woodlands Drive 71, Singapore 730676",Singapore,North,1.0,Street Food,103.8006658,1.4399023,No Phone Number Listed,Not in Michelin Guide Yet,https://maps.google.com/?cid=10069927723922784464,Not Awarded Any Yet,"Dine-in,Takeaway",No Description Available Yet,A,0,4,1.75,poor,0.7494,good,0.2951,average,0.9838,2.75,2.5,2.5
ChIJ4YufG_8R2jERx0bcMFKhk4g,Xiang Cheng Zichar,"547 Segar Road, Singapore 677722",Singapore,West,1.0,Takeout,103.7696291,1.3882336,6397 5660,Not in Michelin Guide Yet,https://maps.google.com/?cid=9841386985113798343,Not Awarded Any Yet,Takeaway,No Description Available Yet,A,0,4,4.25,poor,0.641,excellent,0.2882,good,0.9138,2.5,3.5,3.5
ChIJKb-0EAAF2jER0Ml7HRzWzhQ,Xiang Chi Mian (Joo Koon Bus Interchange),"1 Joo Koon Bus Interchange, Singapore 629117",Singapore,West,1.0,Street Food,103.6787,1.3270451,No Phone Number Listed,Not in Michelin Guide Yet,https://maps.google.com/?cid=1499371142203034064,Not Awarded Any Yet,"Dine-in,Takeaway,Wheelchair accessible",No Description Available Yet,A,0,4,2.75,good,0.8565,good,0.6323,good,0.7838,3.5,3.75,3.25
ChIJHe_LeQAX2jERDEup5x7UPu8,Xiang Chi Mian (Hougang Street 91),"1 Hougang Street 91, Singapore 538692",Singapore,North-East,1.0,Street Food,103.8793437,1.3759694,No Phone Number Listed,Not in Michelin Guide Yet,https://maps.google.com/?cid=17239449652821576460,Not Awarded Any Yet,"Takeaway,Wheelchair accessible",No Description Available Yet,A,0,1,1.0,poor,0.7532,terrible,0.853,poor,0.9975,2.0,1.0,2.0
ChIJ-T2z2OkP2jERpC8IhRG36YY,Xiang Feng Nasi Lemak,"221B Boon Lay Place, Singapore 642221",Singapore,West,1.0,Street Food,103.7129739,1.3456647,9786 7919,Not in Michelin Guide Yet,https://maps.google.com/?cid=9721502556530159524,Not Awarded Any Yet,"Dine-in,Takeaway,NFC payments,Wheelchair accessible",No Description Available Yet,A,0,5,4.2,good,0.82,excellent,0.6295,good,0.8293,3.6,4.6,4.0
ChIJM5hNHbkR2jER9MZdCYS2Acg,Xiang Ji Roast (Duck Prince),"259 Bukit Panjang Ring Road, Singapore 671259",Singapore,West,1.0,Street Food,103.7730453,1.3773085,No Phone Number Listed,Not in Michelin Guide Yet,https://maps.google.com/?cid=14412000960771376884,Not Awarded Any Yet,"Takeaway,Wheelchair accessible",No Description Available Yet,A,0,4,2.0,poor,0.8815,good,0.6888,good,0.7419,2.5,2.75,3.5
ChIJhYfPZwMR2jERyUElZeq2UGw,Xiang Xiang Fried Carrot Cake (,"253 Choa Chu Kang Avenue 1, Singapore 680253",Singapore,West,1.0,Street Food,103.744394,1.3774405,9320 0996,Not in Michelin Guide Yet,https://maps.google.com/?cid=7804939272068612553,Not Awarded Any Yet,"Dine-in,Takeaway,Wheelchair accessible",No Description Available Yet,A,0,4,4.75,average,0.7762,excellent,0.6412,good,0.9964,3.75,4.5,4.25
ChIJvX9PMAAT2jERcCWG8iIe2JE,Xiang Xiang Hunan Cuisine (Mandai Zoo),"80 Mandai Lake Road, Singapore 729826",Singapore,North,2.0,Chinese,103.7893043,1.4055692,6883 5886,Not in Michelin Guide Yet,https://maps.google.com/?cid=10509182865915651440,Not Awarded Any Yet,"Dine-in,Takeaway,Outdoor seating,Credit cards,NFC payments",No Description Available Yet,A,0,3,4.67,good,0.6799,excellent,0.6522,good,0.793,4.0,4.67,4.0
ChIJs-hgoqwP2jERUj4HbQdkB5s,Xiang Zhi Xiang Rojak,"815 Jurong West Avenue 5, Singapore 640816",Singapore,West,1.0,Street Food,103.69612,1.3453509,No Phone Number Listed,Not in Michelin Guide Yet,https://maps.google.com/?cid=11171007383772544594,Not Awarded Any Yet,"Dine-in,Takeaway,Wheelchair accessible",No Description Available Yet,A,0,3,5.0,good,0.6565,good,0.6732,good,0.7806,3.67,4.33,4.0
ChIJyUglaRcT2jERk7yJmbKJrBg,Xiao Bao / Pig’S Trotter Rice,"573 Woodlands Drive 16, Singapore 730573",Singapore,North,1.0,Chinese,103.7987849,1.4309541,No Phone Number Listed,Not in Michelin Guide Yet,https://maps.google.com/?cid=1777947353077628051,Not Awarded Any Yet,"Dine-in,Takeaway",No Description Available Yet,A,0,4,4.0,good,0.7806,good,0.5953,good,0.9854,3.5,3.75,3.5
ChIJBWBGLlIa2jER_cjp3HYHN3o,Xin Wang Hong Kong Cafe (Nuh Medical Centre),"1 Lower Kent Ridge Rd, #02-10 The Dining Avenue, Singapore 119082",Singapore,Central,2.0,Chinese,103.7847061,1.293892,6263 9160,Not in Michelin Guide Yet,https://maps.google.com/?cid=8806515803440138493,Not Awarded Any Yet,"Dine-in,Takeaway,Delivery,Live music,Coffee,Credit cards,NFC payments,Wheelchair accessible",No Description Available Yet,B,1,2,4.5,excellent,0.9497,excellent,0.7473,good,0.9976,4.5,4.5,4.0
ChIJmTsY7r0T2jERuFBz1FA7wNc,Xin Wang Xing Seafood Stall,"304 Woodlands Street 31, Singapore 730304",Singapore,North,1.0,Seafood,103.7738464,1.4298462,No Phone Number Listed,Not in Michelin Guide Yet,https://maps.google.com/?cid=15546491132030701752,Not Awarded Any Yet,"Dine-in,Takeaway",No Description Available Yet,A,0,4,1.75,poor,0.7214,poor,0.4443,poor,0.7321,2.5,2.25,2.5
ChIJKw0_oGkV2jERr3eFBa7m_yE,Xin Wei Xiang Fishball Noodles,"632 Yishun Avenue 4, Singapore 760632",Singapore,North,1.0,Street Food,103.8393053,1.4186088,No Phone Number Listed,Not in Michelin Guide Yet,https://maps.google.com/?cid=2449930357404170159,Not Awarded Any Yet,"Dine-in,Takeaway,Wheelchair accessible",No Description Available Yet,A,0,5,3.2,good,0.8851,excellent,0.6576,good,0.9482,3.0,4.2,3.6
ChIJyUrFie0a2jERNvrBkLVyPpE,Xin Xin Famous Fried Oyster,"726 Clementi West Street 2, Singapore 120726",Singapore,Central,1.0,Street Food,103.7643164,1.3036868,No Phone Number Listed,Not in Michelin Guide Yet,https://maps.google.com/?cid=10465928708198890038,Not Awarded Any Yet,"Dine-in,Takeaway",No Description Available Yet,A,0,5,4.4,excellent,0.6303,excellent,0.5554,good,0.7419,4.0,4.0,4.2
ChIJNYV_ctsP2jERQri-TN9X-rg,Xin Yi Vegetarian Food,"442 Jurong West Avenue 1, Singapore 640442",Singapore,West,1.0,Vegetarian,103.7192012,1.3515379,9712 9268,Not in Michelin Guide Yet,https://maps.google.com/?cid=13329062663733295170,Not Awarded Any Yet,"Dine-in,Takeaway",No Description Available Yet,B,1,2,5.0,good,0.8583,excellent,0.6756,excellent,0.987,4.0,5.0,4.5
ChIJNTEyPQAX2jERhw4qJKh8Phs,Xin Yuan Ji Fish Soup,"5 Lentor Central, Singapore 788889",Singapore,North,1.0,Chinese,103.8346079,1.3855432,No Phone Number Listed,Not in Michelin Guide Yet,https://maps.google.com/?cid=1963143549183200903,Not Awarded Any Yet,Takeaway,No Description Available Yet,A,0,4,3.75,average,0.6726,good,0.5776,good,0.7419,3.0,3.75,3.25
ChIJx8vcOwAX2jERl9JlU5pf5xs,Xing Le Xing Hainanese Chicken Rice,"433A Sengkang West Way, Singapore 791433",Singapore,North-East,1.0,Street Food,103.8774952,1.3948466,No Phone Number Listed,Not in Michelin Guide Yet,https://maps.google.com/?cid=2010680875073000087,Not Awarded Any Yet,Takeaway,No Description Available Yet,A,0,2,5.0,average,0.5405,good,0.8784,average,0.8444,4.0,4.0,3.5
ChIJE70RAAAb2jER84cdzS-3Mqk,Xing Xing Handmade Banmian,"50 Science Park Rd, Singapore 117406",Singapore,Central,2.0,Chinese,103.7833113,1.2861268,No Phone Number Listed,Not in Michelin Guide Yet,https://maps.google.com/?cid=12192008557177964531,Not Awarded Any Yet,,No Description Available Yet,A,0,1,5.0,good,0.8348,excellent,0.4276,good,0.8212,4.0,5.0,4.0
ChIJz5ovoYIZ2jERz1Fvu9sr2Iw,Ya Hua Bak Kut Teh,"593 Havelock Rd, #01-01/02, Singapore 169641",Singapore,Central,2.0,Street Food,103.8320871,1.2892641,6235 7716,Not in Michelin Guide Yet,https://maps.google.com/?cid=10148909983021879759,Not Awarded Any Yet,"Dine-in,Takeaway,Reservations,Outdoor seating,Credit cards,NFC payments",No Description Available Yet,B,1,4,3.75,good,0.7784,good,0.523,good,0.8201,3.5,3.75,3.5
ChIJ7eVXlqgT2jERg06tkfRTvzQ,Ya Kun Family Cafe (Causeway Point),"Woodlands Square, Singapore 738099",Singapore,North,1.0,Cafe,103.7856981,1.4358196,No Phone Number Listed,Not in Michelin Guide Yet,https://maps.google.com/?cid=3800848920405167747,Not Awarded Any Yet,"Dine-in,Takeaway,Coffee,Credit cards,NFC payments,Wheelchair accessible",No Description Available Yet,A,0,4,1.0,poor,0.8972,terrible,0.7869,poor,0.8178,2.0,1.0,1.5
ChIJvUUHX2sZ2jERM01Rb070MXU,Ya Kun Kaya Toast (100 Am),"100 Tras St, #02 - 16, Singapore 079027",Singapore,Central,1.0,Cafe,103.8436594,1.2745925,No Phone Number Listed,Not in Michelin Guide Yet,https://maps.google.com/?cid=8444799394008616243,Not Awarded Any Yet,"Dine-in,Takeaway,Coffee,Credit cards,NFC payments,Wheelchair accessible",No Description Available Yet,B,1,5,4.2,good,0.5067,good,0.5353,good,0.6498,3.6,3.6,3.4
ChIJHbKxhboZ2jERD1aHQZRYLQY,Ya Kun Kaya Toast (Bugis Junction),"Victoria Street, Singapore 188030",Singapore,Central,1.0,Cafe,103.8558763,1.3000738,No Phone Number Listed,Not in Michelin Guide Yet,https://maps.google.com/?cid=445109331957339663,Not Awarded Any Yet,"Dine-in,Takeaway,Coffee,Credit cards,NFC payments,Wheelchair accessible",No Description Available Yet,A,0,4,3.0,poor,0.5901,good,0.4796,good,0.4968,2.5,2.75,2.75
ChIJNSXmhw0W2jERsh5MH5ulzbM,Ya Kun Kaya Toast (Compass One),"Sengkang Square, Singapore 545025",Singapore,North-East,1.0,Cafe,103.8948472,1.3918839,No Phone Number Listed,Not in Michelin Guide Yet,https://maps.google.com/?cid=12956193788678381234,Not Awarded Any Yet,"Dine-in,Takeaway,Coffee,Credit cards,NFC payments,Wheelchair accessible",No Description Available Yet,A,0,5,1.8,poor,0.6564,poor,0.4431,good,0.4951,2.2,2.2,2.6
ChIJXaXHWkUa2jERRklhDYPq0_4,Ya Kun Kaya Toast (Fusionopolis),"1 Fusionopolis Way, Singapore 138632",Singapore,Central,1.0,Cafe,103.7876758,1.2993042,No Phone Number Listed,Not in Michelin Guide Yet,https://maps.google.com/?cid=18362277954305739078,Not Awarded Any Yet,"Dine-in,Takeaway,Coffee,Credit cards,NFC payments,Wheelchair accessible",No Description Available Yet,A,0,4,1.75,poor,0.7735,poor,0.5812,poor,0.5646,2.25,2.25,2.25
ChIJ3bNYuWYX2jERYa8Zf2aOaXo,Ya Kun Kaya Toast (Hdb Hub),"490 Lorong 6 Toa Payoh, Singapore 310490",Singapore,Central,1.0,Cafe,103.8485616,1.332654,No Phone Number Listed,Not in Michelin Guide Yet,https://maps.google.com/?cid=8820737916052025185,Not Awarded Any Yet,"Dine-in,Takeaway,Delivery,Outdoor seating,Coffee,Credit cards,NFC payments,Wheelchair accessible",No Description Available Yet,A,0,5,2.0,poor,0.7097,poor,0.6538,poor,0.5866,2.4,2.0,2.2
ChIJxT2rULsR2jERvR3lR3rhPfE,Ya Kun Kaya Toast (Hillion Mall),"Bukit Panjang Integrated Transport Hub, Singapore 678205",Singapore,West,1.0,Breakfast,103.763132,1.3784298,6265 9144,Not in Michelin Guide Yet,https://maps.google.com/?cid=17383298052028439997,Not Awarded Any Yet,"Dine-in,Takeaway,Coffee,Credit cards,NFC payments,Wheelchair accessible",No Description Available Yet,A,0,5,2.8,poor,0.7338,terrible,0.6985,good,0.6375,2.8,2.6,3.0
ChIJzW-f0Q0Q2jER9ggtqF9acL4,Ya Kun Kaya Toast (Imm),"Jurong East Street 21, Singapore 609606",Singapore,West,1.0,Cafe,103.7471918,1.3350903,No Phone Number Listed,Not in Michelin Guide Yet,https://maps.google.com/?cid=13722567431487817974,Not Awarded Any Yet,"Dine-in,Takeaway,Coffee,Credit cards,NFC payments,Wheelchair accessible",No Description Available Yet,B,1,4,3.75,good,0.6321,excellent,0.6275,good,0.7268,3.0,4.0,3.25
ChIJjWzc3w4Q2jERcCHkdGMg-qk,Ya Kun Kaya Toast (Jem),"#01-06 Jem Parking (In), Singapore 608549",Singapore,West,1.0,Cafe,103.7435568,1.333541,No Phone Number Listed,Not in Michelin Guide Yet,https://maps.google.com/?cid=12248137748122444144,Not Awarded Any Yet,"Dine-in,Takeaway,Coffee,Credit cards,NFC payments,Wheelchair accessible",No Description Available Yet,B,1,5,3.2,poor,0.6553,poor,0.7097,good,0.4838,3.0,2.8,3.4
ChIJ116El-kR2jERCstbVmqNlio,Ya Kun Kaya Toast (Lot One),"21 Choa Chu Kang Avenue 4, Singapore 689812",Singapore,West,1.0,Cafe,103.7449432,1.3851429,No Phone Number Listed,Not in Michelin Guide Yet,https://maps.google.com/?cid=3068795683954477834,Not Awarded Any Yet,"Dine-in,Takeaway,Coffee,Credit cards,NFC payments,Wheelchair accessible",No Description Available Yet,A,0,4,2.0,poor,0.6176,terrible,0.7355,terrible,0.3293,2.5,2.0,2.0
ChIJ-6R4gW8U2jERA4LGX-ZOToU,Ya Kun Kaya Toast (Northpoint City),"#02-06 Yishun Central Service Road, Singapore 768794",Singapore,North,1.0,Cafe,103.8358767,1.4293676,No Phone Number Listed,Not in Michelin Guide Yet,https://maps.google.com/?cid=9605701806584136195,Not Awarded Any Yet,"Dine-in,Takeaway,Coffee,Credit cards,NFC payments,Wheelchair accessible",No Description Available Yet,A,0,3,4.67,good,0.8308,good,0.6148,good,0.6814,4.0,4.33,4.0
ChIJmUchOH0T2jERU8Qmol5k1hw,Ya Kun Kaya Toast (Sun Plaza),"#02-16/17 Sembawang Alley, Singapore 757713",Singapore,North,1.0,Cafe,103.8196887,1.4482678,No Phone Number Listed,Not in Michelin Guide Yet,https://maps.google.com/?cid=2077958635688215635,Not Awarded Any Yet,"Dine-in,Takeaway,Coffee,Credit cards,NFC payments,Wheelchair accessible",No Description Available Yet,A,0,3,4.67,good,0.8248,excellent,0.7089,good,0.6193,4.33,4.67,4.0
ChIJWZPCMo4a2jEROTqCjqozPnY,Ya Kun Kaya Toast (The Clementi Mall),"#03-07/08 Clementi Bus Interchange, Singapore 129588",Singapore,Central,1.0,Food Store,103.7643089,1.314918,6612 1395,Not in Michelin Guide Yet,https://maps.google.com/?cid=8520304352659913273,Not Awarded Any Yet,"Dine-in,Takeaway,Delivery,Credit cards,NFC payments,Wheelchair accessible",No Description Available Yet,B,1,5,5.0,average,0.7756,good,0.7908,good,0.7706,3.6,4.4,4.0
ChIJ7fEv2mQW2jERNDPAuA6PpFg,Ya Kun Kaya Toast (The Seletar Mall),"Fernvale Road, Singapore 797653",Singapore,North-East,1.0,Cafe,103.8761142,1.3914991,6983 2253,Not in Michelin Guide Yet,https://maps.google.com/?cid=6387387464910123828,Not Awarded Any Yet,"Dine-in,Takeaway,Coffee,Credit cards,NFC payments,Wheelchair accessible",No Description Available Yet,A,0,5,4.8,average,0.6974,good,0.7233,good,0.6144,3.2,4.4,4.0
ChIJ56To1y8X2jER4Jm2ZsXTzao,Ya Kun Kaya Toast (Thomson Plaza),"Upper Thomson Road, Singapore 576583",Singapore,North-East,1.0,Cafe,103.8309607,1.3547806,No Phone Number Listed,Not in Michelin Guide Yet,https://maps.google.com/?cid=12307726201458694624,Not Awarded Any Yet,"Dine-in,Takeaway,Delivery,Coffee,Credit cards,NFC payments,Wheelchair accessible",No Description Available Yet,A,0,5,2.2,good,0.5695,good,0.6283,good,0.7632,3.0,3.2,2.8
ChIJE7L5CugZ2jERP3-fSqxPEHY,Ya Kun Kaya Toast (United Square),"101 Thomson Road, Singapore 307591",Singapore,Central,1.0,Cafe,103.8435355,1.3170354,6909 2349,Not in Michelin Guide Yet,https://maps.google.com/?cid=8507387297507802943,Not Awarded Any Yet,"Dine-in,Takeaway,Delivery,Coffee,Credit cards,NFC payments,Wheelchair accessible",No Description Available Yet,A,0,3,1.67,poor,0.7885,terrible,0.5857,terrible,0.5997,2.0,1.33,1.33
ChIJwcjh-vMR2jERo_xPYOgHePU,Ya Kun Kaya Toast (Yew Tee Point),"#01-46/47/48 Yew Tee Close, Singapore 689578",Singapore,West,1.0,Cafe,103.7468379,1.3970036,No Phone Number Listed,Not in Michelin Guide Yet,https://maps.google.com/?cid=17687896231127284899,Not Awarded Any Yet,"Dine-in,Takeaway,Delivery,Coffee,Credit cards,NFC payments,Wheelchair accessible",No Description Available Yet,A,0,5,3.0,good,0.6545,excellent,0.55,good,0.7904,2.8,3.0,3.6
ChIJy64vxOwP2jEREQh_ql7CKE8,Yaki Yaki Bo,"1 Jurong West Central 2, Singapore 648886",Singapore,West,2.0,Japanese,103.7065072,1.3394354,6250 1336,Not in Michelin Guide Yet,https://maps.google.com/?cid=5704022639907899409,Not Awarded Any Yet,"Dine-in,Takeaway,Beer,Credit cards,NFC payments,Wheelchair accessible",No Description Available Yet,B,1,5,5.0,good,0.7786,excellent,0.7653,good,0.9976,3.4,3.8,4.2
ChIJN2abq-gR2jERsyJKYTznHlI,Yan Palace Restaurant (Warren Golf & Country Club),"81 Choa Chu Kang Way, Singapore 688263",Singapore,West,2.0,Chinese,103.7368899,1.3843227,6760 6616,Not in Michelin Guide Yet,https://maps.google.com/?cid=5917421206927712947,Not Awarded Any Yet,"Dine-in,Takeaway,Delivery,Reservations,Beer,Wine,Coffee,Credit cards,NFC payments,Wheelchair accessible",No Description Available Yet,A,0,4,2.5,poor,0.7902,poor,0.6231,poor,0.6484,2.5,2.5,2.5
ChIJaxNO_SMP2jER7_x7GikLNeI,Yang Jie Jie Fish Soup,"Soon Lee Street, Singapore 627606",Singapore,West,1.0,Street Food,103.6985138,1.3335403,9051 7694,Not in Michelin Guide Yet,https://maps.google.com/?cid=16299946697503276271,Not Awarded Any Yet,"Takeaway,Wheelchair accessible",No Description Available Yet,A,0,2,3.0,good,0.7528,excellent,0.5955,good,0.8711,3.0,4.5,4.0
ChIJ_aMndQAV2jER8uSKgBFzOTA,Yao Ji Ban Mian. Fish Soup. Congee,"Yishun Avenue 1, Singapore 761431",Singapore,North,1.0,Street Food,103.8475762,1.4201968,No Phone Number Listed,Not in Michelin Guide Yet,https://maps.google.com/?cid=3474935106501272818,Not Awarded Any Yet,"Dine-in,Takeaway,Coffee,Wheelchair accessible",No Description Available Yet,A,0,5,5.0,good,0.7585,excellent,0.6897,good,0.9871,3.6,4.6,4.0
ChIJK8twCqUX2jERyrZuWPofbzU,Yaowarat Seafood,"322 Lavender Street, Singapore 338821",Singapore,Central,2.0,Seafood,103.859427,1.3155873,6858 5988,Not in Michelin Guide Yet,https://maps.google.com/?cid=3850331366510999242,Not Awarded Any Yet,"Dine-in,Takeaway,Reservations,Beer,Credit cards,NFC payments",No Description Available Yet,A,0,5,3.8,good,0.5312,excellent,0.383,good,0.8561,3.8,4.8,3.6
ChIJ6bLO-a8T2jERR1UyO8aD93k,Yassin Kampung (Admiralty),"Blk 676 Woodlands Drive 71, Singapore 730676",Singapore,North,2.0,Malay,103.8007348,1.4397131,8694 7665,Not in Michelin Guide Yet,https://maps.google.com/?cid=8788638085256729927,Not Awarded Any Yet,"Dine-in,Takeaway,Delivery,Reservations,Coffee,Credit cards,NFC payments,Wheelchair accessible",No Description Available Yet,A,0,3,4.33,good,0.7606,good,0.7836,good,0.6343,4.0,4.33,4.0
ChIJPxJmthkT2jERHrYBkFObP7c,Yassin Kampung (Marsiling),"210 Marsiling Crescent, Singapore 730210",Singapore,North,2.0,Halal,103.7736918,1.4463329,6667 3481,Not in Michelin Guide Yet,https://maps.google.com/?cid=13204443415674205726,Not Awarded Any Yet,"Dine-in,Takeaway,Reservations,Outdoor seating,Coffee,Credit cards,NFC payments,Wheelchair accessible",No Description Available Yet,A,0,4,1.0,poor,0.6641,poor,0.9434,poor,0.5756,2.0,2.0,1.5
ChIJvXLm6kIa2jER7fCO5fPmUAo,Yayoi Japanese Restaurant | The Star Vista | Teishoku | Tonkatsu | Chicken Namban,"1 Vista Exchange Green, Singapore 138617",Singapore,Central,2.0,Japanese,103.7879546,1.3069682,6570 2668,Not in Michelin Guide Yet,https://maps.google.com/?cid=743347873718923501,Not Awarded Any Yet,"Dine-in,Takeaway,Delivery,Reservations,Outdoor seating,Beer,Credit cards,NFC payments,Wheelchair accessible",No Description Available Yet,A,0,2,5.0,average,0.746,excellent,0.7053,good,0.9942,4.0,5.0,4.0
ChIJ3QG1X2sZ2jERvSXA8S3Xr5w,Yayoi Japanese Restaurant |100Am Tanjong Pagar | Teishoku | Tonkatsu | Chicken Namban,"100 Tras St, #03 - 12, Singapore 079027",Singapore,Central,2.0,Japanese,103.8434309,1.2744243,6694 8809,Not in Michelin Guide Yet,https://maps.google.com/?cid=11290479383170524605,Not Awarded Any Yet,"Dine-in,Takeaway,Reservations,Beer,Coffee,Credit cards,NFC payments,Wheelchair accessible",No Description Available Yet,A,0,5,4.8,good,0.6995,good,0.9202,good,0.8233,4.0,4.4,4.0
ChIJL7oVLv0d2jER5d27YBZm-fk,Ye Olde Cow – Kidzania Takeaway Kiosk,"31 Bch Vw Rd, #01-01/02 Sentosa Island, 098008",Singapore,Central,2.0,Takeout,103.8202485,1.2515984,8102 7290,Not in Michelin Guide Yet,https://maps.google.com/?cid=18012540430943247845,Not Awarded Any Yet,,No Description Available Yet,A,0,1,1.0,poor,0.5427,poor,0.578,poor,0.2418,2.0,2.0,2.0
ChIJZUj6IfYR2jEROYkqpea5QX8,Yen Sen Seafood,"678A Choa Chu Kang Cres, #01-01, Singapore 681678",Singapore,West,2.0,Seafood,103.7448225,1.4016778,9011 5229,Not in Michelin Guide Yet,https://maps.google.com/?cid=9169814716567685433,Not Awarded Any Yet,"Dine-in,Takeaway,Reservations,Outdoor seating,Coffee,NFC payments,Wheelchair accessible",No Description Available Yet,A,0,3,5.0,average,0.9502,excellent,0.8554,good,0.6775,4.0,4.67,4.0
ChIJue3QPzsY2jERNukowLKc7HU,Yes Natural Restaurant,"57 Lor 27 Geylang, Singapore 388184",Singapore,Central,2.0,Vegetarian,103.8837301,1.3158269,6741 1580,Not in Michelin Guide Yet,https://maps.google.com/?cid=8497338888483301686,Not Awarded Any Yet,"Dine-in,Takeaway,Reservations,Coffee,Credit cards,NFC payments,Wheelchair accessible",No Description Available Yet,A,0,4,5.0,good,0.9261,good,0.8419,good,0.9956,3.75,4.25,4.0
ChIJARS2RyoT2jERIS0GNC7NnmY,Yes! Nasi Kukus,"573 Woodlands Drive 16, #01-01, Singapore 730573",Singapore,North,1.0,Malay,103.7987205,1.4309656,9101 5711,Not in Michelin Guide Yet,https://maps.google.com/?cid=7394573236513942817,Not Awarded Any Yet,"Dine-in,Takeaway,Delivery,Outdoor seating,Coffee,Cash only,Wheelchair accessible",No Description Available Yet,B,1,3,4.67,good,0.9137,good,0.511,good,0.9274,4.0,4.33,4.0
ChIJUXOS-aoV2jER91Xpv-0D70M,Yes! Tomato,"Yishun Avenue 1, Singapore 761431",Singapore,North,1.0,Street Food,103.8475658,1.4202064,9385 1870,Not in Michelin Guide Yet,https://maps.google.com/?cid=4895135639636891127,Not Awarded Any Yet,"Dine-in,Takeaway,Coffee,Wheelchair accessible",No Description Available Yet,A,0,2,3.0,average,0.6997,excellent,0.7248,good,0.6218,3.5,3.5,4.0
ChIJi11MJ6cR2jERSfb1lyuUwLo,Yew Kee Duck Rice,"258 Bukit Panjang Ring Road, Singapore 679947",Singapore,West,1.0,Street Food,103.7723913,1.3779955,No Phone Number Listed,Not in Michelin Guide Yet,https://maps.google.com/?cid=13456918601537025609,Not Awarded Any Yet,"Dine-in,Takeaway,Outdoor seating",No Description Available Yet,A,0,2,1.5,good,0.5562,poor,0.3138,good,0.7526,3.0,2.0,3.0
ChIJA4czoGYP2jER3MGyuh0GcIs,Yew Kee Specialities (Ntu North Spine Plaza),"50 Nanyang Ave, NS3-01-23 North Spine, Singapore 639798",Singapore,West,1.0,Street Food,103.6811665,1.345229,6555 6992,Not in Michelin Guide Yet,https://maps.google.com/?cid=10047537493419672028,Not Awarded Any Yet,"Dine-in,Takeaway,Delivery",No Description Available Yet,A,0,5,3.0,good,0.6414,good,0.5063,good,0.7825,3.0,2.8,3.6
ChIJ-7WMEHgX2jERaDMuqxkWg-g,"Yew Kee Specialities, Thomson Plaza","Marigold Drive, Singapore 576587",Singapore,North-East,1.0,Chinese,103.8308,1.3548,No Phone Number Listed,Not in Michelin Guide Yet,https://maps.google.com/?cid=16754259338250302312,Not Awarded Any Yet,"Dine-in,Takeaway",No Description Available Yet,A,0,4,4.25,good,0.8619,excellent,0.7797,good,0.8298,3.5,4.25,3.5
ChIJx_dc8MQP2jERD0D5st2HByI,Yi Jia Le Wah Chye Seafood Restaurant,"546 Jurong West Street 42, Singapore 640546",Singapore,West,2.0,Seafood,103.7155482,1.3528707,9662 3055,Not in Michelin Guide Yet,https://maps.google.com/?cid=2452077908386725903,Not Awarded Any Yet,"Dine-in,Takeaway,Reservations,Outdoor seating,Beer,Coffee,Wheelchair accessible",No Description Available Yet,A,0,4,4.75,good,0.7839,excellent,0.5295,good,0.9855,3.75,5.0,4.0
ChIJgzrjuXoX2jER0mck0ryN1_M,Yi Jia Village Seafood Restaurant,"20 Lorong 7 Toa Payoh, Singapore 310020",Singapore,Central,2.0,Seafood,103.8567994,1.3350423,6250 6537,Not in Michelin Guide Yet,https://maps.google.com/?cid=17570668313328248786,Not Awarded Any Yet,"Dine-in,Reservations,Outdoor seating,Beer,Coffee,Wheelchair accessible",No Description Available Yet,A,0,4,3.5,average,0.7924,excellent,0.6842,good,0.8151,3.0,3.75,3.25
ChIJYwpO4W4R2jER3eBsWeErB70,Yi Le Roasted Delight (,"Hong San Walk, Singapore 680253",Singapore,West,1.0,Street Food,103.7442975,1.3774529,No Phone Number Listed,Not in Michelin Guide Yet,https://maps.google.com/?cid=13620903844873298141,Not Awarded Any Yet,"Dine-in,Takeaway,Wheelchair accessible",No Description Available Yet,A,0,1,1.0,poor,0.8933,good,0.6851,good,0.7024,2.0,4.0,4.0
ChIJB1KZNEIQ2jEREeF6IjmP9Bo,Yi Pin Vegetarian,"283 Bukit Batok East Avenue 3, Singapore 650283",Singapore,West,2.0,Vegetarian,103.7576684,1.3470957,8874 7344,Not in Michelin Guide Yet,https://maps.google.com/?cid=1942334814857912593,Not Awarded Any Yet,"Dine-in,Takeaway",No Description Available Yet,A,0,2,3.5,good,0.9828,good,0.5202,good,0.6334,3.0,2.5,4.0
ChIJP1-5Y1oR2jER8tTxg9x_Y0Q,Yi Qian Hong Kong Cafe,"434 Upper Bukit Timah Road, Singapore 678060",Singapore,West,2.0,Cafe,103.7676709,1.3592971,No Phone Number Listed,Not in Michelin Guide Yet,https://maps.google.com/?cid=4927923002356651250,Not Awarded Any Yet,"Dine-in,Takeaway,Delivery,Coffee,Credit cards,NFC payments,Wheelchair accessible",No Description Available Yet,A,0,2,1.5,poor,0.7639,poor,0.6788,poor,0.9933,2.0,2.0,1.5
ChIJH2ARMa8a2jERxI4dz-V83O0,Yik Seng Eating House,"Teban Gardens Road, Singapore 600065",Singapore,West,1.0,Street Food,103.7384984,1.3220796,6562 3496,Not in Michelin Guide Yet,https://maps.google.com/?cid=17139711608329440964,Not Awarded Any Yet,"Dine-in,Takeaway",No Description Available Yet,A,0,2,2.5,good,0.6031,good,0.3541,good,0.9278,3.0,3.0,4.0
ChIJu2Xyl0AR2jERqiJV3y1HsKU,Ying Chinese Restaurant (Sicc Bukit),"239 Sime Road, Singapore 289685",Singapore,Central,2.0,Chinese,103.8099989,1.341446,6215 9426,Not in Michelin Guide Yet,https://maps.google.com/?cid=11939120874505183914,Not Awarded Any Yet,"Dine-in,Takeaway,Reservations,Beer,Wine,Credit cards,NFC payments,Wheelchair accessible",No Description Available Yet,A,0,5,4.4,good,0.7138,excellent,0.6126,good,0.9152,3.6,4.4,3.8
ChIJDZP2ZeUW2jER4mPjahKVw80,Ying Yi Kway Chap & Braised Duck,"527 Ang Mo Kio Avenue 10, Singapore 560527",Singapore,North-East,1.0,Street Food,103.8544582,1.3728057,No Phone Number Listed,Not in Michelin Guide Yet,https://maps.google.com/?cid=14826858304569041890,Not Awarded Any Yet,"Dine-in,Takeaway,Cash only",No Description Available Yet,A,0,4,4.25,good,0.9547,excellent,0.4797,good,0.9488,3.0,4.0,3.5
ChIJ4YvzTXUR2jERkf-IAtZAAwQ,Yishun 925 Chicken Rice,"259 Bukit Panjang Ring Road, Singapore 671259",Singapore,West,1.0,Street Food,103.7730453,1.3773085,No Phone Number Listed,Not in Michelin Guide Yet,https://maps.google.com/?cid=289146088991555473,Not Awarded Any Yet,"Dine-in,Takeaway,Wheelchair accessible",No Description Available Yet,A,0,4,1.0,poor,0.8784,poor,0.7246,poor,0.7494,2.0,1.5,1.75
ChIJEcljAGoU2jERqtf7wNTnNlg,Yishun Park Hawker Centre,"Yishun Avenue 11, Singapore 768867",Singapore,North,1.0,Street Food,103.8447207,1.4250185,9021 4251,Not in Michelin Guide Yet,https://maps.google.com/?cid=6356522825036847018,Not Awarded Any Yet,"Dine-in,Takeaway,Delivery,Outdoor seating,Beer,Coffee,NFC payments,Wheelchair accessible",International cuisine is served from more than 40 stands at this informal open-air food court.,B,1,2,4.0,excellent,0.7909,excellent,0.3347,good,0.6521,3.5,4.5,4.0
ChIJycbcUwAX2jERZvW4aWa9fK4,Yisilan Mala Hot Pot,"246 Jalan Kayu, Singapore 799470",Singapore,North-East,1.0,Asian,103.8733834,1.3978229,8838 2022,Not in Michelin Guide Yet,https://maps.google.com/?cid=12573132507269625190,Not Awarded Any Yet,"Dine-in,Takeaway",No Description Available Yet,B,1,4,3.25,poor,0.657,excellent,0.4281,good,0.7356,2.75,3.75,3.5
ChIJidAET2oR2jERgC-XwsefMKE,Yong Feng Ji Chicken Rice,"2 Senja Close, Singapore 677632",Singapore,West,2.0,Street Food,103.7609765,1.3872808,No Phone Number Listed,Not in Michelin Guide Yet,https://maps.google.com/?cid=11614959119300505472,Not Awarded Any Yet,"Dine-in,Takeaway",No Description Available Yet,A,0,4,4.0,good,0.9111,excellent,0.5816,good,0.9906,4.0,4.75,3.75
ChIJHeJbwNEW2jERoRTr7URH-q0,Yong Kee Crispy Curry Puff,"Upper Thomson Road, Singapore 574419",Singapore,North-East,1.0,Street Food,103.8289711,1.3725328,9842 6019,Not in Michelin Guide Yet,https://maps.google.com/?cid=12536410874114151585,Not Awarded Any Yet,"Takeaway,Delivery,Wheelchair accessible",No Description Available Yet,A,0,5,4.6,good,0.6326,good,0.3379,good,0.9743,3.8,4.4,4.0
ChIJZ3DSTIAU2jERJ4a-7q8eHCI,You Huak Restaurant,"20 Jalan Tampang, Singapore 759274",Singapore,North,1.0,Street Food,103.8234984,1.4415831,6257 2002,Not in Michelin Guide Yet,https://maps.google.com/?cid=2457873237611021863,Not Awarded Any Yet,"Dine-in,Takeaway,Delivery,Reservations,Coffee,Credit cards,NFC payments",No Description Available Yet,B,1,5,4.8,good,0.889,excellent,0.7852,good,0.9858,3.6,3.8,4.0
ChIJv4Mk4QYa2jERvooRgG5ALAM,You Ji,"2 Adam Rd, #01-17, Singapore 289876",Singapore,Central,1.0,Street Food,103.814086,1.324088,No Phone Number Listed,Not in Michelin Guide Yet,https://maps.google.com/?cid=228628524428266174,Not Awarded Any Yet,"Takeaway,Wheelchair accessible",No Description Available Yet,A,0,1,1.0,average,0.7926,good,0.6135,average,0.7754,3.0,4.0,3.0
ChIJh7znNu8T2jERIHIjTTu_yNk,You Xin Japanese Korean Cuisine ( 302 ),"302 Woodlands Street 31, Singapore 730302",Singapore,North,1.0,Japanese,103.7741463,1.4315229,No Phone Number Listed,Not in Michelin Guide Yet,https://maps.google.com/?cid=15693003162990637600,Not Awarded Any Yet,"Dine-in,Takeaway,Wheelchair accessible",No Description Available Yet,B,1,2,1.0,poor,0.9474,terrible,0.606,good,0.7574,2.0,1.0,2.5
ChIJl0gztCwU2jEREJMD-bby0iI,Youngs Restaurant & Bar,"Hyde Park Gate, Singapore 797859",Singapore,North-East,2.0,European,103.8675995,1.4070942,8976 1289,Not in Michelin Guide Yet,https://maps.google.com/?cid=2509334810074518288,Not Awarded Any Yet,"Dine-in,Takeaway,Delivery,Reservations,Outdoor seating,Live music,Beer,Wine,Cocktails,Coffee,Credit cards,NFC payments,Wheelchair accessible",No Description Available Yet,A,0,2,4.5,good,0.7333,excellent,0.6453,good,0.9923,4.0,4.5,4.0
ChIJ61WJnQ4Z2jERgYB4BkwtlrY,Ysq International,"401 Commonwealth Drive, Singapore 149598",Singapore,Central,1.0,Corporate Office,103.7965408,1.3034685,6280 4198,Not in Michelin Guide Yet,https://maps.google.com/?cid=13156753165958807681,Not Awarded Any Yet,Wheelchair accessible,No Description Available Yet,A,0,1,5.0,average,0.9233,excellent,0.9666,good,0.9739,3.0,5.0,4.0
ChIJOcRx55MX2jERrK-Vlo2ikQ4,Yu Cun,"Upper Paya Lebar Road, Singapore 534860",Singapore,North-East,2.0,Chinese,103.885903,1.3392329,6286 0491,Not in Michelin Guide Yet,https://maps.google.com/?cid=1049798917154516908,Not Awarded Any Yet,"Dine-in,Takeaway,Reservations,Outdoor seating,Beer,Credit cards,NFC payments,Wheelchair accessible",Fish head curry is the draw at this unfussy Chinese restaurant also serving meat & seafood dishes.,A,0,2,5.0,excellent,0.8758,excellent,0.8854,good,0.998,5.0,5.0,4.0
ChIJwWqQWLAV2jERoQI7Ver-Mog,Yu Pan Kway Teow Soup Fish Soup (Canberra),"120 Canberra Crescent, Singapore 750120",Singapore,North,1.0,Street Food,103.8312192,1.4454081,No Phone Number Listed,Not in Michelin Guide Yet,https://maps.google.com/?cid=9814186820399465121,Not Awarded Any Yet,"Dine-in,Takeaway,Coffee,Wheelchair accessible",No Description Available Yet,A,0,4,2.75,average,0.7932,good,0.5938,good,0.9074,3.0,3.75,3.5
ChIJB40HC6IR2jERg2JF-1L5piY,Yu Wei Ju Quan,2 Senja Cl,Singapore,West,1.0,Street Food,103.7609503,1.3872186,No Phone Number Listed,Not in Michelin Guide Yet,https://maps.google.com/?cid=2785187554373493379,Not Awarded Any Yet,"Dine-in,Takeaway,Wheelchair accessible",No Description Available Yet,A,0,5,3.0,good,0.6737,good,0.2387,good,0.7589,3.2,3.0,3.6
ChIJMaoDnGcX2jER7jz6PJW5_1U,Yuan Ji Chicken Rice (Buangkok),"982 Buangkok Crescent, Singapore 530982",Singapore,North-East,1.0,Street Food,103.8793702,1.3807983,No Phone Number Listed,Not in Michelin Guide Yet,https://maps.google.com/?cid=6196875662909390062,Not Awarded Any Yet,"Dine-in,Takeaway,Wheelchair accessible",No Description Available Yet,A,0,5,1.8,poor,0.6851,terrible,0.5134,poor,0.8388,2.4,1.8,2.8
ChIJuQkyOwAX2jERz34tHumxAsg,Yuan Ji Chicken Rice (Fernvale),"465 Fernvale Road, Singapore 790465",Singapore,North-East,1.0,Street Food,103.8761236,1.3980039,No Phone Number Listed,Not in Michelin Guide Yet,https://maps.google.com/?cid=14412277372330802895,Not Awarded Any Yet,"Dine-in,Takeaway",No Description Available Yet,A,0,3,4.67,good,0.9772,good,0.7674,good,0.9968,4.0,4.33,4.0
ChIJDddn2KEV2jER6NcAZBLFHiw,Yuan Xin Vegetarian,"795 Yishun Ring Road, Singapore 760795",Singapore,North,2.0,Vegetarian,103.8325399,1.4197017,No Phone Number Listed,Not in Michelin Guide Yet,https://maps.google.com/?cid=3179195069748008936,Not Awarded Any Yet,,No Description Available Yet,A,0,3,3.33,good,0.966,good,0.813,good,0.8814,3.33,3.33,3.33
ChIJO7b_Xq4Z2jER4Dt3bfXcht4,Yue Lounge — Sentosa’S Nature-Inspired Bar & Live Entertainment,"1 Larkhill Rd, #01-46, 099394",Singapore,Central,2.0,Bar,103.822227,1.252074,8955 0000,Not in Michelin Guide Yet,https://maps.google.com/?cid=16034746469960858592,Not Awarded Any Yet,"Dine-in,Takeaway,Reservations,Outdoor seating,Live music,Beer,Cocktails,Credit cards,NFC payments",No Description Available Yet,A,0,3,5.0,good,0.6533,excellent,0.7406,good,0.7284,3.67,5.0,4.0
ChIJ5eSpZeAZ2jEREuppWPqE0nE,Yue Private Dining,"1 Gunner Ln, Sentosa, 099562",Singapore,Central,4.0,Chinese,103.8218133,1.2523457,8966 0000,Not in Michelin Guide Yet,https://maps.google.com/?cid=8201764082155121170,Not Awarded Any Yet,"Dine-in,Takeaway,Delivery,Reservations,Outdoor seating,Beer,Wine,Cocktails,Coffee,Credit cards,NFC payments,Wheelchair accessible",No Description Available Yet,A,0,5,5.0,good,0.5377,good,0.5345,good,0.4161,4.0,4.2,4.0
ChIJkzcdO3MZ2jERqXAO5yVGd9I,Yum Cha Restaurant | Best Dim Sum In Chinatown,"20 Trengganu St, #02-01, Singapore 058479",Singapore,Central,2.0,Dim Sum,103.8440039,1.2828631,6372 1717,Not in Michelin Guide Yet,https://maps.google.com/?cid=15165667398797652137,Not Awarded Any Yet,"Dine-in,Takeaway,Delivery,Reservations,Beer,Wine,Coffee,Credit cards,NFC payments,Wheelchair accessible",No Description Available Yet,A,0,3,3.33,poor,0.7909,excellent,0.3145,good,0.6064,2.67,3.67,3.33
ChIJZ8NpgCQX2jERTKXa8eHWCfE,Yummi Bites (Sin Ming Road),"22 Sin Ming Road, Singapore 570022",Singapore,North-East,1.0,Fusion,103.8394854,1.3577338,6556 1423,Not in Michelin Guide Yet,https://maps.google.com/?cid=17368649703844652364,Not Awarded Any Yet,"Dine-in,Takeaway,Coffee",No Description Available Yet,A,0,3,2.33,good,0.5743,average,0.219,good,0.8739,3.33,4.0,3.67
ChIJL2DwYjEa2jER-aan8VW2Ags,Yummy Bites,"301 Commonwealth Ave, #02-02 MRT Station, Singapore 149729",Singapore,Central,1.0,Chinese,103.8063085,1.2941038,No Phone Number Listed,Not in Michelin Guide Yet,https://maps.google.com/?cid=793396964613400313,Not Awarded Any Yet,"Dine-in,Takeaway",No Description Available Yet,B,1,4,4.5,good,0.681,good,0.4966,good,0.8533,4.0,3.5,3.75
ChIJty_WBKcX2jERL8tWMJaluRI,Yummy Noodle House,"Off upper Thomson Jalan Leban, Singapore 574419",Singapore,North-East,1.0,Street Food,103.8290076,1.3723618,No Phone Number Listed,Not in Michelin Guide Yet,https://maps.google.com/?cid=1349291627848846127,Not Awarded Any Yet,"Dine-in,Takeaway,Wheelchair accessible",No Description Available Yet,A,0,5,4.2,good,0.6001,excellent,0.2777,good,0.9927,3.8,4.2,4.0
ChIJMX4yLYYX2jER2ZWSm_fi-XE,Yummy Palace,"87 Defu Lane 10, Singapore 539541",Singapore,North-East,3.0,Cantonese,103.8905436,1.3504231,6343 1818,Not in Michelin Guide Yet,https://maps.google.com/?cid=8212844948581684697,Not Awarded Any Yet,"Dine-in,Takeaway,Reservations,Beer,Wine,Credit cards,NFC payments",No Description Available Yet,A,0,4,5.0,average,0.6669,excellent,0.707,good,0.8651,3.5,4.75,4.0
ChIJS-XJP7EZ2jERvagnPHsLySI,Yummy Punjaby,"321 Alexandra Road, Mall, #02-14 Alexandra Central, 159971",Singapore,Central,2.0,North Indian,103.8054155,1.2873275,8181 8696,Not in Michelin Guide Yet,https://maps.google.com/?cid=2506547291526506685,Not Awarded Any Yet,"Dine-in,Takeaway,Delivery,Reservations,Beer,Wine,Cocktails,Coffee,Credit cards,NFC payments,Wheelchair accessible",No Description Available Yet,A,0,3,5.0,good,0.8317,excellent,0.8243,good,0.997,4.0,5.0,4.0
ChIJuQyXVAYP2jERKrmdwlpQxqk,Yunnan50 Fishball Noodle,"50 Jurong West Street 61, Singapore 648202",Singapore,West,1.0,Street Food,103.6974152,1.3412561,No Phone Number Listed,Not in Michelin Guide Yet,https://maps.google.com/?cid=12233553788540926250,Not Awarded Any Yet,"Dine-in,Takeaway,Wheelchair accessible",No Description Available Yet,A,0,5,3.0,poor,0.7606,good,0.3371,good,0.9487,2.8,3.0,3.0
ChIJx620RgAV2jERtGXGzEKg_U0,Zam Hatim Indian Muslim Food,"717 Yishun Street 71, Singapore 760717",Singapore,North,1.0,Indian,103.8281212,1.4259002,9007 0964,Not in Michelin Guide Yet,https://maps.google.com/?cid=5619824118792086964,Not Awarded Any Yet,"Dine-in,Takeaway",No Description Available Yet,B,1,5,3.2,poor,0.5937,poor,0.5043,good,0.9363,2.8,2.8,3.0
ChIJJ4z3bUIT2jERwiPiW04PmGs,Zam Zam Indian Special Food,"20 Senoko Loop, Singapore 758091",Singapore,North,1.0,Indian,103.799549,1.4581489,No Phone Number Listed,Not in Michelin Guide Yet,https://maps.google.com/?cid=7752963587741721538,Not Awarded Any Yet,"Dine-in,Takeaway,Coffee",No Description Available Yet,B,1,2,4.0,average,0.9798,excellent,0.549,average,0.9146,3.5,4.5,4.0
ChIJKQc17bsb2jERwr4Yq8vxO9Y,Zhen Mei Shi Mixed Veg Rice,"121 Pasir Panjang Rd, #34 Food Centre, Singapore 118543",Singapore,Central,1.0,Street Food,103.7912094,1.2760067,No Phone Number Listed,Not in Michelin Guide Yet,https://maps.google.com/?cid=15437198004793687746,Not Awarded Any Yet,"Dine-in,Takeaway,Wheelchair accessible",No Description Available Yet,A,0,3,4.67,poor,0.9624,good,0.6184,good,0.9517,2.67,4.0,3.67
ChIJ4-abbwAF2jERgcQqf6uonzY,Zhen Neng Zhu Ban Mian & Fish Soup,"Yuan Ching Road, Singapore 618642",Singapore,West,1.0,Street Food,103.7254607,1.3255769,No Phone Number Listed,Not in Michelin Guide Yet,https://maps.google.com/?cid=3936050053871486081,Not Awarded Any Yet,"Takeaway,Wheelchair accessible",No Description Available Yet,A,0,1,4.0,good,0.6049,excellent,0.652,good,0.956,4.0,5.0,4.0
ChIJt_fR_-cR2jERhxEDUY3EhS0,Zhen Wei,"429A Choa Chu Kang Avenue 4, Singapore 681429",Singapore,West,1.0,Chinese,103.74046,1.38353,No Phone Number Listed,Not in Michelin Guide Yet,https://maps.google.com/?cid=3280244014837862791,Not Awarded Any Yet,"Dine-in,Takeaway",No Description Available Yet,A,0,1,2.0,good,0.4953,good,0.1468,good,0.2427,4.0,4.0,4.0
ChIJZSr57K0T2jER9vGz_2-ktRg,Zhen Xiang Vegetarian (325 Woodlands),"325 Woodlands Street 32, Singapore 730325",Singapore,North,1.0,Vegetarian,103.7793582,1.4308006,9785 3258,Not in Michelin Guide Yet,https://maps.google.com/?cid=1780510028633207286,Not Awarded Any Yet,"Dine-in,Takeaway,Coffee,Wheelchair accessible",No Description Available Yet,A,0,3,3.33,good,0.477,good,0.3898,good,0.7612,3.33,3.33,4.0
ChIJ--bQIwAR2jERGy-u45q483g,Zheng Wang Chicken And Duck Rice,"1 Jalan Anak Bukit, Singapore 588996",Singapore,Central,1.0,Chinese,103.778724,1.3392089,8461 0786,Not in Michelin Guide Yet,https://maps.google.com/?cid=8715512679276359451,Not Awarded Any Yet,"Dine-in,Takeaway",No Description Available Yet,A,0,3,5.0,poor,0.4704,excellent,0.4197,good,0.8536,2.67,5.0,4.33
ChIJAUGbKwAb2jERsIpJxbCuhig,Zhong Zhong Ngoh Hiang Xia Bing • Bee Hoon • Wu Xiang,"Teban Gardens Road, Singapore 600037",Singapore,West,1.0,Street Food,103.7428011,1.3204962,No Phone Number Listed,Not in Michelin Guide Yet,https://maps.google.com/?cid=2920213482643753648,Not Awarded Any Yet,"Dine-in,Takeaway,Delivery,Coffee,Wheelchair accessible",No Description Available Yet,A,0,5,4.8,good,0.6473,good,0.5771,good,0.9332,3.4,4.2,3.6
ChIJZ7SIFNkP2jER3eM93QsfqPY,Zhu Lin Vegetarian,"429 Jurong West Avenue 1, Singapore 640429",Singapore,West,2.0,Vegetarian,103.7247806,1.3519152,No Phone Number Listed,Not in Michelin Guide Yet,https://maps.google.com/?cid=17773490065234584541,Not Awarded Any Yet,"Dine-in,Takeaway",No Description Available Yet,A,0,4,4.75,good,0.8848,good,0.5708,good,0.9267,4.0,4.0,4.0
ChIJ_wwtfAAR2jERM3qLhNHv4ww,Zi Jia Yong Tau Foo,"91 Hillview Link, Singapore 669723",Singapore,West,1.0,Street Food,103.7641751,1.3662961,No Phone Number Listed,Not in Michelin Guide Yet,https://maps.google.com/?cid=928849631319390771,Not Awarded Any Yet,Takeaway,No Description Available Yet,A,0,2,4.0,average,0.8797,excellent,0.8652,good,0.9794,3.5,4.5,4.0
ChIJc7Z7FtMb2jERueHO91Na1oI,Zi Yean Restaurant,"56 Lengkok Bahru, #01-443, Singapore 150056",Singapore,Central,2.0,Cantonese,103.8143642,1.2879413,6474 0911,Not in Michelin Guide Yet,https://maps.google.com/?cid=9427822186633028025,Not Awarded Any Yet,"Dine-in,Takeaway,Delivery,Reservations,Beer,Coffee,Credit cards,NFC payments,Wheelchair accessible",No Description Available Yet,A,0,3,3.67,good,0.539,excellent,0.5097,good,0.7928,4.0,4.0,4.0
ChIJ2-R82FgT2jER0-yMaZHidmU,Zui Xian Lou Restaurant,"62 Sungei Kadut Loop, Singapore 729513",Singapore,North,2.0,Chinese,103.7427632,1.4082509,No Phone Number Listed,Not in Michelin Guide Yet,https://maps.google.com/?cid=7311280159251557587,Not Awarded Any Yet,"Dine-in,Reservations",No Description Available Yet,A,0,4,3.75,good,0.6593,good,0.6109,good,0.7756,3.0,3.75,4.0
ChIJ01r3_YgQ2jERsQF_tt6SRu4,Zzang Korean Food,"1 Jalan Anak Bukit, Singapore 588996",Singapore,Central,1.0,Korean,103.7786184,1.3388295,6635 6077,Not in Michelin Guide Yet,https://maps.google.com/?cid=17169572114638766513,Not Awarded Any Yet,"Dine-in,Takeaway,NFC payments",No Description Available Yet,A,0,4,2.75,good,0.7119,good,0.4829,good,0.704,3.0,3.25,3.25
ChIJoUWmfwAT2jERt5EE3Mtcb5E,313A Mixed Rice,"313A Sembawang Dr, Singapore 751313",Singapore,North,1.0,Chinese,103.8213141,1.4440376,No Phone Number Listed,Not in Michelin Guide Yet,https://maps.google.com/?cid=10479696888553836983,Not Awarded Any Yet,"Dine-in,Takeaway",No Description Available Yet,A,0,5,1.0,poor,0.5826,good,0.428,good,0.5948,2.4,2.4,3.0
ChIJZ29WfagT2jERta9S4MnMJoM,Gogo (Woodlands Xchange),"30 Woodlands Avenue 2, Singapore 738343",Singapore,North,1.0,Takeout,103.7861402,1.4366187,6366 1021,Not in Michelin Guide Yet,https://maps.google.com/?cid=9450466035507572661,Not Awarded Any Yet,"Takeaway,NFC payments",No Description Available Yet,A,0,4,2.25,poor,0.6995,terrible,0.4076,poor,0.5222,2.25,2.25,2.25
ChIJKcsDo2gR2jERAIN_NZeneCY,Gogo (Yew Tee Square),"Choa Chu Kang Street 62, Singapore 680624",Singapore,West,2.0,Takeout,103.7468379,1.3984705,6235 4883,Not in Michelin Guide Yet,https://maps.google.com/?cid=2772149838525989632,Not Awarded Any Yet,"Takeaway,Delivery,Credit cards,NFC payments,Wheelchair accessible",No Description Available Yet,A,0,3,4.0,good,0.7227,excellent,0.7969,good,0.8123,4.0,4.67,4.0
ChIJ_ydQXwAR2jERx2SauvV0DEk,(He Ji Hua Jia),"253 Choa Chu Kang Avenue 1, Singapore 680253",Singapore,West,1.0,Asian,103.744394,1.3774405,No Phone Number Listed,Not in Michelin Guide Yet,https://maps.google.com/?cid=5263710663235757255,Not Awarded Any Yet,"Dine-in,Takeaway",No Description Available Yet,A,0,2,3.0,good,0.7534,excellent,0.727,good,0.9812,3.0,3.5,2.5
ChIJd7B5v9EW2jERq7P-788kK6c,The Bee Hoon Like,"Off upper Thomson Jalan Leban, Singapore 574419",Singapore,North-East,1.0,Street Food,103.8290577,1.3722947,No Phone Number Listed,Not in Michelin Guide Yet,https://maps.google.com/?cid=12045762103835800491,Not Awarded Any Yet,"Takeaway,Wheelchair accessible",No Description Available Yet,A,0,2,4.0,good,0.8806,excellent,0.7674,good,0.9949,4.0,4.5,4.0
ChIJzchxZxAb2jER6tJg1jbLFVc,Pancake,"720 Clementi West Street 2, Singapore 120720",Singapore,Central,1.0,Cafe,103.7635239,1.3027453,No Phone Number Listed,Not in Michelin Guide Yet,https://maps.google.com/?cid=6275145092195996394,Not Awarded Any Yet,"Takeaway,Wheelchair accessible",No Description Available Yet,A,0,2,5.0,average,0.6236,excellent,0.1582,good,0.9534,3.5,4.5,4.0
ChIJZUj6IfYR2jER2KDy9-sQB0o,V6 Food Court,"Choa Chu Kang North 7, Singapore 681678",Singapore,West,1.0,Coffee Shop,103.7447146,1.4016463,6763 6196,Not in Michelin Guide Yet,https://maps.google.com/?cid=5334250889306874072,Not Awarded Any Yet,"Dine-in,Takeaway,Outdoor seating,Beer,Coffee,Cash only,Wheelchair accessible",No Description Available Yet,A,0,2,4.0,average,0.8064,excellent,0.6525,good,0.9838,2.5,3.5,3.0
ChIJvd2zPLwR2jERyWXqGAnOLO8,A Kitchen,"1 Woodlands Road, Singapore 677899",Singapore,West,2.0,Chinese,103.7604838,1.3801973,8544 7000,Not in Michelin Guide Yet,https://maps.google.com/?cid=17234376412508087753,Not Awarded Any Yet,"Dine-in,Takeaway,Reservations,Outdoor seating,Beer,Credit cards,NFC payments",No Description Available Yet,A,0,4,3.5,good,0.6078,good,0.4772,good,0.821,3.75,2.75,4.0
ChIJWaSTSwAX2jERWlihaMfnlPY,A Kitchen (Jalan Kayu),"273 Jalan Kayu, Singapore 799501",Singapore,North-East,1.0,Asian,103.8729816,1.3972209,9447 7977,Not in Michelin Guide Yet,https://maps.google.com/?cid=17768081273523361882,Not Awarded Any Yet,"Dine-in,Takeaway,Outdoor seating,Beer,Credit cards,NFC payments",No Description Available Yet,B,1,4,2.5,poor,0.6926,excellent,0.7989,good,0.69,2.5,3.0,3.25
ChIJSWXdiXAT2jERmU5IaozAcCA,Vegetarian Kitchen,"Woodlands Street 31, Singapore 730306",Singapore,North,2.0,Vegetarian,103.7745854,1.4298467,8819 3949,Not in Michelin Guide Yet,https://maps.google.com/?cid=2337579915916365465,Not Awarded Any Yet,"Dine-in,Takeaway",No Description Available Yet,C,2,2,5.0,good,0.8573,excellent,0.9353,good,0.9938,4.0,5.0,4.0
ChIJNatAoqob2jERkkRq8YmhnNM,Hi Fan Tian (Clementi West),"Clementi West Street 2, Singapore 120731",Singapore,Central,1.0,Street Food,103.762272,1.3040621,9450 7013,Not in Michelin Guide Yet,https://maps.google.com/?cid=15248240052202521746,Not Awarded Any Yet,"Dine-in,Takeaway,Delivery",No Description Available Yet,A,0,5,5.0,good,0.8144,excellent,0.4895,good,0.9781,4.0,4.8,4.0
ChIJ64b24WoF2jERVWcAUz063Uo,Haoqingxiang Ban Mian Fish Soup,"50 Tuas Avenue 11, Singapore 638904",Singapore,West,1.0,Street Food,103.643279,1.3257432,No Phone Number Listed,Not in Michelin Guide Yet,https://maps.google.com/?cid=5394531963719673685,Not Awarded Any Yet,"Dine-in,Takeaway,Wheelchair accessible",No Description Available Yet,A,0,1,5.0,good,0.8788,excellent,0.5381,good,0.991,4.0,5.0,4.0
ChIJL9Nw4e8P2jERJlXxz1XoB3E,Hao Bian Ying Xiang Handmade Mee Hoon Kway,"546 Jurong West Street 42, Singapore 640546",Singapore,West,1.0,Noodle Shop,103.715526,1.352845,No Phone Number Listed,Not in Michelin Guide Yet,https://maps.google.com/?cid=8144733906381395238,Not Awarded Any Yet,"Dine-in,Takeaway",No Description Available Yet,A,0,4,3.0,good,0.768,good,0.6178,good,0.932,3.0,3.0,2.75
ChIJYbv24vgT2jERMTrtulVIyjg,Fu Man Lou Seafood Zichar,"111 Woodlands Street 13, Singapore 730111",Singapore,North,1.0,Seafood,103.7820991,1.4379153,8341 9181,Not in Michelin Guide Yet,https://maps.google.com/?cid=4092162744465046065,Not Awarded Any Yet,"Dine-in,Takeaway,Delivery,Reservations,Wheelchair accessible",No Description Available Yet,A,0,4,2.0,poor,0.7011,poor,0.6464,good,0.5522,2.5,2.5,2.75
ChIJR3HO98AF2jERdGeukCPuFyQ,(Roasted Delight),"32 Pioneer Sector 2, Singapore 638508",Singapore,West,1.0,Street Food,103.6574018,1.3064576,No Phone Number Listed,Not in Michelin Guide Yet,https://maps.google.com/?cid=2600809146348365684,Not Awarded Any Yet,"Dine-in,Takeaway",No Description Available Yet,A,0,1,4.0,good,0.9682,excellent,0.9751,good,0.996,4.0,5.0,4.0
ChIJs59fDecR2jERLBBW6g4mdYE,Fu Yuan Teochew Dining Greenwood,"Greenwood Avenue, Singapore 289215",Singapore,Central,1.0,Chinese,103.8067428,1.3316067,8980 2424,Not in Michelin Guide Yet,https://maps.google.com/?cid=9328404048670756908,Not Awarded Any Yet,"Dine-in,Takeaway,Delivery,Reservations,Wine,Credit cards",No Description Available Yet,A,0,4,4.0,good,0.779,excellent,0.8918,good,0.7922,3.5,4.25,3.5
ChIJZ-YzxzkF2jER-nLVZhNZXu8,Teck Kee Teochew Fish Soup,"Jalan Ahmad Ibrahim, Singapore 618642",Singapore,West,1.0,Chinese,103.7247831,1.3256457,No Phone Number Listed,Not in Michelin Guide Yet,https://maps.google.com/?cid=17248321562740093690,Not Awarded Any Yet,Coffee,No Description Available Yet,A,0,4,3.0,good,0.8355,average,0.6707,good,0.9788,3.0,2.75,3.0
ChIJX83ssKUa2jERADuCJbxK_tw,Jh,"37 Teban Gardens Road, Singapore 600037",Singapore,West,3.0,Street Food,103.7427812,1.32086,No Phone Number Listed,Not in Michelin Guide Yet,https://maps.google.com/?cid=15924247504372251392,Not Awarded Any Yet,"Dine-in,Takeaway",No Description Available Yet,A,0,5,4.6,good,0.8912,excellent,0.5849,good,0.9538,4.0,4.2,4.0
ChIJIcFVIwAT2jERaTj5ifAHyqo,"Wang Wang Chicken Rice, Roasted Delights, Soup","302 Woodlands Street 31, Singapore 730302",Singapore,North,1.0,Street Food,103.7741796,1.4314848,No Phone Number Listed,Not in Michelin Guide Yet,https://maps.google.com/?cid=12306657661431658601,Not Awarded Any Yet,,No Description Available Yet,A,0,1,2.0,poor,0.4547,terrible,0.1116,good,0.2024,2.0,1.0,4.0
ChIJB36YBSIX2jERUaPAd1IwDeU,~ Ming Xing Fish Porridge Since 1974,"181 Ang Mo Kio Avenue 4, Singapore 560163",Singapore,North-East,1.0,Food Court,103.8370688,1.3768573,8775 8517,Not in Michelin Guide Yet,https://maps.google.com/?cid=16504901340137300817,Not Awarded Any Yet,,No Description Available Yet,A,0,3,3.0,good,0.5026,excellent,0.5413,good,0.8933,3.33,5.0,4.33
ChIJdYGnrXER2jERollqCeoqbeY,Authentic Sichuan Restaurant,"1 Woodlands Road, Singapore 677899",Singapore,West,2.0,Chinese,103.7604497,1.3801474,8525 6555,Not in Michelin Guide Yet,https://maps.google.com/?cid=16603974585853565346,Not Awarded Any Yet,"Dine-in,Takeaway,Beer",No Description Available Yet,A,0,5,2.0,poor,0.5811,good,0.5324,good,0.4471,2.8,3.2,3.4
ChIJ-RQvOrsP2jERkZD_ScC5oIw,(Jin Wei Wanton Chicken Feet Noodle),"807 Yishun Ring Rd, Singapore 760807",Singapore,North,2.0,Street Food,103.8315436,1.4167736,No Phone Number Listed,Not in Michelin Guide Yet,https://maps.google.com/?cid=10133303397109960849,Not Awarded Any Yet,"Dine-in,Takeaway,Coffee",No Description Available Yet,A,0,4,3.75,good,0.5618,average,0.3752,good,0.9245,3.0,3.5,3.5
ChIJ82mn4sIb2jERivrtL3P0XBM,Yuan Cheng Fried Carrot Cake,"79 Telok Blangah Dr, #01-33, Singapore 100079",Singapore,Central,1.0,Street Food,103.8077174,1.2732914,9859 3031,Not in Michelin Guide Yet,https://maps.google.com/?cid=1395258760140552842,Not Awarded Any Yet,"Dine-in,Takeaway,Wheelchair accessible",No Description Available Yet,B,1,5,4.0,good,0.4227,good,0.4854,good,0.7838,3.0,3.6,4.0
ChIJld3eJDQY2jER-C78W4eAFdk,Man Dang Dang,"Geylang Road, Singapore 389200",Singapore,Central,2.0,Chinese,103.8731887,1.3108192,6743 1588,Not in Michelin Guide Yet,https://maps.google.com/?cid=15642550199593479928,Not Awarded Any Yet,"Dine-in,Takeaway,Delivery,Reservations,Outdoor seating,Beer,Wine,Credit cards,NFC payments",No Description Available Yet,A,0,3,2.0,good,0.5452,excellent,0.5836,good,0.5158,4.0,4.67,4.0
ChIJ99TNbQ0Z2jERRn54Uqk3ojc,Teochew Restaurant Huat Kee,"30 Orange Grove Road, Singapore 258352",Singapore,Central,2.0,Chinese,103.8260798,1.3130143,6423 4747,Not in Michelin Guide Yet,https://maps.google.com/?cid=4008827818685791814,Not Awarded Any Yet,"Dine-in,Takeaway,Reservations,Beer,Wine,Credit cards,NFC payments,Wheelchair accessible",No Description Available Yet,A,0,3,2.0,good,0.767,good,0.5014,good,0.4916,2.33,2.33,3.33
ChIJb5MMcS0R2jERPEJYOZDDzPg,Wangfu Dimsum Yew Tee Point,"#01-03 Yew Tee Close, Singapore 689578",Singapore,West,1.0,Chinese,103.7467757,1.3971369,8071 5091,Not in Michelin Guide Yet,https://maps.google.com/?cid=17927919240859894332,Not Awarded Any Yet,"Dine-in,Takeaway,Delivery",No Description Available Yet,A,0,3,2.33,poor,0.7105,poor,0.7298,good,0.5653,2.67,3.0,2.33
ChIJt2gOOeoR2jERPfoAj4eaag0,Fu Xing Seafood,"440 Bukit Batok West Avenue 8, Singapore 650440",Singapore,West,1.0,Chinese,103.7395244,1.3559741,8670 0006,Not in Michelin Guide Yet,https://maps.google.com/?cid=966754977034861117,Not Awarded Any Yet,"Dine-in,Takeaway,Reservations,Outdoor seating,Wheelchair accessible",No Description Available Yet,B,1,4,4.5,good,0.6623,excellent,0.6286,good,0.859,4.0,4.5,4.0
ChIJY6J-C5QX2jER1NwfoOIYS7Q,Uncle Teohchew Xo Fish Soup,"10 Ang Mo Kio Street 65, Singapore 569059",Singapore,North-East,1.0,Street Food,103.8492523,1.3893795,No Phone Number Listed,Not in Michelin Guide Yet,https://maps.google.com/?cid=12991504911708445908,Not Awarded Any Yet,"Dine-in,Takeaway",No Description Available Yet,A,0,4,5.0,good,0.6395,excellent,0.6719,good,0.7155,4.0,4.5,4.0
ChIJ4SyPFAAR2jERT4eNO1d97xI,Maxwell,"2 Senja Close, Singapore 677632",Singapore,West,1.0,Street Food,103.7608739,1.3874157,No Phone Number Listed,Not in Michelin Guide Yet,https://maps.google.com/?cid=1364447025731307343,Not Awarded Any Yet,,No Description Available Yet,A,0,4,3.5,good,0.8468,poor,0.4906,good,0.9936,3.0,3.25,3.0
ChIJCwYrGQAP2jERxcLfBkYNe-o,Hu Xu Lao Jianzao Curry Noodle,"Jurong West Street 52, Singapore 640537",Singapore,West,1.0,Street Food,103.7175998,1.3503263,No Phone Number Listed,Not in Michelin Guide Yet,https://maps.google.com/?cid=16896113021424747205,Not Awarded Any Yet,,No Description Available Yet,B,1,4,4.5,good,0.7076,good,0.4783,good,0.717,3.75,4.25,4.0
ChIJsalbTAAR2jERFf7lt5QISzM,Dan Lao Scrambled Egg Rice,"Senja Close, Singapore 677632",Singapore,West,1.0,Street Food,103.7608467,1.3872169,No Phone Number Listed,Not in Michelin Guide Yet,https://maps.google.com/?cid=3696057354021109269,Not Awarded Any Yet,"Takeaway,Wheelchair accessible",No Description Available Yet,A,0,3,3.67,poor,0.7337,excellent,0.3306,poor,0.9922,2.67,2.67,2.67
ChIJ-7LfbdQb2jER6x9Ipa99GgQ,Xi De Li You Tiao,"85 Redhill Ln, #01 14, Singapore 150085",Singapore,Central,1.0,Street Food,103.8182751,1.2874028,No Phone Number Listed,Not in Michelin Guide Yet,https://maps.google.com/?cid=295686918891905003,Not Awarded Any Yet,"Takeaway,Coffee,Wheelchair accessible",No Description Available Yet,B,1,5,4.0,good,0.7439,excellent,0.6119,good,0.8583,3.2,3.4,3.6
ChIJkXT2vpsQ2jERsfwDawDxxuo,Kim San Leng (Blk 887 Bukit Timah),"Old Holland Road, Singapore 276308",Singapore,Central,1.0,Coffee Shop,103.790932,1.332742,6469 5957 ext. 64630479,Not in Michelin Guide Yet,https://maps.google.com/?cid=16917474034361564337,Not Awarded Any Yet,"Dine-in,Takeaway,Outdoor seating,Beer,Coffee,Wheelchair accessible",No Description Available Yet,A,0,2,3.0,average,0.7465,average,0.5662,average,0.9733,3.5,4.0,3.5
ChIJzwj2ckEP2jERciKJEol4-M4,2 (Stewed Soup),"501 Jurong West Street 51, Singapore 640501",Singapore,West,1.0,Street Food,103.7187502,1.3504471,No Phone Number Listed,Not in Michelin Guide Yet,https://maps.google.com/?cid=14913802696154227314,Not Awarded Any Yet,"Dine-in,Takeaway,Coffee,Wheelchair accessible",No Description Available Yet,A,0,4,3.0,good,0.7218,average,0.717,good,0.8608,3.0,3.25,3.5
ChIJuaKLZBAV2jERcvQMjGqhfJM,Chicken Rice (Yishun Avenue 4),"646 Yishun Avenue 4, Singapore 760646",Singapore,North,1.0,Street Food,103.838402,1.4217768,No Phone Number Listed,Not in Michelin Guide Yet,https://maps.google.com/?cid=10627546699675792498,Not Awarded Any Yet,"Dine-in,Takeaway,Wheelchair accessible",No Description Available Yet,A,0,4,4.75,good,0.7308,excellent,0.3728,good,0.8553,3.25,4.0,4.0
ChIJrdJLQCsT2jERGz9Ptk_TrbY,(Shi Wei Xian Noodles House),"20 Senoko Loop, Singapore 758091",Singapore,North,1.0,Street Food,103.7996355,1.4582561,No Phone Number Listed,Not in Michelin Guide Yet,https://maps.google.com/?cid=13163409625188351771,Not Awarded Any Yet,"Dine-in,Takeaway",No Description Available Yet,A,0,5,4.4,good,0.6859,excellent,0.5163,good,0.9889,3.6,4.6,4.0
ChIJF6W48ToX2jERXehx1oyGIrU,Xiang Taiwanese Desserts And Food,"220A Upper Thomson Road, Singapore 574352",Singapore,North-East,1.0,Taiwanese,103.8352495,1.3529391,9749 4047,Not in Michelin Guide Yet,https://maps.google.com/?cid=13052142609524451421,Not Awarded Any Yet,"Dine-in,Takeaway,Delivery,Outdoor seating,Coffee,Credit cards,NFC payments",No Description Available Yet,A,0,4,4.75,average,0.8309,excellent,0.6622,good,0.993,3.75,5.0,4.0
